from,to,actual_gCO2_per_kWh,forecast_gCO2_per_kWh,index
2023-12-31T23:30Z,2024-01-01T00:00Z,63,68,low
2024-01-01T00:00Z,2024-01-01T00:30Z,64,64,low
2024-01-01T00:30Z,2024-01-01T01:00Z,64,62,low
2024-01-01T01:00Z,2024-01-01T01:30Z,62,65,low
2024-01-01T01:30Z,2024-01-01T02:00Z,71,61,low
2024-01-01T02:00Z,2024-01-01T02:30Z,66,61,low
2024-01-01T02:30Z,2024-01-01T03:00Z,67,67,low
2024-01-01T03:00Z,2024-01-01T03:30Z,64,63,low
2024-01-01T03:30Z,2024-01-01T04:00Z,60,64,low
2024-01-01T04:00Z,2024-01-01T04:30Z,57,67,low
2024-01-01T04:30Z,2024-01-01T05:00Z,57,60,low
2024-01-01T05:00Z,2024-01-01T05:30Z,60,62,low
2024-01-01T05:30Z,2024-01-01T06:00Z,59,55,low
2024-01-01T06:00Z,2024-01-01T06:30Z,62,58,low
2024-01-01T06:30Z,2024-01-01T07:00Z,60,58,low
2024-01-01T07:00Z,2024-01-01T07:30Z,60,50,low
2024-01-01T07:30Z,2024-01-01T08:00Z,52,60,low
2024-01-01T08:00Z,2024-01-01T08:30Z,47,60,low
2024-01-01T08:30Z,2024-01-01T09:00Z,46,54,low
2024-01-01T09:00Z,2024-01-01T09:30Z,48,39,low
2024-01-01T09:30Z,2024-01-01T10:00Z,50,43,low
2024-01-01T10:00Z,2024-01-01T10:30Z,54,44,low
2024-01-01T10:30Z,2024-01-01T11:00Z,62,47,low
2024-01-01T11:00Z,2024-01-01T11:30Z,71,49,low
2024-01-01T11:30Z,2024-01-01T12:00Z,82,59,low
2024-01-01T12:00Z,2024-01-01T12:30Z,91,78,low
2024-01-01T12:30Z,2024-01-01T13:00Z,101,81,low
2024-01-01T13:00Z,2024-01-01T13:30Z,110,113,moderate
2024-01-01T13:30Z,2024-01-01T14:00Z,113,121,moderate
2024-01-01T14:00Z,2024-01-01T14:30Z,116,123,moderate
2024-01-01T14:30Z,2024-01-01T15:00Z,110,124,moderate
2024-01-01T15:00Z,2024-01-01T15:30Z,115,125,moderate
2024-01-01T15:30Z,2024-01-01T16:00Z,115,136,moderate
2024-01-01T16:00Z,2024-01-01T16:30Z,115,121,moderate
2024-01-01T16:30Z,2024-01-01T17:00Z,113,122,moderate
2024-01-01T17:00Z,2024-01-01T17:30Z,108,114,low
2024-01-01T17:30Z,2024-01-01T18:00Z,103,104,low
2024-01-01T18:00Z,2024-01-01T18:30Z,93,89,low
2024-01-01T18:30Z,2024-01-01T19:00Z,82,82,low
2024-01-01T19:00Z,2024-01-01T19:30Z,70,77,low
2024-01-01T19:30Z,2024-01-01T20:00Z,61,69,low
2024-01-01T20:00Z,2024-01-01T20:30Z,50,66,low
2024-01-01T20:30Z,2024-01-01T21:00Z,44,60,low
2024-01-01T21:00Z,2024-01-01T21:30Z,41,44,low
2024-01-01T21:30Z,2024-01-01T22:00Z,42,42,low
2024-01-01T22:00Z,2024-01-01T22:30Z,46,40,low
2024-01-01T22:30Z,2024-01-01T23:00Z,49,39,low
2024-01-01T23:00Z,2024-01-01T23:30Z,50,46,low
2024-01-01T23:30Z,2024-01-02T00:00Z,50,40,low
2024-01-02T00:00Z,2024-01-02T00:30Z,53,50,low
2024-01-02T00:30Z,2024-01-02T01:00Z,57,48,low
2024-01-02T01:00Z,2024-01-02T01:30Z,59,52,low
2024-01-02T01:30Z,2024-01-02T02:00Z,53,56,low
2024-01-02T02:00Z,2024-01-02T02:30Z,53,57,low
2024-01-02T02:30Z,2024-01-02T03:00Z,55,50,low
2024-01-02T03:00Z,2024-01-02T03:30Z,56,54,low
2024-01-02T03:30Z,2024-01-02T04:00Z,57,57,low
2024-01-02T04:00Z,2024-01-02T04:30Z,59,56,low
2024-01-02T04:30Z,2024-01-02T05:00Z,65,56,low
2024-01-02T05:00Z,2024-01-02T05:30Z,66,59,low
2024-01-02T05:30Z,2024-01-02T06:00Z,70,66,low
2024-01-02T06:00Z,2024-01-02T06:30Z,83,68,low
2024-01-02T06:30Z,2024-01-02T07:00Z,96,70,low
2024-01-02T07:00Z,2024-01-02T07:30Z,105,84,low
2024-01-02T07:30Z,2024-01-02T08:00Z,100,90,low
2024-01-02T08:00Z,2024-01-02T08:30Z,111,121,moderate
2024-01-02T08:30Z,2024-01-02T09:00Z,117,130,moderate
2024-01-02T09:00Z,2024-01-02T09:30Z,127,141,moderate
2024-01-02T09:30Z,2024-01-02T10:00Z,135,143,moderate
2024-01-02T10:00Z,2024-01-02T10:30Z,139,138,moderate
2024-01-02T10:30Z,2024-01-02T11:00Z,149,144,moderate
2024-01-02T11:00Z,2024-01-02T11:30Z,143,146,moderate
2024-01-02T11:30Z,2024-01-02T12:00Z,148,154,moderate
2024-01-02T12:00Z,2024-01-02T12:30Z,152,148,moderate
2024-01-02T12:30Z,2024-01-02T13:00Z,152,150,moderate
2024-01-02T13:00Z,2024-01-02T13:30Z,154,153,moderate
2024-01-02T13:30Z,2024-01-02T14:00Z,153,158,moderate
2024-01-02T14:00Z,2024-01-02T14:30Z,150,155,moderate
2024-01-02T14:30Z,2024-01-02T15:00Z,145,152,moderate
2024-01-02T15:00Z,2024-01-02T15:30Z,144,154,moderate
2024-01-02T15:30Z,2024-01-02T16:00Z,143,158,moderate
2024-01-02T16:00Z,2024-01-02T16:30Z,140,146,moderate
2024-01-02T16:30Z,2024-01-02T17:00Z,138,145,moderate
2024-01-02T17:00Z,2024-01-02T17:30Z,136,142,moderate
2024-01-02T17:30Z,2024-01-02T18:00Z,130,139,moderate
2024-01-02T18:00Z,2024-01-02T18:30Z,127,133,moderate
2024-01-02T18:30Z,2024-01-02T19:00Z,124,122,moderate
2024-01-02T19:00Z,2024-01-02T19:30Z,118,110,moderate
2024-01-02T19:30Z,2024-01-02T20:00Z,108,101,low
2024-01-02T20:00Z,2024-01-02T20:30Z,100,105,low
2024-01-02T20:30Z,2024-01-02T21:00Z,92,96,low
2024-01-02T21:00Z,2024-01-02T21:30Z,82,91,low
2024-01-02T21:30Z,2024-01-02T22:00Z,70,89,low
2024-01-02T22:00Z,2024-01-02T22:30Z,66,86,low
2024-01-02T22:30Z,2024-01-02T23:00Z,70,71,low
2024-01-02T23:00Z,2024-01-02T23:30Z,66,65,low
2024-01-02T23:30Z,2024-01-03T00:00Z,66,66,low
2024-01-03T00:00Z,2024-01-03T00:30Z,67,65,low
2024-01-03T00:30Z,2024-01-03T01:00Z,65,66,low
2024-01-03T01:00Z,2024-01-03T01:30Z,63,64,low
2024-01-03T01:30Z,2024-01-03T02:00Z,67,66,low
2024-01-03T02:00Z,2024-01-03T02:30Z,71,67,low
2024-01-03T02:30Z,2024-01-03T03:00Z,76,69,low
2024-01-03T03:00Z,2024-01-03T03:30Z,73,76,low
2024-01-03T03:30Z,2024-01-03T04:00Z,77,80,low
2024-01-03T04:00Z,2024-01-03T04:30Z,78,74,low
2024-01-03T04:30Z,2024-01-03T05:00Z,78,75,low
2024-01-03T05:00Z,2024-01-03T05:30Z,81,79,low
2024-01-03T05:30Z,2024-01-03T06:00Z,87,78,low
2024-01-03T06:00Z,2024-01-03T06:30Z,105,68,low
2024-01-03T06:30Z,2024-01-03T07:00Z,115,105,moderate
2024-01-03T07:00Z,2024-01-03T07:30Z,131,135,moderate
2024-01-03T07:30Z,2024-01-03T08:00Z,138,136,moderate
2024-01-03T08:00Z,2024-01-03T08:30Z,146,118,moderate
2024-01-03T08:30Z,2024-01-03T09:00Z,149,147,moderate
2024-01-03T09:00Z,2024-01-03T09:30Z,149,150,moderate
2024-01-03T09:30Z,2024-01-03T10:00Z,150,147,moderate
2024-01-03T10:00Z,2024-01-03T10:30Z,153,153,moderate
2024-01-03T10:30Z,2024-01-03T11:00Z,155,149,moderate
2024-01-03T11:00Z,2024-01-03T11:30Z,157,152,moderate
2024-01-03T11:30Z,2024-01-03T12:00Z,160,157,moderate
2024-01-03T12:00Z,2024-01-03T12:30Z,163,155,moderate
2024-01-03T12:30Z,2024-01-03T13:00Z,166,155,moderate
2024-01-03T13:00Z,2024-01-03T13:30Z,168,159,moderate
2024-01-03T13:30Z,2024-01-03T14:00Z,167,166,moderate
2024-01-03T14:00Z,2024-01-03T14:30Z,174,166,moderate
2024-01-03T14:30Z,2024-01-03T15:00Z,173,173,moderate
2024-01-03T15:00Z,2024-01-03T15:30Z,170,176,moderate
2024-01-03T15:30Z,2024-01-03T16:00Z,170,177,moderate
2024-01-03T16:00Z,2024-01-03T16:30Z,174,173,moderate
2024-01-03T16:30Z,2024-01-03T17:00Z,173,172,moderate
2024-01-03T17:00Z,2024-01-03T17:30Z,174,174,moderate
2024-01-03T17:30Z,2024-01-03T18:00Z,174,174,moderate
2024-01-03T18:00Z,2024-01-03T18:30Z,176,177,moderate
2024-01-03T18:30Z,2024-01-03T19:00Z,174,179,moderate
2024-01-03T19:00Z,2024-01-03T19:30Z,168,180,moderate
2024-01-03T19:30Z,2024-01-03T20:00Z,162,161,moderate
2024-01-03T20:00Z,2024-01-03T20:30Z,154,150,moderate
2024-01-03T20:30Z,2024-01-03T21:00Z,143,146,moderate
2024-01-03T21:00Z,2024-01-03T21:30Z,137,139,moderate
2024-01-03T21:30Z,2024-01-03T22:00Z,127,132,moderate
2024-01-03T22:00Z,2024-01-03T22:30Z,119,103,moderate
2024-01-03T22:30Z,2024-01-03T23:00Z,117,103,moderate
2024-01-03T23:00Z,2024-01-03T23:30Z,117,104,moderate
2024-01-03T23:30Z,2024-01-04T00:00Z,114,96,moderate
2024-01-04T00:00Z,2024-01-04T00:30Z,111,94,moderate
2024-01-04T00:30Z,2024-01-04T01:00Z,101,107,low
2024-01-04T01:00Z,2024-01-04T01:30Z,99,104,low
2024-01-04T01:30Z,2024-01-04T02:00Z,98,97,low
2024-01-04T02:00Z,2024-01-04T02:30Z,89,97,low
2024-01-04T02:30Z,2024-01-04T03:00Z,88,89,low
2024-01-04T03:00Z,2024-01-04T03:30Z,91,85,low
2024-01-04T03:30Z,2024-01-04T04:00Z,95,81,low
2024-01-04T04:00Z,2024-01-04T04:30Z,98,90,low
2024-01-04T04:30Z,2024-01-04T05:00Z,96,94,low
2024-01-04T05:00Z,2024-01-04T05:30Z,98,101,low
2024-01-04T05:30Z,2024-01-04T06:00Z,117,99,moderate
2024-01-04T06:00Z,2024-01-04T06:30Z,144,115,moderate
2024-01-04T06:30Z,2024-01-04T07:00Z,189,149,moderate
2024-01-04T07:00Z,2024-01-04T07:30Z,205,158,high
2024-01-04T07:30Z,2024-01-04T08:00Z,207,192,high
2024-01-04T08:00Z,2024-01-04T08:30Z,207,168,high
2024-01-04T08:30Z,2024-01-04T09:00Z,203,206,high
2024-01-04T09:00Z,2024-01-04T09:30Z,204,206,high
2024-01-04T09:30Z,2024-01-04T10:00Z,202,209,high
2024-01-04T10:00Z,2024-01-04T10:30Z,201,208,high
2024-01-04T10:30Z,2024-01-04T11:00Z,199,201,high
2024-01-04T11:00Z,2024-01-04T11:30Z,206,204,high
2024-01-04T11:30Z,2024-01-04T12:00Z,211,208,high
2024-01-04T12:00Z,2024-01-04T12:30Z,214,210,high
2024-01-04T12:30Z,2024-01-04T13:00Z,222,212,high
2024-01-04T13:00Z,2024-01-04T13:30Z,228,221,high
2024-01-04T13:30Z,2024-01-04T14:00Z,236,228,high
2024-01-04T14:00Z,2024-01-04T14:30Z,235,234,high
2024-01-04T14:30Z,2024-01-04T15:00Z,236,238,high
2024-01-04T15:00Z,2024-01-04T15:30Z,237,234,high
2024-01-04T15:30Z,2024-01-04T16:00Z,239,235,high
2024-01-04T16:00Z,2024-01-04T16:30Z,237,237,high
2024-01-04T16:30Z,2024-01-04T17:00Z,240,242,high
2024-01-04T17:00Z,2024-01-04T17:30Z,238,235,high
2024-01-04T17:30Z,2024-01-04T18:00Z,237,241,high
2024-01-04T18:00Z,2024-01-04T18:30Z,234,243,high
2024-01-04T18:30Z,2024-01-04T19:00Z,233,245,high
2024-01-04T19:00Z,2024-01-04T19:30Z,226,240,high
2024-01-04T19:30Z,2024-01-04T20:00Z,220,240,high
2024-01-04T20:00Z,2024-01-04T20:30Z,207,232,high
2024-01-04T20:30Z,2024-01-04T21:00Z,197,224,high
2024-01-04T21:00Z,2024-01-04T21:30Z,187,208,moderate
2024-01-04T21:30Z,2024-01-04T22:00Z,184,200,moderate
2024-01-04T22:00Z,2024-01-04T22:30Z,172,186,moderate
2024-01-04T22:30Z,2024-01-04T23:00Z,152,185,moderate
2024-01-04T23:00Z,2024-01-04T23:30Z,146,154,moderate
2024-01-04T23:30Z,2024-01-05T00:00Z,141,145,moderate
2024-01-05T00:00Z,2024-01-05T00:30Z,142,153,moderate
2024-01-05T00:30Z,2024-01-05T01:00Z,143,141,moderate
2024-01-05T01:00Z,2024-01-05T01:30Z,140,147,moderate
2024-01-05T01:30Z,2024-01-05T02:00Z,147,150,moderate
2024-01-05T02:00Z,2024-01-05T02:30Z,138,148,moderate
2024-01-05T02:30Z,2024-01-05T03:00Z,135,154,moderate
2024-01-05T03:00Z,2024-01-05T03:30Z,131,153,moderate
2024-01-05T03:30Z,2024-01-05T04:00Z,131,151,moderate
2024-01-05T04:00Z,2024-01-05T04:30Z,128,141,moderate
2024-01-05T04:30Z,2024-01-05T05:00Z,124,135,moderate
2024-01-05T05:00Z,2024-01-05T05:30Z,126,135,moderate
2024-01-05T05:30Z,2024-01-05T06:00Z,150,127,moderate
2024-01-05T06:00Z,2024-01-05T06:30Z,169,136,moderate
2024-01-05T06:30Z,2024-01-05T07:00Z,195,162,high
2024-01-05T07:00Z,2024-01-05T07:30Z,201,171,high
2024-01-05T07:30Z,2024-01-05T08:00Z,193,176,high
2024-01-05T08:00Z,2024-01-05T08:30Z,195,201,high
2024-01-05T08:30Z,2024-01-05T09:00Z,195,198,high
2024-01-05T09:00Z,2024-01-05T09:30Z,197,192,high
2024-01-05T09:30Z,2024-01-05T10:00Z,196,195,high
2024-01-05T10:00Z,2024-01-05T10:30Z,193,198,high
2024-01-05T10:30Z,2024-01-05T11:00Z,188,200,moderate
2024-01-05T11:00Z,2024-01-05T11:30Z,184,195,moderate
2024-01-05T11:30Z,2024-01-05T12:00Z,182,196,moderate
2024-01-05T12:00Z,2024-01-05T12:30Z,179,188,moderate
2024-01-05T12:30Z,2024-01-05T13:00Z,182,185,moderate
2024-01-05T13:00Z,2024-01-05T13:30Z,183,182,moderate
2024-01-05T13:30Z,2024-01-05T14:00Z,185,187,moderate
2024-01-05T14:00Z,2024-01-05T14:30Z,188,187,moderate
2024-01-05T14:30Z,2024-01-05T15:00Z,188,190,moderate
2024-01-05T15:00Z,2024-01-05T15:30Z,191,190,high
2024-01-05T15:30Z,2024-01-05T16:00Z,188,190,moderate
2024-01-05T16:00Z,2024-01-05T16:30Z,188,195,moderate
2024-01-05T16:30Z,2024-01-05T17:00Z,190,190,high
2024-01-05T17:00Z,2024-01-05T17:30Z,189,190,moderate
2024-01-05T17:30Z,2024-01-05T18:00Z,189,192,moderate
2024-01-05T18:00Z,2024-01-05T18:30Z,190,192,high
2024-01-05T18:30Z,2024-01-05T19:00Z,192,193,high
2024-01-05T19:00Z,2024-01-05T19:30Z,188,194,moderate
2024-01-05T19:30Z,2024-01-05T20:00Z,185,191,moderate
2024-01-05T20:00Z,2024-01-05T20:30Z,182,189,moderate
2024-01-05T20:30Z,2024-01-05T21:00Z,171,187,moderate
2024-01-05T21:00Z,2024-01-05T21:30Z,166,184,moderate
2024-01-05T21:30Z,2024-01-05T22:00Z,165,177,moderate
2024-01-05T22:00Z,2024-01-05T22:30Z,161,168,moderate
2024-01-05T22:30Z,2024-01-05T23:00Z,142,171,moderate
2024-01-05T23:00Z,2024-01-05T23:30Z,129,137,moderate
2024-01-05T23:30Z,2024-01-06T00:00Z,123,144,moderate
2024-01-06T00:00Z,2024-01-06T00:30Z,124,137,moderate
2024-01-06T00:30Z,2024-01-06T01:00Z,122,130,moderate
2024-01-06T01:00Z,2024-01-06T01:30Z,117,127,moderate
2024-01-06T01:30Z,2024-01-06T02:00Z,116,127,moderate
2024-01-06T02:00Z,2024-01-06T02:30Z,114,119,moderate
2024-01-06T02:30Z,2024-01-06T03:00Z,116,123,moderate
2024-01-06T03:00Z,2024-01-06T03:30Z,115,112,moderate
2024-01-06T03:30Z,2024-01-06T04:00Z,117,114,moderate
2024-01-06T04:00Z,2024-01-06T04:30Z,120,117,moderate
2024-01-06T04:30Z,2024-01-06T05:00Z,129,125,moderate
2024-01-06T05:00Z,2024-01-06T05:30Z,132,128,moderate
2024-01-06T05:30Z,2024-01-06T06:00Z,136,137,moderate
2024-01-06T06:00Z,2024-01-06T06:30Z,142,136,moderate
2024-01-06T06:30Z,2024-01-06T07:00Z,165,152,moderate
2024-01-06T07:00Z,2024-01-06T07:30Z,177,161,moderate
2024-01-06T07:30Z,2024-01-06T08:00Z,186,176,moderate
2024-01-06T08:00Z,2024-01-06T08:30Z,195,181,high
2024-01-06T08:30Z,2024-01-06T09:00Z,199,191,high
2024-01-06T09:00Z,2024-01-06T09:30Z,199,196,high
2024-01-06T09:30Z,2024-01-06T10:00Z,196,204,high
2024-01-06T10:00Z,2024-01-06T10:30Z,196,199,high
2024-01-06T10:30Z,2024-01-06T11:00Z,192,198,high
2024-01-06T11:00Z,2024-01-06T11:30Z,191,195,high
2024-01-06T11:30Z,2024-01-06T12:00Z,191,196,high
2024-01-06T12:00Z,2024-01-06T12:30Z,189,192,moderate
2024-01-06T12:30Z,2024-01-06T13:00Z,188,189,moderate
2024-01-06T13:00Z,2024-01-06T13:30Z,195,194,high
2024-01-06T13:30Z,2024-01-06T14:00Z,202,196,high
2024-01-06T14:00Z,2024-01-06T14:30Z,206,198,high
2024-01-06T14:30Z,2024-01-06T15:00Z,206,204,high
2024-01-06T15:00Z,2024-01-06T15:30Z,210,209,high
2024-01-06T15:30Z,2024-01-06T16:00Z,210,215,high
2024-01-06T16:00Z,2024-01-06T16:30Z,213,219,high
2024-01-06T16:30Z,2024-01-06T17:00Z,211,221,high
2024-01-06T17:00Z,2024-01-06T17:30Z,208,216,high
2024-01-06T17:30Z,2024-01-06T18:00Z,210,214,high
2024-01-06T18:00Z,2024-01-06T18:30Z,213,212,high
2024-01-06T18:30Z,2024-01-06T19:00Z,213,211,high
2024-01-06T19:00Z,2024-01-06T19:30Z,213,210,high
2024-01-06T19:30Z,2024-01-06T20:00Z,212,219,high
2024-01-06T20:00Z,2024-01-06T20:30Z,208,211,high
2024-01-06T20:30Z,2024-01-06T21:00Z,201,214,high
2024-01-06T21:00Z,2024-01-06T21:30Z,197,208,high
2024-01-06T21:30Z,2024-01-06T22:00Z,198,204,high
2024-01-06T22:00Z,2024-01-06T22:30Z,190,207,high
2024-01-06T22:30Z,2024-01-06T23:00Z,173,194,moderate
2024-01-06T23:00Z,2024-01-06T23:30Z,161,172,moderate
2024-01-06T23:30Z,2024-01-07T00:00Z,155,176,moderate
2024-01-07T00:00Z,2024-01-07T00:30Z,162,184,moderate
2024-01-07T00:30Z,2024-01-07T01:00Z,153,154,moderate
2024-01-07T01:00Z,2024-01-07T01:30Z,151,160,moderate
2024-01-07T01:30Z,2024-01-07T02:00Z,148,165,moderate
2024-01-07T02:00Z,2024-01-07T02:30Z,150,159,moderate
2024-01-07T02:30Z,2024-01-07T03:00Z,150,157,moderate
2024-01-07T03:00Z,2024-01-07T03:30Z,144,155,moderate
2024-01-07T03:30Z,2024-01-07T04:00Z,142,156,moderate
2024-01-07T04:00Z,2024-01-07T04:30Z,144,150,moderate
2024-01-07T04:30Z,2024-01-07T05:00Z,146,150,moderate
2024-01-07T05:00Z,2024-01-07T05:30Z,142,151,moderate
2024-01-07T05:30Z,2024-01-07T06:00Z,149,155,moderate
2024-01-07T06:00Z,2024-01-07T06:30Z,155,155,moderate
2024-01-07T06:30Z,2024-01-07T07:00Z,170,158,moderate
2024-01-07T07:00Z,2024-01-07T07:30Z,172,161,moderate
2024-01-07T07:30Z,2024-01-07T08:00Z,181,190,moderate
2024-01-07T08:00Z,2024-01-07T08:30Z,194,183,high
2024-01-07T08:30Z,2024-01-07T09:00Z,204,195,high
2024-01-07T09:00Z,2024-01-07T09:30Z,206,197,high
2024-01-07T09:30Z,2024-01-07T10:00Z,201,210,high
2024-01-07T10:00Z,2024-01-07T10:30Z,204,214,high
2024-01-07T10:30Z,2024-01-07T11:00Z,201,205,high
2024-01-07T11:00Z,2024-01-07T11:30Z,203,206,high
2024-01-07T11:30Z,2024-01-07T12:00Z,204,208,high
2024-01-07T12:00Z,2024-01-07T12:30Z,205,209,high
2024-01-07T12:30Z,2024-01-07T13:00Z,215,210,high
2024-01-07T13:00Z,2024-01-07T13:30Z,214,212,high
2024-01-07T13:30Z,2024-01-07T14:00Z,214,222,high
2024-01-07T14:00Z,2024-01-07T14:30Z,222,223,high
2024-01-07T14:30Z,2024-01-07T15:00Z,230,222,high
2024-01-07T15:00Z,2024-01-07T15:30Z,232,230,high
2024-01-07T15:30Z,2024-01-07T16:00Z,233,237,high
2024-01-07T16:00Z,2024-01-07T16:30Z,234,251,high
2024-01-07T16:30Z,2024-01-07T17:00Z,235,249,high
2024-01-07T17:00Z,2024-01-07T17:30Z,234,245,high
2024-01-07T17:30Z,2024-01-07T18:00Z,231,243,high
2024-01-07T18:00Z,2024-01-07T18:30Z,235,245,high
2024-01-07T18:30Z,2024-01-07T19:00Z,239,240,high
2024-01-07T19:00Z,2024-01-07T19:30Z,237,239,high
2024-01-07T19:30Z,2024-01-07T20:00Z,233,240,high
2024-01-07T20:00Z,2024-01-07T20:30Z,226,243,high
2024-01-07T20:30Z,2024-01-07T21:00Z,226,230,high
2024-01-07T21:00Z,2024-01-07T21:30Z,220,226,high
2024-01-07T21:30Z,2024-01-07T22:00Z,221,219,high
2024-01-07T22:00Z,2024-01-07T22:30Z,214,213,high
2024-01-07T22:30Z,2024-01-07T23:00Z,194,214,high
2024-01-07T23:00Z,2024-01-07T23:30Z,188,200,moderate
2024-01-07T23:30Z,2024-01-08T00:00Z,184,180,moderate
2024-01-08T00:00Z,2024-01-08T00:30Z,187,192,moderate
2024-01-08T00:30Z,2024-01-08T01:00Z,180,190,moderate
2024-01-08T01:00Z,2024-01-08T01:30Z,173,185,moderate
2024-01-08T01:30Z,2024-01-08T02:00Z,171,168,moderate
2024-01-08T02:00Z,2024-01-08T02:30Z,162,168,moderate
2024-01-08T02:30Z,2024-01-08T03:00Z,163,157,moderate
2024-01-08T03:00Z,2024-01-08T03:30Z,162,160,moderate
2024-01-08T03:30Z,2024-01-08T04:00Z,168,161,moderate
2024-01-08T04:00Z,2024-01-08T04:30Z,169,157,moderate
2024-01-08T04:30Z,2024-01-08T05:00Z,193,167,high
2024-01-08T05:00Z,2024-01-08T05:30Z,207,168,high
2024-01-08T05:30Z,2024-01-08T06:00Z,241,209,high
2024-01-08T06:00Z,2024-01-08T06:30Z,253,235,high
2024-01-08T06:30Z,2024-01-08T07:00Z,258,244,high
2024-01-08T07:00Z,2024-01-08T07:30Z,257,254,high
2024-01-08T07:30Z,2024-01-08T08:00Z,255,254,high
2024-01-08T08:00Z,2024-01-08T08:30Z,252,254,high
2024-01-08T08:30Z,2024-01-08T09:00Z,244,252,high
2024-01-08T09:00Z,2024-01-08T09:30Z,243,249,high
2024-01-08T09:30Z,2024-01-08T10:00Z,247,240,high
2024-01-08T10:00Z,2024-01-08T10:30Z,244,239,high
2024-01-08T10:30Z,2024-01-08T11:00Z,243,237,high
2024-01-08T11:00Z,2024-01-08T11:30Z,241,241,high
2024-01-08T11:30Z,2024-01-08T12:00Z,239,237,high
2024-01-08T12:00Z,2024-01-08T12:30Z,238,238,high
2024-01-08T12:30Z,2024-01-08T13:00Z,238,235,high
2024-01-08T13:00Z,2024-01-08T13:30Z,240,235,high
2024-01-08T13:30Z,2024-01-08T14:00Z,243,232,high
2024-01-08T14:00Z,2024-01-08T14:30Z,244,235,high
2024-01-08T14:30Z,2024-01-08T15:00Z,244,235,high
2024-01-08T15:00Z,2024-01-08T15:30Z,241,239,high
2024-01-08T15:30Z,2024-01-08T16:00Z,234,238,high
2024-01-08T16:00Z,2024-01-08T16:30Z,238,241,high
2024-01-08T16:30Z,2024-01-08T17:00Z,231,235,high
2024-01-08T17:00Z,2024-01-08T17:30Z,223,238,high
2024-01-08T17:30Z,2024-01-08T18:00Z,224,230,high
2024-01-08T18:00Z,2024-01-08T18:30Z,227,219,high
2024-01-08T18:30Z,2024-01-08T19:00Z,228,218,high
2024-01-08T19:00Z,2024-01-08T19:30Z,226,218,high
2024-01-08T19:30Z,2024-01-08T20:00Z,222,228,high
2024-01-08T20:00Z,2024-01-08T20:30Z,207,226,high
2024-01-08T20:30Z,2024-01-08T21:00Z,196,216,high
2024-01-08T21:00Z,2024-01-08T21:30Z,186,200,moderate
2024-01-08T21:30Z,2024-01-08T22:00Z,188,193,moderate
2024-01-08T22:00Z,2024-01-08T22:30Z,176,175,moderate
2024-01-08T22:30Z,2024-01-08T23:00Z,172,164,moderate
2024-01-08T23:00Z,2024-01-08T23:30Z,167,134,moderate
2024-01-08T23:30Z,2024-01-09T00:00Z,170,167,moderate
2024-01-09T00:00Z,2024-01-09T00:30Z,174,164,moderate
2024-01-09T00:30Z,2024-01-09T01:00Z,173,169,moderate
2024-01-09T01:00Z,2024-01-09T01:30Z,171,174,moderate
2024-01-09T01:30Z,2024-01-09T02:00Z,170,170,moderate
2024-01-09T02:00Z,2024-01-09T02:30Z,165,172,moderate
2024-01-09T02:30Z,2024-01-09T03:00Z,164,167,moderate
2024-01-09T03:00Z,2024-01-09T03:30Z,165,165,moderate
2024-01-09T03:30Z,2024-01-09T04:00Z,173,165,moderate
2024-01-09T04:00Z,2024-01-09T04:30Z,172,165,moderate
2024-01-09T04:30Z,2024-01-09T05:00Z,179,173,moderate
2024-01-09T05:00Z,2024-01-09T05:30Z,188,172,moderate
2024-01-09T05:30Z,2024-01-09T06:00Z,203,182,high
2024-01-09T06:00Z,2024-01-09T06:30Z,214,204,high
2024-01-09T06:30Z,2024-01-09T07:00Z,217,226,high
2024-01-09T07:00Z,2024-01-09T07:30Z,220,236,high
2024-01-09T07:30Z,2024-01-09T08:00Z,222,215,high
2024-01-09T08:00Z,2024-01-09T08:30Z,222,217,high
2024-01-09T08:30Z,2024-01-09T09:00Z,222,223,high
2024-01-09T09:00Z,2024-01-09T09:30Z,217,222,high
2024-01-09T09:30Z,2024-01-09T10:00Z,213,222,high
2024-01-09T10:00Z,2024-01-09T10:30Z,208,215,high
2024-01-09T10:30Z,2024-01-09T11:00Z,204,213,high
2024-01-09T11:00Z,2024-01-09T11:30Z,202,212,high
2024-01-09T11:30Z,2024-01-09T12:00Z,203,205,high
2024-01-09T12:00Z,2024-01-09T12:30Z,199,203,high
2024-01-09T12:30Z,2024-01-09T13:00Z,201,205,high
2024-01-09T13:00Z,2024-01-09T13:30Z,205,200,high
2024-01-09T13:30Z,2024-01-09T14:00Z,209,204,high
2024-01-09T14:00Z,2024-01-09T14:30Z,219,208,high
2024-01-09T14:30Z,2024-01-09T15:00Z,226,210,high
2024-01-09T15:00Z,2024-01-09T15:30Z,231,224,high
2024-01-09T15:30Z,2024-01-09T16:00Z,232,230,high
2024-01-09T16:00Z,2024-01-09T16:30Z,236,233,high
2024-01-09T16:30Z,2024-01-09T17:00Z,236,231,high
2024-01-09T17:00Z,2024-01-09T17:30Z,238,232,high
2024-01-09T17:30Z,2024-01-09T18:00Z,241,231,high
2024-01-09T18:00Z,2024-01-09T18:30Z,239,234,high
2024-01-09T18:30Z,2024-01-09T19:00Z,234,240,high
2024-01-09T19:00Z,2024-01-09T19:30Z,240,239,high
2024-01-09T19:30Z,2024-01-09T20:00Z,243,233,high
2024-01-09T20:00Z,2024-01-09T20:30Z,240,237,high
2024-01-09T20:30Z,2024-01-09T21:00Z,239,240,high
2024-01-09T21:00Z,2024-01-09T21:30Z,227,236,high
2024-01-09T21:30Z,2024-01-09T22:00Z,212,228,high
2024-01-09T22:00Z,2024-01-09T22:30Z,201,217,high
2024-01-09T22:30Z,2024-01-09T23:00Z,205,199,high
2024-01-09T23:00Z,2024-01-09T23:30Z,206,185,high
2024-01-09T23:30Z,2024-01-10T00:00Z,211,198,high
2024-01-10T00:00Z,2024-01-10T00:30Z,218,186,high
2024-01-10T00:30Z,2024-01-10T01:00Z,217,212,high
2024-01-10T01:00Z,2024-01-10T01:30Z,218,215,high
2024-01-10T01:30Z,2024-01-10T02:00Z,222,212,high
2024-01-10T02:00Z,2024-01-10T02:30Z,226,219,high
2024-01-10T02:30Z,2024-01-10T03:00Z,228,221,high
2024-01-10T03:00Z,2024-01-10T03:30Z,229,224,high
2024-01-10T03:30Z,2024-01-10T04:00Z,233,221,high
2024-01-10T04:00Z,2024-01-10T04:30Z,233,228,high
2024-01-10T04:30Z,2024-01-10T05:00Z,237,234,high
2024-01-10T05:00Z,2024-01-10T05:30Z,243,237,high
2024-01-10T05:30Z,2024-01-10T06:00Z,251,251,high
2024-01-10T06:00Z,2024-01-10T06:30Z,261,273,high
2024-01-10T06:30Z,2024-01-10T07:00Z,268,256,high
2024-01-10T07:00Z,2024-01-10T07:30Z,266,260,high
2024-01-10T07:30Z,2024-01-10T08:00Z,269,266,high
2024-01-10T08:00Z,2024-01-10T08:30Z,270,267,very high
2024-01-10T08:30Z,2024-01-10T09:00Z,266,267,high
2024-01-10T09:00Z,2024-01-10T09:30Z,268,268,high
2024-01-10T09:30Z,2024-01-10T10:00Z,265,264,high
2024-01-10T10:00Z,2024-01-10T10:30Z,262,268,high
2024-01-10T10:30Z,2024-01-10T11:00Z,257,261,high
2024-01-10T11:00Z,2024-01-10T11:30Z,252,257,high
2024-01-10T11:30Z,2024-01-10T12:00Z,252,253,high
2024-01-10T12:00Z,2024-01-10T12:30Z,249,246,high
2024-01-10T12:30Z,2024-01-10T13:00Z,249,244,high
2024-01-10T13:00Z,2024-01-10T13:30Z,250,250,high
2024-01-10T13:30Z,2024-01-10T14:00Z,248,249,high
2024-01-10T14:00Z,2024-01-10T14:30Z,250,252,high
2024-01-10T14:30Z,2024-01-10T15:00Z,248,251,high
2024-01-10T15:00Z,2024-01-10T15:30Z,255,253,high
2024-01-10T15:30Z,2024-01-10T16:00Z,250,252,high
2024-01-10T16:00Z,2024-01-10T16:30Z,251,253,high
2024-01-10T16:30Z,2024-01-10T17:00Z,248,250,high
2024-01-10T17:00Z,2024-01-10T17:30Z,247,250,high
2024-01-10T17:30Z,2024-01-10T18:00Z,242,245,high
2024-01-10T18:00Z,2024-01-10T18:30Z,244,247,high
2024-01-10T18:30Z,2024-01-10T19:00Z,257,245,high
2024-01-10T19:00Z,2024-01-10T19:30Z,254,247,high
2024-01-10T19:30Z,2024-01-10T20:00Z,252,257,high
2024-01-10T20:00Z,2024-01-10T20:30Z,252,256,high
2024-01-10T20:30Z,2024-01-10T21:00Z,252,253,high
2024-01-10T21:00Z,2024-01-10T21:30Z,249,249,high
2024-01-10T21:30Z,2024-01-10T22:00Z,246,248,high
2024-01-10T22:00Z,2024-01-10T22:30Z,241,241,high
2024-01-10T22:30Z,2024-01-10T23:00Z,242,232,high
2024-01-10T23:00Z,2024-01-10T23:30Z,242,214,high
2024-01-10T23:30Z,2024-01-11T00:00Z,242,204,high
2024-01-11T00:00Z,2024-01-11T00:30Z,250,206,high
2024-01-11T00:30Z,2024-01-11T01:00Z,251,247,high
2024-01-11T01:00Z,2024-01-11T01:30Z,252,251,high
2024-01-11T01:30Z,2024-01-11T02:00Z,255,249,high
2024-01-11T02:00Z,2024-01-11T02:30Z,256,249,high
2024-01-11T02:30Z,2024-01-11T03:00Z,255,253,high
2024-01-11T03:00Z,2024-01-11T03:30Z,250,258,high
2024-01-11T03:30Z,2024-01-11T04:00Z,249,255,high
2024-01-11T04:00Z,2024-01-11T04:30Z,248,252,high
2024-01-11T04:30Z,2024-01-11T05:00Z,253,256,high
2024-01-11T05:00Z,2024-01-11T05:30Z,250,251,high
2024-01-11T05:30Z,2024-01-11T06:00Z,257,264,high
2024-01-11T06:00Z,2024-01-11T06:30Z,273,264,very high
2024-01-11T06:30Z,2024-01-11T07:00Z,279,263,very high
2024-01-11T07:00Z,2024-01-11T07:30Z,283,269,very high
2024-01-11T07:30Z,2024-01-11T08:00Z,283,277,very high
2024-01-11T08:00Z,2024-01-11T08:30Z,281,287,very high
2024-01-11T08:30Z,2024-01-11T09:00Z,275,289,very high
2024-01-11T09:00Z,2024-01-11T09:30Z,276,278,very high
2024-01-11T09:30Z,2024-01-11T10:00Z,275,274,very high
2024-01-11T10:00Z,2024-01-11T10:30Z,273,273,very high
2024-01-11T10:30Z,2024-01-11T11:00Z,271,272,very high
2024-01-11T11:00Z,2024-01-11T11:30Z,270,270,very high
2024-01-11T11:30Z,2024-01-11T12:00Z,270,270,very high
2024-01-11T12:00Z,2024-01-11T12:30Z,267,271,high
2024-01-11T12:30Z,2024-01-11T13:00Z,259,269,high
2024-01-11T13:00Z,2024-01-11T13:30Z,256,264,high
2024-01-11T13:30Z,2024-01-11T14:00Z,255,257,high
2024-01-11T14:00Z,2024-01-11T14:30Z,253,256,high
2024-01-11T14:30Z,2024-01-11T15:00Z,244,257,high
2024-01-11T15:00Z,2024-01-11T15:30Z,243,253,high
2024-01-11T15:30Z,2024-01-11T16:00Z,253,247,high
2024-01-11T16:00Z,2024-01-11T16:30Z,254,241,high
2024-01-11T16:30Z,2024-01-11T17:00Z,253,251,high
2024-01-11T17:00Z,2024-01-11T17:30Z,254,255,high
2024-01-11T17:30Z,2024-01-11T18:00Z,259,251,high
2024-01-11T18:00Z,2024-01-11T18:30Z,264,248,high
2024-01-11T18:30Z,2024-01-11T19:00Z,266,256,high
2024-01-11T19:00Z,2024-01-11T19:30Z,274,263,very high
2024-01-11T19:30Z,2024-01-11T20:00Z,283,268,very high
2024-01-11T20:00Z,2024-01-11T20:30Z,282,272,very high
2024-01-11T20:30Z,2024-01-11T21:00Z,284,280,very high
2024-01-11T21:00Z,2024-01-11T21:30Z,278,279,very high
2024-01-11T21:30Z,2024-01-11T22:00Z,273,277,very high
2024-01-11T22:00Z,2024-01-11T22:30Z,272,268,very high
2024-01-11T22:30Z,2024-01-11T23:00Z,270,259,very high
2024-01-11T23:00Z,2024-01-11T23:30Z,267,255,high
2024-01-11T23:30Z,2024-01-12T00:00Z,267,269,high
2024-01-12T00:00Z,2024-01-12T00:30Z,269,265,high
2024-01-12T00:30Z,2024-01-12T01:00Z,265,266,high
2024-01-12T01:00Z,2024-01-12T01:30Z,260,267,high
2024-01-12T01:30Z,2024-01-12T02:00Z,262,261,high
2024-01-12T02:00Z,2024-01-12T02:30Z,269,261,high
2024-01-12T02:30Z,2024-01-12T03:00Z,275,261,very high
2024-01-12T03:00Z,2024-01-12T03:30Z,274,267,very high
2024-01-12T03:30Z,2024-01-12T04:00Z,278,275,very high
2024-01-12T04:00Z,2024-01-12T04:30Z,280,265,very high
2024-01-12T04:30Z,2024-01-12T05:00Z,282,278,very high
2024-01-12T05:00Z,2024-01-12T05:30Z,282,285,very high
2024-01-12T05:30Z,2024-01-12T06:00Z,291,292,very high
2024-01-12T06:00Z,2024-01-12T06:30Z,292,293,very high
2024-01-12T06:30Z,2024-01-12T07:00Z,293,300,very high
2024-01-12T07:00Z,2024-01-12T07:30Z,294,293,very high
2024-01-12T07:30Z,2024-01-12T08:00Z,294,294,very high
2024-01-12T08:00Z,2024-01-12T08:30Z,295,294,very high
2024-01-12T08:30Z,2024-01-12T09:00Z,292,295,very high
2024-01-12T09:00Z,2024-01-12T09:30Z,293,299,very high
2024-01-12T09:30Z,2024-01-12T10:00Z,286,294,very high
2024-01-12T10:00Z,2024-01-12T10:30Z,285,293,very high
2024-01-12T10:30Z,2024-01-12T11:00Z,283,290,very high
2024-01-12T11:00Z,2024-01-12T11:30Z,283,287,very high
2024-01-12T11:30Z,2024-01-12T12:00Z,282,286,very high
2024-01-12T12:00Z,2024-01-12T12:30Z,281,284,very high
2024-01-12T12:30Z,2024-01-12T13:00Z,283,283,very high
2024-01-12T13:00Z,2024-01-12T13:30Z,284,282,very high
2024-01-12T13:30Z,2024-01-12T14:00Z,279,281,very high
2024-01-12T14:00Z,2024-01-12T14:30Z,278,284,very high
2024-01-12T14:30Z,2024-01-12T15:00Z,276,282,very high
2024-01-12T15:00Z,2024-01-12T15:30Z,272,281,very high
2024-01-12T15:30Z,2024-01-12T16:00Z,276,276,very high
2024-01-12T16:00Z,2024-01-12T16:30Z,271,275,very high
2024-01-12T16:30Z,2024-01-12T17:00Z,275,275,very high
2024-01-12T17:00Z,2024-01-12T17:30Z,275,268,very high
2024-01-12T17:30Z,2024-01-12T18:00Z,277,273,very high
2024-01-12T18:00Z,2024-01-12T18:30Z,275,272,very high
2024-01-12T18:30Z,2024-01-12T19:00Z,270,276,very high
2024-01-12T19:00Z,2024-01-12T19:30Z,275,277,very high
2024-01-12T19:30Z,2024-01-12T20:00Z,291,272,very high
2024-01-12T20:00Z,2024-01-12T20:30Z,289,271,very high
2024-01-12T20:30Z,2024-01-12T21:00Z,285,279,very high
2024-01-12T21:00Z,2024-01-12T21:30Z,276,271,very high
2024-01-12T21:30Z,2024-01-12T22:00Z,269,279,high
2024-01-12T22:00Z,2024-01-12T22:30Z,262,250,high
2024-01-12T22:30Z,2024-01-12T23:00Z,238,239,high
2024-01-12T23:00Z,2024-01-12T23:30Z,231,248,high
2024-01-12T23:30Z,2024-01-13T00:00Z,223,240,high
2024-01-13T00:00Z,2024-01-13T00:30Z,219,226,high
2024-01-13T00:30Z,2024-01-13T01:00Z,213,229,high
2024-01-13T01:00Z,2024-01-13T01:30Z,206,215,high
2024-01-13T01:30Z,2024-01-13T02:00Z,201,211,high
2024-01-13T02:00Z,2024-01-13T02:30Z,201,199,high
2024-01-13T02:30Z,2024-01-13T03:00Z,198,197,high
2024-01-13T03:00Z,2024-01-13T03:30Z,193,198,high
2024-01-13T03:30Z,2024-01-13T04:00Z,187,192,moderate
2024-01-13T04:00Z,2024-01-13T04:30Z,192,193,high
2024-01-13T04:30Z,2024-01-13T05:00Z,197,185,high
2024-01-13T05:00Z,2024-01-13T05:30Z,202,193,high
2024-01-13T05:30Z,2024-01-13T06:00Z,202,205,high
2024-01-13T06:00Z,2024-01-13T06:30Z,206,218,high
2024-01-13T06:30Z,2024-01-13T07:00Z,218,205,high
2024-01-13T07:00Z,2024-01-13T07:30Z,223,216,high
2024-01-13T07:30Z,2024-01-13T08:00Z,231,218,high
2024-01-13T08:00Z,2024-01-13T08:30Z,235,224,high
2024-01-13T08:30Z,2024-01-13T09:00Z,222,228,high
2024-01-13T09:00Z,2024-01-13T09:30Z,222,238,high
2024-01-13T09:30Z,2024-01-13T10:00Z,221,226,high
2024-01-13T10:00Z,2024-01-13T10:30Z,221,219,high
2024-01-13T10:30Z,2024-01-13T11:00Z,218,219,high
2024-01-13T11:00Z,2024-01-13T11:30Z,218,219,high
2024-01-13T11:30Z,2024-01-13T12:00Z,219,216,high
2024-01-13T12:00Z,2024-01-13T12:30Z,221,214,high
2024-01-13T12:30Z,2024-01-13T13:00Z,223,220,high
2024-01-13T13:00Z,2024-01-13T13:30Z,221,221,high
2024-01-13T13:30Z,2024-01-13T14:00Z,222,223,high
2024-01-13T14:00Z,2024-01-13T14:30Z,231,221,high
2024-01-13T14:30Z,2024-01-13T15:00Z,233,220,high
2024-01-13T15:00Z,2024-01-13T15:30Z,238,229,high
2024-01-13T15:30Z,2024-01-13T16:00Z,239,228,high
2024-01-13T16:00Z,2024-01-13T16:30Z,237,237,high
2024-01-13T16:30Z,2024-01-13T17:00Z,249,241,high
2024-01-13T17:00Z,2024-01-13T17:30Z,247,234,high
2024-01-13T17:30Z,2024-01-13T18:00Z,245,243,high
2024-01-13T18:00Z,2024-01-13T18:30Z,246,251,high
2024-01-13T18:30Z,2024-01-13T19:00Z,255,250,high
2024-01-13T19:00Z,2024-01-13T19:30Z,255,249,high
2024-01-13T19:30Z,2024-01-13T20:00Z,255,253,high
2024-01-13T20:00Z,2024-01-13T20:30Z,251,249,high
2024-01-13T20:30Z,2024-01-13T21:00Z,248,243,high
2024-01-13T21:00Z,2024-01-13T21:30Z,240,238,high
2024-01-13T21:30Z,2024-01-13T22:00Z,237,231,high
2024-01-13T22:00Z,2024-01-13T22:30Z,237,217,high
2024-01-13T22:30Z,2024-01-13T23:00Z,196,229,high
2024-01-13T23:00Z,2024-01-13T23:30Z,194,232,high
2024-01-13T23:30Z,2024-01-14T00:00Z,185,210,moderate
2024-01-14T00:00Z,2024-01-14T00:30Z,187,199,moderate
2024-01-14T00:30Z,2024-01-14T01:00Z,192,196,high
2024-01-14T01:00Z,2024-01-14T01:30Z,185,189,moderate
2024-01-14T01:30Z,2024-01-14T02:00Z,186,193,moderate
2024-01-14T02:00Z,2024-01-14T02:30Z,191,190,high
2024-01-14T02:30Z,2024-01-14T03:00Z,190,192,high
2024-01-14T03:00Z,2024-01-14T03:30Z,190,190,high
2024-01-14T03:30Z,2024-01-14T04:00Z,200,202,high
2024-01-14T04:00Z,2024-01-14T04:30Z,200,198,high
2024-01-14T04:30Z,2024-01-14T05:00Z,197,204,high
2024-01-14T05:00Z,2024-01-14T05:30Z,196,209,high
2024-01-14T05:30Z,2024-01-14T06:00Z,195,211,high
2024-01-14T06:00Z,2024-01-14T06:30Z,191,207,high
2024-01-14T06:30Z,2024-01-14T07:00Z,198,203,high
2024-01-14T07:00Z,2024-01-14T07:30Z,200,211,high
2024-01-14T07:30Z,2024-01-14T08:00Z,199,206,high
2024-01-14T08:00Z,2024-01-14T08:30Z,200,210,high
2024-01-14T08:30Z,2024-01-14T09:00Z,199,198,high
2024-01-14T09:00Z,2024-01-14T09:30Z,192,196,high
2024-01-14T09:30Z,2024-01-14T10:00Z,186,196,moderate
2024-01-14T10:00Z,2024-01-14T10:30Z,181,193,moderate
2024-01-14T10:30Z,2024-01-14T11:00Z,172,175,moderate
2024-01-14T11:00Z,2024-01-14T11:30Z,171,170,moderate
2024-01-14T11:30Z,2024-01-14T12:00Z,173,167,moderate
2024-01-14T12:00Z,2024-01-14T12:30Z,173,156,moderate
2024-01-14T12:30Z,2024-01-14T13:00Z,172,158,moderate
2024-01-14T13:00Z,2024-01-14T13:30Z,171,157,moderate
2024-01-14T13:30Z,2024-01-14T14:00Z,167,153,moderate
2024-01-14T14:00Z,2024-01-14T14:30Z,168,156,moderate
2024-01-14T14:30Z,2024-01-14T15:00Z,183,154,moderate
2024-01-14T15:00Z,2024-01-14T15:30Z,186,152,moderate
2024-01-14T15:30Z,2024-01-14T16:00Z,188,166,moderate
2024-01-14T16:00Z,2024-01-14T16:30Z,194,169,high
2024-01-14T16:30Z,2024-01-14T17:00Z,191,162,high
2024-01-14T17:00Z,2024-01-14T17:30Z,190,164,high
2024-01-14T17:30Z,2024-01-14T18:00Z,197,173,high
2024-01-14T18:00Z,2024-01-14T18:30Z,195,172,high
2024-01-14T18:30Z,2024-01-14T19:00Z,199,171,high
2024-01-14T19:00Z,2024-01-14T19:30Z,192,174,high
2024-01-14T19:30Z,2024-01-14T20:00Z,177,172,moderate
2024-01-14T20:00Z,2024-01-14T20:30Z,167,170,moderate
2024-01-14T20:30Z,2024-01-14T21:00Z,148,166,moderate
2024-01-14T21:00Z,2024-01-14T21:30Z,134,157,moderate
2024-01-14T21:30Z,2024-01-14T22:00Z,124,144,moderate
2024-01-14T22:00Z,2024-01-14T22:30Z,121,143,moderate
2024-01-14T22:30Z,2024-01-14T23:00Z,109,119,low
2024-01-14T23:00Z,2024-01-14T23:30Z,99,112,low
2024-01-14T23:30Z,2024-01-15T00:00Z,99,117,low
2024-01-15T00:00Z,2024-01-15T00:30Z,99,98,low
2024-01-15T00:30Z,2024-01-15T01:00Z,81,95,low
2024-01-15T01:00Z,2024-01-15T01:30Z,76,97,low
2024-01-15T01:30Z,2024-01-15T02:00Z,81,85,low
2024-01-15T02:00Z,2024-01-15T02:30Z,82,76,low
2024-01-15T02:30Z,2024-01-15T03:00Z,85,79,low
2024-01-15T03:00Z,2024-01-15T03:30Z,81,78,low
2024-01-15T03:30Z,2024-01-15T04:00Z,89,79,low
2024-01-15T04:00Z,2024-01-15T04:30Z,91,81,low
2024-01-15T04:30Z,2024-01-15T05:00Z,112,87,moderate
2024-01-15T05:00Z,2024-01-15T05:30Z,140,93,moderate
2024-01-15T05:30Z,2024-01-15T06:00Z,178,113,moderate
2024-01-15T06:00Z,2024-01-15T06:30Z,199,151,high
2024-01-15T06:30Z,2024-01-15T07:00Z,209,171,high
2024-01-15T07:00Z,2024-01-15T07:30Z,214,200,high
2024-01-15T07:30Z,2024-01-15T08:00Z,216,207,high
2024-01-15T08:00Z,2024-01-15T08:30Z,222,208,high
2024-01-15T08:30Z,2024-01-15T09:00Z,219,215,high
2024-01-15T09:00Z,2024-01-15T09:30Z,213,215,high
2024-01-15T09:30Z,2024-01-15T10:00Z,210,213,high
2024-01-15T10:00Z,2024-01-15T10:30Z,204,208,high
2024-01-15T10:30Z,2024-01-15T11:00Z,199,201,high
2024-01-15T11:00Z,2024-01-15T11:30Z,197,201,high
2024-01-15T11:30Z,2024-01-15T12:00Z,196,198,high
2024-01-15T12:00Z,2024-01-15T12:30Z,196,190,high
2024-01-15T12:30Z,2024-01-15T13:00Z,194,192,high
2024-01-15T13:00Z,2024-01-15T13:30Z,197,199,high
2024-01-15T13:30Z,2024-01-15T14:00Z,202,194,high
2024-01-15T14:00Z,2024-01-15T14:30Z,206,204,high
2024-01-15T14:30Z,2024-01-15T15:00Z,215,207,high
2024-01-15T15:00Z,2024-01-15T15:30Z,224,211,high
2024-01-15T15:30Z,2024-01-15T16:00Z,232,224,high
2024-01-15T16:00Z,2024-01-15T16:30Z,238,225,high
2024-01-15T16:30Z,2024-01-15T17:00Z,241,232,high
2024-01-15T17:00Z,2024-01-15T17:30Z,244,234,high
2024-01-15T17:30Z,2024-01-15T18:00Z,245,237,high
2024-01-15T18:00Z,2024-01-15T18:30Z,245,243,high
2024-01-15T18:30Z,2024-01-15T19:00Z,241,244,high
2024-01-15T19:00Z,2024-01-15T19:30Z,250,249,high
2024-01-15T19:30Z,2024-01-15T20:00Z,261,246,high
2024-01-15T20:00Z,2024-01-15T20:30Z,262,253,high
2024-01-15T20:30Z,2024-01-15T21:00Z,265,265,high
2024-01-15T21:00Z,2024-01-15T21:30Z,260,262,high
2024-01-15T21:30Z,2024-01-15T22:00Z,253,256,high
2024-01-15T22:00Z,2024-01-15T22:30Z,252,257,high
2024-01-15T22:30Z,2024-01-15T23:00Z,256,243,high
2024-01-15T23:00Z,2024-01-15T23:30Z,259,258,high
2024-01-15T23:30Z,2024-01-16T00:00Z,256,250,high
2024-01-16T00:00Z,2024-01-16T00:30Z,261,261,high
2024-01-16T00:30Z,2024-01-16T01:00Z,260,249,high
2024-01-16T01:00Z,2024-01-16T01:30Z,263,257,high
2024-01-16T01:30Z,2024-01-16T02:00Z,274,262,very high
2024-01-16T02:00Z,2024-01-16T02:30Z,278,263,very high
2024-01-16T02:30Z,2024-01-16T03:00Z,278,270,very high
2024-01-16T03:00Z,2024-01-16T03:30Z,273,277,very high
2024-01-16T03:30Z,2024-01-16T04:00Z,276,273,very high
2024-01-16T04:00Z,2024-01-16T04:30Z,269,271,high
2024-01-16T04:30Z,2024-01-16T05:00Z,271,275,very high
2024-01-16T05:00Z,2024-01-16T05:30Z,269,278,high
2024-01-16T05:30Z,2024-01-16T06:00Z,275,283,very high
2024-01-16T06:00Z,2024-01-16T06:30Z,284,290,very high
2024-01-16T06:30Z,2024-01-16T07:00Z,284,283,very high
2024-01-16T07:00Z,2024-01-16T07:30Z,285,284,very high
2024-01-16T07:30Z,2024-01-16T08:00Z,280,282,very high
2024-01-16T08:00Z,2024-01-16T08:30Z,281,273,very high
2024-01-16T08:30Z,2024-01-16T09:00Z,278,282,very high
2024-01-16T09:00Z,2024-01-16T09:30Z,275,277,very high
2024-01-16T09:30Z,2024-01-16T10:00Z,275,275,very high
2024-01-16T10:00Z,2024-01-16T10:30Z,272,269,very high
2024-01-16T10:30Z,2024-01-16T11:00Z,263,269,high
2024-01-16T11:00Z,2024-01-16T11:30Z,263,269,high
2024-01-16T11:30Z,2024-01-16T12:00Z,259,264,high
2024-01-16T12:00Z,2024-01-16T12:30Z,254,262,high
2024-01-16T12:30Z,2024-01-16T13:00Z,253,260,high
2024-01-16T13:00Z,2024-01-16T13:30Z,253,256,high
2024-01-16T13:30Z,2024-01-16T14:00Z,253,256,high
2024-01-16T14:00Z,2024-01-16T14:30Z,258,256,high
2024-01-16T14:30Z,2024-01-16T15:00Z,249,254,high
2024-01-16T15:00Z,2024-01-16T15:30Z,240,252,high
2024-01-16T15:30Z,2024-01-16T16:00Z,236,257,high
2024-01-16T16:00Z,2024-01-16T16:30Z,237,253,high
2024-01-16T16:30Z,2024-01-16T17:00Z,229,234,high
2024-01-16T17:00Z,2024-01-16T17:30Z,229,231,high
2024-01-16T17:30Z,2024-01-16T18:00Z,228,225,high
2024-01-16T18:00Z,2024-01-16T18:30Z,227,226,high
2024-01-16T18:30Z,2024-01-16T19:00Z,237,226,high
2024-01-16T19:00Z,2024-01-16T19:30Z,235,227,high
2024-01-16T19:30Z,2024-01-16T20:00Z,233,234,high
2024-01-16T20:00Z,2024-01-16T20:30Z,231,234,high
2024-01-16T20:30Z,2024-01-16T21:00Z,235,224,high
2024-01-16T21:00Z,2024-01-16T21:30Z,230,219,high
2024-01-16T21:30Z,2024-01-16T22:00Z,221,220,high
2024-01-16T22:00Z,2024-01-16T22:30Z,213,207,high
2024-01-16T22:30Z,2024-01-16T23:00Z,200,182,high
2024-01-16T23:00Z,2024-01-16T23:30Z,201,212,high
2024-01-16T23:30Z,2024-01-17T00:00Z,211,204,high
2024-01-17T00:00Z,2024-01-17T00:30Z,218,204,high
2024-01-17T00:30Z,2024-01-17T01:00Z,220,210,high
2024-01-17T01:00Z,2024-01-17T01:30Z,221,213,high
2024-01-17T01:30Z,2024-01-17T02:00Z,218,224,high
2024-01-17T02:00Z,2024-01-17T02:30Z,225,230,high
2024-01-17T02:30Z,2024-01-17T03:00Z,230,231,high
2024-01-17T03:00Z,2024-01-17T03:30Z,239,238,high
2024-01-17T03:30Z,2024-01-17T04:00Z,247,240,high
2024-01-17T04:00Z,2024-01-17T04:30Z,256,244,high
2024-01-17T04:30Z,2024-01-17T05:00Z,272,259,very high
2024-01-17T05:00Z,2024-01-17T05:30Z,281,267,very high
2024-01-17T05:30Z,2024-01-17T06:00Z,283,281,very high
2024-01-17T06:00Z,2024-01-17T06:30Z,288,293,very high
2024-01-17T06:30Z,2024-01-17T07:00Z,279,290,very high
2024-01-17T07:00Z,2024-01-17T07:30Z,286,289,very high
2024-01-17T07:30Z,2024-01-17T08:00Z,286,277,very high
2024-01-17T08:00Z,2024-01-17T08:30Z,284,281,very high
2024-01-17T08:30Z,2024-01-17T09:00Z,276,289,very high
2024-01-17T09:00Z,2024-01-17T09:30Z,275,287,very high
2024-01-17T09:30Z,2024-01-17T10:00Z,276,279,very high
2024-01-17T10:00Z,2024-01-17T10:30Z,273,277,very high
2024-01-17T10:30Z,2024-01-17T11:00Z,265,275,high
2024-01-17T11:00Z,2024-01-17T11:30Z,269,277,high
2024-01-17T11:30Z,2024-01-17T12:00Z,272,271,very high
2024-01-17T12:00Z,2024-01-17T12:30Z,268,276,high
2024-01-17T12:30Z,2024-01-17T13:00Z,266,278,high
2024-01-17T13:00Z,2024-01-17T13:30Z,264,273,high
2024-01-17T13:30Z,2024-01-17T14:00Z,260,274,high
2024-01-17T14:00Z,2024-01-17T14:30Z,254,274,high
2024-01-17T14:30Z,2024-01-17T15:00Z,256,267,high
2024-01-17T15:00Z,2024-01-17T15:30Z,262,268,high
2024-01-17T15:30Z,2024-01-17T16:00Z,260,269,high
2024-01-17T16:00Z,2024-01-17T16:30Z,256,270,high
2024-01-17T16:30Z,2024-01-17T17:00Z,255,261,high
2024-01-17T17:00Z,2024-01-17T17:30Z,256,260,high
2024-01-17T17:30Z,2024-01-17T18:00Z,259,255,high
2024-01-17T18:00Z,2024-01-17T18:30Z,257,255,high
2024-01-17T18:30Z,2024-01-17T19:00Z,257,260,high
2024-01-17T19:00Z,2024-01-17T19:30Z,259,261,high
2024-01-17T19:30Z,2024-01-17T20:00Z,259,264,high
2024-01-17T20:00Z,2024-01-17T20:30Z,257,265,high
2024-01-17T20:30Z,2024-01-17T21:00Z,259,269,high
2024-01-17T21:00Z,2024-01-17T21:30Z,256,265,high
2024-01-17T21:30Z,2024-01-17T22:00Z,257,260,high
2024-01-17T22:00Z,2024-01-17T22:30Z,251,265,high
2024-01-17T22:30Z,2024-01-17T23:00Z,243,259,high
2024-01-17T23:00Z,2024-01-17T23:30Z,242,260,high
2024-01-17T23:30Z,2024-01-18T00:00Z,239,253,high
2024-01-18T00:00Z,2024-01-18T00:30Z,232,253,high
2024-01-18T00:30Z,2024-01-18T01:00Z,222,256,high
2024-01-18T01:00Z,2024-01-18T01:30Z,209,244,high
2024-01-18T01:30Z,2024-01-18T02:00Z,210,234,high
2024-01-18T02:00Z,2024-01-18T02:30Z,214,221,high
2024-01-18T02:30Z,2024-01-18T03:00Z,216,221,high
2024-01-18T03:00Z,2024-01-18T03:30Z,216,217,high
2024-01-18T03:30Z,2024-01-18T04:00Z,223,227,high
2024-01-18T04:00Z,2024-01-18T04:30Z,234,229,high
2024-01-18T04:30Z,2024-01-18T05:00Z,238,237,high
2024-01-18T05:00Z,2024-01-18T05:30Z,244,248,high
2024-01-18T05:30Z,2024-01-18T06:00Z,254,267,high
2024-01-18T06:00Z,2024-01-18T06:30Z,260,266,high
2024-01-18T06:30Z,2024-01-18T07:00Z,263,266,high
2024-01-18T07:00Z,2024-01-18T07:30Z,263,271,high
2024-01-18T07:30Z,2024-01-18T08:00Z,265,277,high
2024-01-18T08:00Z,2024-01-18T08:30Z,268,265,high
2024-01-18T08:30Z,2024-01-18T09:00Z,267,277,high
2024-01-18T09:00Z,2024-01-18T09:30Z,261,250,high
2024-01-18T09:30Z,2024-01-18T10:00Z,255,278,high
2024-01-18T10:00Z,2024-01-18T10:30Z,248,270,high
2024-01-18T10:30Z,2024-01-18T11:00Z,239,271,high
2024-01-18T11:00Z,2024-01-18T11:30Z,230,262,high
2024-01-18T11:30Z,2024-01-18T12:00Z,232,250,high
2024-01-18T12:00Z,2024-01-18T12:30Z,233,245,high
2024-01-18T12:30Z,2024-01-18T13:00Z,234,233,high
2024-01-18T13:00Z,2024-01-18T13:30Z,231,231,high
2024-01-18T13:30Z,2024-01-18T14:00Z,228,244,high
2024-01-18T14:00Z,2024-01-18T14:30Z,229,241,high
2024-01-18T14:30Z,2024-01-18T15:00Z,224,246,high
2024-01-18T15:00Z,2024-01-18T15:30Z,227,238,high
2024-01-18T15:30Z,2024-01-18T16:00Z,238,243,high
2024-01-18T16:00Z,2024-01-18T16:30Z,239,240,high
2024-01-18T16:30Z,2024-01-18T17:00Z,240,241,high
2024-01-18T17:00Z,2024-01-18T17:30Z,237,243,high
2024-01-18T17:30Z,2024-01-18T18:00Z,234,238,high
2024-01-18T18:00Z,2024-01-18T18:30Z,238,240,high
2024-01-18T18:30Z,2024-01-18T19:00Z,246,236,high
2024-01-18T19:00Z,2024-01-18T19:30Z,244,241,high
2024-01-18T19:30Z,2024-01-18T20:00Z,234,250,high
2024-01-18T20:00Z,2024-01-18T20:30Z,226,251,high
2024-01-18T20:30Z,2024-01-18T21:00Z,213,239,high
2024-01-18T21:00Z,2024-01-18T21:30Z,206,228,high
2024-01-18T21:30Z,2024-01-18T22:00Z,205,218,high
2024-01-18T22:00Z,2024-01-18T22:30Z,196,213,high
2024-01-18T22:30Z,2024-01-18T23:00Z,189,195,moderate
2024-01-18T23:00Z,2024-01-18T23:30Z,181,193,moderate
2024-01-18T23:30Z,2024-01-19T00:00Z,179,193,moderate
2024-01-19T00:00Z,2024-01-19T00:30Z,184,188,moderate
2024-01-19T00:30Z,2024-01-19T01:00Z,175,182,moderate
2024-01-19T01:00Z,2024-01-19T01:30Z,175,185,moderate
2024-01-19T01:30Z,2024-01-19T02:00Z,177,180,moderate
2024-01-19T02:00Z,2024-01-19T02:30Z,174,179,moderate
2024-01-19T02:30Z,2024-01-19T03:00Z,177,180,moderate
2024-01-19T03:00Z,2024-01-19T03:30Z,178,179,moderate
2024-01-19T03:30Z,2024-01-19T04:00Z,185,182,moderate
2024-01-19T04:00Z,2024-01-19T04:30Z,187,156,moderate
2024-01-19T04:30Z,2024-01-19T05:00Z,198,188,high
2024-01-19T05:00Z,2024-01-19T05:30Z,206,190,high
2024-01-19T05:30Z,2024-01-19T06:00Z,225,198,high
2024-01-19T06:00Z,2024-01-19T06:30Z,240,213,high
2024-01-19T06:30Z,2024-01-19T07:00Z,242,233,high
2024-01-19T07:00Z,2024-01-19T07:30Z,241,246,high
2024-01-19T07:30Z,2024-01-19T08:00Z,235,242,high
2024-01-19T08:00Z,2024-01-19T08:30Z,237,224,high
2024-01-19T08:30Z,2024-01-19T09:00Z,235,235,high
2024-01-19T09:00Z,2024-01-19T09:30Z,228,238,high
2024-01-19T09:30Z,2024-01-19T10:00Z,225,237,high
2024-01-19T10:00Z,2024-01-19T10:30Z,216,225,high
2024-01-19T10:30Z,2024-01-19T11:00Z,209,227,high
2024-01-19T11:00Z,2024-01-19T11:30Z,200,212,high
2024-01-19T11:30Z,2024-01-19T12:00Z,194,213,high
2024-01-19T12:00Z,2024-01-19T12:30Z,187,207,moderate
2024-01-19T12:30Z,2024-01-19T13:00Z,175,203,moderate
2024-01-19T13:00Z,2024-01-19T13:30Z,183,198,moderate
2024-01-19T13:30Z,2024-01-19T14:00Z,184,185,moderate
2024-01-19T14:00Z,2024-01-19T14:30Z,196,193,high
2024-01-19T14:30Z,2024-01-19T15:00Z,205,194,high
2024-01-19T15:00Z,2024-01-19T15:30Z,211,201,high
2024-01-19T15:30Z,2024-01-19T16:00Z,209,220,high
2024-01-19T16:00Z,2024-01-19T16:30Z,220,218,high
2024-01-19T16:30Z,2024-01-19T17:00Z,217,215,high
2024-01-19T17:00Z,2024-01-19T17:30Z,214,220,high
2024-01-19T17:30Z,2024-01-19T18:00Z,210,217,high
2024-01-19T18:00Z,2024-01-19T18:30Z,207,215,high
2024-01-19T18:30Z,2024-01-19T19:00Z,209,209,high
2024-01-19T19:00Z,2024-01-19T19:30Z,202,212,high
2024-01-19T19:30Z,2024-01-19T20:00Z,191,211,high
2024-01-19T20:00Z,2024-01-19T20:30Z,181,203,moderate
2024-01-19T20:30Z,2024-01-19T21:00Z,177,190,moderate
2024-01-19T21:00Z,2024-01-19T21:30Z,167,175,moderate
2024-01-19T21:30Z,2024-01-19T22:00Z,155,161,moderate
2024-01-19T22:00Z,2024-01-19T22:30Z,135,154,moderate
2024-01-19T22:30Z,2024-01-19T23:00Z,117,154,moderate
2024-01-19T23:00Z,2024-01-19T23:30Z,109,148,low
2024-01-19T23:30Z,2024-01-20T00:00Z,109,151,low
2024-01-20T00:00Z,2024-01-20T00:30Z,111,84,moderate
2024-01-20T00:30Z,2024-01-20T01:00Z,110,128,moderate
2024-01-20T01:00Z,2024-01-20T01:30Z,106,113,low
2024-01-20T01:30Z,2024-01-20T02:00Z,103,114,low
2024-01-20T02:00Z,2024-01-20T02:30Z,100,116,low
2024-01-20T02:30Z,2024-01-20T03:00Z,99,109,low
2024-01-20T03:00Z,2024-01-20T03:30Z,95,105,low
2024-01-20T03:30Z,2024-01-20T04:00Z,96,103,low
2024-01-20T04:00Z,2024-01-20T04:30Z,95,98,low
2024-01-20T04:30Z,2024-01-20T05:00Z,95,98,low
2024-01-20T05:00Z,2024-01-20T05:30Z,96,97,low
2024-01-20T05:30Z,2024-01-20T06:00Z,104,100,low
2024-01-20T06:00Z,2024-01-20T06:30Z,114,100,moderate
2024-01-20T06:30Z,2024-01-20T07:00Z,126,101,moderate
2024-01-20T07:00Z,2024-01-20T07:30Z,132,114,moderate
2024-01-20T07:30Z,2024-01-20T08:00Z,138,121,moderate
2024-01-20T08:00Z,2024-01-20T08:30Z,143,121,moderate
2024-01-20T08:30Z,2024-01-20T09:00Z,139,137,moderate
2024-01-20T09:00Z,2024-01-20T09:30Z,141,138,moderate
2024-01-20T09:30Z,2024-01-20T10:00Z,133,134,moderate
2024-01-20T10:00Z,2024-01-20T10:30Z,132,135,moderate
2024-01-20T10:30Z,2024-01-20T11:00Z,125,136,moderate
2024-01-20T11:00Z,2024-01-20T11:30Z,119,136,moderate
2024-01-20T11:30Z,2024-01-20T12:00Z,111,126,moderate
2024-01-20T12:00Z,2024-01-20T12:30Z,109,123,low
2024-01-20T12:30Z,2024-01-20T13:00Z,114,115,moderate
2024-01-20T13:00Z,2024-01-20T13:30Z,118,113,moderate
2024-01-20T13:30Z,2024-01-20T14:00Z,125,116,moderate
2024-01-20T14:00Z,2024-01-20T14:30Z,128,118,moderate
2024-01-20T14:30Z,2024-01-20T15:00Z,139,131,moderate
2024-01-20T15:00Z,2024-01-20T15:30Z,142,127,moderate
2024-01-20T15:30Z,2024-01-20T16:00Z,144,137,moderate
2024-01-20T16:00Z,2024-01-20T16:30Z,149,140,moderate
2024-01-20T16:30Z,2024-01-20T17:00Z,150,146,moderate
2024-01-20T17:00Z,2024-01-20T17:30Z,149,161,moderate
2024-01-20T17:30Z,2024-01-20T18:00Z,147,140,moderate
2024-01-20T18:00Z,2024-01-20T18:30Z,145,129,moderate
2024-01-20T18:30Z,2024-01-20T19:00Z,144,149,moderate
2024-01-20T19:00Z,2024-01-20T19:30Z,139,131,moderate
2024-01-20T19:30Z,2024-01-20T20:00Z,132,135,moderate
2024-01-20T20:00Z,2024-01-20T20:30Z,120,120,moderate
2024-01-20T20:30Z,2024-01-20T21:00Z,105,119,low
2024-01-20T21:00Z,2024-01-20T21:30Z,102,115,low
2024-01-20T21:30Z,2024-01-20T22:00Z,94,97,low
2024-01-20T22:00Z,2024-01-20T22:30Z,79,112,low
2024-01-20T22:30Z,2024-01-20T23:00Z,65,98,low
2024-01-20T23:00Z,2024-01-20T23:30Z,60,87,low
2024-01-20T23:30Z,2024-01-21T00:00Z,60,71,low
2024-01-21T00:00Z,2024-01-21T00:30Z,62,61,low
2024-01-21T00:30Z,2024-01-21T01:00Z,62,63,low
2024-01-21T01:00Z,2024-01-21T01:30Z,64,67,low
2024-01-21T01:30Z,2024-01-21T02:00Z,65,65,low
2024-01-21T02:00Z,2024-01-21T02:30Z,67,68,low
2024-01-21T02:30Z,2024-01-21T03:00Z,74,68,low
2024-01-21T03:00Z,2024-01-21T03:30Z,74,68,low
2024-01-21T03:30Z,2024-01-21T04:00Z,75,75,low
2024-01-21T04:00Z,2024-01-21T04:30Z,72,79,low
2024-01-21T04:30Z,2024-01-21T05:00Z,67,73,low
2024-01-21T05:00Z,2024-01-21T05:30Z,68,71,low
2024-01-21T05:30Z,2024-01-21T06:00Z,69,67,low
2024-01-21T06:00Z,2024-01-21T06:30Z,68,64,low
2024-01-21T06:30Z,2024-01-21T07:00Z,67,67,low
2024-01-21T07:00Z,2024-01-21T07:30Z,67,70,low
2024-01-21T07:30Z,2024-01-21T08:00Z,58,65,low
2024-01-21T08:00Z,2024-01-21T08:30Z,58,63,low
2024-01-21T08:30Z,2024-01-21T09:00Z,57,58,low
2024-01-21T09:00Z,2024-01-21T09:30Z,56,56,low
2024-01-21T09:30Z,2024-01-21T10:00Z,57,58,low
2024-01-21T10:00Z,2024-01-21T10:30Z,62,55,low
2024-01-21T10:30Z,2024-01-21T11:00Z,61,54,low
2024-01-21T11:00Z,2024-01-21T11:30Z,59,56,low
2024-01-21T11:30Z,2024-01-21T12:00Z,65,59,low
2024-01-21T12:00Z,2024-01-21T12:30Z,69,57,low
2024-01-21T12:30Z,2024-01-21T13:00Z,74,62,low
2024-01-21T13:00Z,2024-01-21T13:30Z,75,67,low
2024-01-21T13:30Z,2024-01-21T14:00Z,76,69,low
2024-01-21T14:00Z,2024-01-21T14:30Z,79,72,low
2024-01-21T14:30Z,2024-01-21T15:00Z,82,74,low
2024-01-21T15:00Z,2024-01-21T15:30Z,90,78,low
2024-01-21T15:30Z,2024-01-21T16:00Z,97,83,low
2024-01-21T16:00Z,2024-01-21T16:30Z,101,90,low
2024-01-21T16:30Z,2024-01-21T17:00Z,108,109,low
2024-01-21T17:00Z,2024-01-21T17:30Z,113,99,moderate
2024-01-21T17:30Z,2024-01-21T18:00Z,113,94,moderate
2024-01-21T18:00Z,2024-01-21T18:30Z,114,99,moderate
2024-01-21T18:30Z,2024-01-21T19:00Z,110,89,moderate
2024-01-21T19:00Z,2024-01-21T19:30Z,117,104,moderate
2024-01-21T19:30Z,2024-01-21T20:00Z,123,102,moderate
2024-01-21T20:00Z,2024-01-21T20:30Z,127,108,moderate
2024-01-21T20:30Z,2024-01-21T21:00Z,128,114,moderate
2024-01-21T21:00Z,2024-01-21T21:30Z,128,108,moderate
2024-01-21T21:30Z,2024-01-21T22:00Z,117,109,moderate
2024-01-21T22:00Z,2024-01-21T22:30Z,107,118,low
2024-01-21T22:30Z,2024-01-21T23:00Z,113,119,moderate
2024-01-21T23:00Z,2024-01-21T23:30Z,110,101,moderate
2024-01-21T23:30Z,2024-01-22T00:00Z,115,113,moderate
2024-01-22T00:00Z,2024-01-22T00:30Z,124,117,moderate
2024-01-22T00:30Z,2024-01-22T01:00Z,132,122,moderate
2024-01-22T01:00Z,2024-01-22T01:30Z,129,128,moderate
2024-01-22T01:30Z,2024-01-22T02:00Z,121,133,moderate
2024-01-22T02:00Z,2024-01-22T02:30Z,112,138,moderate
2024-01-22T02:30Z,2024-01-22T03:00Z,101,122,low
2024-01-22T03:00Z,2024-01-22T03:30Z,87,116,low
2024-01-22T03:30Z,2024-01-22T04:00Z,84,104,low
2024-01-22T04:00Z,2024-01-22T04:30Z,85,89,low
2024-01-22T04:30Z,2024-01-22T05:00Z,88,84,low
2024-01-22T05:00Z,2024-01-22T05:30Z,91,85,low
2024-01-22T05:30Z,2024-01-22T06:00Z,84,91,low
2024-01-22T06:00Z,2024-01-22T06:30Z,93,95,low
2024-01-22T06:30Z,2024-01-22T07:00Z,108,89,low
2024-01-22T07:00Z,2024-01-22T07:30Z,109,90,low
2024-01-22T07:30Z,2024-01-22T08:00Z,105,88,low
2024-01-22T08:00Z,2024-01-22T08:30Z,108,98,low
2024-01-22T08:30Z,2024-01-22T09:00Z,104,101,low
2024-01-22T09:00Z,2024-01-22T09:30Z,99,110,low
2024-01-22T09:30Z,2024-01-22T10:00Z,93,98,low
2024-01-22T10:00Z,2024-01-22T10:30Z,88,94,low
2024-01-22T10:30Z,2024-01-22T11:00Z,86,90,low
2024-01-22T11:00Z,2024-01-22T11:30Z,82,81,low
2024-01-22T11:30Z,2024-01-22T12:00Z,80,82,low
2024-01-22T12:00Z,2024-01-22T12:30Z,77,80,low
2024-01-22T12:30Z,2024-01-22T13:00Z,72,77,low
2024-01-22T13:00Z,2024-01-22T13:30Z,69,74,low
2024-01-22T13:30Z,2024-01-22T14:00Z,72,70,low
2024-01-22T14:00Z,2024-01-22T14:30Z,80,67,low
2024-01-22T14:30Z,2024-01-22T15:00Z,82,67,low
2024-01-22T15:00Z,2024-01-22T15:30Z,92,80,low
2024-01-22T15:30Z,2024-01-22T16:00Z,98,86,low
2024-01-22T16:00Z,2024-01-22T16:30Z,100,92,low
2024-01-22T16:30Z,2024-01-22T17:00Z,111,102,moderate
2024-01-22T17:00Z,2024-01-22T17:30Z,110,99,moderate
2024-01-22T17:30Z,2024-01-22T18:00Z,105,98,low
2024-01-22T18:00Z,2024-01-22T18:30Z,104,97,low
2024-01-22T18:30Z,2024-01-22T19:00Z,106,90,low
2024-01-22T19:00Z,2024-01-22T19:30Z,98,91,low
2024-01-22T19:30Z,2024-01-22T20:00Z,92,89,low
2024-01-22T20:00Z,2024-01-22T20:30Z,85,95,low
2024-01-22T20:30Z,2024-01-22T21:00Z,74,86,low
2024-01-22T21:00Z,2024-01-22T21:30Z,58,76,low
2024-01-22T21:30Z,2024-01-22T22:00Z,63,68,low
2024-01-22T22:00Z,2024-01-22T22:30Z,58,55,low
2024-01-22T22:30Z,2024-01-22T23:00Z,59,59,low
2024-01-22T23:00Z,2024-01-22T23:30Z,59,59,low
2024-01-22T23:30Z,2024-01-23T00:00Z,61,63,low
2024-01-23T00:00Z,2024-01-23T00:30Z,67,59,low
2024-01-23T00:30Z,2024-01-23T01:00Z,58,62,low
2024-01-23T01:00Z,2024-01-23T01:30Z,58,69,low
2024-01-23T01:30Z,2024-01-23T02:00Z,60,57,low
2024-01-23T02:00Z,2024-01-23T02:30Z,61,57,low
2024-01-23T02:30Z,2024-01-23T03:00Z,68,57,low
2024-01-23T03:00Z,2024-01-23T03:30Z,69,64,low
2024-01-23T03:30Z,2024-01-23T04:00Z,66,68,low
2024-01-23T04:00Z,2024-01-23T04:30Z,74,71,low
2024-01-23T04:30Z,2024-01-23T05:00Z,78,68,low
2024-01-23T05:00Z,2024-01-23T05:30Z,86,75,low
2024-01-23T05:30Z,2024-01-23T06:00Z,94,88,low
2024-01-23T06:00Z,2024-01-23T06:30Z,117,95,moderate
2024-01-23T06:30Z,2024-01-23T07:00Z,135,118,moderate
2024-01-23T07:00Z,2024-01-23T07:30Z,138,129,moderate
2024-01-23T07:30Z,2024-01-23T08:00Z,134,140,moderate
2024-01-23T08:00Z,2024-01-23T08:30Z,138,141,moderate
2024-01-23T08:30Z,2024-01-23T09:00Z,140,129,moderate
2024-01-23T09:00Z,2024-01-23T09:30Z,137,123,moderate
2024-01-23T09:30Z,2024-01-23T10:00Z,138,125,moderate
2024-01-23T10:00Z,2024-01-23T10:30Z,136,119,moderate
2024-01-23T10:30Z,2024-01-23T11:00Z,131,132,moderate
2024-01-23T11:00Z,2024-01-23T11:30Z,127,123,moderate
2024-01-23T11:30Z,2024-01-23T12:00Z,121,116,moderate
2024-01-23T12:00Z,2024-01-23T12:30Z,115,113,moderate
2024-01-23T12:30Z,2024-01-23T13:00Z,108,108,low
2024-01-23T13:00Z,2024-01-23T13:30Z,99,100,low
2024-01-23T13:30Z,2024-01-23T14:00Z,112,92,moderate
2024-01-23T14:00Z,2024-01-23T14:30Z,111,89,moderate
2024-01-23T14:30Z,2024-01-23T15:00Z,115,109,moderate
2024-01-23T15:00Z,2024-01-23T15:30Z,118,111,moderate
2024-01-23T15:30Z,2024-01-23T16:00Z,119,117,moderate
2024-01-23T16:00Z,2024-01-23T16:30Z,122,117,moderate
2024-01-23T16:30Z,2024-01-23T17:00Z,114,129,moderate
2024-01-23T17:00Z,2024-01-23T17:30Z,116,126,moderate
2024-01-23T17:30Z,2024-01-23T18:00Z,113,119,moderate
2024-01-23T18:00Z,2024-01-23T18:30Z,109,114,low
2024-01-23T18:30Z,2024-01-23T19:00Z,106,111,low
2024-01-23T19:00Z,2024-01-23T19:30Z,95,110,low
2024-01-23T19:30Z,2024-01-23T20:00Z,87,114,low
2024-01-23T20:00Z,2024-01-23T20:30Z,79,104,low
2024-01-23T20:30Z,2024-01-23T21:00Z,73,93,low
2024-01-23T21:00Z,2024-01-23T21:30Z,64,77,low
2024-01-23T21:30Z,2024-01-23T22:00Z,73,88,low
2024-01-23T22:00Z,2024-01-23T22:30Z,70,64,low
2024-01-23T22:30Z,2024-01-23T23:00Z,71,85,low
2024-01-23T23:00Z,2024-01-23T23:30Z,69,73,low
2024-01-23T23:30Z,2024-01-24T00:00Z,70,78,low
2024-01-24T00:00Z,2024-01-24T00:30Z,68,73,low
2024-01-24T00:30Z,2024-01-24T01:00Z,68,72,low
2024-01-24T01:00Z,2024-01-24T01:30Z,66,71,low
2024-01-24T01:30Z,2024-01-24T02:00Z,69,69,low
2024-01-24T02:00Z,2024-01-24T02:30Z,69,67,low
2024-01-24T02:30Z,2024-01-24T03:00Z,70,69,low
2024-01-24T03:00Z,2024-01-24T03:30Z,70,67,low
2024-01-24T03:30Z,2024-01-24T04:00Z,74,68,low
2024-01-24T04:00Z,2024-01-24T04:30Z,74,68,low
2024-01-24T04:30Z,2024-01-24T05:00Z,67,69,low
2024-01-24T05:00Z,2024-01-24T05:30Z,69,71,low
2024-01-24T05:30Z,2024-01-24T06:00Z,63,68,low
2024-01-24T06:00Z,2024-01-24T06:30Z,74,67,low
2024-01-24T06:30Z,2024-01-24T07:00Z,87,67,low
2024-01-24T07:00Z,2024-01-24T07:30Z,97,72,low
2024-01-24T07:30Z,2024-01-24T08:00Z,103,82,low
2024-01-24T08:00Z,2024-01-24T08:30Z,105,93,low
2024-01-24T08:30Z,2024-01-24T09:00Z,103,92,low
2024-01-24T09:00Z,2024-01-24T09:30Z,98,89,low
2024-01-24T09:30Z,2024-01-24T10:00Z,94,95,low
2024-01-24T10:00Z,2024-01-24T10:30Z,94,95,low
2024-01-24T10:30Z,2024-01-24T11:00Z,90,85,low
2024-01-24T11:00Z,2024-01-24T11:30Z,86,84,low
2024-01-24T11:30Z,2024-01-24T12:00Z,87,76,low
2024-01-24T12:00Z,2024-01-24T12:30Z,86,82,low
2024-01-24T12:30Z,2024-01-24T13:00Z,85,81,low
2024-01-24T13:00Z,2024-01-24T13:30Z,91,86,low
2024-01-24T13:30Z,2024-01-24T14:00Z,98,84,low
2024-01-24T14:00Z,2024-01-24T14:30Z,104,87,low
2024-01-24T14:30Z,2024-01-24T15:00Z,110,94,moderate
2024-01-24T15:00Z,2024-01-24T15:30Z,120,106,moderate
2024-01-24T15:30Z,2024-01-24T16:00Z,133,121,moderate
2024-01-24T16:00Z,2024-01-24T16:30Z,145,140,moderate
2024-01-24T16:30Z,2024-01-24T17:00Z,149,143,moderate
2024-01-24T17:00Z,2024-01-24T17:30Z,149,148,moderate
2024-01-24T17:30Z,2024-01-24T18:00Z,150,154,moderate
2024-01-24T18:00Z,2024-01-24T18:30Z,157,148,moderate
2024-01-24T18:30Z,2024-01-24T19:00Z,163,150,moderate
2024-01-24T19:00Z,2024-01-24T19:30Z,161,157,moderate
2024-01-24T19:30Z,2024-01-24T20:00Z,157,158,moderate
2024-01-24T20:00Z,2024-01-24T20:30Z,157,166,moderate
2024-01-24T20:30Z,2024-01-24T21:00Z,156,164,moderate
2024-01-24T21:00Z,2024-01-24T21:30Z,142,160,moderate
2024-01-24T21:30Z,2024-01-24T22:00Z,136,159,moderate
2024-01-24T22:00Z,2024-01-24T22:30Z,132,164,moderate
2024-01-24T22:30Z,2024-01-24T23:00Z,120,133,moderate
2024-01-24T23:00Z,2024-01-24T23:30Z,123,128,moderate
2024-01-24T23:30Z,2024-01-25T00:00Z,129,117,moderate
2024-01-25T00:00Z,2024-01-25T00:30Z,135,125,moderate
2024-01-25T00:30Z,2024-01-25T01:00Z,135,133,moderate
2024-01-25T01:00Z,2024-01-25T01:30Z,135,132,moderate
2024-01-25T01:30Z,2024-01-25T02:00Z,133,131,moderate
2024-01-25T02:00Z,2024-01-25T02:30Z,133,106,moderate
2024-01-25T02:30Z,2024-01-25T03:00Z,132,127,moderate
2024-01-25T03:00Z,2024-01-25T03:30Z,124,133,moderate
2024-01-25T03:30Z,2024-01-25T04:00Z,121,133,moderate
2024-01-25T04:00Z,2024-01-25T04:30Z,120,123,moderate
2024-01-25T04:30Z,2024-01-25T05:00Z,131,121,moderate
2024-01-25T05:00Z,2024-01-25T05:30Z,146,124,moderate
2024-01-25T05:30Z,2024-01-25T06:00Z,165,143,moderate
2024-01-25T06:00Z,2024-01-25T06:30Z,180,158,moderate
2024-01-25T06:30Z,2024-01-25T07:00Z,179,176,moderate
2024-01-25T07:00Z,2024-01-25T07:30Z,181,189,moderate
2024-01-25T07:30Z,2024-01-25T08:00Z,179,180,moderate
2024-01-25T08:00Z,2024-01-25T08:30Z,172,178,moderate
2024-01-25T08:30Z,2024-01-25T09:00Z,169,171,moderate
2024-01-25T09:00Z,2024-01-25T09:30Z,164,172,moderate
2024-01-25T09:30Z,2024-01-25T10:00Z,160,156,moderate
2024-01-25T10:00Z,2024-01-25T10:30Z,152,159,moderate
2024-01-25T10:30Z,2024-01-25T11:00Z,149,158,moderate
2024-01-25T11:00Z,2024-01-25T11:30Z,146,151,moderate
2024-01-25T11:30Z,2024-01-25T12:00Z,152,148,moderate
2024-01-25T12:00Z,2024-01-25T12:30Z,149,147,moderate
2024-01-25T12:30Z,2024-01-25T13:00Z,149,151,moderate
2024-01-25T13:00Z,2024-01-25T13:30Z,148,149,moderate
2024-01-25T13:30Z,2024-01-25T14:00Z,152,150,moderate
2024-01-25T14:00Z,2024-01-25T14:30Z,153,151,moderate
2024-01-25T14:30Z,2024-01-25T15:00Z,152,152,moderate
2024-01-25T15:00Z,2024-01-25T15:30Z,151,155,moderate
2024-01-25T15:30Z,2024-01-25T16:00Z,152,160,moderate
2024-01-25T16:00Z,2024-01-25T16:30Z,156,160,moderate
2024-01-25T16:30Z,2024-01-25T17:00Z,159,158,moderate
2024-01-25T17:00Z,2024-01-25T17:30Z,156,156,moderate
2024-01-25T17:30Z,2024-01-25T18:00Z,155,154,moderate
2024-01-25T18:00Z,2024-01-25T18:30Z,154,148,moderate
2024-01-25T18:30Z,2024-01-25T19:00Z,162,145,moderate
2024-01-25T19:00Z,2024-01-25T19:30Z,159,139,moderate
2024-01-25T19:30Z,2024-01-25T20:00Z,148,150,moderate
2024-01-25T20:00Z,2024-01-25T20:30Z,133,145,moderate
2024-01-25T20:30Z,2024-01-25T21:00Z,112,132,moderate
2024-01-25T21:00Z,2024-01-25T21:30Z,100,121,low
2024-01-25T21:30Z,2024-01-25T22:00Z,89,112,low
2024-01-25T22:00Z,2024-01-25T22:30Z,76,94,low
2024-01-25T22:30Z,2024-01-25T23:00Z,65,82,low
2024-01-25T23:00Z,2024-01-25T23:30Z,62,75,low
2024-01-25T23:30Z,2024-01-26T00:00Z,66,66,low
2024-01-26T00:00Z,2024-01-26T00:30Z,74,60,low
2024-01-26T00:30Z,2024-01-26T01:00Z,66,65,low
2024-01-26T01:00Z,2024-01-26T01:30Z,63,70,low
2024-01-26T01:30Z,2024-01-26T02:00Z,59,67,low
2024-01-26T02:00Z,2024-01-26T02:30Z,55,62,low
2024-01-26T02:30Z,2024-01-26T03:00Z,51,58,low
2024-01-26T03:00Z,2024-01-26T03:30Z,52,53,low
2024-01-26T03:30Z,2024-01-26T04:00Z,60,53,low
2024-01-26T04:00Z,2024-01-26T04:30Z,56,52,low
2024-01-26T04:30Z,2024-01-26T05:00Z,53,49,low
2024-01-26T05:00Z,2024-01-26T05:30Z,62,48,low
2024-01-26T05:30Z,2024-01-26T06:00Z,58,48,low
2024-01-26T06:00Z,2024-01-26T06:30Z,72,51,low
2024-01-26T06:30Z,2024-01-26T07:00Z,81,55,low
2024-01-26T07:00Z,2024-01-26T07:30Z,84,57,low
2024-01-26T07:30Z,2024-01-26T08:00Z,80,61,low
2024-01-26T08:00Z,2024-01-26T08:30Z,82,69,low
2024-01-26T08:30Z,2024-01-26T09:00Z,76,70,low
2024-01-26T09:00Z,2024-01-26T09:30Z,66,71,low
2024-01-26T09:30Z,2024-01-26T10:00Z,60,77,low
2024-01-26T10:00Z,2024-01-26T10:30Z,54,70,low
2024-01-26T10:30Z,2024-01-26T11:00Z,48,69,low
2024-01-26T11:00Z,2024-01-26T11:30Z,44,57,low
2024-01-26T11:30Z,2024-01-26T12:00Z,44,50,low
2024-01-26T12:00Z,2024-01-26T12:30Z,45,45,low
2024-01-26T12:30Z,2024-01-26T13:00Z,49,45,low
2024-01-26T13:00Z,2024-01-26T13:30Z,49,48,low
2024-01-26T13:30Z,2024-01-26T14:00Z,54,46,low
2024-01-26T14:00Z,2024-01-26T14:30Z,62,54,low
2024-01-26T14:30Z,2024-01-26T15:00Z,70,50,low
2024-01-26T15:00Z,2024-01-26T15:30Z,86,64,low
2024-01-26T15:30Z,2024-01-26T16:00Z,110,68,moderate
2024-01-26T16:00Z,2024-01-26T16:30Z,125,103,moderate
2024-01-26T16:30Z,2024-01-26T17:00Z,131,130,moderate
2024-01-26T17:00Z,2024-01-26T17:30Z,135,135,moderate
2024-01-26T17:30Z,2024-01-26T18:00Z,133,130,moderate
2024-01-26T18:00Z,2024-01-26T18:30Z,126,128,moderate
2024-01-26T18:30Z,2024-01-26T19:00Z,127,129,moderate
2024-01-26T19:00Z,2024-01-26T19:30Z,126,124,moderate
2024-01-26T19:30Z,2024-01-26T20:00Z,128,127,moderate
2024-01-26T20:00Z,2024-01-26T20:30Z,119,114,moderate
2024-01-26T20:30Z,2024-01-26T21:00Z,122,128,moderate
2024-01-26T21:00Z,2024-01-26T21:30Z,114,129,moderate
2024-01-26T21:30Z,2024-01-26T22:00Z,111,123,moderate
2024-01-26T22:00Z,2024-01-26T22:30Z,100,114,low
2024-01-26T22:30Z,2024-01-26T23:00Z,84,110,low
2024-01-26T23:00Z,2024-01-26T23:30Z,84,108,low
2024-01-26T23:30Z,2024-01-27T00:00Z,85,115,low
2024-01-27T00:00Z,2024-01-27T00:30Z,92,117,low
2024-01-27T00:30Z,2024-01-27T01:00Z,85,117,low
2024-01-27T01:00Z,2024-01-27T01:30Z,89,118,low
2024-01-27T01:30Z,2024-01-27T02:00Z,88,118,low
2024-01-27T02:00Z,2024-01-27T02:30Z,90,125,low
2024-01-27T02:30Z,2024-01-27T03:00Z,95,133,low
2024-01-27T03:00Z,2024-01-27T03:30Z,95,136,low
2024-01-27T03:30Z,2024-01-27T04:00Z,97,101,low
2024-01-27T04:00Z,2024-01-27T04:30Z,99,96,low
2024-01-27T04:30Z,2024-01-27T05:00Z,91,99,low
2024-01-27T05:00Z,2024-01-27T05:30Z,93,102,low
2024-01-27T05:30Z,2024-01-27T06:00Z,100,93,low
2024-01-27T06:00Z,2024-01-27T06:30Z,113,93,moderate
2024-01-27T06:30Z,2024-01-27T07:00Z,116,104,moderate
2024-01-27T07:00Z,2024-01-27T07:30Z,119,116,moderate
2024-01-27T07:30Z,2024-01-27T08:00Z,107,117,low
2024-01-27T08:00Z,2024-01-27T08:30Z,108,113,low
2024-01-27T08:30Z,2024-01-27T09:00Z,97,111,low
2024-01-27T09:00Z,2024-01-27T09:30Z,97,109,low
2024-01-27T09:30Z,2024-01-27T10:00Z,94,98,low
2024-01-27T10:00Z,2024-01-27T10:30Z,86,100,low
2024-01-27T10:30Z,2024-01-27T11:00Z,84,98,low
2024-01-27T11:00Z,2024-01-27T11:30Z,74,100,low
2024-01-27T11:30Z,2024-01-27T12:00Z,69,100,low
2024-01-27T12:00Z,2024-01-27T12:30Z,68,103,low
2024-01-27T12:30Z,2024-01-27T13:00Z,68,105,low
2024-01-27T13:00Z,2024-01-27T13:30Z,66,108,low
2024-01-27T13:30Z,2024-01-27T14:00Z,71,109,low
2024-01-27T14:00Z,2024-01-27T14:30Z,81,110,low
2024-01-27T14:30Z,2024-01-27T15:00Z,99,74,low
2024-01-27T15:00Z,2024-01-27T15:30Z,113,77,moderate
2024-01-27T15:30Z,2024-01-27T16:00Z,126,103,moderate
2024-01-27T16:00Z,2024-01-27T16:30Z,129,118,moderate
2024-01-27T16:30Z,2024-01-27T17:00Z,128,141,moderate
2024-01-27T17:00Z,2024-01-27T17:30Z,129,135,moderate
2024-01-27T17:30Z,2024-01-27T18:00Z,129,129,moderate
2024-01-27T18:00Z,2024-01-27T18:30Z,128,131,moderate
2024-01-27T18:30Z,2024-01-27T19:00Z,130,128,moderate
2024-01-27T19:00Z,2024-01-27T19:30Z,121,128,moderate
2024-01-27T19:30Z,2024-01-27T20:00Z,130,131,moderate
2024-01-27T20:00Z,2024-01-27T20:30Z,122,128,moderate
2024-01-27T20:30Z,2024-01-27T21:00Z,122,129,moderate
2024-01-27T21:00Z,2024-01-27T21:30Z,111,119,moderate
2024-01-27T21:30Z,2024-01-27T22:00Z,94,120,low
2024-01-27T22:00Z,2024-01-27T22:30Z,83,107,low
2024-01-27T22:30Z,2024-01-27T23:00Z,86,115,low
2024-01-27T23:00Z,2024-01-27T23:30Z,83,86,low
2024-01-27T23:30Z,2024-01-28T00:00Z,86,83,low
2024-01-28T00:00Z,2024-01-28T00:30Z,89,84,low
2024-01-28T00:30Z,2024-01-28T01:00Z,85,84,low
2024-01-28T01:00Z,2024-01-28T01:30Z,81,88,low
2024-01-28T01:30Z,2024-01-28T02:00Z,84,81,low
2024-01-28T02:00Z,2024-01-28T02:30Z,79,81,low
2024-01-28T02:30Z,2024-01-28T03:00Z,78,85,low
2024-01-28T03:00Z,2024-01-28T03:30Z,78,78,low
2024-01-28T03:30Z,2024-01-28T04:00Z,79,77,low
2024-01-28T04:00Z,2024-01-28T04:30Z,78,73,low
2024-01-28T04:30Z,2024-01-28T05:00Z,76,75,low
2024-01-28T05:00Z,2024-01-28T05:30Z,76,74,low
2024-01-28T05:30Z,2024-01-28T06:00Z,77,73,low
2024-01-28T06:00Z,2024-01-28T06:30Z,82,72,low
2024-01-28T06:30Z,2024-01-28T07:00Z,85,73,low
2024-01-28T07:00Z,2024-01-28T07:30Z,87,76,low
2024-01-28T07:30Z,2024-01-28T08:00Z,88,77,low
2024-01-28T08:00Z,2024-01-28T08:30Z,87,58,low
2024-01-28T08:30Z,2024-01-28T09:00Z,72,80,low
2024-01-28T09:00Z,2024-01-28T09:30Z,68,83,low
2024-01-28T09:30Z,2024-01-28T10:00Z,63,67,low
2024-01-28T10:00Z,2024-01-28T10:30Z,60,64,low
2024-01-28T10:30Z,2024-01-28T11:00Z,59,61,low
2024-01-28T11:00Z,2024-01-28T11:30Z,58,57,low
2024-01-28T11:30Z,2024-01-28T12:00Z,59,57,low
2024-01-28T12:00Z,2024-01-28T12:30Z,57,54,low
2024-01-28T12:30Z,2024-01-28T13:00Z,50,54,low
2024-01-28T13:00Z,2024-01-28T13:30Z,53,59,low
2024-01-28T13:30Z,2024-01-28T14:00Z,62,50,low
2024-01-28T14:00Z,2024-01-28T14:30Z,67,51,low
2024-01-28T14:30Z,2024-01-28T15:00Z,67,57,low
2024-01-28T15:00Z,2024-01-28T15:30Z,73,58,low
2024-01-28T15:30Z,2024-01-28T16:00Z,72,65,low
2024-01-28T16:00Z,2024-01-28T16:30Z,84,70,low
2024-01-28T16:30Z,2024-01-28T17:00Z,90,73,low
2024-01-28T17:00Z,2024-01-28T17:30Z,90,82,low
2024-01-28T17:30Z,2024-01-28T18:00Z,88,86,low
2024-01-28T18:00Z,2024-01-28T18:30Z,93,86,low
2024-01-28T18:30Z,2024-01-28T19:00Z,94,84,low
2024-01-28T19:00Z,2024-01-28T19:30Z,92,94,low
2024-01-28T19:30Z,2024-01-28T20:00Z,82,92,low
2024-01-28T20:00Z,2024-01-28T20:30Z,78,91,low
2024-01-28T20:30Z,2024-01-28T21:00Z,75,79,low
2024-01-28T21:00Z,2024-01-28T21:30Z,72,77,low
2024-01-28T21:30Z,2024-01-28T22:00Z,67,72,low
2024-01-28T22:00Z,2024-01-28T22:30Z,66,72,low
2024-01-28T22:30Z,2024-01-28T23:00Z,68,66,low
2024-01-28T23:00Z,2024-01-28T23:30Z,71,61,low
2024-01-28T23:30Z,2024-01-29T00:00Z,75,65,low
2024-01-29T00:00Z,2024-01-29T00:30Z,89,68,low
2024-01-29T00:30Z,2024-01-29T01:00Z,93,76,low
2024-01-29T01:00Z,2024-01-29T01:30Z,101,81,low
2024-01-29T01:30Z,2024-01-29T02:00Z,108,90,low
2024-01-29T02:00Z,2024-01-29T02:30Z,111,99,moderate
2024-01-29T02:30Z,2024-01-29T03:00Z,114,106,moderate
2024-01-29T03:00Z,2024-01-29T03:30Z,121,109,moderate
2024-01-29T03:30Z,2024-01-29T04:00Z,123,114,moderate
2024-01-29T04:00Z,2024-01-29T04:30Z,134,123,moderate
2024-01-29T04:30Z,2024-01-29T05:00Z,168,132,moderate
2024-01-29T05:00Z,2024-01-29T05:30Z,192,148,high
2024-01-29T05:30Z,2024-01-29T06:00Z,232,193,high
2024-01-29T06:00Z,2024-01-29T06:30Z,247,218,high
2024-01-29T06:30Z,2024-01-29T07:00Z,250,247,high
2024-01-29T07:00Z,2024-01-29T07:30Z,253,271,high
2024-01-29T07:30Z,2024-01-29T08:00Z,237,259,high
2024-01-29T08:00Z,2024-01-29T08:30Z,241,256,high
2024-01-29T08:30Z,2024-01-29T09:00Z,241,239,high
2024-01-29T09:00Z,2024-01-29T09:30Z,242,246,high
2024-01-29T09:30Z,2024-01-29T10:00Z,241,247,high
2024-01-29T10:00Z,2024-01-29T10:30Z,238,246,high
2024-01-29T10:30Z,2024-01-29T11:00Z,235,245,high
2024-01-29T11:00Z,2024-01-29T11:30Z,236,243,high
2024-01-29T11:30Z,2024-01-29T12:00Z,239,243,high
2024-01-29T12:00Z,2024-01-29T12:30Z,240,241,high
2024-01-29T12:30Z,2024-01-29T13:00Z,235,241,high
2024-01-29T13:00Z,2024-01-29T13:30Z,230,245,high
2024-01-29T13:30Z,2024-01-29T14:00Z,229,240,high
2024-01-29T14:00Z,2024-01-29T14:30Z,231,236,high
2024-01-29T14:30Z,2024-01-29T15:00Z,223,233,high
2024-01-29T15:00Z,2024-01-29T15:30Z,221,239,high
2024-01-29T15:30Z,2024-01-29T16:00Z,223,235,high
2024-01-29T16:00Z,2024-01-29T16:30Z,218,227,high
2024-01-29T16:30Z,2024-01-29T17:00Z,210,229,high
2024-01-29T17:00Z,2024-01-29T17:30Z,208,226,high
2024-01-29T17:30Z,2024-01-29T18:00Z,212,215,high
2024-01-29T18:00Z,2024-01-29T18:30Z,206,208,high
2024-01-29T18:30Z,2024-01-29T19:00Z,212,212,high
2024-01-29T19:00Z,2024-01-29T19:30Z,198,210,high
2024-01-29T19:30Z,2024-01-29T20:00Z,181,204,moderate
2024-01-29T20:00Z,2024-01-29T20:30Z,174,190,moderate
2024-01-29T20:30Z,2024-01-29T21:00Z,164,181,moderate
2024-01-29T21:00Z,2024-01-29T21:30Z,151,174,moderate
2024-01-29T21:30Z,2024-01-29T22:00Z,146,156,moderate
2024-01-29T22:00Z,2024-01-29T22:30Z,130,140,moderate
2024-01-29T22:30Z,2024-01-29T23:00Z,113,121,moderate
2024-01-29T23:00Z,2024-01-29T23:30Z,100,123,low
2024-01-29T23:30Z,2024-01-30T00:00Z,96,103,low
2024-01-30T00:00Z,2024-01-30T00:30Z,97,98,low
2024-01-30T00:30Z,2024-01-30T01:00Z,86,96,low
2024-01-30T01:00Z,2024-01-30T01:30Z,83,97,low
2024-01-30T01:30Z,2024-01-30T02:00Z,82,81,low
2024-01-30T02:00Z,2024-01-30T02:30Z,82,76,low
2024-01-30T02:30Z,2024-01-30T03:00Z,82,82,low
2024-01-30T03:00Z,2024-01-30T03:30Z,82,82,low
2024-01-30T03:30Z,2024-01-30T04:00Z,87,78,low
2024-01-30T04:00Z,2024-01-30T04:30Z,95,83,low
2024-01-30T04:30Z,2024-01-30T05:00Z,121,86,moderate
2024-01-30T05:00Z,2024-01-30T05:30Z,142,99,moderate
2024-01-30T05:30Z,2024-01-30T06:00Z,181,144,moderate
2024-01-30T06:00Z,2024-01-30T06:30Z,199,158,high
2024-01-30T06:30Z,2024-01-30T07:00Z,202,202,high
2024-01-30T07:00Z,2024-01-30T07:30Z,194,203,high
2024-01-30T07:30Z,2024-01-30T08:00Z,193,211,high
2024-01-30T08:00Z,2024-01-30T08:30Z,195,194,high
2024-01-30T08:30Z,2024-01-30T09:00Z,188,193,moderate
2024-01-30T09:00Z,2024-01-30T09:30Z,188,201,moderate
2024-01-30T09:30Z,2024-01-30T10:00Z,183,197,moderate
2024-01-30T10:00Z,2024-01-30T10:30Z,178,196,moderate
2024-01-30T10:30Z,2024-01-30T11:00Z,181,195,moderate
2024-01-30T11:00Z,2024-01-30T11:30Z,183,180,moderate
2024-01-30T11:30Z,2024-01-30T12:00Z,186,182,moderate
2024-01-30T12:00Z,2024-01-30T12:30Z,187,190,moderate
2024-01-30T12:30Z,2024-01-30T13:00Z,190,188,high
2024-01-30T13:00Z,2024-01-30T13:30Z,188,190,moderate
2024-01-30T13:30Z,2024-01-30T14:00Z,188,191,moderate
2024-01-30T14:00Z,2024-01-30T14:30Z,193,193,high
2024-01-30T14:30Z,2024-01-30T15:00Z,193,198,high
2024-01-30T15:00Z,2024-01-30T15:30Z,196,202,high
2024-01-30T15:30Z,2024-01-30T16:00Z,203,211,high
2024-01-30T16:00Z,2024-01-30T16:30Z,209,202,high
2024-01-30T16:30Z,2024-01-30T17:00Z,212,208,high
2024-01-30T17:00Z,2024-01-30T17:30Z,214,216,high
2024-01-30T17:30Z,2024-01-30T18:00Z,217,216,high
2024-01-30T18:00Z,2024-01-30T18:30Z,216,214,high
2024-01-30T18:30Z,2024-01-30T19:00Z,218,216,high
2024-01-30T19:00Z,2024-01-30T19:30Z,216,220,high
2024-01-30T19:30Z,2024-01-30T20:00Z,224,218,high
2024-01-30T20:00Z,2024-01-30T20:30Z,216,217,high
2024-01-30T20:30Z,2024-01-30T21:00Z,206,208,high
2024-01-30T21:00Z,2024-01-30T21:30Z,199,202,high
2024-01-30T21:30Z,2024-01-30T22:00Z,199,194,high
2024-01-30T22:00Z,2024-01-30T22:30Z,180,181,moderate
2024-01-30T22:30Z,2024-01-30T23:00Z,163,187,moderate
2024-01-30T23:00Z,2024-01-30T23:30Z,163,177,moderate
2024-01-30T23:30Z,2024-01-31T00:00Z,156,179,moderate
2024-01-31T00:00Z,2024-01-31T00:30Z,159,174,moderate
2024-01-31T00:30Z,2024-01-31T01:00Z,160,153,moderate
2024-01-31T01:00Z,2024-01-31T01:30Z,153,149,moderate
2024-01-31T01:30Z,2024-01-31T02:00Z,158,149,moderate
2024-01-31T02:00Z,2024-01-31T02:30Z,148,133,moderate
2024-01-31T02:30Z,2024-01-31T03:00Z,150,143,moderate
2024-01-31T03:00Z,2024-01-31T03:30Z,145,142,moderate
2024-01-31T03:30Z,2024-01-31T04:00Z,148,141,moderate
2024-01-31T04:00Z,2024-01-31T04:30Z,147,137,moderate
2024-01-31T04:30Z,2024-01-31T05:00Z,144,136,moderate
2024-01-31T05:00Z,2024-01-31T05:30Z,145,141,moderate
2024-01-31T05:30Z,2024-01-31T06:00Z,153,137,moderate
2024-01-31T06:00Z,2024-01-31T06:30Z,167,144,moderate
2024-01-31T06:30Z,2024-01-31T07:00Z,173,154,moderate
2024-01-31T07:00Z,2024-01-31T07:30Z,173,165,moderate
2024-01-31T07:30Z,2024-01-31T08:00Z,174,170,moderate
2024-01-31T08:00Z,2024-01-31T08:30Z,166,183,moderate
2024-01-31T08:30Z,2024-01-31T09:00Z,161,168,moderate
2024-01-31T09:00Z,2024-01-31T09:30Z,158,160,moderate
2024-01-31T09:30Z,2024-01-31T10:00Z,156,142,moderate
2024-01-31T10:00Z,2024-01-31T10:30Z,153,142,moderate
2024-01-31T10:30Z,2024-01-31T11:00Z,144,135,moderate
2024-01-31T11:00Z,2024-01-31T11:30Z,137,145,moderate
2024-01-31T11:30Z,2024-01-31T12:00Z,128,126,moderate
2024-01-31T12:00Z,2024-01-31T12:30Z,126,110,moderate
2024-01-31T12:30Z,2024-01-31T13:00Z,130,113,moderate
2024-01-31T13:00Z,2024-01-31T13:30Z,131,117,moderate
2024-01-31T13:30Z,2024-01-31T14:00Z,128,120,moderate
2024-01-31T14:00Z,2024-01-31T14:30Z,127,126,moderate
2024-01-31T14:30Z,2024-01-31T15:00Z,118,127,moderate
2024-01-31T15:00Z,2024-01-31T15:30Z,122,126,moderate
2024-01-31T15:30Z,2024-01-31T16:00Z,130,132,moderate
2024-01-31T16:00Z,2024-01-31T16:30Z,137,132,moderate
2024-01-31T16:30Z,2024-01-31T17:00Z,137,137,moderate
2024-01-31T17:00Z,2024-01-31T17:30Z,136,147,moderate
2024-01-31T17:30Z,2024-01-31T18:00Z,139,132,moderate
2024-01-31T18:00Z,2024-01-31T18:30Z,137,129,moderate
2024-01-31T18:30Z,2024-01-31T19:00Z,126,138,moderate
2024-01-31T19:00Z,2024-01-31T19:30Z,120,132,moderate
2024-01-31T19:30Z,2024-01-31T20:00Z,107,115,low
2024-01-31T20:00Z,2024-01-31T20:30Z,92,107,low
2024-01-31T20:30Z,2024-01-31T21:00Z,83,107,low
2024-01-31T21:00Z,2024-01-31T21:30Z,71,91,low
2024-01-31T21:30Z,2024-01-31T22:00Z,62,83,low
2024-01-31T22:00Z,2024-01-31T22:30Z,62,84,low
2024-01-31T22:30Z,2024-01-31T23:00Z,64,73,low
2024-01-31T23:00Z,2024-01-31T23:30Z,61,64,low
2024-01-31T23:30Z,2024-02-01T00:00Z,60,65,low
2024-02-01T00:00Z,2024-02-01T00:30Z,62,64,low
2024-02-01T00:30Z,2024-02-01T01:00Z,61,61,low
2024-02-01T01:00Z,2024-02-01T01:30Z,61,61,low
2024-02-01T01:30Z,2024-02-01T02:00Z,64,65,low
2024-02-01T02:00Z,2024-02-01T02:30Z,60,65,low
2024-02-01T02:30Z,2024-02-01T03:00Z,59,60,low
2024-02-01T03:00Z,2024-02-01T03:30Z,60,62,low
2024-02-01T03:30Z,2024-02-01T04:00Z,62,55,low
2024-02-01T04:00Z,2024-02-01T04:30Z,60,61,low
2024-02-01T04:30Z,2024-02-01T05:00Z,67,64,low
2024-02-01T05:00Z,2024-02-01T05:30Z,83,62,low
2024-02-01T05:30Z,2024-02-01T06:00Z,121,67,moderate
2024-02-01T06:00Z,2024-02-01T06:30Z,148,84,moderate
2024-02-01T06:30Z,2024-02-01T07:00Z,166,131,moderate
2024-02-01T07:00Z,2024-02-01T07:30Z,175,171,moderate
2024-02-01T07:30Z,2024-02-01T08:00Z,168,178,moderate
2024-02-01T08:00Z,2024-02-01T08:30Z,164,181,moderate
2024-02-01T08:30Z,2024-02-01T09:00Z,146,167,moderate
2024-02-01T09:00Z,2024-02-01T09:30Z,143,166,moderate
2024-02-01T09:30Z,2024-02-01T10:00Z,146,153,moderate
2024-02-01T10:00Z,2024-02-01T10:30Z,138,154,moderate
2024-02-01T10:30Z,2024-02-01T11:00Z,133,151,moderate
2024-02-01T11:00Z,2024-02-01T11:30Z,128,173,moderate
2024-02-01T11:30Z,2024-02-01T12:00Z,124,144,moderate
2024-02-01T12:00Z,2024-02-01T12:30Z,133,130,moderate
2024-02-01T12:30Z,2024-02-01T13:00Z,138,128,moderate
2024-02-01T13:00Z,2024-02-01T13:30Z,141,144,moderate
2024-02-01T13:30Z,2024-02-01T14:00Z,153,146,moderate
2024-02-01T14:00Z,2024-02-01T14:30Z,157,149,moderate
2024-02-01T14:30Z,2024-02-01T15:00Z,152,150,moderate
2024-02-01T15:00Z,2024-02-01T15:30Z,161,157,moderate
2024-02-01T15:30Z,2024-02-01T16:00Z,169,155,moderate
2024-02-01T16:00Z,2024-02-01T16:30Z,175,164,moderate
2024-02-01T16:30Z,2024-02-01T17:00Z,186,173,moderate
2024-02-01T17:00Z,2024-02-01T17:30Z,182,173,moderate
2024-02-01T17:30Z,2024-02-01T18:00Z,175,180,moderate
2024-02-01T18:00Z,2024-02-01T18:30Z,175,178,moderate
2024-02-01T18:30Z,2024-02-01T19:00Z,173,169,moderate
2024-02-01T19:00Z,2024-02-01T19:30Z,168,172,moderate
2024-02-01T19:30Z,2024-02-01T20:00Z,160,164,moderate
2024-02-01T20:00Z,2024-02-01T20:30Z,144,165,moderate
2024-02-01T20:30Z,2024-02-01T21:00Z,126,144,moderate
2024-02-01T21:00Z,2024-02-01T21:30Z,104,127,low
2024-02-01T21:30Z,2024-02-01T22:00Z,89,109,low
2024-02-01T22:00Z,2024-02-01T22:30Z,84,102,low
2024-02-01T22:30Z,2024-02-01T23:00Z,71,81,low
2024-02-01T23:00Z,2024-02-01T23:30Z,67,74,low
2024-02-01T23:30Z,2024-02-02T00:00Z,67,69,low
2024-02-02T00:00Z,2024-02-02T00:30Z,71,68,low
2024-02-02T00:30Z,2024-02-02T01:00Z,66,70,low
2024-02-02T01:00Z,2024-02-02T01:30Z,64,68,low
2024-02-02T01:30Z,2024-02-02T02:00Z,75,65,low
2024-02-02T02:00Z,2024-02-02T02:30Z,72,70,low
2024-02-02T02:30Z,2024-02-02T03:00Z,74,77,low
2024-02-02T03:00Z,2024-02-02T03:30Z,73,78,low
2024-02-02T03:30Z,2024-02-02T04:00Z,71,74,low
2024-02-02T04:00Z,2024-02-02T04:30Z,69,74,low
2024-02-02T04:30Z,2024-02-02T05:00Z,63,71,low
2024-02-02T05:00Z,2024-02-02T05:30Z,72,70,low
2024-02-02T05:30Z,2024-02-02T06:00Z,86,66,low
2024-02-02T06:00Z,2024-02-02T06:30Z,99,72,low
2024-02-02T06:30Z,2024-02-02T07:00Z,104,84,low
2024-02-02T07:00Z,2024-02-02T07:30Z,104,95,low
2024-02-02T07:30Z,2024-02-02T08:00Z,90,103,low
2024-02-02T08:00Z,2024-02-02T08:30Z,90,97,low
2024-02-02T08:30Z,2024-02-02T09:00Z,84,98,low
2024-02-02T09:00Z,2024-02-02T09:30Z,71,97,low
2024-02-02T09:30Z,2024-02-02T10:00Z,67,88,low
2024-02-02T10:00Z,2024-02-02T10:30Z,65,68,low
2024-02-02T10:30Z,2024-02-02T11:00Z,56,80,low
2024-02-02T11:00Z,2024-02-02T11:30Z,57,67,low
2024-02-02T11:30Z,2024-02-02T12:00Z,55,60,low
2024-02-02T12:00Z,2024-02-02T12:30Z,45,61,low
2024-02-02T12:30Z,2024-02-02T13:00Z,44,54,low
2024-02-02T13:00Z,2024-02-02T13:30Z,44,46,low
2024-02-02T13:30Z,2024-02-02T14:00Z,49,44,low
2024-02-02T14:00Z,2024-02-02T14:30Z,48,44,low
2024-02-02T14:30Z,2024-02-02T15:00Z,42,49,low
2024-02-02T15:00Z,2024-02-02T15:30Z,48,51,low
2024-02-02T15:30Z,2024-02-02T16:00Z,52,51,low
2024-02-02T16:00Z,2024-02-02T16:30Z,63,49,low
2024-02-02T16:30Z,2024-02-02T17:00Z,71,56,low
2024-02-02T17:00Z,2024-02-02T17:30Z,72,66,low
2024-02-02T17:30Z,2024-02-02T18:00Z,68,69,low
2024-02-02T18:00Z,2024-02-02T18:30Z,65,68,low
2024-02-02T18:30Z,2024-02-02T19:00Z,62,66,low
2024-02-02T19:00Z,2024-02-02T19:30Z,62,60,low
2024-02-02T19:30Z,2024-02-02T20:00Z,64,63,low
2024-02-02T20:00Z,2024-02-02T20:30Z,60,61,low
2024-02-02T20:30Z,2024-02-02T21:00Z,73,63,low
2024-02-02T21:00Z,2024-02-02T21:30Z,64,59,low
2024-02-02T21:30Z,2024-02-02T22:00Z,67,71,low
2024-02-02T22:00Z,2024-02-02T22:30Z,58,57,low
2024-02-02T22:30Z,2024-02-02T23:00Z,57,65,low
2024-02-02T23:00Z,2024-02-02T23:30Z,61,65,low
2024-02-02T23:30Z,2024-02-03T00:00Z,61,63,low
2024-02-03T00:00Z,2024-02-03T00:30Z,66,54,low
2024-02-03T00:30Z,2024-02-03T01:00Z,65,60,low
2024-02-03T01:00Z,2024-02-03T01:30Z,65,64,low
2024-02-03T01:30Z,2024-02-03T02:00Z,68,62,low
2024-02-03T02:00Z,2024-02-03T02:30Z,66,66,low
2024-02-03T02:30Z,2024-02-03T03:00Z,70,69,low
2024-02-03T03:00Z,2024-02-03T03:30Z,66,65,low
2024-02-03T03:30Z,2024-02-03T04:00Z,65,66,low
2024-02-03T04:00Z,2024-02-03T04:30Z,60,63,low
2024-02-03T04:30Z,2024-02-03T05:00Z,59,70,low
2024-02-03T05:00Z,2024-02-03T05:30Z,62,63,low
2024-02-03T05:30Z,2024-02-03T06:00Z,60,63,low
2024-02-03T06:00Z,2024-02-03T06:30Z,61,62,low
2024-02-03T06:30Z,2024-02-03T07:00Z,70,61,low
2024-02-03T07:00Z,2024-02-03T07:30Z,78,59,low
2024-02-03T07:30Z,2024-02-03T08:00Z,66,69,low
2024-02-03T08:00Z,2024-02-03T08:30Z,72,72,low
2024-02-03T08:30Z,2024-02-03T09:00Z,63,64,low
2024-02-03T09:00Z,2024-02-03T09:30Z,62,68,low
2024-02-03T09:30Z,2024-02-03T10:00Z,56,64,low
2024-02-03T10:00Z,2024-02-03T10:30Z,53,64,low
2024-02-03T10:30Z,2024-02-03T11:00Z,53,63,low
2024-02-03T11:00Z,2024-02-03T11:30Z,54,51,low
2024-02-03T11:30Z,2024-02-03T12:00Z,54,54,low
2024-02-03T12:00Z,2024-02-03T12:30Z,53,55,low
2024-02-03T12:30Z,2024-02-03T13:00Z,58,55,low
2024-02-03T13:00Z,2024-02-03T13:30Z,56,55,low
2024-02-03T13:30Z,2024-02-03T14:00Z,56,60,low
2024-02-03T14:00Z,2024-02-03T14:30Z,54,57,low
2024-02-03T14:30Z,2024-02-03T15:00Z,49,57,low
2024-02-03T15:00Z,2024-02-03T15:30Z,59,59,low
2024-02-03T15:30Z,2024-02-03T16:00Z,65,49,low
2024-02-03T16:00Z,2024-02-03T16:30Z,69,58,low
2024-02-03T16:30Z,2024-02-03T17:00Z,76,68,low
2024-02-03T17:00Z,2024-02-03T17:30Z,79,77,low
2024-02-03T17:30Z,2024-02-03T18:00Z,78,73,low
2024-02-03T18:00Z,2024-02-03T18:30Z,75,69,low
2024-02-03T18:30Z,2024-02-03T19:00Z,73,72,low
2024-02-03T19:00Z,2024-02-03T19:30Z,64,70,low
2024-02-03T19:30Z,2024-02-03T20:00Z,67,79,low
2024-02-03T20:00Z,2024-02-03T20:30Z,65,63,low
2024-02-03T20:30Z,2024-02-03T21:00Z,74,66,low
2024-02-03T21:00Z,2024-02-03T21:30Z,66,66,low
2024-02-03T21:30Z,2024-02-03T22:00Z,69,69,low
2024-02-03T22:00Z,2024-02-03T22:30Z,64,63,low
2024-02-03T22:30Z,2024-02-03T23:00Z,64,66,low
2024-02-03T23:00Z,2024-02-03T23:30Z,61,59,low
2024-02-03T23:30Z,2024-02-04T00:00Z,62,57,low
2024-02-04T00:00Z,2024-02-04T00:30Z,65,59,low
2024-02-04T00:30Z,2024-02-04T01:00Z,74,59,low
2024-02-04T01:00Z,2024-02-04T01:30Z,75,64,low
2024-02-04T01:30Z,2024-02-04T02:00Z,69,70,low
2024-02-04T02:00Z,2024-02-04T02:30Z,68,74,low
2024-02-04T02:30Z,2024-02-04T03:00Z,69,68,low
2024-02-04T03:00Z,2024-02-04T03:30Z,64,66,low
2024-02-04T03:30Z,2024-02-04T04:00Z,62,68,low
2024-02-04T04:00Z,2024-02-04T04:30Z,60,66,low
2024-02-04T04:30Z,2024-02-04T05:00Z,62,62,low
2024-02-04T05:00Z,2024-02-04T05:30Z,63,60,low
2024-02-04T05:30Z,2024-02-04T06:00Z,68,63,low
2024-02-04T06:00Z,2024-02-04T06:30Z,71,64,low
2024-02-04T06:30Z,2024-02-04T07:00Z,75,69,low
2024-02-04T07:00Z,2024-02-04T07:30Z,80,69,low
2024-02-04T07:30Z,2024-02-04T08:00Z,76,72,low
2024-02-04T08:00Z,2024-02-04T08:30Z,81,74,low
2024-02-04T08:30Z,2024-02-04T09:00Z,69,70,low
2024-02-04T09:00Z,2024-02-04T09:30Z,71,76,low
2024-02-04T09:30Z,2024-02-04T10:00Z,63,71,low
2024-02-04T10:00Z,2024-02-04T10:30Z,61,65,low
2024-02-04T10:30Z,2024-02-04T11:00Z,53,65,low
2024-02-04T11:00Z,2024-02-04T11:30Z,47,63,low
2024-02-04T11:30Z,2024-02-04T12:00Z,41,57,low
2024-02-04T12:00Z,2024-02-04T12:30Z,36,48,low
2024-02-04T12:30Z,2024-02-04T13:00Z,38,47,low
2024-02-04T13:00Z,2024-02-04T13:30Z,39,32,low
2024-02-04T13:30Z,2024-02-04T14:00Z,40,38,low
2024-02-04T14:00Z,2024-02-04T14:30Z,42,40,low
2024-02-04T14:30Z,2024-02-04T15:00Z,41,39,low
2024-02-04T15:00Z,2024-02-04T15:30Z,43,44,low
2024-02-04T15:30Z,2024-02-04T16:00Z,44,42,low
2024-02-04T16:00Z,2024-02-04T16:30Z,47,42,low
2024-02-04T16:30Z,2024-02-04T17:00Z,56,42,low
2024-02-04T17:00Z,2024-02-04T17:30Z,61,47,low
2024-02-04T17:30Z,2024-02-04T18:00Z,54,47,low
2024-02-04T18:00Z,2024-02-04T18:30Z,51,51,low
2024-02-04T18:30Z,2024-02-04T19:00Z,49,46,low
2024-02-04T19:00Z,2024-02-04T19:30Z,49,48,low
2024-02-04T19:30Z,2024-02-04T20:00Z,45,48,low
2024-02-04T20:00Z,2024-02-04T20:30Z,43,48,low
2024-02-04T20:30Z,2024-02-04T21:00Z,44,43,low
2024-02-04T21:00Z,2024-02-04T21:30Z,46,41,low
2024-02-04T21:30Z,2024-02-04T22:00Z,51,45,low
2024-02-04T22:00Z,2024-02-04T22:30Z,55,48,low
2024-02-04T22:30Z,2024-02-04T23:00Z,58,47,low
2024-02-04T23:00Z,2024-02-04T23:30Z,57,48,low
2024-02-04T23:30Z,2024-02-05T00:00Z,60,55,low
2024-02-05T00:00Z,2024-02-05T00:30Z,62,56,low
2024-02-05T00:30Z,2024-02-05T01:00Z,60,55,low
2024-02-05T01:00Z,2024-02-05T01:30Z,60,58,low
2024-02-05T01:30Z,2024-02-05T02:00Z,59,59,low
2024-02-05T02:00Z,2024-02-05T02:30Z,59,58,low
2024-02-05T02:30Z,2024-02-05T03:00Z,58,58,low
2024-02-05T03:00Z,2024-02-05T03:30Z,57,57,low
2024-02-05T03:30Z,2024-02-05T04:00Z,59,57,low
2024-02-05T04:00Z,2024-02-05T04:30Z,60,60,low
2024-02-05T04:30Z,2024-02-05T05:00Z,66,59,low
2024-02-05T05:00Z,2024-02-05T05:30Z,71,58,low
2024-02-05T05:30Z,2024-02-05T06:00Z,64,64,low
2024-02-05T06:00Z,2024-02-05T06:30Z,79,71,low
2024-02-05T06:30Z,2024-02-05T07:00Z,81,63,low
2024-02-05T07:00Z,2024-02-05T07:30Z,84,76,low
2024-02-05T07:30Z,2024-02-05T08:00Z,77,75,low
2024-02-05T08:00Z,2024-02-05T08:30Z,76,80,low
2024-02-05T08:30Z,2024-02-05T09:00Z,71,82,low
2024-02-05T09:00Z,2024-02-05T09:30Z,70,73,low
2024-02-05T09:30Z,2024-02-05T10:00Z,65,67,low
2024-02-05T10:00Z,2024-02-05T10:30Z,63,64,low
2024-02-05T10:30Z,2024-02-05T11:00Z,62,60,low
2024-02-05T11:00Z,2024-02-05T11:30Z,61,61,low
2024-02-05T11:30Z,2024-02-05T12:00Z,63,60,low
2024-02-05T12:00Z,2024-02-05T12:30Z,64,61,low
2024-02-05T12:30Z,2024-02-05T13:00Z,64,63,low
2024-02-05T13:00Z,2024-02-05T13:30Z,65,60,low
2024-02-05T13:30Z,2024-02-05T14:00Z,67,61,low
2024-02-05T14:00Z,2024-02-05T14:30Z,66,64,low
2024-02-05T14:30Z,2024-02-05T15:00Z,64,67,low
2024-02-05T15:00Z,2024-02-05T15:30Z,65,66,low
2024-02-05T15:30Z,2024-02-05T16:00Z,72,69,low
2024-02-05T16:00Z,2024-02-05T16:30Z,74,72,low
2024-02-05T16:30Z,2024-02-05T17:00Z,76,75,low
2024-02-05T17:00Z,2024-02-05T17:30Z,75,77,low
2024-02-05T17:30Z,2024-02-05T18:00Z,74,78,low
2024-02-05T18:00Z,2024-02-05T18:30Z,71,68,low
2024-02-05T18:30Z,2024-02-05T19:00Z,70,72,low
2024-02-05T19:00Z,2024-02-05T19:30Z,69,66,low
2024-02-05T19:30Z,2024-02-05T20:00Z,56,64,low
2024-02-05T20:00Z,2024-02-05T20:30Z,50,67,low
2024-02-05T20:30Z,2024-02-05T21:00Z,52,57,low
2024-02-05T21:00Z,2024-02-05T21:30Z,48,58,low
2024-02-05T21:30Z,2024-02-05T22:00Z,51,50,low
2024-02-05T22:00Z,2024-02-05T22:30Z,49,46,low
2024-02-05T22:30Z,2024-02-05T23:00Z,47,47,low
2024-02-05T23:00Z,2024-02-05T23:30Z,44,48,low
2024-02-05T23:30Z,2024-02-06T00:00Z,45,45,low
2024-02-06T00:00Z,2024-02-06T00:30Z,52,44,low
2024-02-06T00:30Z,2024-02-06T01:00Z,53,44,low
2024-02-06T01:00Z,2024-02-06T01:30Z,47,48,low
2024-02-06T01:30Z,2024-02-06T02:00Z,51,54,low
2024-02-06T02:00Z,2024-02-06T02:30Z,51,47,low
2024-02-06T02:30Z,2024-02-06T03:00Z,46,49,low
2024-02-06T03:00Z,2024-02-06T03:30Z,46,50,low
2024-02-06T03:30Z,2024-02-06T04:00Z,46,50,low
2024-02-06T04:00Z,2024-02-06T04:30Z,47,51,low
2024-02-06T04:30Z,2024-02-06T05:00Z,49,48,low
2024-02-06T05:00Z,2024-02-06T05:30Z,52,46,low
2024-02-06T05:30Z,2024-02-06T06:00Z,55,49,low
2024-02-06T06:00Z,2024-02-06T06:30Z,68,50,low
2024-02-06T06:30Z,2024-02-06T07:00Z,81,49,low
2024-02-06T07:00Z,2024-02-06T07:30Z,85,63,low
2024-02-06T07:30Z,2024-02-06T08:00Z,86,78,low
2024-02-06T08:00Z,2024-02-06T08:30Z,85,78,low
2024-02-06T08:30Z,2024-02-06T09:00Z,77,84,low
2024-02-06T09:00Z,2024-02-06T09:30Z,75,77,low
2024-02-06T09:30Z,2024-02-06T10:00Z,76,73,low
2024-02-06T10:00Z,2024-02-06T10:30Z,78,72,low
2024-02-06T10:30Z,2024-02-06T11:00Z,80,70,low
2024-02-06T11:00Z,2024-02-06T11:30Z,79,70,low
2024-02-06T11:30Z,2024-02-06T12:00Z,79,73,low
2024-02-06T12:00Z,2024-02-06T12:30Z,77,74,low
2024-02-06T12:30Z,2024-02-06T13:00Z,80,73,low
2024-02-06T13:00Z,2024-02-06T13:30Z,82,71,low
2024-02-06T13:30Z,2024-02-06T14:00Z,85,75,low
2024-02-06T14:00Z,2024-02-06T14:30Z,90,77,low
2024-02-06T14:30Z,2024-02-06T15:00Z,95,76,low
2024-02-06T15:00Z,2024-02-06T15:30Z,109,98,low
2024-02-06T15:30Z,2024-02-06T16:00Z,119,104,moderate
2024-02-06T16:00Z,2024-02-06T16:30Z,132,122,moderate
2024-02-06T16:30Z,2024-02-06T17:00Z,140,132,moderate
2024-02-06T17:00Z,2024-02-06T17:30Z,147,142,moderate
2024-02-06T17:30Z,2024-02-06T18:00Z,150,148,moderate
2024-02-06T18:00Z,2024-02-06T18:30Z,151,142,moderate
2024-02-06T18:30Z,2024-02-06T19:00Z,149,145,moderate
2024-02-06T19:00Z,2024-02-06T19:30Z,152,150,moderate
2024-02-06T19:30Z,2024-02-06T20:00Z,161,153,moderate
2024-02-06T20:00Z,2024-02-06T20:30Z,162,151,moderate
2024-02-06T20:30Z,2024-02-06T21:00Z,159,160,moderate
2024-02-06T21:00Z,2024-02-06T21:30Z,150,165,moderate
2024-02-06T21:30Z,2024-02-06T22:00Z,147,159,moderate
2024-02-06T22:00Z,2024-02-06T22:30Z,141,144,moderate
2024-02-06T22:30Z,2024-02-06T23:00Z,138,138,moderate
2024-02-06T23:00Z,2024-02-06T23:30Z,143,135,moderate
2024-02-06T23:30Z,2024-02-07T00:00Z,149,132,moderate
2024-02-07T00:00Z,2024-02-07T00:30Z,155,141,moderate
2024-02-07T00:30Z,2024-02-07T01:00Z,152,146,moderate
2024-02-07T01:00Z,2024-02-07T01:30Z,152,146,moderate
2024-02-07T01:30Z,2024-02-07T02:00Z,156,143,moderate
2024-02-07T02:00Z,2024-02-07T02:30Z,158,145,moderate
2024-02-07T02:30Z,2024-02-07T03:00Z,162,151,moderate
2024-02-07T03:00Z,2024-02-07T03:30Z,165,151,moderate
2024-02-07T03:30Z,2024-02-07T04:00Z,167,161,moderate
2024-02-07T04:00Z,2024-02-07T04:30Z,173,170,moderate
2024-02-07T04:30Z,2024-02-07T05:00Z,178,168,moderate
2024-02-07T05:00Z,2024-02-07T05:30Z,188,175,moderate
2024-02-07T05:30Z,2024-02-07T06:00Z,207,200,high
2024-02-07T06:00Z,2024-02-07T06:30Z,227,217,high
2024-02-07T06:30Z,2024-02-07T07:00Z,249,215,high
2024-02-07T07:00Z,2024-02-07T07:30Z,254,212,high
2024-02-07T07:30Z,2024-02-07T08:00Z,256,207,high
2024-02-07T08:00Z,2024-02-07T08:30Z,254,249,high
2024-02-07T08:30Z,2024-02-07T09:00Z,251,261,high
2024-02-07T09:00Z,2024-02-07T09:30Z,252,252,high
2024-02-07T09:30Z,2024-02-07T10:00Z,250,253,high
2024-02-07T10:00Z,2024-02-07T10:30Z,250,254,high
2024-02-07T10:30Z,2024-02-07T11:00Z,249,249,high
2024-02-07T11:00Z,2024-02-07T11:30Z,245,253,high
2024-02-07T11:30Z,2024-02-07T12:00Z,246,250,high
2024-02-07T12:00Z,2024-02-07T12:30Z,247,244,high
2024-02-07T12:30Z,2024-02-07T13:00Z,247,245,high
2024-02-07T13:00Z,2024-02-07T13:30Z,247,245,high
2024-02-07T13:30Z,2024-02-07T14:00Z,250,252,high
2024-02-07T14:00Z,2024-02-07T14:30Z,250,256,high
2024-02-07T14:30Z,2024-02-07T15:00Z,248,257,high
2024-02-07T15:00Z,2024-02-07T15:30Z,249,261,high
2024-02-07T15:30Z,2024-02-07T16:00Z,257,252,high
2024-02-07T16:00Z,2024-02-07T16:30Z,258,255,high
2024-02-07T16:30Z,2024-02-07T17:00Z,257,267,high
2024-02-07T17:00Z,2024-02-07T17:30Z,263,264,high
2024-02-07T17:30Z,2024-02-07T18:00Z,268,264,high
2024-02-07T18:00Z,2024-02-07T18:30Z,268,261,high
2024-02-07T18:30Z,2024-02-07T19:00Z,262,271,high
2024-02-07T19:00Z,2024-02-07T19:30Z,266,275,high
2024-02-07T19:30Z,2024-02-07T20:00Z,268,273,high
2024-02-07T20:00Z,2024-02-07T20:30Z,271,275,very high
2024-02-07T20:30Z,2024-02-07T21:00Z,270,276,very high
2024-02-07T21:00Z,2024-02-07T21:30Z,266,278,high
2024-02-07T21:30Z,2024-02-07T22:00Z,255,275,high
2024-02-07T22:00Z,2024-02-07T22:30Z,250,279,high
2024-02-07T22:30Z,2024-02-07T23:00Z,248,271,high
2024-02-07T23:00Z,2024-02-07T23:30Z,241,266,high
2024-02-07T23:30Z,2024-02-08T00:00Z,231,262,high
2024-02-08T00:00Z,2024-02-08T00:30Z,234,248,high
2024-02-08T00:30Z,2024-02-08T01:00Z,232,241,high
2024-02-08T01:00Z,2024-02-08T01:30Z,221,237,high
2024-02-08T01:30Z,2024-02-08T02:00Z,221,245,high
2024-02-08T02:00Z,2024-02-08T02:30Z,219,237,high
2024-02-08T02:30Z,2024-02-08T03:00Z,222,234,high
2024-02-08T03:00Z,2024-02-08T03:30Z,204,224,high
2024-02-08T03:30Z,2024-02-08T04:00Z,202,226,high
2024-02-08T04:00Z,2024-02-08T04:30Z,199,208,high
2024-02-08T04:30Z,2024-02-08T05:00Z,207,205,high
2024-02-08T05:00Z,2024-02-08T05:30Z,200,208,high
2024-02-08T05:30Z,2024-02-08T06:00Z,221,217,high
2024-02-08T06:00Z,2024-02-08T06:30Z,227,219,high
2024-02-08T06:30Z,2024-02-08T07:00Z,218,227,high
2024-02-08T07:00Z,2024-02-08T07:30Z,206,232,high
2024-02-08T07:30Z,2024-02-08T08:00Z,202,222,high
2024-02-08T08:00Z,2024-02-08T08:30Z,195,204,high
2024-02-08T08:30Z,2024-02-08T09:00Z,194,200,high
2024-02-08T09:00Z,2024-02-08T09:30Z,199,195,high
2024-02-08T09:30Z,2024-02-08T10:00Z,196,187,high
2024-02-08T10:00Z,2024-02-08T10:30Z,189,197,moderate
2024-02-08T10:30Z,2024-02-08T11:00Z,185,196,moderate
2024-02-08T11:00Z,2024-02-08T11:30Z,178,193,moderate
2024-02-08T11:30Z,2024-02-08T12:00Z,179,187,moderate
2024-02-08T12:00Z,2024-02-08T12:30Z,177,184,moderate
2024-02-08T12:30Z,2024-02-08T13:00Z,177,181,moderate
2024-02-08T13:00Z,2024-02-08T13:30Z,177,179,moderate
2024-02-08T13:30Z,2024-02-08T14:00Z,175,179,moderate
2024-02-08T14:00Z,2024-02-08T14:30Z,171,182,moderate
2024-02-08T14:30Z,2024-02-08T15:00Z,167,181,moderate
2024-02-08T15:00Z,2024-02-08T15:30Z,166,170,moderate
2024-02-08T15:30Z,2024-02-08T16:00Z,162,168,moderate
2024-02-08T16:00Z,2024-02-08T16:30Z,160,167,moderate
2024-02-08T16:30Z,2024-02-08T17:00Z,161,162,moderate
2024-02-08T17:00Z,2024-02-08T17:30Z,158,162,moderate
2024-02-08T17:30Z,2024-02-08T18:00Z,152,159,moderate
2024-02-08T18:00Z,2024-02-08T18:30Z,147,169,moderate
2024-02-08T18:30Z,2024-02-08T19:00Z,139,147,moderate
2024-02-08T19:00Z,2024-02-08T19:30Z,129,136,moderate
2024-02-08T19:30Z,2024-02-08T20:00Z,117,129,moderate
2024-02-08T20:00Z,2024-02-08T20:30Z,102,118,low
2024-02-08T20:30Z,2024-02-08T21:00Z,85,122,low
2024-02-08T21:00Z,2024-02-08T21:30Z,73,109,low
2024-02-08T21:30Z,2024-02-08T22:00Z,67,87,low
2024-02-08T22:00Z,2024-02-08T22:30Z,59,83,low
2024-02-08T22:30Z,2024-02-08T23:00Z,55,69,low
2024-02-08T23:00Z,2024-02-08T23:30Z,58,61,low
2024-02-08T23:30Z,2024-02-09T00:00Z,60,57,low
2024-02-09T00:00Z,2024-02-09T00:30Z,65,58,low
2024-02-09T00:30Z,2024-02-09T01:00Z,65,60,low
2024-02-09T01:00Z,2024-02-09T01:30Z,59,64,low
2024-02-09T01:30Z,2024-02-09T02:00Z,61,65,low
2024-02-09T02:00Z,2024-02-09T02:30Z,63,61,low
2024-02-09T02:30Z,2024-02-09T03:00Z,63,57,low
2024-02-09T03:00Z,2024-02-09T03:30Z,61,61,low
2024-02-09T03:30Z,2024-02-09T04:00Z,59,62,low
2024-02-09T04:00Z,2024-02-09T04:30Z,58,61,low
2024-02-09T04:30Z,2024-02-09T05:00Z,67,60,low
2024-02-09T05:00Z,2024-02-09T05:30Z,68,57,low
2024-02-09T05:30Z,2024-02-09T06:00Z,80,64,low
2024-02-09T06:00Z,2024-02-09T06:30Z,103,73,low
2024-02-09T06:30Z,2024-02-09T07:00Z,116,84,moderate
2024-02-09T07:00Z,2024-02-09T07:30Z,124,105,moderate
2024-02-09T07:30Z,2024-02-09T08:00Z,130,114,moderate
2024-02-09T08:00Z,2024-02-09T08:30Z,133,121,moderate
2024-02-09T08:30Z,2024-02-09T09:00Z,130,132,moderate
2024-02-09T09:00Z,2024-02-09T09:30Z,131,128,moderate
2024-02-09T09:30Z,2024-02-09T10:00Z,132,129,moderate
2024-02-09T10:00Z,2024-02-09T10:30Z,131,127,moderate
2024-02-09T10:30Z,2024-02-09T11:00Z,131,126,moderate
2024-02-09T11:00Z,2024-02-09T11:30Z,126,126,moderate
2024-02-09T11:30Z,2024-02-09T12:00Z,120,127,moderate
2024-02-09T12:00Z,2024-02-09T12:30Z,120,122,moderate
2024-02-09T12:30Z,2024-02-09T13:00Z,121,116,moderate
2024-02-09T13:00Z,2024-02-09T13:30Z,125,112,moderate
2024-02-09T13:30Z,2024-02-09T14:00Z,127,118,moderate
2024-02-09T14:00Z,2024-02-09T14:30Z,127,120,moderate
2024-02-09T14:30Z,2024-02-09T15:00Z,126,117,moderate
2024-02-09T15:00Z,2024-02-09T15:30Z,133,128,moderate
2024-02-09T15:30Z,2024-02-09T16:00Z,131,133,moderate
2024-02-09T16:00Z,2024-02-09T16:30Z,132,153,moderate
2024-02-09T16:30Z,2024-02-09T17:00Z,129,168,moderate
2024-02-09T17:00Z,2024-02-09T17:30Z,135,175,moderate
2024-02-09T17:30Z,2024-02-09T18:00Z,132,176,moderate
2024-02-09T18:00Z,2024-02-09T18:30Z,127,133,moderate
2024-02-09T18:30Z,2024-02-09T19:00Z,126,135,moderate
2024-02-09T19:00Z,2024-02-09T19:30Z,116,118,moderate
2024-02-09T19:30Z,2024-02-09T20:00Z,109,119,low
2024-02-09T20:00Z,2024-02-09T20:30Z,102,109,low
2024-02-09T20:30Z,2024-02-09T21:00Z,95,99,low
2024-02-09T21:00Z,2024-02-09T21:30Z,87,95,low
2024-02-09T21:30Z,2024-02-09T22:00Z,82,86,low
2024-02-09T22:00Z,2024-02-09T22:30Z,77,96,low
2024-02-09T22:30Z,2024-02-09T23:00Z,87,85,low
2024-02-09T23:00Z,2024-02-09T23:30Z,80,75,low
2024-02-09T23:30Z,2024-02-10T00:00Z,78,78,low
2024-02-10T00:00Z,2024-02-10T00:30Z,86,72,low
2024-02-10T00:30Z,2024-02-10T01:00Z,86,85,low
2024-02-10T01:00Z,2024-02-10T01:30Z,85,80,low
2024-02-10T01:30Z,2024-02-10T02:00Z,86,80,low
2024-02-10T02:00Z,2024-02-10T02:30Z,93,81,low
2024-02-10T02:30Z,2024-02-10T03:00Z,99,82,low
2024-02-10T03:00Z,2024-02-10T03:30Z,99,87,low
2024-02-10T03:30Z,2024-02-10T04:00Z,101,91,low
2024-02-10T04:00Z,2024-02-10T04:30Z,106,96,low
2024-02-10T04:30Z,2024-02-10T05:00Z,111,95,moderate
2024-02-10T05:00Z,2024-02-10T05:30Z,123,102,moderate
2024-02-10T05:30Z,2024-02-10T06:00Z,137,104,moderate
2024-02-10T06:00Z,2024-02-10T06:30Z,157,126,moderate
2024-02-10T06:30Z,2024-02-10T07:00Z,183,150,moderate
2024-02-10T07:00Z,2024-02-10T07:30Z,189,167,moderate
2024-02-10T07:30Z,2024-02-10T08:00Z,195,194,high
2024-02-10T08:00Z,2024-02-10T08:30Z,202,201,high
2024-02-10T08:30Z,2024-02-10T09:00Z,205,203,high
2024-02-10T09:00Z,2024-02-10T09:30Z,204,203,high
2024-02-10T09:30Z,2024-02-10T10:00Z,201,204,high
2024-02-10T10:00Z,2024-02-10T10:30Z,200,202,high
2024-02-10T10:30Z,2024-02-10T11:00Z,195,202,high
2024-02-10T11:00Z,2024-02-10T11:30Z,196,202,high
2024-02-10T11:30Z,2024-02-10T12:00Z,199,201,high
2024-02-10T12:00Z,2024-02-10T12:30Z,197,203,high
2024-02-10T12:30Z,2024-02-10T13:00Z,200,201,high
2024-02-10T13:00Z,2024-02-10T13:30Z,204,202,high
2024-02-10T13:30Z,2024-02-10T14:00Z,208,203,high
2024-02-10T14:00Z,2024-02-10T14:30Z,214,205,high
2024-02-10T14:30Z,2024-02-10T15:00Z,214,208,high
2024-02-10T15:00Z,2024-02-10T15:30Z,216,214,high
2024-02-10T15:30Z,2024-02-10T16:00Z,214,222,high
2024-02-10T16:00Z,2024-02-10T16:30Z,223,229,high
2024-02-10T16:30Z,2024-02-10T17:00Z,224,225,high
2024-02-10T17:00Z,2024-02-10T17:30Z,223,234,high
2024-02-10T17:30Z,2024-02-10T18:00Z,227,235,high
2024-02-10T18:00Z,2024-02-10T18:30Z,230,229,high
2024-02-10T18:30Z,2024-02-10T19:00Z,234,229,high
2024-02-10T19:00Z,2024-02-10T19:30Z,228,238,high
2024-02-10T19:30Z,2024-02-10T20:00Z,226,242,high
2024-02-10T20:00Z,2024-02-10T20:30Z,220,231,high
2024-02-10T20:30Z,2024-02-10T21:00Z,214,231,high
2024-02-10T21:00Z,2024-02-10T21:30Z,208,227,high
2024-02-10T21:30Z,2024-02-10T22:00Z,202,222,high
2024-02-10T22:00Z,2024-02-10T22:30Z,206,221,high
2024-02-10T22:30Z,2024-02-10T23:00Z,207,214,high
2024-02-10T23:00Z,2024-02-10T23:30Z,206,207,high
2024-02-10T23:30Z,2024-02-11T00:00Z,207,209,high
2024-02-11T00:00Z,2024-02-11T00:30Z,204,221,high
2024-02-11T00:30Z,2024-02-11T01:00Z,203,218,high
2024-02-11T01:00Z,2024-02-11T01:30Z,197,205,high
2024-02-11T01:30Z,2024-02-11T02:00Z,191,201,high
2024-02-11T02:00Z,2024-02-11T02:30Z,191,195,high
2024-02-11T02:30Z,2024-02-11T03:00Z,193,202,high
2024-02-11T03:00Z,2024-02-11T03:30Z,197,194,high
2024-02-11T03:30Z,2024-02-11T04:00Z,196,194,high
2024-02-11T04:00Z,2024-02-11T04:30Z,193,200,high
2024-02-11T04:30Z,2024-02-11T05:00Z,189,212,moderate
2024-02-11T05:00Z,2024-02-11T05:30Z,195,209,high
2024-02-11T05:30Z,2024-02-11T06:00Z,198,200,high
2024-02-11T06:00Z,2024-02-11T06:30Z,196,210,high
2024-02-11T06:30Z,2024-02-11T07:00Z,200,209,high
2024-02-11T07:00Z,2024-02-11T07:30Z,201,220,high
2024-02-11T07:30Z,2024-02-11T08:00Z,205,225,high
2024-02-11T08:00Z,2024-02-11T08:30Z,202,204,high
2024-02-11T08:30Z,2024-02-11T09:00Z,203,208,high
2024-02-11T09:00Z,2024-02-11T09:30Z,196,205,high
2024-02-11T09:30Z,2024-02-11T10:00Z,192,203,high
2024-02-11T10:00Z,2024-02-11T10:30Z,184,197,moderate
2024-02-11T10:30Z,2024-02-11T11:00Z,181,190,moderate
2024-02-11T11:00Z,2024-02-11T11:30Z,179,184,moderate
2024-02-11T11:30Z,2024-02-11T12:00Z,178,185,moderate
2024-02-11T12:00Z,2024-02-11T12:30Z,177,179,moderate
2024-02-11T12:30Z,2024-02-11T13:00Z,177,179,moderate
2024-02-11T13:00Z,2024-02-11T13:30Z,168,173,moderate
2024-02-11T13:30Z,2024-02-11T14:00Z,166,174,moderate
2024-02-11T14:00Z,2024-02-11T14:30Z,166,168,moderate
2024-02-11T14:30Z,2024-02-11T15:00Z,171,161,moderate
2024-02-11T15:00Z,2024-02-11T15:30Z,180,164,moderate
2024-02-11T15:30Z,2024-02-11T16:00Z,181,173,moderate
2024-02-11T16:00Z,2024-02-11T16:30Z,186,193,moderate
2024-02-11T16:30Z,2024-02-11T17:00Z,186,187,moderate
2024-02-11T17:00Z,2024-02-11T17:30Z,187,200,moderate
2024-02-11T17:30Z,2024-02-11T18:00Z,191,189,high
2024-02-11T18:00Z,2024-02-11T18:30Z,199,189,high
2024-02-11T18:30Z,2024-02-11T19:00Z,206,183,high
2024-02-11T19:00Z,2024-02-11T19:30Z,200,196,high
2024-02-11T19:30Z,2024-02-11T20:00Z,194,203,high
2024-02-11T20:00Z,2024-02-11T20:30Z,185,200,moderate
2024-02-11T20:30Z,2024-02-11T21:00Z,181,192,moderate
2024-02-11T21:00Z,2024-02-11T21:30Z,169,181,moderate
2024-02-11T21:30Z,2024-02-11T22:00Z,168,167,moderate
2024-02-11T22:00Z,2024-02-11T22:30Z,158,188,moderate
2024-02-11T22:30Z,2024-02-11T23:00Z,128,154,moderate
2024-02-11T23:00Z,2024-02-11T23:30Z,118,155,moderate
2024-02-11T23:30Z,2024-02-12T00:00Z,117,124,moderate
2024-02-12T00:00Z,2024-02-12T00:30Z,122,113,moderate
2024-02-12T00:30Z,2024-02-12T01:00Z,124,115,moderate
2024-02-12T01:00Z,2024-02-12T01:30Z,125,120,moderate
2024-02-12T01:30Z,2024-02-12T02:00Z,124,118,moderate
2024-02-12T02:00Z,2024-02-12T02:30Z,120,125,moderate
2024-02-12T02:30Z,2024-02-12T03:00Z,121,122,moderate
2024-02-12T03:00Z,2024-02-12T03:30Z,122,120,moderate
2024-02-12T03:30Z,2024-02-12T04:00Z,126,123,moderate
2024-02-12T04:00Z,2024-02-12T04:30Z,129,121,moderate
2024-02-12T04:30Z,2024-02-12T05:00Z,156,130,moderate
2024-02-12T05:00Z,2024-02-12T05:30Z,173,138,moderate
2024-02-12T05:30Z,2024-02-12T06:00Z,199,162,high
2024-02-12T06:00Z,2024-02-12T06:30Z,209,178,high
2024-02-12T06:30Z,2024-02-12T07:00Z,206,208,high
2024-02-12T07:00Z,2024-02-12T07:30Z,209,221,high
2024-02-12T07:30Z,2024-02-12T08:00Z,207,205,high
2024-02-12T08:00Z,2024-02-12T08:30Z,200,208,high
2024-02-12T08:30Z,2024-02-12T09:00Z,192,204,high
2024-02-12T09:00Z,2024-02-12T09:30Z,179,197,moderate
2024-02-12T09:30Z,2024-02-12T10:00Z,177,183,moderate
2024-02-12T10:00Z,2024-02-12T10:30Z,162,166,moderate
2024-02-12T10:30Z,2024-02-12T11:00Z,150,159,moderate
2024-02-12T11:00Z,2024-02-12T11:30Z,136,150,moderate
2024-02-12T11:30Z,2024-02-12T12:00Z,134,149,moderate
2024-02-12T12:00Z,2024-02-12T12:30Z,131,127,moderate
2024-02-12T12:30Z,2024-02-12T13:00Z,135,122,moderate
2024-02-12T13:00Z,2024-02-12T13:30Z,133,135,moderate
2024-02-12T13:30Z,2024-02-12T14:00Z,135,129,moderate
2024-02-12T14:00Z,2024-02-12T14:30Z,141,128,moderate
2024-02-12T14:30Z,2024-02-12T15:00Z,148,126,moderate
2024-02-12T15:00Z,2024-02-12T15:30Z,161,123,moderate
2024-02-12T15:30Z,2024-02-12T16:00Z,163,131,moderate
2024-02-12T16:00Z,2024-02-12T16:30Z,167,133,moderate
2024-02-12T16:30Z,2024-02-12T17:00Z,169,139,moderate
2024-02-12T17:00Z,2024-02-12T17:30Z,173,134,moderate
2024-02-12T17:30Z,2024-02-12T18:00Z,172,138,moderate
2024-02-12T18:00Z,2024-02-12T18:30Z,173,129,moderate
2024-02-12T18:30Z,2024-02-12T19:00Z,169,161,moderate
2024-02-12T19:00Z,2024-02-12T19:30Z,160,166,moderate
2024-02-12T19:30Z,2024-02-12T20:00Z,152,154,moderate
2024-02-12T20:00Z,2024-02-12T20:30Z,144,137,moderate
2024-02-12T20:30Z,2024-02-12T21:00Z,134,129,moderate
2024-02-12T21:00Z,2024-02-12T21:30Z,125,126,moderate
2024-02-12T21:30Z,2024-02-12T22:00Z,119,127,moderate
2024-02-12T22:00Z,2024-02-12T22:30Z,101,113,low
2024-02-12T22:30Z,2024-02-12T23:00Z,74,114,low
2024-02-12T23:00Z,2024-02-12T23:30Z,71,112,low
2024-02-12T23:30Z,2024-02-13T00:00Z,71,77,low
2024-02-13T00:00Z,2024-02-13T00:30Z,77,96,low
2024-02-13T00:30Z,2024-02-13T01:00Z,79,73,low
2024-02-13T01:00Z,2024-02-13T01:30Z,79,77,low
2024-02-13T01:30Z,2024-02-13T02:00Z,73,82,low
2024-02-13T02:00Z,2024-02-13T02:30Z,70,87,low
2024-02-13T02:30Z,2024-02-13T03:00Z,72,79,low
2024-02-13T03:00Z,2024-02-13T03:30Z,74,77,low
2024-02-13T03:30Z,2024-02-13T04:00Z,77,75,low
2024-02-13T04:00Z,2024-02-13T04:30Z,81,78,low
2024-02-13T04:30Z,2024-02-13T05:00Z,95,77,low
2024-02-13T05:00Z,2024-02-13T05:30Z,115,83,moderate
2024-02-13T05:30Z,2024-02-13T06:00Z,155,102,moderate
2024-02-13T06:00Z,2024-02-13T06:30Z,171,125,moderate
2024-02-13T06:30Z,2024-02-13T07:00Z,178,170,moderate
2024-02-13T07:00Z,2024-02-13T07:30Z,175,184,moderate
2024-02-13T07:30Z,2024-02-13T08:00Z,165,187,moderate
2024-02-13T08:00Z,2024-02-13T08:30Z,174,184,moderate
2024-02-13T08:30Z,2024-02-13T09:00Z,167,173,moderate
2024-02-13T09:00Z,2024-02-13T09:30Z,166,174,moderate
2024-02-13T09:30Z,2024-02-13T10:00Z,162,174,moderate
2024-02-13T10:00Z,2024-02-13T10:30Z,162,172,moderate
2024-02-13T10:30Z,2024-02-13T11:00Z,158,171,moderate
2024-02-13T11:00Z,2024-02-13T11:30Z,156,169,moderate
2024-02-13T11:30Z,2024-02-13T12:00Z,154,164,moderate
2024-02-13T12:00Z,2024-02-13T12:30Z,153,166,moderate
2024-02-13T12:30Z,2024-02-13T13:00Z,155,159,moderate
2024-02-13T13:00Z,2024-02-13T13:30Z,160,160,moderate
2024-02-13T13:30Z,2024-02-13T14:00Z,167,159,moderate
2024-02-13T14:00Z,2024-02-13T14:30Z,176,163,moderate
2024-02-13T14:30Z,2024-02-13T15:00Z,183,164,moderate
2024-02-13T15:00Z,2024-02-13T15:30Z,187,163,moderate
2024-02-13T15:30Z,2024-02-13T16:00Z,196,165,high
2024-02-13T16:00Z,2024-02-13T16:30Z,200,166,high
2024-02-13T16:30Z,2024-02-13T17:00Z,201,170,high
2024-02-13T17:00Z,2024-02-13T17:30Z,200,173,high
2024-02-13T17:30Z,2024-02-13T18:00Z,195,175,high
2024-02-13T18:00Z,2024-02-13T18:30Z,195,177,high
2024-02-13T18:30Z,2024-02-13T19:00Z,195,180,high
2024-02-13T19:00Z,2024-02-13T19:30Z,197,180,high
2024-02-13T19:30Z,2024-02-13T20:00Z,188,194,moderate
2024-02-13T20:00Z,2024-02-13T20:30Z,188,199,moderate
2024-02-13T20:30Z,2024-02-13T21:00Z,175,190,moderate
2024-02-13T21:00Z,2024-02-13T21:30Z,164,185,moderate
2024-02-13T21:30Z,2024-02-13T22:00Z,159,170,moderate
2024-02-13T22:00Z,2024-02-13T22:30Z,151,156,moderate
2024-02-13T22:30Z,2024-02-13T23:00Z,145,141,moderate
2024-02-13T23:00Z,2024-02-13T23:30Z,133,147,moderate
2024-02-13T23:30Z,2024-02-14T00:00Z,133,144,moderate
2024-02-14T00:00Z,2024-02-14T00:30Z,136,140,moderate
2024-02-14T00:30Z,2024-02-14T01:00Z,136,138,moderate
2024-02-14T01:00Z,2024-02-14T01:30Z,137,141,moderate
2024-02-14T01:30Z,2024-02-14T02:00Z,139,139,moderate
2024-02-14T02:00Z,2024-02-14T02:30Z,136,136,moderate
2024-02-14T02:30Z,2024-02-14T03:00Z,129,142,moderate
2024-02-14T03:00Z,2024-02-14T03:30Z,127,139,moderate
2024-02-14T03:30Z,2024-02-14T04:00Z,126,134,moderate
2024-02-14T04:00Z,2024-02-14T04:30Z,122,128,moderate
2024-02-14T04:30Z,2024-02-14T05:00Z,125,129,moderate
2024-02-14T05:00Z,2024-02-14T05:30Z,133,128,moderate
2024-02-14T05:30Z,2024-02-14T06:00Z,178,147,moderate
2024-02-14T06:00Z,2024-02-14T06:30Z,190,151,high
2024-02-14T06:30Z,2024-02-14T07:00Z,195,207,high
2024-02-14T07:00Z,2024-02-14T07:30Z,198,215,high
2024-02-14T07:30Z,2024-02-14T08:00Z,190,194,high
2024-02-14T08:00Z,2024-02-14T08:30Z,185,197,moderate
2024-02-14T08:30Z,2024-02-14T09:00Z,184,193,moderate
2024-02-14T09:00Z,2024-02-14T09:30Z,182,194,moderate
2024-02-14T09:30Z,2024-02-14T10:00Z,179,187,moderate
2024-02-14T10:00Z,2024-02-14T10:30Z,175,183,moderate
2024-02-14T10:30Z,2024-02-14T11:00Z,174,182,moderate
2024-02-14T11:00Z,2024-02-14T11:30Z,168,179,moderate
2024-02-14T11:30Z,2024-02-14T12:00Z,165,177,moderate
2024-02-14T12:00Z,2024-02-14T12:30Z,165,172,moderate
2024-02-14T12:30Z,2024-02-14T13:00Z,169,168,moderate
2024-02-14T13:00Z,2024-02-14T13:30Z,170,175,moderate
2024-02-14T13:30Z,2024-02-14T14:00Z,174,172,moderate
2024-02-14T14:00Z,2024-02-14T14:30Z,177,171,moderate
2024-02-14T14:30Z,2024-02-14T15:00Z,177,174,moderate
2024-02-14T15:00Z,2024-02-14T15:30Z,176,180,moderate
2024-02-14T15:30Z,2024-02-14T16:00Z,180,184,moderate
2024-02-14T16:00Z,2024-02-14T16:30Z,181,185,moderate
2024-02-14T16:30Z,2024-02-14T17:00Z,182,187,moderate
2024-02-14T17:00Z,2024-02-14T17:30Z,183,193,moderate
2024-02-14T17:30Z,2024-02-14T18:00Z,185,185,moderate
2024-02-14T18:00Z,2024-02-14T18:30Z,185,184,moderate
2024-02-14T18:30Z,2024-02-14T19:00Z,184,189,moderate
2024-02-14T19:00Z,2024-02-14T19:30Z,171,190,moderate
2024-02-14T19:30Z,2024-02-14T20:00Z,164,185,moderate
2024-02-14T20:00Z,2024-02-14T20:30Z,151,176,moderate
2024-02-14T20:30Z,2024-02-14T21:00Z,134,164,moderate
2024-02-14T21:00Z,2024-02-14T21:30Z,122,152,moderate
2024-02-14T21:30Z,2024-02-14T22:00Z,113,119,moderate
2024-02-14T22:00Z,2024-02-14T22:30Z,98,115,low
2024-02-14T22:30Z,2024-02-14T23:00Z,92,108,low
2024-02-14T23:00Z,2024-02-14T23:30Z,85,104,low
2024-02-14T23:30Z,2024-02-15T00:00Z,83,96,low
2024-02-15T00:00Z,2024-02-15T00:30Z,83,81,low
2024-02-15T00:30Z,2024-02-15T01:00Z,86,82,low
2024-02-15T01:00Z,2024-02-15T01:30Z,79,86,low
2024-02-15T01:30Z,2024-02-15T02:00Z,78,89,low
2024-02-15T02:00Z,2024-02-15T02:30Z,78,82,low
2024-02-15T02:30Z,2024-02-15T03:00Z,76,78,low
2024-02-15T03:00Z,2024-02-15T03:30Z,75,78,low
2024-02-15T03:30Z,2024-02-15T04:00Z,80,78,low
2024-02-15T04:00Z,2024-02-15T04:30Z,84,78,low
2024-02-15T04:30Z,2024-02-15T05:00Z,96,86,low
2024-02-15T05:00Z,2024-02-15T05:30Z,106,87,low
2024-02-15T05:30Z,2024-02-15T06:00Z,129,99,moderate
2024-02-15T06:00Z,2024-02-15T06:30Z,139,129,moderate
2024-02-15T06:30Z,2024-02-15T07:00Z,149,144,moderate
2024-02-15T07:00Z,2024-02-15T07:30Z,152,161,moderate
2024-02-15T07:30Z,2024-02-15T08:00Z,152,165,moderate
2024-02-15T08:00Z,2024-02-15T08:30Z,152,170,moderate
2024-02-15T08:30Z,2024-02-15T09:00Z,151,161,moderate
2024-02-15T09:00Z,2024-02-15T09:30Z,152,159,moderate
2024-02-15T09:30Z,2024-02-15T10:00Z,147,158,moderate
2024-02-15T10:00Z,2024-02-15T10:30Z,143,154,moderate
2024-02-15T10:30Z,2024-02-15T11:00Z,141,157,moderate
2024-02-15T11:00Z,2024-02-15T11:30Z,139,150,moderate
2024-02-15T11:30Z,2024-02-15T12:00Z,136,153,moderate
2024-02-15T12:00Z,2024-02-15T12:30Z,137,143,moderate
2024-02-15T12:30Z,2024-02-15T13:00Z,138,138,moderate
2024-02-15T13:00Z,2024-02-15T13:30Z,138,142,moderate
2024-02-15T13:30Z,2024-02-15T14:00Z,148,148,moderate
2024-02-15T14:00Z,2024-02-15T14:30Z,160,148,moderate
2024-02-15T14:30Z,2024-02-15T15:00Z,175,147,moderate
2024-02-15T15:00Z,2024-02-15T15:30Z,179,164,moderate
2024-02-15T15:30Z,2024-02-15T16:00Z,170,185,moderate
2024-02-15T16:00Z,2024-02-15T16:30Z,173,198,moderate
2024-02-15T16:30Z,2024-02-15T17:00Z,171,181,moderate
2024-02-15T17:00Z,2024-02-15T17:30Z,169,184,moderate
2024-02-15T17:30Z,2024-02-15T18:00Z,168,180,moderate
2024-02-15T18:00Z,2024-02-15T18:30Z,171,175,moderate
2024-02-15T18:30Z,2024-02-15T19:00Z,174,174,moderate
2024-02-15T19:00Z,2024-02-15T19:30Z,170,176,moderate
2024-02-15T19:30Z,2024-02-15T20:00Z,165,177,moderate
2024-02-15T20:00Z,2024-02-15T20:30Z,162,172,moderate
2024-02-15T20:30Z,2024-02-15T21:00Z,156,165,moderate
2024-02-15T21:00Z,2024-02-15T21:30Z,148,161,moderate
2024-02-15T21:30Z,2024-02-15T22:00Z,136,157,moderate
2024-02-15T22:00Z,2024-02-15T22:30Z,123,138,moderate
2024-02-15T22:30Z,2024-02-15T23:00Z,113,124,moderate
2024-02-15T23:00Z,2024-02-15T23:30Z,110,122,moderate
2024-02-15T23:30Z,2024-02-16T00:00Z,119,109,moderate
2024-02-16T00:00Z,2024-02-16T00:30Z,129,109,moderate
2024-02-16T00:30Z,2024-02-16T01:00Z,130,122,moderate
2024-02-16T01:00Z,2024-02-16T01:30Z,125,128,moderate
2024-02-16T01:30Z,2024-02-16T02:00Z,128,128,moderate
2024-02-16T02:00Z,2024-02-16T02:30Z,128,127,moderate
2024-02-16T02:30Z,2024-02-16T03:00Z,122,131,moderate
2024-02-16T03:00Z,2024-02-16T03:30Z,116,131,moderate
2024-02-16T03:30Z,2024-02-16T04:00Z,121,125,moderate
2024-02-16T04:00Z,2024-02-16T04:30Z,126,118,moderate
2024-02-16T04:30Z,2024-02-16T05:00Z,116,120,moderate
2024-02-16T05:00Z,2024-02-16T05:30Z,118,134,moderate
2024-02-16T05:30Z,2024-02-16T06:00Z,129,130,moderate
2024-02-16T06:00Z,2024-02-16T06:30Z,153,144,moderate
2024-02-16T06:30Z,2024-02-16T07:00Z,176,141,moderate
2024-02-16T07:00Z,2024-02-16T07:30Z,180,156,moderate
2024-02-16T07:30Z,2024-02-16T08:00Z,184,155,moderate
2024-02-16T08:00Z,2024-02-16T08:30Z,178,174,moderate
2024-02-16T08:30Z,2024-02-16T09:00Z,175,184,moderate
2024-02-16T09:00Z,2024-02-16T09:30Z,169,174,moderate
2024-02-16T09:30Z,2024-02-16T10:00Z,160,171,moderate
2024-02-16T10:00Z,2024-02-16T10:30Z,157,154,moderate
2024-02-16T10:30Z,2024-02-16T11:00Z,155,151,moderate
2024-02-16T11:00Z,2024-02-16T11:30Z,154,143,moderate
2024-02-16T11:30Z,2024-02-16T12:00Z,160,148,moderate
2024-02-16T12:00Z,2024-02-16T12:30Z,160,155,moderate
2024-02-16T12:30Z,2024-02-16T13:00Z,162,155,moderate
2024-02-16T13:00Z,2024-02-16T13:30Z,167,159,moderate
2024-02-16T13:30Z,2024-02-16T14:00Z,175,161,moderate
2024-02-16T14:00Z,2024-02-16T14:30Z,175,165,moderate
2024-02-16T14:30Z,2024-02-16T15:00Z,182,170,moderate
2024-02-16T15:00Z,2024-02-16T15:30Z,188,178,moderate
2024-02-16T15:30Z,2024-02-16T16:00Z,192,186,high
2024-02-16T16:00Z,2024-02-16T16:30Z,202,192,high
2024-02-16T16:30Z,2024-02-16T17:00Z,210,192,high
2024-02-16T17:00Z,2024-02-16T17:30Z,212,205,high
2024-02-16T17:30Z,2024-02-16T18:00Z,216,210,high
2024-02-16T18:00Z,2024-02-16T18:30Z,218,212,high
2024-02-16T18:30Z,2024-02-16T19:00Z,221,214,high
2024-02-16T19:00Z,2024-02-16T19:30Z,223,217,high
2024-02-16T19:30Z,2024-02-16T20:00Z,227,215,high
2024-02-16T20:00Z,2024-02-16T20:30Z,225,220,high
2024-02-16T20:30Z,2024-02-16T21:00Z,226,219,high
2024-02-16T21:00Z,2024-02-16T21:30Z,218,217,high
2024-02-16T21:30Z,2024-02-16T22:00Z,211,217,high
2024-02-16T22:00Z,2024-02-16T22:30Z,202,213,high
2024-02-16T22:30Z,2024-02-16T23:00Z,193,205,high
2024-02-16T23:00Z,2024-02-16T23:30Z,187,195,moderate
2024-02-16T23:30Z,2024-02-17T00:00Z,188,186,moderate
2024-02-17T00:00Z,2024-02-17T00:30Z,191,185,high
2024-02-17T00:30Z,2024-02-17T01:00Z,185,187,moderate
2024-02-17T01:00Z,2024-02-17T01:30Z,177,180,moderate
2024-02-17T01:30Z,2024-02-17T02:00Z,172,161,moderate
2024-02-17T02:00Z,2024-02-17T02:30Z,168,158,moderate
2024-02-17T02:30Z,2024-02-17T03:00Z,166,153,moderate
2024-02-17T03:00Z,2024-02-17T03:30Z,155,150,moderate
2024-02-17T03:30Z,2024-02-17T04:00Z,152,149,moderate
2024-02-17T04:00Z,2024-02-17T04:30Z,146,148,moderate
2024-02-17T04:30Z,2024-02-17T05:00Z,143,149,moderate
2024-02-17T05:00Z,2024-02-17T05:30Z,141,144,moderate
2024-02-17T05:30Z,2024-02-17T06:00Z,148,143,moderate
2024-02-17T06:00Z,2024-02-17T06:30Z,150,145,moderate
2024-02-17T06:30Z,2024-02-17T07:00Z,154,161,moderate
2024-02-17T07:00Z,2024-02-17T07:30Z,155,151,moderate
2024-02-17T07:30Z,2024-02-17T08:00Z,157,160,moderate
2024-02-17T08:00Z,2024-02-17T08:30Z,150,159,moderate
2024-02-17T08:30Z,2024-02-17T09:00Z,145,162,moderate
2024-02-17T09:00Z,2024-02-17T09:30Z,138,147,moderate
2024-02-17T09:30Z,2024-02-17T10:00Z,133,145,moderate
2024-02-17T10:00Z,2024-02-17T10:30Z,127,131,moderate
2024-02-17T10:30Z,2024-02-17T11:00Z,123,125,moderate
2024-02-17T11:00Z,2024-02-17T11:30Z,120,118,moderate
2024-02-17T11:30Z,2024-02-17T12:00Z,115,117,moderate
2024-02-17T12:00Z,2024-02-17T12:30Z,110,115,moderate
2024-02-17T12:30Z,2024-02-17T13:00Z,111,112,moderate
2024-02-17T13:00Z,2024-02-17T13:30Z,105,104,low
2024-02-17T13:30Z,2024-02-17T14:00Z,110,98,moderate
2024-02-17T14:00Z,2024-02-17T14:30Z,107,92,low
2024-02-17T14:30Z,2024-02-17T15:00Z,115,102,moderate
2024-02-17T15:00Z,2024-02-17T15:30Z,124,102,moderate
2024-02-17T15:30Z,2024-02-17T16:00Z,136,112,moderate
2024-02-17T16:00Z,2024-02-17T16:30Z,141,121,moderate
2024-02-17T16:30Z,2024-02-17T17:00Z,136,131,moderate
2024-02-17T17:00Z,2024-02-17T17:30Z,135,137,moderate
2024-02-17T17:30Z,2024-02-17T18:00Z,134,127,moderate
2024-02-17T18:00Z,2024-02-17T18:30Z,136,124,moderate
2024-02-17T18:30Z,2024-02-17T19:00Z,135,148,moderate
2024-02-17T19:00Z,2024-02-17T19:30Z,132,122,moderate
2024-02-17T19:30Z,2024-02-17T20:00Z,122,117,moderate
2024-02-17T20:00Z,2024-02-17T20:30Z,113,113,moderate
2024-02-17T20:30Z,2024-02-17T21:00Z,100,113,low
2024-02-17T21:00Z,2024-02-17T21:30Z,88,104,low
2024-02-17T21:30Z,2024-02-17T22:00Z,72,90,low
2024-02-17T22:00Z,2024-02-17T22:30Z,69,82,low
2024-02-17T22:30Z,2024-02-17T23:00Z,66,86,low
2024-02-17T23:00Z,2024-02-17T23:30Z,71,78,low
2024-02-17T23:30Z,2024-02-18T00:00Z,74,64,low
2024-02-18T00:00Z,2024-02-18T00:30Z,76,64,low
2024-02-18T00:30Z,2024-02-18T01:00Z,77,72,low
2024-02-18T01:00Z,2024-02-18T01:30Z,77,76,low
2024-02-18T01:30Z,2024-02-18T02:00Z,80,73,low
2024-02-18T02:00Z,2024-02-18T02:30Z,83,76,low
2024-02-18T02:30Z,2024-02-18T03:00Z,88,82,low
2024-02-18T03:00Z,2024-02-18T03:30Z,88,82,low
2024-02-18T03:30Z,2024-02-18T04:00Z,96,88,low
2024-02-18T04:00Z,2024-02-18T04:30Z,99,94,low
2024-02-18T04:30Z,2024-02-18T05:00Z,92,98,low
2024-02-18T05:00Z,2024-02-18T05:30Z,96,100,low
2024-02-18T05:30Z,2024-02-18T06:00Z,96,97,low
2024-02-18T06:00Z,2024-02-18T06:30Z,109,103,low
2024-02-18T06:30Z,2024-02-18T07:00Z,106,102,low
2024-02-18T07:00Z,2024-02-18T07:30Z,115,113,moderate
2024-02-18T07:30Z,2024-02-18T08:00Z,110,110,moderate
2024-02-18T08:00Z,2024-02-18T08:30Z,114,114,moderate
2024-02-18T08:30Z,2024-02-18T09:00Z,116,110,moderate
2024-02-18T09:00Z,2024-02-18T09:30Z,114,113,moderate
2024-02-18T09:30Z,2024-02-18T10:00Z,111,116,moderate
2024-02-18T10:00Z,2024-02-18T10:30Z,111,113,moderate
2024-02-18T10:30Z,2024-02-18T11:00Z,109,112,low
2024-02-18T11:00Z,2024-02-18T11:30Z,100,111,low
2024-02-18T11:30Z,2024-02-18T12:00Z,93,107,low
2024-02-18T12:00Z,2024-02-18T12:30Z,87,100,low
2024-02-18T12:30Z,2024-02-18T13:00Z,81,93,low
2024-02-18T13:00Z,2024-02-18T13:30Z,77,87,low
2024-02-18T13:30Z,2024-02-18T14:00Z,80,88,low
2024-02-18T14:00Z,2024-02-18T14:30Z,86,85,low
2024-02-18T14:30Z,2024-02-18T15:00Z,97,85,low
2024-02-18T15:00Z,2024-02-18T15:30Z,107,88,low
2024-02-18T15:30Z,2024-02-18T16:00Z,116,107,moderate
2024-02-18T16:00Z,2024-02-18T16:30Z,133,121,moderate
2024-02-18T16:30Z,2024-02-18T17:00Z,143,129,moderate
2024-02-18T17:00Z,2024-02-18T17:30Z,153,139,moderate
2024-02-18T17:30Z,2024-02-18T18:00Z,152,148,moderate
2024-02-18T18:00Z,2024-02-18T18:30Z,153,149,moderate
2024-02-18T18:30Z,2024-02-18T19:00Z,154,148,moderate
2024-02-18T19:00Z,2024-02-18T19:30Z,152,150,moderate
2024-02-18T19:30Z,2024-02-18T20:00Z,149,152,moderate
2024-02-18T20:00Z,2024-02-18T20:30Z,141,148,moderate
2024-02-18T20:30Z,2024-02-18T21:00Z,119,136,moderate
2024-02-18T21:00Z,2024-02-18T21:30Z,107,137,low
2024-02-18T21:30Z,2024-02-18T22:00Z,97,125,low
2024-02-18T22:00Z,2024-02-18T22:30Z,90,113,low
2024-02-18T22:30Z,2024-02-18T23:00Z,94,108,low
2024-02-18T23:00Z,2024-02-18T23:30Z,97,111,low
2024-02-18T23:30Z,2024-02-19T00:00Z,93,83,low
2024-02-19T00:00Z,2024-02-19T00:30Z,82,89,low
2024-02-19T00:30Z,2024-02-19T01:00Z,78,87,low
2024-02-19T01:00Z,2024-02-19T01:30Z,78,79,low
2024-02-19T01:30Z,2024-02-19T02:00Z,74,72,low
2024-02-19T02:00Z,2024-02-19T02:30Z,69,73,low
2024-02-19T02:30Z,2024-02-19T03:00Z,70,75,low
2024-02-19T03:00Z,2024-02-19T03:30Z,63,64,low
2024-02-19T03:30Z,2024-02-19T04:00Z,69,68,low
2024-02-19T04:00Z,2024-02-19T04:30Z,69,71,low
2024-02-19T04:30Z,2024-02-19T05:00Z,66,67,low
2024-02-19T05:00Z,2024-02-19T05:30Z,74,70,low
2024-02-19T05:30Z,2024-02-19T06:00Z,74,63,low
2024-02-19T06:00Z,2024-02-19T06:30Z,84,72,low
2024-02-19T06:30Z,2024-02-19T07:00Z,100,75,low
2024-02-19T07:00Z,2024-02-19T07:30Z,108,75,low
2024-02-19T07:30Z,2024-02-19T08:00Z,110,91,moderate
2024-02-19T08:00Z,2024-02-19T08:30Z,105,95,low
2024-02-19T08:30Z,2024-02-19T09:00Z,104,103,low
2024-02-19T09:00Z,2024-02-19T09:30Z,96,97,low
2024-02-19T09:30Z,2024-02-19T10:00Z,92,98,low
2024-02-19T10:00Z,2024-02-19T10:30Z,86,92,low
2024-02-19T10:30Z,2024-02-19T11:00Z,87,96,low
2024-02-19T11:00Z,2024-02-19T11:30Z,80,90,low
2024-02-19T11:30Z,2024-02-19T12:00Z,75,88,low
2024-02-19T12:00Z,2024-02-19T12:30Z,79,84,low
2024-02-19T12:30Z,2024-02-19T13:00Z,86,82,low
2024-02-19T13:00Z,2024-02-19T13:30Z,89,79,low
2024-02-19T13:30Z,2024-02-19T14:00Z,92,90,low
2024-02-19T14:00Z,2024-02-19T14:30Z,98,90,low
2024-02-19T14:30Z,2024-02-19T15:00Z,109,91,low
2024-02-19T15:00Z,2024-02-19T15:30Z,125,105,moderate
2024-02-19T15:30Z,2024-02-19T16:00Z,144,114,moderate
2024-02-19T16:00Z,2024-02-19T16:30Z,150,136,moderate
2024-02-19T16:30Z,2024-02-19T17:00Z,152,165,moderate
2024-02-19T17:00Z,2024-02-19T17:30Z,157,162,moderate
2024-02-19T17:30Z,2024-02-19T18:00Z,154,158,moderate
2024-02-19T18:00Z,2024-02-19T18:30Z,156,153,moderate
2024-02-19T18:30Z,2024-02-19T19:00Z,160,155,moderate
2024-02-19T19:00Z,2024-02-19T19:30Z,162,153,moderate
2024-02-19T19:30Z,2024-02-19T20:00Z,156,157,moderate
2024-02-19T20:00Z,2024-02-19T20:30Z,144,160,moderate
2024-02-19T20:30Z,2024-02-19T21:00Z,132,141,moderate
2024-02-19T21:00Z,2024-02-19T21:30Z,116,135,moderate
2024-02-19T21:30Z,2024-02-19T22:00Z,111,122,moderate
2024-02-19T22:00Z,2024-02-19T22:30Z,99,109,low
2024-02-19T22:30Z,2024-02-19T23:00Z,93,99,low
2024-02-19T23:00Z,2024-02-19T23:30Z,92,93,low
2024-02-19T23:30Z,2024-02-20T00:00Z,102,97,low
2024-02-20T00:00Z,2024-02-20T00:30Z,111,97,moderate
2024-02-20T00:30Z,2024-02-20T01:00Z,94,96,low
2024-02-20T01:00Z,2024-02-20T01:30Z,91,101,low
2024-02-20T01:30Z,2024-02-20T02:00Z,83,88,low
2024-02-20T02:00Z,2024-02-20T02:30Z,85,86,low
2024-02-20T02:30Z,2024-02-20T03:00Z,95,84,low
2024-02-20T03:00Z,2024-02-20T03:30Z,93,84,low
2024-02-20T03:30Z,2024-02-20T04:00Z,108,94,low
2024-02-20T04:00Z,2024-02-20T04:30Z,114,89,moderate
2024-02-20T04:30Z,2024-02-20T05:00Z,126,104,moderate
2024-02-20T05:00Z,2024-02-20T05:30Z,139,111,moderate
2024-02-20T05:30Z,2024-02-20T06:00Z,148,122,moderate
2024-02-20T06:00Z,2024-02-20T06:30Z,150,137,moderate
2024-02-20T06:30Z,2024-02-20T07:00Z,143,141,moderate
2024-02-20T07:00Z,2024-02-20T07:30Z,143,140,moderate
2024-02-20T07:30Z,2024-02-20T08:00Z,136,102,moderate
2024-02-20T08:00Z,2024-02-20T08:30Z,130,125,moderate
2024-02-20T08:30Z,2024-02-20T09:00Z,126,119,moderate
2024-02-20T09:00Z,2024-02-20T09:30Z,117,120,moderate
2024-02-20T09:30Z,2024-02-20T10:00Z,103,124,low
2024-02-20T10:00Z,2024-02-20T10:30Z,94,119,low
2024-02-20T10:30Z,2024-02-20T11:00Z,77,112,low
2024-02-20T11:00Z,2024-02-20T11:30Z,75,89,low
2024-02-20T11:30Z,2024-02-20T12:00Z,69,88,low
2024-02-20T12:00Z,2024-02-20T12:30Z,66,89,low
2024-02-20T12:30Z,2024-02-20T13:00Z,75,93,low
2024-02-20T13:00Z,2024-02-20T13:30Z,68,97,low
2024-02-20T13:30Z,2024-02-20T14:00Z,64,75,low
2024-02-20T14:00Z,2024-02-20T14:30Z,68,61,low
2024-02-20T14:30Z,2024-02-20T15:00Z,74,57,low
2024-02-20T15:00Z,2024-02-20T15:30Z,85,51,low
2024-02-20T15:30Z,2024-02-20T16:00Z,94,74,low
2024-02-20T16:00Z,2024-02-20T16:30Z,102,85,low
2024-02-20T16:30Z,2024-02-20T17:00Z,112,102,moderate
2024-02-20T17:00Z,2024-02-20T17:30Z,111,113,moderate
2024-02-20T17:30Z,2024-02-20T18:00Z,117,129,moderate
2024-02-20T18:00Z,2024-02-20T18:30Z,117,135,moderate
2024-02-20T18:30Z,2024-02-20T19:00Z,119,138,moderate
2024-02-20T19:00Z,2024-02-20T19:30Z,120,138,moderate
2024-02-20T19:30Z,2024-02-20T20:00Z,125,135,moderate
2024-02-20T20:00Z,2024-02-20T20:30Z,120,134,moderate
2024-02-20T20:30Z,2024-02-20T21:00Z,110,134,moderate
2024-02-20T21:00Z,2024-02-20T21:30Z,106,136,low
2024-02-20T21:30Z,2024-02-20T22:00Z,94,134,low
2024-02-20T22:00Z,2024-02-20T22:30Z,85,126,low
2024-02-20T22:30Z,2024-02-20T23:00Z,91,116,low
2024-02-20T23:00Z,2024-02-20T23:30Z,91,113,low
2024-02-20T23:30Z,2024-02-21T00:00Z,95,114,low
2024-02-21T00:00Z,2024-02-21T00:30Z,98,109,low
2024-02-21T00:30Z,2024-02-21T01:00Z,96,106,low
2024-02-21T01:00Z,2024-02-21T01:30Z,90,105,low
2024-02-21T01:30Z,2024-02-21T02:00Z,92,102,low
2024-02-21T02:00Z,2024-02-21T02:30Z,88,97,low
2024-02-21T02:30Z,2024-02-21T03:00Z,87,98,low
2024-02-21T03:00Z,2024-02-21T03:30Z,79,94,low
2024-02-21T03:30Z,2024-02-21T04:00Z,83,87,low
2024-02-21T04:00Z,2024-02-21T04:30Z,74,84,low
2024-02-21T04:30Z,2024-02-21T05:00Z,79,84,low
2024-02-21T05:00Z,2024-02-21T05:30Z,75,82,low
2024-02-21T05:30Z,2024-02-21T06:00Z,68,81,low
2024-02-21T06:00Z,2024-02-21T06:30Z,79,86,low
2024-02-21T06:30Z,2024-02-21T07:00Z,76,86,low
2024-02-21T07:00Z,2024-02-21T07:30Z,80,89,low
2024-02-21T07:30Z,2024-02-21T08:00Z,72,88,low
2024-02-21T08:00Z,2024-02-21T08:30Z,71,87,low
2024-02-21T08:30Z,2024-02-21T09:00Z,73,84,low
2024-02-21T09:00Z,2024-02-21T09:30Z,72,83,low
2024-02-21T09:30Z,2024-02-21T10:00Z,68,79,low
2024-02-21T10:00Z,2024-02-21T10:30Z,68,76,low
2024-02-21T10:30Z,2024-02-21T11:00Z,70,64,low
2024-02-21T11:00Z,2024-02-21T11:30Z,70,72,low
2024-02-21T11:30Z,2024-02-21T12:00Z,70,68,low
2024-02-21T12:00Z,2024-02-21T12:30Z,69,67,low
2024-02-21T12:30Z,2024-02-21T13:00Z,67,67,low
2024-02-21T13:00Z,2024-02-21T13:30Z,63,73,low
2024-02-21T13:30Z,2024-02-21T14:00Z,61,59,low
2024-02-21T14:00Z,2024-02-21T14:30Z,66,58,low
2024-02-21T14:30Z,2024-02-21T15:00Z,78,55,low
2024-02-21T15:00Z,2024-02-21T15:30Z,85,55,low
2024-02-21T15:30Z,2024-02-21T16:00Z,91,83,low
2024-02-21T16:00Z,2024-02-21T16:30Z,102,94,low
2024-02-21T16:30Z,2024-02-21T17:00Z,106,109,low
2024-02-21T17:00Z,2024-02-21T17:30Z,111,105,moderate
2024-02-21T17:30Z,2024-02-21T18:00Z,115,124,moderate
2024-02-21T18:00Z,2024-02-21T18:30Z,114,111,moderate
2024-02-21T18:30Z,2024-02-21T19:00Z,106,113,low
2024-02-21T19:00Z,2024-02-21T19:30Z,106,109,low
2024-02-21T19:30Z,2024-02-21T20:00Z,104,105,low
2024-02-21T20:00Z,2024-02-21T20:30Z,96,99,low
2024-02-21T20:30Z,2024-02-21T21:00Z,79,103,low
2024-02-21T21:00Z,2024-02-21T21:30Z,69,93,low
2024-02-21T21:30Z,2024-02-21T22:00Z,67,78,low
2024-02-21T22:00Z,2024-02-21T22:30Z,69,64,low
2024-02-21T22:30Z,2024-02-21T23:00Z,62,71,low
2024-02-21T23:00Z,2024-02-21T23:30Z,62,61,low
2024-02-21T23:30Z,2024-02-22T00:00Z,60,55,low
2024-02-22T00:00Z,2024-02-22T00:30Z,62,65,low
2024-02-22T00:30Z,2024-02-22T01:00Z,60,56,low
2024-02-22T01:00Z,2024-02-22T01:30Z,59,62,low
2024-02-22T01:30Z,2024-02-22T02:00Z,59,58,low
2024-02-22T02:00Z,2024-02-22T02:30Z,60,58,low
2024-02-22T02:30Z,2024-02-22T03:00Z,58,59,low
2024-02-22T03:00Z,2024-02-22T03:30Z,60,58,low
2024-02-22T03:30Z,2024-02-22T04:00Z,68,58,low
2024-02-22T04:00Z,2024-02-22T04:30Z,72,59,low
2024-02-22T04:30Z,2024-02-22T05:00Z,61,65,low
2024-02-22T05:00Z,2024-02-22T05:30Z,68,71,low
2024-02-22T05:30Z,2024-02-22T06:00Z,79,63,low
2024-02-22T06:00Z,2024-02-22T06:30Z,104,72,low
2024-02-22T06:30Z,2024-02-22T07:00Z,120,80,moderate
2024-02-22T07:00Z,2024-02-22T07:30Z,120,94,moderate
2024-02-22T07:30Z,2024-02-22T08:00Z,123,120,moderate
2024-02-22T08:00Z,2024-02-22T08:30Z,126,120,moderate
2024-02-22T08:30Z,2024-02-22T09:00Z,129,126,moderate
2024-02-22T09:00Z,2024-02-22T09:30Z,128,126,moderate
2024-02-22T09:30Z,2024-02-22T10:00Z,133,135,moderate
2024-02-22T10:00Z,2024-02-22T10:30Z,137,132,moderate
2024-02-22T10:30Z,2024-02-22T11:00Z,137,132,moderate
2024-02-22T11:00Z,2024-02-22T11:30Z,136,132,moderate
2024-02-22T11:30Z,2024-02-22T12:00Z,140,134,moderate
2024-02-22T12:00Z,2024-02-22T12:30Z,139,135,moderate
2024-02-22T12:30Z,2024-02-22T13:00Z,143,133,moderate
2024-02-22T13:00Z,2024-02-22T13:30Z,142,133,moderate
2024-02-22T13:30Z,2024-02-22T14:00Z,144,136,moderate
2024-02-22T14:00Z,2024-02-22T14:30Z,145,137,moderate
2024-02-22T14:30Z,2024-02-22T15:00Z,140,140,moderate
2024-02-22T15:00Z,2024-02-22T15:30Z,135,151,moderate
2024-02-22T15:30Z,2024-02-22T16:00Z,125,147,moderate
2024-02-22T16:00Z,2024-02-22T16:30Z,122,147,moderate
2024-02-22T16:30Z,2024-02-22T17:00Z,123,132,moderate
2024-02-22T17:00Z,2024-02-22T17:30Z,128,127,moderate
2024-02-22T17:30Z,2024-02-22T18:00Z,132,128,moderate
2024-02-22T18:00Z,2024-02-22T18:30Z,129,118,moderate
2024-02-22T18:30Z,2024-02-22T19:00Z,123,131,moderate
2024-02-22T19:00Z,2024-02-22T19:30Z,123,131,moderate
2024-02-22T19:30Z,2024-02-22T20:00Z,120,127,moderate
2024-02-22T20:00Z,2024-02-22T20:30Z,110,124,moderate
2024-02-22T20:30Z,2024-02-22T21:00Z,95,115,low
2024-02-22T21:00Z,2024-02-22T21:30Z,82,120,low
2024-02-22T21:30Z,2024-02-22T22:00Z,73,95,low
2024-02-22T22:00Z,2024-02-22T22:30Z,71,83,low
2024-02-22T22:30Z,2024-02-22T23:00Z,73,75,low
2024-02-22T23:00Z,2024-02-22T23:30Z,72,76,low
2024-02-22T23:30Z,2024-02-23T00:00Z,73,78,low
2024-02-23T00:00Z,2024-02-23T00:30Z,78,76,low
2024-02-23T00:30Z,2024-02-23T01:00Z,74,79,low
2024-02-23T01:00Z,2024-02-23T01:30Z,72,76,low
2024-02-23T01:30Z,2024-02-23T02:00Z,74,75,low
2024-02-23T02:00Z,2024-02-23T02:30Z,74,72,low
2024-02-23T02:30Z,2024-02-23T03:00Z,74,80,low
2024-02-23T03:00Z,2024-02-23T03:30Z,75,76,low
2024-02-23T03:30Z,2024-02-23T04:00Z,75,76,low
2024-02-23T04:00Z,2024-02-23T04:30Z,77,77,low
2024-02-23T04:30Z,2024-02-23T05:00Z,77,79,low
2024-02-23T05:00Z,2024-02-23T05:30Z,83,79,low
2024-02-23T05:30Z,2024-02-23T06:00Z,89,83,low
2024-02-23T06:00Z,2024-02-23T06:30Z,103,85,low
2024-02-23T06:30Z,2024-02-23T07:00Z,112,96,moderate
2024-02-23T07:00Z,2024-02-23T07:30Z,119,50,moderate
2024-02-23T07:30Z,2024-02-23T08:00Z,121,30,moderate
2024-02-23T08:00Z,2024-02-23T08:30Z,113,125,moderate
2024-02-23T08:30Z,2024-02-23T09:00Z,116,131,moderate
2024-02-23T09:00Z,2024-02-23T09:30Z,116,112,moderate
2024-02-23T09:30Z,2024-02-23T10:00Z,119,114,moderate
2024-02-23T10:00Z,2024-02-23T10:30Z,116,119,moderate
2024-02-23T10:30Z,2024-02-23T11:00Z,115,122,moderate
2024-02-23T11:00Z,2024-02-23T11:30Z,114,116,moderate
2024-02-23T11:30Z,2024-02-23T12:00Z,116,120,moderate
2024-02-23T12:00Z,2024-02-23T12:30Z,122,121,moderate
2024-02-23T12:30Z,2024-02-23T13:00Z,126,125,moderate
2024-02-23T13:00Z,2024-02-23T13:30Z,131,128,moderate
2024-02-23T13:30Z,2024-02-23T14:00Z,133,136,moderate
2024-02-23T14:00Z,2024-02-23T14:30Z,140,138,moderate
2024-02-23T14:30Z,2024-02-23T15:00Z,156,138,moderate
2024-02-23T15:00Z,2024-02-23T15:30Z,168,153,moderate
2024-02-23T15:30Z,2024-02-23T16:00Z,183,154,moderate
2024-02-23T16:00Z,2024-02-23T16:30Z,190,167,high
2024-02-23T16:30Z,2024-02-23T17:00Z,206,195,high
2024-02-23T17:00Z,2024-02-23T17:30Z,210,206,high
2024-02-23T17:30Z,2024-02-23T18:00Z,200,216,high
2024-02-23T18:00Z,2024-02-23T18:30Z,205,218,high
2024-02-23T18:30Z,2024-02-23T19:00Z,202,213,high
2024-02-23T19:00Z,2024-02-23T19:30Z,205,215,high
2024-02-23T19:30Z,2024-02-23T20:00Z,213,213,high
2024-02-23T20:00Z,2024-02-23T20:30Z,214,217,high
2024-02-23T20:30Z,2024-02-23T21:00Z,216,225,high
2024-02-23T21:00Z,2024-02-23T21:30Z,214,221,high
2024-02-23T21:30Z,2024-02-23T22:00Z,194,225,high
2024-02-23T22:00Z,2024-02-23T22:30Z,185,225,moderate
2024-02-23T22:30Z,2024-02-23T23:00Z,181,210,moderate
2024-02-23T23:00Z,2024-02-23T23:30Z,178,201,moderate
2024-02-23T23:30Z,2024-02-24T00:00Z,178,235,moderate
2024-02-24T00:00Z,2024-02-24T00:30Z,184,201,moderate
2024-02-24T00:30Z,2024-02-24T01:00Z,188,192,moderate
2024-02-24T01:00Z,2024-02-24T01:30Z,190,186,high
2024-02-24T01:30Z,2024-02-24T02:00Z,195,205,high
2024-02-24T02:00Z,2024-02-24T02:30Z,197,206,high
2024-02-24T02:30Z,2024-02-24T03:00Z,197,209,high
2024-02-24T03:00Z,2024-02-24T03:30Z,198,212,high
2024-02-24T03:30Z,2024-02-24T04:00Z,201,215,high
2024-02-24T04:00Z,2024-02-24T04:30Z,200,203,high
2024-02-24T04:30Z,2024-02-24T05:00Z,198,209,high
2024-02-24T05:00Z,2024-02-24T05:30Z,198,216,high
2024-02-24T05:30Z,2024-02-24T06:00Z,203,209,high
2024-02-24T06:00Z,2024-02-24T06:30Z,209,212,high
2024-02-24T06:30Z,2024-02-24T07:00Z,211,209,high
2024-02-24T07:00Z,2024-02-24T07:30Z,218,146,high
2024-02-24T07:30Z,2024-02-24T08:00Z,218,220,high
2024-02-24T08:00Z,2024-02-24T08:30Z,211,226,high
2024-02-24T08:30Z,2024-02-24T09:00Z,211,229,high
2024-02-24T09:00Z,2024-02-24T09:30Z,204,222,high
2024-02-24T09:30Z,2024-02-24T10:00Z,200,215,high
2024-02-24T10:00Z,2024-02-24T10:30Z,197,211,high
2024-02-24T10:30Z,2024-02-24T11:00Z,191,204,high
2024-02-24T11:00Z,2024-02-24T11:30Z,185,201,moderate
2024-02-24T11:30Z,2024-02-24T12:00Z,182,201,moderate
2024-02-24T12:00Z,2024-02-24T12:30Z,184,199,moderate
2024-02-24T12:30Z,2024-02-24T13:00Z,185,194,moderate
2024-02-24T13:00Z,2024-02-24T13:30Z,185,197,moderate
2024-02-24T13:30Z,2024-02-24T14:00Z,189,202,moderate
2024-02-24T14:00Z,2024-02-24T14:30Z,194,202,high
2024-02-24T14:30Z,2024-02-24T15:00Z,202,209,high
2024-02-24T15:00Z,2024-02-24T15:30Z,211,205,high
2024-02-24T15:30Z,2024-02-24T16:00Z,215,215,high
2024-02-24T16:00Z,2024-02-24T16:30Z,223,230,high
2024-02-24T16:30Z,2024-02-24T17:00Z,235,231,high
2024-02-24T17:00Z,2024-02-24T17:30Z,241,237,high
2024-02-24T17:30Z,2024-02-24T18:00Z,243,247,high
2024-02-24T18:00Z,2024-02-24T18:30Z,242,249,high
2024-02-24T18:30Z,2024-02-24T19:00Z,245,250,high
2024-02-24T19:00Z,2024-02-24T19:30Z,245,252,high
2024-02-24T19:30Z,2024-02-24T20:00Z,248,254,high
2024-02-24T20:00Z,2024-02-24T20:30Z,245,248,high
2024-02-24T20:30Z,2024-02-24T21:00Z,246,255,high
2024-02-24T21:00Z,2024-02-24T21:30Z,239,252,high
2024-02-24T21:30Z,2024-02-24T22:00Z,230,257,high
2024-02-24T22:00Z,2024-02-24T22:30Z,222,249,high
2024-02-24T22:30Z,2024-02-24T23:00Z,215,243,high
2024-02-24T23:00Z,2024-02-24T23:30Z,214,228,high
2024-02-24T23:30Z,2024-02-25T00:00Z,212,222,high
2024-02-25T00:00Z,2024-02-25T00:30Z,213,219,high
2024-02-25T00:30Z,2024-02-25T01:00Z,213,219,high
2024-02-25T01:00Z,2024-02-25T01:30Z,210,223,high
2024-02-25T01:30Z,2024-02-25T02:00Z,210,219,high
2024-02-25T02:00Z,2024-02-25T02:30Z,207,222,high
2024-02-25T02:30Z,2024-02-25T03:00Z,208,221,high
2024-02-25T03:00Z,2024-02-25T03:30Z,205,223,high
2024-02-25T03:30Z,2024-02-25T04:00Z,204,219,high
2024-02-25T04:00Z,2024-02-25T04:30Z,199,212,high
2024-02-25T04:30Z,2024-02-25T05:00Z,195,210,high
2024-02-25T05:00Z,2024-02-25T05:30Z,191,205,high
2024-02-25T05:30Z,2024-02-25T06:00Z,191,200,high
2024-02-25T06:00Z,2024-02-25T06:30Z,194,198,high
2024-02-25T06:30Z,2024-02-25T07:00Z,192,196,high
2024-02-25T07:00Z,2024-02-25T07:30Z,200,136,high
2024-02-25T07:30Z,2024-02-25T08:00Z,204,198,high
2024-02-25T08:00Z,2024-02-25T08:30Z,199,202,high
2024-02-25T08:30Z,2024-02-25T09:00Z,199,208,high
2024-02-25T09:00Z,2024-02-25T09:30Z,195,216,high
2024-02-25T09:30Z,2024-02-25T10:00Z,187,199,moderate
2024-02-25T10:00Z,2024-02-25T10:30Z,182,210,moderate
2024-02-25T10:30Z,2024-02-25T11:00Z,182,194,moderate
2024-02-25T11:00Z,2024-02-25T11:30Z,185,191,moderate
2024-02-25T11:30Z,2024-02-25T12:00Z,189,196,moderate
2024-02-25T12:00Z,2024-02-25T12:30Z,191,198,high
2024-02-25T12:30Z,2024-02-25T13:00Z,193,203,high
2024-02-25T13:00Z,2024-02-25T13:30Z,192,209,high
2024-02-25T13:30Z,2024-02-25T14:00Z,189,204,moderate
2024-02-25T14:00Z,2024-02-25T14:30Z,188,202,moderate
2024-02-25T14:30Z,2024-02-25T15:00Z,190,199,high
2024-02-25T15:00Z,2024-02-25T15:30Z,190,197,high
2024-02-25T15:30Z,2024-02-25T16:00Z,184,195,moderate
2024-02-25T16:00Z,2024-02-25T16:30Z,183,193,moderate
2024-02-25T16:30Z,2024-02-25T17:00Z,183,193,moderate
2024-02-25T17:00Z,2024-02-25T17:30Z,181,187,moderate
2024-02-25T17:30Z,2024-02-25T18:00Z,180,184,moderate
2024-02-25T18:00Z,2024-02-25T18:30Z,172,177,moderate
2024-02-25T18:30Z,2024-02-25T19:00Z,169,177,moderate
2024-02-25T19:00Z,2024-02-25T19:30Z,155,175,moderate
2024-02-25T19:30Z,2024-02-25T20:00Z,146,169,moderate
2024-02-25T20:00Z,2024-02-25T20:30Z,138,160,moderate
2024-02-25T20:30Z,2024-02-25T21:00Z,129,148,moderate
2024-02-25T21:00Z,2024-02-25T21:30Z,118,134,moderate
2024-02-25T21:30Z,2024-02-25T22:00Z,116,124,moderate
2024-02-25T22:00Z,2024-02-25T22:30Z,98,109,low
2024-02-25T22:30Z,2024-02-25T23:00Z,76,125,low
2024-02-25T23:00Z,2024-02-25T23:30Z,72,95,low
2024-02-25T23:30Z,2024-02-26T00:00Z,72,80,low
2024-02-26T00:00Z,2024-02-26T00:30Z,78,75,low
2024-02-26T00:30Z,2024-02-26T01:00Z,75,72,low
2024-02-26T01:00Z,2024-02-26T01:30Z,73,78,low
2024-02-26T01:30Z,2024-02-26T02:00Z,71,78,low
2024-02-26T02:00Z,2024-02-26T02:30Z,70,76,low
2024-02-26T02:30Z,2024-02-26T03:00Z,68,73,low
2024-02-26T03:00Z,2024-02-26T03:30Z,69,69,low
2024-02-26T03:30Z,2024-02-26T04:00Z,68,68,low
2024-02-26T04:00Z,2024-02-26T04:30Z,70,66,low
2024-02-26T04:30Z,2024-02-26T05:00Z,80,67,low
2024-02-26T05:00Z,2024-02-26T05:30Z,105,68,low
2024-02-26T05:30Z,2024-02-26T06:00Z,138,77,moderate
2024-02-26T06:00Z,2024-02-26T06:30Z,159,102,moderate
2024-02-26T06:30Z,2024-02-26T07:00Z,173,156,moderate
2024-02-26T07:00Z,2024-02-26T07:30Z,173,149,moderate
2024-02-26T07:30Z,2024-02-26T08:00Z,166,154,moderate
2024-02-26T08:00Z,2024-02-26T08:30Z,163,166,moderate
2024-02-26T08:30Z,2024-02-26T09:00Z,163,167,moderate
2024-02-26T09:00Z,2024-02-26T09:30Z,159,162,moderate
2024-02-26T09:30Z,2024-02-26T10:00Z,158,161,moderate
2024-02-26T10:00Z,2024-02-26T10:30Z,157,158,moderate
2024-02-26T10:30Z,2024-02-26T11:00Z,153,155,moderate
2024-02-26T11:00Z,2024-02-26T11:30Z,151,156,moderate
2024-02-26T11:30Z,2024-02-26T12:00Z,151,157,moderate
2024-02-26T12:00Z,2024-02-26T12:30Z,153,155,moderate
2024-02-26T12:30Z,2024-02-26T13:00Z,157,157,moderate
2024-02-26T13:00Z,2024-02-26T13:30Z,157,161,moderate
2024-02-26T13:30Z,2024-02-26T14:00Z,159,163,moderate
2024-02-26T14:00Z,2024-02-26T14:30Z,164,164,moderate
2024-02-26T14:30Z,2024-02-26T15:00Z,166,170,moderate
2024-02-26T15:00Z,2024-02-26T15:30Z,177,170,moderate
2024-02-26T15:30Z,2024-02-26T16:00Z,180,173,moderate
2024-02-26T16:00Z,2024-02-26T16:30Z,185,184,moderate
2024-02-26T16:30Z,2024-02-26T17:00Z,190,199,high
2024-02-26T17:00Z,2024-02-26T17:30Z,195,214,high
2024-02-26T17:30Z,2024-02-26T18:00Z,196,202,high
2024-02-26T18:00Z,2024-02-26T18:30Z,197,202,high
2024-02-26T18:30Z,2024-02-26T19:00Z,196,203,high
2024-02-26T19:00Z,2024-02-26T19:30Z,196,203,high
2024-02-26T19:30Z,2024-02-26T20:00Z,196,202,high
2024-02-26T20:00Z,2024-02-26T20:30Z,192,196,high
2024-02-26T20:30Z,2024-02-26T21:00Z,186,200,moderate
2024-02-26T21:00Z,2024-02-26T21:30Z,176,193,moderate
2024-02-26T21:30Z,2024-02-26T22:00Z,166,185,moderate
2024-02-26T22:00Z,2024-02-26T22:30Z,153,177,moderate
2024-02-26T22:30Z,2024-02-26T23:00Z,142,168,moderate
2024-02-26T23:00Z,2024-02-26T23:30Z,135,160,moderate
2024-02-26T23:30Z,2024-02-27T00:00Z,131,138,moderate
2024-02-27T00:00Z,2024-02-27T00:30Z,129,134,moderate
2024-02-27T00:30Z,2024-02-27T01:00Z,129,133,moderate
2024-02-27T01:00Z,2024-02-27T01:30Z,128,122,moderate
2024-02-27T01:30Z,2024-02-27T02:00Z,131,124,moderate
2024-02-27T02:00Z,2024-02-27T02:30Z,128,131,moderate
2024-02-27T02:30Z,2024-02-27T03:00Z,133,133,moderate
2024-02-27T03:00Z,2024-02-27T03:30Z,132,130,moderate
2024-02-27T03:30Z,2024-02-27T04:00Z,145,143,moderate
2024-02-27T04:00Z,2024-02-27T04:30Z,146,147,moderate
2024-02-27T04:30Z,2024-02-27T05:00Z,156,147,moderate
2024-02-27T05:00Z,2024-02-27T05:30Z,165,147,moderate
2024-02-27T05:30Z,2024-02-27T06:00Z,185,178,moderate
2024-02-27T06:00Z,2024-02-27T06:30Z,197,173,high
2024-02-27T06:30Z,2024-02-27T07:00Z,202,194,high
2024-02-27T07:00Z,2024-02-27T07:30Z,201,205,high
2024-02-27T07:30Z,2024-02-27T08:00Z,199,196,high
2024-02-27T08:00Z,2024-02-27T08:30Z,197,197,high
2024-02-27T08:30Z,2024-02-27T09:00Z,193,198,high
2024-02-27T09:00Z,2024-02-27T09:30Z,187,197,moderate
2024-02-27T09:30Z,2024-02-27T10:00Z,180,196,moderate
2024-02-27T10:00Z,2024-02-27T10:30Z,175,187,moderate
2024-02-27T10:30Z,2024-02-27T11:00Z,172,184,moderate
2024-02-27T11:00Z,2024-02-27T11:30Z,160,181,moderate
2024-02-27T11:30Z,2024-02-27T12:00Z,156,173,moderate
2024-02-27T12:00Z,2024-02-27T12:30Z,151,163,moderate
2024-02-27T12:30Z,2024-02-27T13:00Z,152,158,moderate
2024-02-27T13:00Z,2024-02-27T13:30Z,150,151,moderate
2024-02-27T13:30Z,2024-02-27T14:00Z,160,150,moderate
2024-02-27T14:00Z,2024-02-27T14:30Z,168,149,moderate
2024-02-27T14:30Z,2024-02-27T15:00Z,170,148,moderate
2024-02-27T15:00Z,2024-02-27T15:30Z,179,151,moderate
2024-02-27T15:30Z,2024-02-27T16:00Z,179,175,moderate
2024-02-27T16:00Z,2024-02-27T16:30Z,186,190,moderate
2024-02-27T16:30Z,2024-02-27T17:00Z,192,198,high
2024-02-27T17:00Z,2024-02-27T17:30Z,195,191,high
2024-02-27T17:30Z,2024-02-27T18:00Z,192,197,high
2024-02-27T18:00Z,2024-02-27T18:30Z,189,202,moderate
2024-02-27T18:30Z,2024-02-27T19:00Z,192,189,high
2024-02-27T19:00Z,2024-02-27T19:30Z,201,186,high
2024-02-27T19:30Z,2024-02-27T20:00Z,206,198,high
2024-02-27T20:00Z,2024-02-27T20:30Z,204,198,high
2024-02-27T20:30Z,2024-02-27T21:00Z,193,202,high
2024-02-27T21:00Z,2024-02-27T21:30Z,187,193,moderate
2024-02-27T21:30Z,2024-02-27T22:00Z,176,188,moderate
2024-02-27T22:00Z,2024-02-27T22:30Z,174,177,moderate
2024-02-27T22:30Z,2024-02-27T23:00Z,169,165,moderate
2024-02-27T23:00Z,2024-02-27T23:30Z,166,150,moderate
2024-02-27T23:30Z,2024-02-28T00:00Z,165,129,moderate
2024-02-28T00:00Z,2024-02-28T00:30Z,174,140,moderate
2024-02-28T00:30Z,2024-02-28T01:00Z,173,144,moderate
2024-02-28T01:00Z,2024-02-28T01:30Z,177,148,moderate
2024-02-28T01:30Z,2024-02-28T02:00Z,179,150,moderate
2024-02-28T02:00Z,2024-02-28T02:30Z,179,156,moderate
2024-02-28T02:30Z,2024-02-28T03:00Z,169,159,moderate
2024-02-28T03:00Z,2024-02-28T03:30Z,171,155,moderate
2024-02-28T03:30Z,2024-02-28T04:00Z,181,156,moderate
2024-02-28T04:00Z,2024-02-28T04:30Z,190,162,high
2024-02-28T04:30Z,2024-02-28T05:00Z,214,164,high
2024-02-28T05:00Z,2024-02-28T05:30Z,220,165,high
2024-02-28T05:30Z,2024-02-28T06:00Z,226,174,high
2024-02-28T06:00Z,2024-02-28T06:30Z,226,180,high
2024-02-28T06:30Z,2024-02-28T07:00Z,226,189,high
2024-02-28T07:00Z,2024-02-28T07:30Z,228,192,high
2024-02-28T07:30Z,2024-02-28T08:00Z,214,188,high
2024-02-28T08:00Z,2024-02-28T08:30Z,209,182,high
2024-02-28T08:30Z,2024-02-28T09:00Z,200,177,high
2024-02-28T09:00Z,2024-02-28T09:30Z,199,173,high
2024-02-28T09:30Z,2024-02-28T10:00Z,193,166,high
2024-02-28T10:00Z,2024-02-28T10:30Z,183,159,moderate
2024-02-28T10:30Z,2024-02-28T11:00Z,159,152,moderate
2024-02-28T11:00Z,2024-02-28T11:30Z,149,182,moderate
2024-02-28T11:30Z,2024-02-28T12:00Z,147,171,moderate
2024-02-28T12:00Z,2024-02-28T12:30Z,142,163,moderate
2024-02-28T12:30Z,2024-02-28T13:00Z,142,143,moderate
2024-02-28T13:00Z,2024-02-28T13:30Z,140,141,moderate
2024-02-28T13:30Z,2024-02-28T14:00Z,148,140,moderate
2024-02-28T14:00Z,2024-02-28T14:30Z,145,143,moderate
2024-02-28T14:30Z,2024-02-28T15:00Z,139,149,moderate
2024-02-28T15:00Z,2024-02-28T15:30Z,136,148,moderate
2024-02-28T15:30Z,2024-02-28T16:00Z,140,143,moderate
2024-02-28T16:00Z,2024-02-28T16:30Z,138,144,moderate
2024-02-28T16:30Z,2024-02-28T17:00Z,139,142,moderate
2024-02-28T17:00Z,2024-02-28T17:30Z,139,138,moderate
2024-02-28T17:30Z,2024-02-28T18:00Z,141,137,moderate
2024-02-28T18:00Z,2024-02-28T18:30Z,137,129,moderate
2024-02-28T18:30Z,2024-02-28T19:00Z,125,133,moderate
2024-02-28T19:00Z,2024-02-28T19:30Z,119,131,moderate
2024-02-28T19:30Z,2024-02-28T20:00Z,108,113,low
2024-02-28T20:00Z,2024-02-28T20:30Z,96,117,low
2024-02-28T20:30Z,2024-02-28T21:00Z,85,111,low
2024-02-28T21:00Z,2024-02-28T21:30Z,74,111,low
2024-02-28T21:30Z,2024-02-28T22:00Z,77,74,low
2024-02-28T22:00Z,2024-02-28T22:30Z,71,72,low
2024-02-28T22:30Z,2024-02-28T23:00Z,64,71,low
2024-02-28T23:00Z,2024-02-28T23:30Z,66,67,low
2024-02-28T23:30Z,2024-02-29T00:00Z,73,74,low
2024-02-29T00:00Z,2024-02-29T00:30Z,74,61,low
2024-02-29T00:30Z,2024-02-29T01:00Z,74,78,low
2024-02-29T01:00Z,2024-02-29T01:30Z,69,66,low
2024-02-29T01:30Z,2024-02-29T02:00Z,64,73,low
2024-02-29T02:00Z,2024-02-29T02:30Z,68,70,low
2024-02-29T02:30Z,2024-02-29T03:00Z,71,62,low
2024-02-29T03:00Z,2024-02-29T03:30Z,68,62,low
2024-02-29T03:30Z,2024-02-29T04:00Z,58,67,low
2024-02-29T04:00Z,2024-02-29T04:30Z,62,64,low
2024-02-29T04:30Z,2024-02-29T05:00Z,70,61,low
2024-02-29T05:00Z,2024-02-29T05:30Z,72,62,low
2024-02-29T05:30Z,2024-02-29T06:00Z,92,71,low
2024-02-29T06:00Z,2024-02-29T06:30Z,114,74,moderate
2024-02-29T06:30Z,2024-02-29T07:00Z,127,107,moderate
2024-02-29T07:00Z,2024-02-29T07:30Z,134,137,moderate
2024-02-29T07:30Z,2024-02-29T08:00Z,134,139,moderate
2024-02-29T08:00Z,2024-02-29T08:30Z,142,135,moderate
2024-02-29T08:30Z,2024-02-29T09:00Z,144,137,moderate
2024-02-29T09:00Z,2024-02-29T09:30Z,143,138,moderate
2024-02-29T09:30Z,2024-02-29T10:00Z,142,140,moderate
2024-02-29T10:00Z,2024-02-29T10:30Z,140,145,moderate
2024-02-29T10:30Z,2024-02-29T11:00Z,140,144,moderate
2024-02-29T11:00Z,2024-02-29T11:30Z,146,144,moderate
2024-02-29T11:30Z,2024-02-29T12:00Z,150,142,moderate
2024-02-29T12:00Z,2024-02-29T12:30Z,154,146,moderate
2024-02-29T12:30Z,2024-02-29T13:00Z,155,146,moderate
2024-02-29T13:00Z,2024-02-29T13:30Z,152,149,moderate
2024-02-29T13:30Z,2024-02-29T14:00Z,149,154,moderate
2024-02-29T14:00Z,2024-02-29T14:30Z,157,156,moderate
2024-02-29T14:30Z,2024-02-29T15:00Z,158,151,moderate
2024-02-29T15:00Z,2024-02-29T15:30Z,163,153,moderate
2024-02-29T15:30Z,2024-02-29T16:00Z,162,159,moderate
2024-02-29T16:00Z,2024-02-29T16:30Z,169,168,moderate
2024-02-29T16:30Z,2024-02-29T17:00Z,173,178,moderate
2024-02-29T17:00Z,2024-02-29T17:30Z,177,197,moderate
2024-02-29T17:30Z,2024-02-29T18:00Z,179,195,moderate
2024-02-29T18:00Z,2024-02-29T18:30Z,179,198,moderate
2024-02-29T18:30Z,2024-02-29T19:00Z,182,200,moderate
2024-02-29T19:00Z,2024-02-29T19:30Z,182,185,moderate
2024-02-29T19:30Z,2024-02-29T20:00Z,189,190,moderate
2024-02-29T20:00Z,2024-02-29T20:30Z,187,198,moderate
2024-02-29T20:30Z,2024-02-29T21:00Z,182,198,moderate
2024-02-29T21:00Z,2024-02-29T21:30Z,176,190,moderate
2024-02-29T21:30Z,2024-02-29T22:00Z,177,181,moderate
2024-02-29T22:00Z,2024-02-29T22:30Z,168,175,moderate
2024-02-29T22:30Z,2024-02-29T23:00Z,158,165,moderate
2024-02-29T23:00Z,2024-02-29T23:30Z,159,151,moderate
2024-02-29T23:30Z,2024-03-01T00:00Z,155,172,moderate
2024-03-01T00:00Z,2024-03-01T00:30Z,157,174,moderate
2024-03-01T00:30Z,2024-03-01T01:00Z,161,150,moderate
2024-03-01T01:00Z,2024-03-01T01:30Z,157,152,moderate
2024-03-01T01:30Z,2024-03-01T02:00Z,155,154,moderate
2024-03-01T02:00Z,2024-03-01T02:30Z,143,146,moderate
2024-03-01T02:30Z,2024-03-01T03:00Z,128,144,moderate
2024-03-01T03:00Z,2024-03-01T03:30Z,121,134,moderate
2024-03-01T03:30Z,2024-03-01T04:00Z,117,125,moderate
2024-03-01T04:00Z,2024-03-01T04:30Z,114,109,moderate
2024-03-01T04:30Z,2024-03-01T05:00Z,127,118,moderate
2024-03-01T05:00Z,2024-03-01T05:30Z,135,112,moderate
2024-03-01T05:30Z,2024-03-01T06:00Z,151,140,moderate
2024-03-01T06:00Z,2024-03-01T06:30Z,155,142,moderate
2024-03-01T06:30Z,2024-03-01T07:00Z,154,158,moderate
2024-03-01T07:00Z,2024-03-01T07:30Z,153,161,moderate
2024-03-01T07:30Z,2024-03-01T08:00Z,152,156,moderate
2024-03-01T08:00Z,2024-03-01T08:30Z,147,152,moderate
2024-03-01T08:30Z,2024-03-01T09:00Z,141,152,moderate
2024-03-01T09:00Z,2024-03-01T09:30Z,139,143,moderate
2024-03-01T09:30Z,2024-03-01T10:00Z,135,137,moderate
2024-03-01T10:00Z,2024-03-01T10:30Z,132,134,moderate
2024-03-01T10:30Z,2024-03-01T11:00Z,124,134,moderate
2024-03-01T11:00Z,2024-03-01T11:30Z,118,133,moderate
2024-03-01T11:30Z,2024-03-01T12:00Z,115,133,moderate
2024-03-01T12:00Z,2024-03-01T12:30Z,113,134,moderate
2024-03-01T12:30Z,2024-03-01T13:00Z,112,115,moderate
2024-03-01T13:00Z,2024-03-01T13:30Z,109,109,low
2024-03-01T13:30Z,2024-03-01T14:00Z,112,103,moderate
2024-03-01T14:00Z,2024-03-01T14:30Z,118,106,moderate
2024-03-01T14:30Z,2024-03-01T15:00Z,129,111,moderate
2024-03-01T15:00Z,2024-03-01T15:30Z,138,121,moderate
2024-03-01T15:30Z,2024-03-01T16:00Z,147,133,moderate
2024-03-01T16:00Z,2024-03-01T16:30Z,151,146,moderate
2024-03-01T16:30Z,2024-03-01T17:00Z,153,157,moderate
2024-03-01T17:00Z,2024-03-01T17:30Z,163,159,moderate
2024-03-01T17:30Z,2024-03-01T18:00Z,171,161,moderate
2024-03-01T18:00Z,2024-03-01T18:30Z,171,163,moderate
2024-03-01T18:30Z,2024-03-01T19:00Z,171,168,moderate
2024-03-01T19:00Z,2024-03-01T19:30Z,174,172,moderate
2024-03-01T19:30Z,2024-03-01T20:00Z,174,170,moderate
2024-03-01T20:00Z,2024-03-01T20:30Z,173,174,moderate
2024-03-01T20:30Z,2024-03-01T21:00Z,161,173,moderate
2024-03-01T21:00Z,2024-03-01T21:30Z,156,172,moderate
2024-03-01T21:30Z,2024-03-01T22:00Z,157,166,moderate
2024-03-01T22:00Z,2024-03-01T22:30Z,144,159,moderate
2024-03-01T22:30Z,2024-03-01T23:00Z,130,152,moderate
2024-03-01T23:00Z,2024-03-01T23:30Z,133,145,moderate
2024-03-01T23:30Z,2024-03-02T00:00Z,143,139,moderate
2024-03-02T00:00Z,2024-03-02T00:30Z,150,136,moderate
2024-03-02T00:30Z,2024-03-02T01:00Z,148,144,moderate
2024-03-02T01:00Z,2024-03-02T01:30Z,139,146,moderate
2024-03-02T01:30Z,2024-03-02T02:00Z,140,151,moderate
2024-03-02T02:00Z,2024-03-02T02:30Z,140,147,moderate
2024-03-02T02:30Z,2024-03-02T03:00Z,142,140,moderate
2024-03-02T03:00Z,2024-03-02T03:30Z,138,136,moderate
2024-03-02T03:30Z,2024-03-02T04:00Z,137,132,moderate
2024-03-02T04:00Z,2024-03-02T04:30Z,131,130,moderate
2024-03-02T04:30Z,2024-03-02T05:00Z,131,137,moderate
2024-03-02T05:00Z,2024-03-02T05:30Z,128,137,moderate
2024-03-02T05:30Z,2024-03-02T06:00Z,126,140,moderate
2024-03-02T06:00Z,2024-03-02T06:30Z,126,141,moderate
2024-03-02T06:30Z,2024-03-02T07:00Z,136,137,moderate
2024-03-02T07:00Z,2024-03-02T07:30Z,137,133,moderate
2024-03-02T07:30Z,2024-03-02T08:00Z,145,137,moderate
2024-03-02T08:00Z,2024-03-02T08:30Z,150,139,moderate
2024-03-02T08:30Z,2024-03-02T09:00Z,153,151,moderate
2024-03-02T09:00Z,2024-03-02T09:30Z,150,150,moderate
2024-03-02T09:30Z,2024-03-02T10:00Z,145,153,moderate
2024-03-02T10:00Z,2024-03-02T10:30Z,143,151,moderate
2024-03-02T10:30Z,2024-03-02T11:00Z,141,144,moderate
2024-03-02T11:00Z,2024-03-02T11:30Z,138,145,moderate
2024-03-02T11:30Z,2024-03-02T12:00Z,133,143,moderate
2024-03-02T12:00Z,2024-03-02T12:30Z,133,143,moderate
2024-03-02T12:30Z,2024-03-02T13:00Z,133,137,moderate
2024-03-02T13:00Z,2024-03-02T13:30Z,127,137,moderate
2024-03-02T13:30Z,2024-03-02T14:00Z,121,138,moderate
2024-03-02T14:00Z,2024-03-02T14:30Z,122,127,moderate
2024-03-02T14:30Z,2024-03-02T15:00Z,120,118,moderate
2024-03-02T15:00Z,2024-03-02T15:30Z,127,120,moderate
2024-03-02T15:30Z,2024-03-02T16:00Z,145,123,moderate
2024-03-02T16:00Z,2024-03-02T16:30Z,155,136,moderate
2024-03-02T16:30Z,2024-03-02T17:00Z,162,158,moderate
2024-03-02T17:00Z,2024-03-02T17:30Z,166,167,moderate
2024-03-02T17:30Z,2024-03-02T18:00Z,165,171,moderate
2024-03-02T18:00Z,2024-03-02T18:30Z,163,170,moderate
2024-03-02T18:30Z,2024-03-02T19:00Z,165,171,moderate
2024-03-02T19:00Z,2024-03-02T19:30Z,166,166,moderate
2024-03-02T19:30Z,2024-03-02T20:00Z,163,169,moderate
2024-03-02T20:00Z,2024-03-02T20:30Z,160,167,moderate
2024-03-02T20:30Z,2024-03-02T21:00Z,157,170,moderate
2024-03-02T21:00Z,2024-03-02T21:30Z,154,162,moderate
2024-03-02T21:30Z,2024-03-02T22:00Z,151,156,moderate
2024-03-02T22:00Z,2024-03-02T22:30Z,146,154,moderate
2024-03-02T22:30Z,2024-03-02T23:00Z,139,151,moderate
2024-03-02T23:00Z,2024-03-02T23:30Z,137,147,moderate
2024-03-02T23:30Z,2024-03-03T00:00Z,139,139,moderate
2024-03-03T00:00Z,2024-03-03T00:30Z,146,144,moderate
2024-03-03T00:30Z,2024-03-03T01:00Z,144,150,moderate
2024-03-03T01:00Z,2024-03-03T01:30Z,146,156,moderate
2024-03-03T01:30Z,2024-03-03T02:00Z,148,147,moderate
2024-03-03T02:00Z,2024-03-03T02:30Z,149,154,moderate
2024-03-03T02:30Z,2024-03-03T03:00Z,152,155,moderate
2024-03-03T03:00Z,2024-03-03T03:30Z,152,156,moderate
2024-03-03T03:30Z,2024-03-03T04:00Z,149,157,moderate
2024-03-03T04:00Z,2024-03-03T04:30Z,149,158,moderate
2024-03-03T04:30Z,2024-03-03T05:00Z,151,156,moderate
2024-03-03T05:00Z,2024-03-03T05:30Z,154,157,moderate
2024-03-03T05:30Z,2024-03-03T06:00Z,155,155,moderate
2024-03-03T06:00Z,2024-03-03T06:30Z,162,162,moderate
2024-03-03T06:30Z,2024-03-03T07:00Z,169,164,moderate
2024-03-03T07:00Z,2024-03-03T07:30Z,173,143,moderate
2024-03-03T07:30Z,2024-03-03T08:00Z,173,179,moderate
2024-03-03T08:00Z,2024-03-03T08:30Z,169,176,moderate
2024-03-03T08:30Z,2024-03-03T09:00Z,165,175,moderate
2024-03-03T09:00Z,2024-03-03T09:30Z,165,173,moderate
2024-03-03T09:30Z,2024-03-03T10:00Z,162,167,moderate
2024-03-03T10:00Z,2024-03-03T10:30Z,161,163,moderate
2024-03-03T10:30Z,2024-03-03T11:00Z,164,162,moderate
2024-03-03T11:00Z,2024-03-03T11:30Z,165,162,moderate
2024-03-03T11:30Z,2024-03-03T12:00Z,168,163,moderate
2024-03-03T12:00Z,2024-03-03T12:30Z,170,168,moderate
2024-03-03T12:30Z,2024-03-03T13:00Z,173,174,moderate
2024-03-03T13:00Z,2024-03-03T13:30Z,171,175,moderate
2024-03-03T13:30Z,2024-03-03T14:00Z,178,179,moderate
2024-03-03T14:00Z,2024-03-03T14:30Z,185,178,moderate
2024-03-03T14:30Z,2024-03-03T15:00Z,195,190,high
2024-03-03T15:00Z,2024-03-03T15:30Z,210,194,high
2024-03-03T15:30Z,2024-03-03T16:00Z,225,203,high
2024-03-03T16:00Z,2024-03-03T16:30Z,233,214,high
2024-03-03T16:30Z,2024-03-03T17:00Z,234,233,high
2024-03-03T17:00Z,2024-03-03T17:30Z,237,241,high
2024-03-03T17:30Z,2024-03-03T18:00Z,238,240,high
2024-03-03T18:00Z,2024-03-03T18:30Z,235,243,high
2024-03-03T18:30Z,2024-03-03T19:00Z,238,241,high
2024-03-03T19:00Z,2024-03-03T19:30Z,240,240,high
2024-03-03T19:30Z,2024-03-03T20:00Z,246,239,high
2024-03-03T20:00Z,2024-03-03T20:30Z,242,233,high
2024-03-03T20:30Z,2024-03-03T21:00Z,244,247,high
2024-03-03T21:00Z,2024-03-03T21:30Z,236,248,high
2024-03-03T21:30Z,2024-03-03T22:00Z,208,247,high
2024-03-03T22:00Z,2024-03-03T22:30Z,201,244,high
2024-03-03T22:30Z,2024-03-03T23:00Z,203,212,high
2024-03-03T23:00Z,2024-03-03T23:30Z,202,211,high
2024-03-03T23:30Z,2024-03-04T00:00Z,201,213,high
2024-03-04T00:00Z,2024-03-04T00:30Z,204,213,high
2024-03-04T00:30Z,2024-03-04T01:00Z,206,207,high
2024-03-04T01:00Z,2024-03-04T01:30Z,206,210,high
2024-03-04T01:30Z,2024-03-04T02:00Z,206,212,high
2024-03-04T02:00Z,2024-03-04T02:30Z,203,216,high
2024-03-04T02:30Z,2024-03-04T03:00Z,207,219,high
2024-03-04T03:00Z,2024-03-04T03:30Z,207,209,high
2024-03-04T03:30Z,2024-03-04T04:00Z,216,206,high
2024-03-04T04:00Z,2024-03-04T04:30Z,218,208,high
2024-03-04T04:30Z,2024-03-04T05:00Z,238,223,high
2024-03-04T05:00Z,2024-03-04T05:30Z,248,219,high
2024-03-04T05:30Z,2024-03-04T06:00Z,253,236,high
2024-03-04T06:00Z,2024-03-04T06:30Z,255,245,high
2024-03-04T06:30Z,2024-03-04T07:00Z,247,227,high
2024-03-04T07:00Z,2024-03-04T07:30Z,244,212,high
2024-03-04T07:30Z,2024-03-04T08:00Z,242,243,high
2024-03-04T08:00Z,2024-03-04T08:30Z,231,235,high
2024-03-04T08:30Z,2024-03-04T09:00Z,224,242,high
2024-03-04T09:00Z,2024-03-04T09:30Z,214,224,high
2024-03-04T09:30Z,2024-03-04T10:00Z,202,218,high
2024-03-04T10:00Z,2024-03-04T10:30Z,189,211,moderate
2024-03-04T10:30Z,2024-03-04T11:00Z,176,201,moderate
2024-03-04T11:00Z,2024-03-04T11:30Z,168,185,moderate
2024-03-04T11:30Z,2024-03-04T12:00Z,162,177,moderate
2024-03-04T12:00Z,2024-03-04T12:30Z,158,178,moderate
2024-03-04T12:30Z,2024-03-04T13:00Z,160,167,moderate
2024-03-04T13:00Z,2024-03-04T13:30Z,159,153,moderate
2024-03-04T13:30Z,2024-03-04T14:00Z,167,159,moderate
2024-03-04T14:00Z,2024-03-04T14:30Z,167,159,moderate
2024-03-04T14:30Z,2024-03-04T15:00Z,174,167,moderate
2024-03-04T15:00Z,2024-03-04T15:30Z,175,171,moderate
2024-03-04T15:30Z,2024-03-04T16:00Z,175,175,moderate
2024-03-04T16:00Z,2024-03-04T16:30Z,172,171,moderate
2024-03-04T16:30Z,2024-03-04T17:00Z,188,174,moderate
2024-03-04T17:00Z,2024-03-04T17:30Z,183,174,moderate
2024-03-04T17:30Z,2024-03-04T18:00Z,179,175,moderate
2024-03-04T18:00Z,2024-03-04T18:30Z,173,172,moderate
2024-03-04T18:30Z,2024-03-04T19:00Z,170,172,moderate
2024-03-04T19:00Z,2024-03-04T19:30Z,160,170,moderate
2024-03-04T19:30Z,2024-03-04T20:00Z,151,163,moderate
2024-03-04T20:00Z,2024-03-04T20:30Z,139,154,moderate
2024-03-04T20:30Z,2024-03-04T21:00Z,121,138,moderate
2024-03-04T21:00Z,2024-03-04T21:30Z,111,135,moderate
2024-03-04T21:30Z,2024-03-04T22:00Z,102,126,low
2024-03-04T22:00Z,2024-03-04T22:30Z,94,101,low
2024-03-04T22:30Z,2024-03-04T23:00Z,119,112,moderate
2024-03-04T23:00Z,2024-03-04T23:30Z,128,91,moderate
2024-03-04T23:30Z,2024-03-05T00:00Z,128,82,moderate
2024-03-05T00:00Z,2024-03-05T00:30Z,135,78,moderate
2024-03-05T00:30Z,2024-03-05T01:00Z,131,107,moderate
2024-03-05T01:00Z,2024-03-05T01:30Z,138,123,moderate
2024-03-05T01:30Z,2024-03-05T02:00Z,138,105,moderate
2024-03-05T02:00Z,2024-03-05T02:30Z,139,112,moderate
2024-03-05T02:30Z,2024-03-05T03:00Z,140,113,moderate
2024-03-05T03:00Z,2024-03-05T03:30Z,139,116,moderate
2024-03-05T03:30Z,2024-03-05T04:00Z,138,115,moderate
2024-03-05T04:00Z,2024-03-05T04:30Z,145,112,moderate
2024-03-05T04:30Z,2024-03-05T05:00Z,161,117,moderate
2024-03-05T05:00Z,2024-03-05T05:30Z,175,130,moderate
2024-03-05T05:30Z,2024-03-05T06:00Z,197,158,high
2024-03-05T06:00Z,2024-03-05T06:30Z,212,188,high
2024-03-05T06:30Z,2024-03-05T07:00Z,206,195,high
2024-03-05T07:00Z,2024-03-05T07:30Z,213,205,high
2024-03-05T07:30Z,2024-03-05T08:00Z,215,203,high
2024-03-05T08:00Z,2024-03-05T08:30Z,213,208,high
2024-03-05T08:30Z,2024-03-05T09:00Z,206,214,high
2024-03-05T09:00Z,2024-03-05T09:30Z,203,215,high
2024-03-05T09:30Z,2024-03-05T10:00Z,200,207,high
2024-03-05T10:00Z,2024-03-05T10:30Z,196,199,high
2024-03-05T10:30Z,2024-03-05T11:00Z,192,201,high
2024-03-05T11:00Z,2024-03-05T11:30Z,190,198,high
2024-03-05T11:30Z,2024-03-05T12:00Z,190,194,high
2024-03-05T12:00Z,2024-03-05T12:30Z,189,193,moderate
2024-03-05T12:30Z,2024-03-05T13:00Z,193,193,high
2024-03-05T13:00Z,2024-03-05T13:30Z,193,193,high
2024-03-05T13:30Z,2024-03-05T14:00Z,194,200,high
2024-03-05T14:00Z,2024-03-05T14:30Z,199,203,high
2024-03-05T14:30Z,2024-03-05T15:00Z,211,203,high
2024-03-05T15:00Z,2024-03-05T15:30Z,226,211,high
2024-03-05T15:30Z,2024-03-05T16:00Z,235,221,high
2024-03-05T16:00Z,2024-03-05T16:30Z,236,231,high
2024-03-05T16:30Z,2024-03-05T17:00Z,244,244,high
2024-03-05T17:00Z,2024-03-05T17:30Z,247,245,high
2024-03-05T17:30Z,2024-03-05T18:00Z,256,253,high
2024-03-05T18:00Z,2024-03-05T18:30Z,259,255,high
2024-03-05T18:30Z,2024-03-05T19:00Z,254,260,high
2024-03-05T19:00Z,2024-03-05T19:30Z,252,263,high
2024-03-05T19:30Z,2024-03-05T20:00Z,258,263,high
2024-03-05T20:00Z,2024-03-05T20:30Z,258,258,high
2024-03-05T20:30Z,2024-03-05T21:00Z,255,264,high
2024-03-05T21:00Z,2024-03-05T21:30Z,248,257,high
2024-03-05T21:30Z,2024-03-05T22:00Z,242,254,high
2024-03-05T22:00Z,2024-03-05T22:30Z,231,239,high
2024-03-05T22:30Z,2024-03-05T23:00Z,224,229,high
2024-03-05T23:00Z,2024-03-05T23:30Z,217,229,high
2024-03-05T23:30Z,2024-03-06T00:00Z,215,198,high
2024-03-06T00:00Z,2024-03-06T00:30Z,215,193,high
2024-03-06T00:30Z,2024-03-06T01:00Z,213,194,high
2024-03-06T01:00Z,2024-03-06T01:30Z,210,192,high
2024-03-06T01:30Z,2024-03-06T02:00Z,211,190,high
2024-03-06T02:00Z,2024-03-06T02:30Z,208,193,high
2024-03-06T02:30Z,2024-03-06T03:00Z,211,188,high
2024-03-06T03:00Z,2024-03-06T03:30Z,212,187,high
2024-03-06T03:30Z,2024-03-06T04:00Z,210,185,high
2024-03-06T04:00Z,2024-03-06T04:30Z,213,191,high
2024-03-06T04:30Z,2024-03-06T05:00Z,233,184,high
2024-03-06T05:00Z,2024-03-06T05:30Z,239,206,high
2024-03-06T05:30Z,2024-03-06T06:00Z,256,227,high
2024-03-06T06:00Z,2024-03-06T06:30Z,262,238,high
2024-03-06T06:30Z,2024-03-06T07:00Z,257,249,high
2024-03-06T07:00Z,2024-03-06T07:30Z,259,252,high
2024-03-06T07:30Z,2024-03-06T08:00Z,243,248,high
2024-03-06T08:00Z,2024-03-06T08:30Z,242,252,high
2024-03-06T08:30Z,2024-03-06T09:00Z,235,233,high
2024-03-06T09:00Z,2024-03-06T09:30Z,229,237,high
2024-03-06T09:30Z,2024-03-06T10:00Z,219,227,high
2024-03-06T10:00Z,2024-03-06T10:30Z,214,224,high
2024-03-06T10:30Z,2024-03-06T11:00Z,210,217,high
2024-03-06T11:00Z,2024-03-06T11:30Z,203,212,high
2024-03-06T11:30Z,2024-03-06T12:00Z,199,212,high
2024-03-06T12:00Z,2024-03-06T12:30Z,199,201,high
2024-03-06T12:30Z,2024-03-06T13:00Z,205,198,high
2024-03-06T13:00Z,2024-03-06T13:30Z,209,206,high
2024-03-06T13:30Z,2024-03-06T14:00Z,218,221,high
2024-03-06T14:00Z,2024-03-06T14:30Z,223,214,high
2024-03-06T14:30Z,2024-03-06T15:00Z,226,218,high
2024-03-06T15:00Z,2024-03-06T15:30Z,231,224,high
2024-03-06T15:30Z,2024-03-06T16:00Z,226,236,high
2024-03-06T16:00Z,2024-03-06T16:30Z,234,247,high
2024-03-06T16:30Z,2024-03-06T17:00Z,247,253,high
2024-03-06T17:00Z,2024-03-06T17:30Z,249,250,high
2024-03-06T17:30Z,2024-03-06T18:00Z,240,247,high
2024-03-06T18:00Z,2024-03-06T18:30Z,240,252,high
2024-03-06T18:30Z,2024-03-06T19:00Z,247,240,high
2024-03-06T19:00Z,2024-03-06T19:30Z,243,241,high
2024-03-06T19:30Z,2024-03-06T20:00Z,238,251,high
2024-03-06T20:00Z,2024-03-06T20:30Z,232,243,high
2024-03-06T20:30Z,2024-03-06T21:00Z,220,233,high
2024-03-06T21:00Z,2024-03-06T21:30Z,214,230,high
2024-03-06T21:30Z,2024-03-06T22:00Z,214,184,high
2024-03-06T22:00Z,2024-03-06T22:30Z,207,189,high
2024-03-06T22:30Z,2024-03-06T23:00Z,184,191,moderate
2024-03-06T23:00Z,2024-03-06T23:30Z,176,176,moderate
2024-03-06T23:30Z,2024-03-07T00:00Z,171,176,moderate
2024-03-07T00:00Z,2024-03-07T00:30Z,171,153,moderate
2024-03-07T00:30Z,2024-03-07T01:00Z,171,156,moderate
2024-03-07T01:00Z,2024-03-07T01:30Z,169,137,moderate
2024-03-07T01:30Z,2024-03-07T02:00Z,167,136,moderate
2024-03-07T02:00Z,2024-03-07T02:30Z,163,139,moderate
2024-03-07T02:30Z,2024-03-07T03:00Z,169,139,moderate
2024-03-07T03:00Z,2024-03-07T03:30Z,173,140,moderate
2024-03-07T03:30Z,2024-03-07T04:00Z,186,143,moderate
2024-03-07T04:00Z,2024-03-07T04:30Z,183,150,moderate
2024-03-07T04:30Z,2024-03-07T05:00Z,200,163,high
2024-03-07T05:00Z,2024-03-07T05:30Z,205,153,high
2024-03-07T05:30Z,2024-03-07T06:00Z,199,176,high
2024-03-07T06:00Z,2024-03-07T06:30Z,204,190,high
2024-03-07T06:30Z,2024-03-07T07:00Z,192,188,high
2024-03-07T07:00Z,2024-03-07T07:30Z,188,153,moderate
2024-03-07T07:30Z,2024-03-07T08:00Z,176,175,moderate
2024-03-07T08:00Z,2024-03-07T08:30Z,175,174,moderate
2024-03-07T08:30Z,2024-03-07T09:00Z,172,171,moderate
2024-03-07T09:00Z,2024-03-07T09:30Z,162,161,moderate
2024-03-07T09:30Z,2024-03-07T10:00Z,153,158,moderate
2024-03-07T10:00Z,2024-03-07T10:30Z,146,152,moderate
2024-03-07T10:30Z,2024-03-07T11:00Z,127,137,moderate
2024-03-07T11:00Z,2024-03-07T11:30Z,118,134,moderate
2024-03-07T11:30Z,2024-03-07T12:00Z,115,123,moderate
2024-03-07T12:00Z,2024-03-07T12:30Z,120,122,moderate
2024-03-07T12:30Z,2024-03-07T13:00Z,121,117,moderate
2024-03-07T13:00Z,2024-03-07T13:30Z,121,119,moderate
2024-03-07T13:30Z,2024-03-07T14:00Z,134,125,moderate
2024-03-07T14:00Z,2024-03-07T14:30Z,129,119,moderate
2024-03-07T14:30Z,2024-03-07T15:00Z,139,115,moderate
2024-03-07T15:00Z,2024-03-07T15:30Z,150,123,moderate
2024-03-07T15:30Z,2024-03-07T16:00Z,152,145,moderate
2024-03-07T16:00Z,2024-03-07T16:30Z,156,148,moderate
2024-03-07T16:30Z,2024-03-07T17:00Z,152,154,moderate
2024-03-07T17:00Z,2024-03-07T17:30Z,156,160,moderate
2024-03-07T17:30Z,2024-03-07T18:00Z,151,155,moderate
2024-03-07T18:00Z,2024-03-07T18:30Z,151,159,moderate
2024-03-07T18:30Z,2024-03-07T19:00Z,149,152,moderate
2024-03-07T19:00Z,2024-03-07T19:30Z,141,154,moderate
2024-03-07T19:30Z,2024-03-07T20:00Z,128,151,moderate
2024-03-07T20:00Z,2024-03-07T20:30Z,110,146,moderate
2024-03-07T20:30Z,2024-03-07T21:00Z,91,130,low
2024-03-07T21:00Z,2024-03-07T21:30Z,80,113,low
2024-03-07T21:30Z,2024-03-07T22:00Z,81,91,low
2024-03-07T22:00Z,2024-03-07T22:30Z,77,87,low
2024-03-07T22:30Z,2024-03-07T23:00Z,69,79,low
2024-03-07T23:00Z,2024-03-07T23:30Z,65,77,low
2024-03-07T23:30Z,2024-03-08T00:00Z,68,76,low
2024-03-08T00:00Z,2024-03-08T00:30Z,70,67,low
2024-03-08T00:30Z,2024-03-08T01:00Z,69,68,low
2024-03-08T01:00Z,2024-03-08T01:30Z,69,74,low
2024-03-08T01:30Z,2024-03-08T02:00Z,74,74,low
2024-03-08T02:00Z,2024-03-08T02:30Z,76,72,low
2024-03-08T02:30Z,2024-03-08T03:00Z,75,74,low
2024-03-08T03:00Z,2024-03-08T03:30Z,79,74,low
2024-03-08T03:30Z,2024-03-08T04:00Z,74,73,low
2024-03-08T04:00Z,2024-03-08T04:30Z,75,77,low
2024-03-08T04:30Z,2024-03-08T05:00Z,82,66,low
2024-03-08T05:00Z,2024-03-08T05:30Z,90,73,low
2024-03-08T05:30Z,2024-03-08T06:00Z,85,78,low
2024-03-08T06:00Z,2024-03-08T06:30Z,95,89,low
2024-03-08T06:30Z,2024-03-08T07:00Z,100,90,low
2024-03-08T07:00Z,2024-03-08T07:30Z,102,76,low
2024-03-08T07:30Z,2024-03-08T08:00Z,100,89,low
2024-03-08T08:00Z,2024-03-08T08:30Z,101,88,low
2024-03-08T08:30Z,2024-03-08T09:00Z,96,88,low
2024-03-08T09:00Z,2024-03-08T09:30Z,90,89,low
2024-03-08T09:30Z,2024-03-08T10:00Z,79,81,low
2024-03-08T10:00Z,2024-03-08T10:30Z,68,73,low
2024-03-08T10:30Z,2024-03-08T11:00Z,58,69,low
2024-03-08T11:00Z,2024-03-08T11:30Z,55,68,low
2024-03-08T11:30Z,2024-03-08T12:00Z,55,58,low
2024-03-08T12:00Z,2024-03-08T12:30Z,52,58,low
2024-03-08T12:30Z,2024-03-08T13:00Z,50,55,low
2024-03-08T13:00Z,2024-03-08T13:30Z,50,53,low
2024-03-08T13:30Z,2024-03-08T14:00Z,51,50,low
2024-03-08T14:00Z,2024-03-08T14:30Z,55,57,low
2024-03-08T14:30Z,2024-03-08T15:00Z,58,49,low
2024-03-08T15:00Z,2024-03-08T15:30Z,71,52,low
2024-03-08T15:30Z,2024-03-08T16:00Z,76,60,low
2024-03-08T16:00Z,2024-03-08T16:30Z,85,65,low
2024-03-08T16:30Z,2024-03-08T17:00Z,90,72,low
2024-03-08T17:00Z,2024-03-08T17:30Z,97,74,low
2024-03-08T17:30Z,2024-03-08T18:00Z,101,82,low
2024-03-08T18:00Z,2024-03-08T18:30Z,102,92,low
2024-03-08T18:30Z,2024-03-08T19:00Z,96,139,low
2024-03-08T19:00Z,2024-03-08T19:30Z,93,152,low
2024-03-08T19:30Z,2024-03-08T20:00Z,87,128,low
2024-03-08T20:00Z,2024-03-08T20:30Z,80,119,low
2024-03-08T20:30Z,2024-03-08T21:00Z,81,107,low
2024-03-08T21:00Z,2024-03-08T21:30Z,71,99,low
2024-03-08T21:30Z,2024-03-08T22:00Z,67,93,low
2024-03-08T22:00Z,2024-03-08T22:30Z,63,93,low
2024-03-08T22:30Z,2024-03-08T23:00Z,70,94,low
2024-03-08T23:00Z,2024-03-08T23:30Z,68,88,low
2024-03-08T23:30Z,2024-03-09T00:00Z,73,87,low
2024-03-09T00:00Z,2024-03-09T00:30Z,76,83,low
2024-03-09T00:30Z,2024-03-09T01:00Z,77,80,low
2024-03-09T01:00Z,2024-03-09T01:30Z,71,75,low
2024-03-09T01:30Z,2024-03-09T02:00Z,69,68,low
2024-03-09T02:00Z,2024-03-09T02:30Z,70,67,low
2024-03-09T02:30Z,2024-03-09T03:00Z,70,66,low
2024-03-09T03:00Z,2024-03-09T03:30Z,70,67,low
2024-03-09T03:30Z,2024-03-09T04:00Z,72,66,low
2024-03-09T04:00Z,2024-03-09T04:30Z,70,71,low
2024-03-09T04:30Z,2024-03-09T05:00Z,69,74,low
2024-03-09T05:00Z,2024-03-09T05:30Z,70,85,low
2024-03-09T05:30Z,2024-03-09T06:00Z,71,67,low
2024-03-09T06:00Z,2024-03-09T06:30Z,75,68,low
2024-03-09T06:30Z,2024-03-09T07:00Z,71,68,low
2024-03-09T07:00Z,2024-03-09T07:30Z,70,71,low
2024-03-09T07:30Z,2024-03-09T08:00Z,60,76,low
2024-03-09T08:00Z,2024-03-09T08:30Z,61,63,low
2024-03-09T08:30Z,2024-03-09T09:00Z,60,58,low
2024-03-09T09:00Z,2024-03-09T09:30Z,59,57,low
2024-03-09T09:30Z,2024-03-09T10:00Z,58,47,low
2024-03-09T10:00Z,2024-03-09T10:30Z,55,49,low
2024-03-09T10:30Z,2024-03-09T11:00Z,55,45,low
2024-03-09T11:00Z,2024-03-09T11:30Z,55,50,low
2024-03-09T11:30Z,2024-03-09T12:00Z,54,50,low
2024-03-09T12:00Z,2024-03-09T12:30Z,53,50,low
2024-03-09T12:30Z,2024-03-09T13:00Z,50,49,low
2024-03-09T13:00Z,2024-03-09T13:30Z,47,49,low
2024-03-09T13:30Z,2024-03-09T14:00Z,47,49,low
2024-03-09T14:00Z,2024-03-09T14:30Z,47,48,low
2024-03-09T14:30Z,2024-03-09T15:00Z,49,43,low
2024-03-09T15:00Z,2024-03-09T15:30Z,51,47,low
2024-03-09T15:30Z,2024-03-09T16:00Z,61,48,low
2024-03-09T16:00Z,2024-03-09T16:30Z,73,52,low
2024-03-09T16:30Z,2024-03-09T17:00Z,82,60,low
2024-03-09T17:00Z,2024-03-09T17:30Z,88,71,low
2024-03-09T17:30Z,2024-03-09T18:00Z,90,76,low
2024-03-09T18:00Z,2024-03-09T18:30Z,90,86,low
2024-03-09T18:30Z,2024-03-09T19:00Z,85,86,low
2024-03-09T19:00Z,2024-03-09T19:30Z,79,78,low
2024-03-09T19:30Z,2024-03-09T20:00Z,81,69,low
2024-03-09T20:00Z,2024-03-09T20:30Z,78,71,low
2024-03-09T20:30Z,2024-03-09T21:00Z,73,63,low
2024-03-09T21:00Z,2024-03-09T21:30Z,68,61,low
2024-03-09T21:30Z,2024-03-09T22:00Z,74,59,low
2024-03-09T22:00Z,2024-03-09T22:30Z,73,57,low
2024-03-09T22:30Z,2024-03-09T23:00Z,77,64,low
2024-03-09T23:00Z,2024-03-09T23:30Z,72,64,low
2024-03-09T23:30Z,2024-03-10T00:00Z,76,67,low
2024-03-10T00:00Z,2024-03-10T00:30Z,84,69,low
2024-03-10T00:30Z,2024-03-10T01:00Z,75,67,low
2024-03-10T01:00Z,2024-03-10T01:30Z,76,73,low
2024-03-10T01:30Z,2024-03-10T02:00Z,79,68,low
2024-03-10T02:00Z,2024-03-10T02:30Z,76,69,low
2024-03-10T02:30Z,2024-03-10T03:00Z,81,66,low
2024-03-10T03:00Z,2024-03-10T03:30Z,79,68,low
2024-03-10T03:30Z,2024-03-10T04:00Z,82,77,low
2024-03-10T04:00Z,2024-03-10T04:30Z,85,81,low
2024-03-10T04:30Z,2024-03-10T05:00Z,89,79,low
2024-03-10T05:00Z,2024-03-10T05:30Z,85,83,low
2024-03-10T05:30Z,2024-03-10T06:00Z,85,87,low
2024-03-10T06:00Z,2024-03-10T06:30Z,90,86,low
2024-03-10T06:30Z,2024-03-10T07:00Z,90,83,low
2024-03-10T07:00Z,2024-03-10T07:30Z,85,82,low
2024-03-10T07:30Z,2024-03-10T08:00Z,80,87,low
2024-03-10T08:00Z,2024-03-10T08:30Z,77,85,low
2024-03-10T08:30Z,2024-03-10T09:00Z,72,79,low
2024-03-10T09:00Z,2024-03-10T09:30Z,81,74,low
2024-03-10T09:30Z,2024-03-10T10:00Z,88,70,low
2024-03-10T10:00Z,2024-03-10T10:30Z,95,66,low
2024-03-10T10:30Z,2024-03-10T11:00Z,94,69,low
2024-03-10T11:00Z,2024-03-10T11:30Z,98,78,low
2024-03-10T11:30Z,2024-03-10T12:00Z,98,90,low
2024-03-10T12:00Z,2024-03-10T12:30Z,103,73,low
2024-03-10T12:30Z,2024-03-10T13:00Z,104,94,low
2024-03-10T13:00Z,2024-03-10T13:30Z,104,95,low
2024-03-10T13:30Z,2024-03-10T14:00Z,103,98,low
2024-03-10T14:00Z,2024-03-10T14:30Z,106,98,low
2024-03-10T14:30Z,2024-03-10T15:00Z,108,99,low
2024-03-10T15:00Z,2024-03-10T15:30Z,114,104,moderate
2024-03-10T15:30Z,2024-03-10T16:00Z,113,107,moderate
2024-03-10T16:00Z,2024-03-10T16:30Z,117,104,moderate
2024-03-10T16:30Z,2024-03-10T17:00Z,127,116,moderate
2024-03-10T17:00Z,2024-03-10T17:30Z,132,117,moderate
2024-03-10T17:30Z,2024-03-10T18:00Z,136,123,moderate
2024-03-10T18:00Z,2024-03-10T18:30Z,134,123,moderate
2024-03-10T18:30Z,2024-03-10T19:00Z,130,130,moderate
2024-03-10T19:00Z,2024-03-10T19:30Z,134,127,moderate
2024-03-10T19:30Z,2024-03-10T20:00Z,138,122,moderate
2024-03-10T20:00Z,2024-03-10T20:30Z,132,124,moderate
2024-03-10T20:30Z,2024-03-10T21:00Z,128,131,moderate
2024-03-10T21:00Z,2024-03-10T21:30Z,122,195,moderate
2024-03-10T21:30Z,2024-03-10T22:00Z,119,119,moderate
2024-03-10T22:00Z,2024-03-10T22:30Z,109,122,low
2024-03-10T22:30Z,2024-03-10T23:00Z,105,113,low
2024-03-10T23:00Z,2024-03-10T23:30Z,100,109,low
2024-03-10T23:30Z,2024-03-11T00:00Z,101,89,low
2024-03-11T00:00Z,2024-03-11T00:30Z,105,105,low
2024-03-11T00:30Z,2024-03-11T01:00Z,106,101,low
2024-03-11T01:00Z,2024-03-11T01:30Z,110,101,moderate
2024-03-11T01:30Z,2024-03-11T02:00Z,118,95,moderate
2024-03-11T02:00Z,2024-03-11T02:30Z,113,94,moderate
2024-03-11T02:30Z,2024-03-11T03:00Z,115,121,moderate
2024-03-11T03:00Z,2024-03-11T03:30Z,117,108,moderate
2024-03-11T03:30Z,2024-03-11T04:00Z,122,109,moderate
2024-03-11T04:00Z,2024-03-11T04:30Z,130,115,moderate
2024-03-11T04:30Z,2024-03-11T05:00Z,158,128,moderate
2024-03-11T05:00Z,2024-03-11T05:30Z,173,133,moderate
2024-03-11T05:30Z,2024-03-11T06:00Z,199,151,high
2024-03-11T06:00Z,2024-03-11T06:30Z,216,174,high
2024-03-11T06:30Z,2024-03-11T07:00Z,236,198,high
2024-03-11T07:00Z,2024-03-11T07:30Z,235,222,high
2024-03-11T07:30Z,2024-03-11T08:00Z,214,230,high
2024-03-11T08:00Z,2024-03-11T08:30Z,221,238,high
2024-03-11T08:30Z,2024-03-11T09:00Z,218,220,high
2024-03-11T09:00Z,2024-03-11T09:30Z,218,226,high
2024-03-11T09:30Z,2024-03-11T10:00Z,220,214,high
2024-03-11T10:00Z,2024-03-11T10:30Z,223,215,high
2024-03-11T10:30Z,2024-03-11T11:00Z,226,215,high
2024-03-11T11:00Z,2024-03-11T11:30Z,229,221,high
2024-03-11T11:30Z,2024-03-11T12:00Z,234,228,high
2024-03-11T12:00Z,2024-03-11T12:30Z,240,229,high
2024-03-11T12:30Z,2024-03-11T13:00Z,242,231,high
2024-03-11T13:00Z,2024-03-11T13:30Z,244,234,high
2024-03-11T13:30Z,2024-03-11T14:00Z,246,235,high
2024-03-11T14:00Z,2024-03-11T14:30Z,248,237,high
2024-03-11T14:30Z,2024-03-11T15:00Z,252,237,high
2024-03-11T15:00Z,2024-03-11T15:30Z,250,238,high
2024-03-11T15:30Z,2024-03-11T16:00Z,246,247,high
2024-03-11T16:00Z,2024-03-11T16:30Z,250,248,high
2024-03-11T16:30Z,2024-03-11T17:00Z,253,245,high
2024-03-11T17:00Z,2024-03-11T17:30Z,254,243,high
2024-03-11T17:30Z,2024-03-11T18:00Z,258,249,high
2024-03-11T18:00Z,2024-03-11T18:30Z,258,254,high
2024-03-11T18:30Z,2024-03-11T19:00Z,258,254,high
2024-03-11T19:00Z,2024-03-11T19:30Z,261,252,high
2024-03-11T19:30Z,2024-03-11T20:00Z,258,263,high
2024-03-11T20:00Z,2024-03-11T20:30Z,258,259,high
2024-03-11T20:30Z,2024-03-11T21:00Z,247,258,high
2024-03-11T21:00Z,2024-03-11T21:30Z,237,249,high
2024-03-11T21:30Z,2024-03-11T22:00Z,236,246,high
2024-03-11T22:00Z,2024-03-11T22:30Z,226,231,high
2024-03-11T22:30Z,2024-03-11T23:00Z,212,223,high
2024-03-11T23:00Z,2024-03-11T23:30Z,206,216,high
2024-03-11T23:30Z,2024-03-12T00:00Z,206,204,high
2024-03-12T00:00Z,2024-03-12T00:30Z,210,204,high
2024-03-12T00:30Z,2024-03-12T01:00Z,208,198,high
2024-03-12T01:00Z,2024-03-12T01:30Z,202,193,high
2024-03-12T01:30Z,2024-03-12T02:00Z,197,197,high
2024-03-12T02:00Z,2024-03-12T02:30Z,197,197,high
2024-03-12T02:30Z,2024-03-12T03:00Z,196,198,high
2024-03-12T03:00Z,2024-03-12T03:30Z,190,200,high
2024-03-12T03:30Z,2024-03-12T04:00Z,200,202,high
2024-03-12T04:00Z,2024-03-12T04:30Z,200,178,high
2024-03-12T04:30Z,2024-03-12T05:00Z,208,190,high
2024-03-12T05:00Z,2024-03-12T05:30Z,216,186,high
2024-03-12T05:30Z,2024-03-12T06:00Z,235,208,high
2024-03-12T06:00Z,2024-03-12T06:30Z,239,209,high
2024-03-12T06:30Z,2024-03-12T07:00Z,234,223,high
2024-03-12T07:00Z,2024-03-12T07:30Z,230,227,high
2024-03-12T07:30Z,2024-03-12T08:00Z,220,224,high
2024-03-12T08:00Z,2024-03-12T08:30Z,215,224,high
2024-03-12T08:30Z,2024-03-12T09:00Z,210,218,high
2024-03-12T09:00Z,2024-03-12T09:30Z,209,207,high
2024-03-12T09:30Z,2024-03-12T10:00Z,207,208,high
2024-03-12T10:00Z,2024-03-12T10:30Z,202,209,high
2024-03-12T10:30Z,2024-03-12T11:00Z,197,198,high
2024-03-12T11:00Z,2024-03-12T11:30Z,192,188,high
2024-03-12T11:30Z,2024-03-12T12:00Z,188,179,moderate
2024-03-12T12:00Z,2024-03-12T12:30Z,184,175,moderate
2024-03-12T12:30Z,2024-03-12T13:00Z,180,172,moderate
2024-03-12T13:00Z,2024-03-12T13:30Z,176,167,moderate
2024-03-12T13:30Z,2024-03-12T14:00Z,188,179,moderate
2024-03-12T14:00Z,2024-03-12T14:30Z,191,177,high
2024-03-12T14:30Z,2024-03-12T15:00Z,194,191,high
2024-03-12T15:00Z,2024-03-12T15:30Z,192,194,high
2024-03-12T15:30Z,2024-03-12T16:00Z,192,195,high
2024-03-12T16:00Z,2024-03-12T16:30Z,187,193,moderate
2024-03-12T16:30Z,2024-03-12T17:00Z,190,194,high
2024-03-12T17:00Z,2024-03-12T17:30Z,194,188,high
2024-03-12T17:30Z,2024-03-12T18:00Z,198,189,high
2024-03-12T18:00Z,2024-03-12T18:30Z,196,196,high
2024-03-12T18:30Z,2024-03-12T19:00Z,193,193,high
2024-03-12T19:00Z,2024-03-12T19:30Z,182,189,moderate
2024-03-12T19:30Z,2024-03-12T20:00Z,164,185,moderate
2024-03-12T20:00Z,2024-03-12T20:30Z,150,173,moderate
2024-03-12T20:30Z,2024-03-12T21:00Z,126,140,moderate
2024-03-12T21:00Z,2024-03-12T21:30Z,99,128,low
2024-03-12T21:30Z,2024-03-12T22:00Z,91,112,low
2024-03-12T22:00Z,2024-03-12T22:30Z,82,128,low
2024-03-12T22:30Z,2024-03-12T23:00Z,84,95,low
2024-03-12T23:00Z,2024-03-12T23:30Z,79,84,low
2024-03-12T23:30Z,2024-03-13T00:00Z,87,91,low
2024-03-13T00:00Z,2024-03-13T00:30Z,92,82,low
2024-03-13T00:30Z,2024-03-13T01:00Z,82,86,low
2024-03-13T01:00Z,2024-03-13T01:30Z,78,85,low
2024-03-13T01:30Z,2024-03-13T02:00Z,79,81,low
2024-03-13T02:00Z,2024-03-13T02:30Z,73,76,low
2024-03-13T02:30Z,2024-03-13T03:00Z,79,86,low
2024-03-13T03:00Z,2024-03-13T03:30Z,75,74,low
2024-03-13T03:30Z,2024-03-13T04:00Z,82,85,low
2024-03-13T04:00Z,2024-03-13T04:30Z,80,81,low
2024-03-13T04:30Z,2024-03-13T05:00Z,81,84,low
2024-03-13T05:00Z,2024-03-13T05:30Z,91,84,low
2024-03-13T05:30Z,2024-03-13T06:00Z,99,84,low
2024-03-13T06:00Z,2024-03-13T06:30Z,110,89,moderate
2024-03-13T06:30Z,2024-03-13T07:00Z,108,97,low
2024-03-13T07:00Z,2024-03-13T07:30Z,112,100,moderate
2024-03-13T07:30Z,2024-03-13T08:00Z,95,109,low
2024-03-13T08:00Z,2024-03-13T08:30Z,95,112,low
2024-03-13T08:30Z,2024-03-13T09:00Z,93,94,low
2024-03-13T09:00Z,2024-03-13T09:30Z,86,90,low
2024-03-13T09:30Z,2024-03-13T10:00Z,84,90,low
2024-03-13T10:00Z,2024-03-13T10:30Z,88,79,low
2024-03-13T10:30Z,2024-03-13T11:00Z,86,78,low
2024-03-13T11:00Z,2024-03-13T11:30Z,86,89,low
2024-03-13T11:30Z,2024-03-13T12:00Z,87,85,low
2024-03-13T12:00Z,2024-03-13T12:30Z,87,86,low
2024-03-13T12:30Z,2024-03-13T13:00Z,89,87,low
2024-03-13T13:00Z,2024-03-13T13:30Z,89,89,low
2024-03-13T13:30Z,2024-03-13T14:00Z,90,88,low
2024-03-13T14:00Z,2024-03-13T14:30Z,101,87,low
2024-03-13T14:30Z,2024-03-13T15:00Z,97,89,low
2024-03-13T15:00Z,2024-03-13T15:30Z,105,103,low
2024-03-13T15:30Z,2024-03-13T16:00Z,119,100,moderate
2024-03-13T16:00Z,2024-03-13T16:30Z,129,115,moderate
2024-03-13T16:30Z,2024-03-13T17:00Z,140,131,moderate
2024-03-13T17:00Z,2024-03-13T17:30Z,150,134,moderate
2024-03-13T17:30Z,2024-03-13T18:00Z,160,146,moderate
2024-03-13T18:00Z,2024-03-13T18:30Z,160,150,moderate
2024-03-13T18:30Z,2024-03-13T19:00Z,149,156,moderate
2024-03-13T19:00Z,2024-03-13T19:30Z,147,157,moderate
2024-03-13T19:30Z,2024-03-13T20:00Z,148,146,moderate
2024-03-13T20:00Z,2024-03-13T20:30Z,144,148,moderate
2024-03-13T20:30Z,2024-03-13T21:00Z,138,137,moderate
2024-03-13T21:00Z,2024-03-13T21:30Z,123,122,moderate
2024-03-13T21:30Z,2024-03-13T22:00Z,103,130,low
2024-03-13T22:00Z,2024-03-13T22:30Z,95,118,low
2024-03-13T22:30Z,2024-03-13T23:00Z,78,103,low
2024-03-13T23:00Z,2024-03-13T23:30Z,78,103,low
2024-03-13T23:30Z,2024-03-14T00:00Z,77,102,low
2024-03-14T00:00Z,2024-03-14T00:30Z,78,105,low
2024-03-14T00:30Z,2024-03-14T01:00Z,78,81,low
2024-03-14T01:00Z,2024-03-14T01:30Z,75,80,low
2024-03-14T01:30Z,2024-03-14T02:00Z,75,82,low
2024-03-14T02:00Z,2024-03-14T02:30Z,73,79,low
2024-03-14T02:30Z,2024-03-14T03:00Z,70,73,low
2024-03-14T03:00Z,2024-03-14T03:30Z,68,73,low
2024-03-14T03:30Z,2024-03-14T04:00Z,74,80,low
2024-03-14T04:00Z,2024-03-14T04:30Z,74,72,low
2024-03-14T04:30Z,2024-03-14T05:00Z,87,79,low
2024-03-14T05:00Z,2024-03-14T05:30Z,100,80,low
2024-03-14T05:30Z,2024-03-14T06:00Z,126,89,moderate
2024-03-14T06:00Z,2024-03-14T06:30Z,138,104,moderate
2024-03-14T06:30Z,2024-03-14T07:00Z,139,135,moderate
2024-03-14T07:00Z,2024-03-14T07:30Z,137,137,moderate
2024-03-14T07:30Z,2024-03-14T08:00Z,127,151,moderate
2024-03-14T08:00Z,2024-03-14T08:30Z,126,141,moderate
2024-03-14T08:30Z,2024-03-14T09:00Z,125,128,moderate
2024-03-14T09:00Z,2024-03-14T09:30Z,122,131,moderate
2024-03-14T09:30Z,2024-03-14T10:00Z,119,119,moderate
2024-03-14T10:00Z,2024-03-14T10:30Z,114,123,moderate
2024-03-14T10:30Z,2024-03-14T11:00Z,111,113,moderate
2024-03-14T11:00Z,2024-03-14T11:30Z,108,111,low
2024-03-14T11:30Z,2024-03-14T12:00Z,108,119,low
2024-03-14T12:00Z,2024-03-14T12:30Z,104,112,low
2024-03-14T12:30Z,2024-03-14T13:00Z,106,111,low
2024-03-14T13:00Z,2024-03-14T13:30Z,107,108,low
2024-03-14T13:30Z,2024-03-14T14:00Z,110,109,moderate
2024-03-14T14:00Z,2024-03-14T14:30Z,112,107,moderate
2024-03-14T14:30Z,2024-03-14T15:00Z,112,107,moderate
2024-03-14T15:00Z,2024-03-14T15:30Z,120,107,moderate
2024-03-14T15:30Z,2024-03-14T16:00Z,117,108,moderate
2024-03-14T16:00Z,2024-03-14T16:30Z,121,124,moderate
2024-03-14T16:30Z,2024-03-14T17:00Z,123,127,moderate
2024-03-14T17:00Z,2024-03-14T17:30Z,126,125,moderate
2024-03-14T17:30Z,2024-03-14T18:00Z,128,124,moderate
2024-03-14T18:00Z,2024-03-14T18:30Z,127,125,moderate
2024-03-14T18:30Z,2024-03-14T19:00Z,125,130,moderate
2024-03-14T19:00Z,2024-03-14T19:30Z,120,129,moderate
2024-03-14T19:30Z,2024-03-14T20:00Z,106,127,low
2024-03-14T20:00Z,2024-03-14T20:30Z,92,115,low
2024-03-14T20:30Z,2024-03-14T21:00Z,76,111,low
2024-03-14T21:00Z,2024-03-14T21:30Z,60,90,low
2024-03-14T21:30Z,2024-03-14T22:00Z,59,78,low
2024-03-14T22:00Z,2024-03-14T22:30Z,61,68,low
2024-03-14T22:30Z,2024-03-14T23:00Z,56,59,low
2024-03-14T23:00Z,2024-03-14T23:30Z,53,76,low
2024-03-14T23:30Z,2024-03-15T00:00Z,58,59,low
2024-03-15T00:00Z,2024-03-15T00:30Z,59,55,low
2024-03-15T00:30Z,2024-03-15T01:00Z,59,62,low
2024-03-15T01:00Z,2024-03-15T01:30Z,59,59,low
2024-03-15T01:30Z,2024-03-15T02:00Z,60,63,low
2024-03-15T02:00Z,2024-03-15T02:30Z,59,69,low
2024-03-15T02:30Z,2024-03-15T03:00Z,63,73,low
2024-03-15T03:00Z,2024-03-15T03:30Z,63,62,low
2024-03-15T03:30Z,2024-03-15T04:00Z,60,69,low
2024-03-15T04:00Z,2024-03-15T04:30Z,59,66,low
2024-03-15T04:30Z,2024-03-15T05:00Z,56,66,low
2024-03-15T05:00Z,2024-03-15T05:30Z,57,58,low
2024-03-15T05:30Z,2024-03-15T06:00Z,63,62,low
2024-03-15T06:00Z,2024-03-15T06:30Z,73,60,low
2024-03-15T06:30Z,2024-03-15T07:00Z,74,71,low
2024-03-15T07:00Z,2024-03-15T07:30Z,69,80,low
2024-03-15T07:30Z,2024-03-15T08:00Z,69,83,low
2024-03-15T08:00Z,2024-03-15T08:30Z,66,72,low
2024-03-15T08:30Z,2024-03-15T09:00Z,64,74,low
2024-03-15T09:00Z,2024-03-15T09:30Z,57,63,low
2024-03-15T09:30Z,2024-03-15T10:00Z,53,65,low
2024-03-15T10:00Z,2024-03-15T10:30Z,51,58,low
2024-03-15T10:30Z,2024-03-15T11:00Z,52,48,low
2024-03-15T11:00Z,2024-03-15T11:30Z,52,54,low
2024-03-15T11:30Z,2024-03-15T12:00Z,53,50,low
2024-03-15T12:00Z,2024-03-15T12:30Z,53,49,low
2024-03-15T12:30Z,2024-03-15T13:00Z,54,49,low
2024-03-15T13:00Z,2024-03-15T13:30Z,51,53,low
2024-03-15T13:30Z,2024-03-15T14:00Z,48,52,low
2024-03-15T14:00Z,2024-03-15T14:30Z,45,53,low
2024-03-15T14:30Z,2024-03-15T15:00Z,50,49,low
2024-03-15T15:00Z,2024-03-15T15:30Z,64,46,low
2024-03-15T15:30Z,2024-03-15T16:00Z,79,56,low
2024-03-15T16:00Z,2024-03-15T16:30Z,94,66,low
2024-03-15T16:30Z,2024-03-15T17:00Z,107,87,low
2024-03-15T17:00Z,2024-03-15T17:30Z,117,94,moderate
2024-03-15T17:30Z,2024-03-15T18:00Z,119,112,moderate
2024-03-15T18:00Z,2024-03-15T18:30Z,120,116,moderate
2024-03-15T18:30Z,2024-03-15T19:00Z,124,119,moderate
2024-03-15T19:00Z,2024-03-15T19:30Z,126,119,moderate
2024-03-15T19:30Z,2024-03-15T20:00Z,134,126,moderate
2024-03-15T20:00Z,2024-03-15T20:30Z,134,120,moderate
2024-03-15T20:30Z,2024-03-15T21:00Z,130,124,moderate
2024-03-15T21:00Z,2024-03-15T21:30Z,128,132,moderate
2024-03-15T21:30Z,2024-03-15T22:00Z,118,130,moderate
2024-03-15T22:00Z,2024-03-15T22:30Z,115,123,moderate
2024-03-15T22:30Z,2024-03-15T23:00Z,114,118,moderate
2024-03-15T23:00Z,2024-03-15T23:30Z,113,109,moderate
2024-03-15T23:30Z,2024-03-16T00:00Z,119,107,moderate
2024-03-16T00:00Z,2024-03-16T00:30Z,128,114,moderate
2024-03-16T00:30Z,2024-03-16T01:00Z,130,119,moderate
2024-03-16T01:00Z,2024-03-16T01:30Z,132,122,moderate
2024-03-16T01:30Z,2024-03-16T02:00Z,125,121,moderate
2024-03-16T02:00Z,2024-03-16T02:30Z,126,127,moderate
2024-03-16T02:30Z,2024-03-16T03:00Z,130,128,moderate
2024-03-16T03:00Z,2024-03-16T03:30Z,131,135,moderate
2024-03-16T03:30Z,2024-03-16T04:00Z,141,139,moderate
2024-03-16T04:00Z,2024-03-16T04:30Z,144,137,moderate
2024-03-16T04:30Z,2024-03-16T05:00Z,153,146,moderate
2024-03-16T05:00Z,2024-03-16T05:30Z,163,148,moderate
2024-03-16T05:30Z,2024-03-16T06:00Z,172,161,moderate
2024-03-16T06:00Z,2024-03-16T06:30Z,181,162,moderate
2024-03-16T06:30Z,2024-03-16T07:00Z,184,171,moderate
2024-03-16T07:00Z,2024-03-16T07:30Z,182,171,moderate
2024-03-16T07:30Z,2024-03-16T08:00Z,178,181,moderate
2024-03-16T08:00Z,2024-03-16T08:30Z,170,169,moderate
2024-03-16T08:30Z,2024-03-16T09:00Z,166,158,moderate
2024-03-16T09:00Z,2024-03-16T09:30Z,157,158,moderate
2024-03-16T09:30Z,2024-03-16T10:00Z,150,143,moderate
2024-03-16T10:00Z,2024-03-16T10:30Z,145,141,moderate
2024-03-16T10:30Z,2024-03-16T11:00Z,136,139,moderate
2024-03-16T11:00Z,2024-03-16T11:30Z,129,134,moderate
2024-03-16T11:30Z,2024-03-16T12:00Z,131,135,moderate
2024-03-16T12:00Z,2024-03-16T12:30Z,133,127,moderate
2024-03-16T12:30Z,2024-03-16T13:00Z,133,129,moderate
2024-03-16T13:00Z,2024-03-16T13:30Z,134,125,moderate
2024-03-16T13:30Z,2024-03-16T14:00Z,127,134,moderate
2024-03-16T14:00Z,2024-03-16T14:30Z,128,130,moderate
2024-03-16T14:30Z,2024-03-16T15:00Z,131,126,moderate
2024-03-16T15:00Z,2024-03-16T15:30Z,129,127,moderate
2024-03-16T15:30Z,2024-03-16T16:00Z,129,127,moderate
2024-03-16T16:00Z,2024-03-16T16:30Z,134,125,moderate
2024-03-16T16:30Z,2024-03-16T17:00Z,134,129,moderate
2024-03-16T17:00Z,2024-03-16T17:30Z,135,140,moderate
2024-03-16T17:30Z,2024-03-16T18:00Z,135,141,moderate
2024-03-16T18:00Z,2024-03-16T18:30Z,132,131,moderate
2024-03-16T18:30Z,2024-03-16T19:00Z,123,128,moderate
2024-03-16T19:00Z,2024-03-16T19:30Z,116,130,moderate
2024-03-16T19:30Z,2024-03-16T20:00Z,109,119,low
2024-03-16T20:00Z,2024-03-16T20:30Z,101,111,low
2024-03-16T20:30Z,2024-03-16T21:00Z,93,102,low
2024-03-16T21:00Z,2024-03-16T21:30Z,73,96,low
2024-03-16T21:30Z,2024-03-16T22:00Z,67,94,low
2024-03-16T22:00Z,2024-03-16T22:30Z,62,76,low
2024-03-16T22:30Z,2024-03-16T23:00Z,63,89,low
2024-03-16T23:00Z,2024-03-16T23:30Z,62,64,low
2024-03-16T23:30Z,2024-03-17T00:00Z,64,56,low
2024-03-17T00:00Z,2024-03-17T00:30Z,66,62,low
2024-03-17T00:30Z,2024-03-17T01:00Z,68,67,low
2024-03-17T01:00Z,2024-03-17T01:30Z,68,68,low
2024-03-17T01:30Z,2024-03-17T02:00Z,65,66,low
2024-03-17T02:00Z,2024-03-17T02:30Z,65,74,low
2024-03-17T02:30Z,2024-03-17T03:00Z,67,72,low
2024-03-17T03:00Z,2024-03-17T03:30Z,67,69,low
2024-03-17T03:30Z,2024-03-17T04:00Z,67,77,low
2024-03-17T04:00Z,2024-03-17T04:30Z,68,73,low
2024-03-17T04:30Z,2024-03-17T05:00Z,70,76,low
2024-03-17T05:00Z,2024-03-17T05:30Z,69,75,low
2024-03-17T05:30Z,2024-03-17T06:00Z,65,80,low
2024-03-17T06:00Z,2024-03-17T06:30Z,67,73,low
2024-03-17T06:30Z,2024-03-17T07:00Z,78,71,low
2024-03-17T07:00Z,2024-03-17T07:30Z,86,70,low
2024-03-17T07:30Z,2024-03-17T08:00Z,87,87,low
2024-03-17T08:00Z,2024-03-17T08:30Z,91,91,low
2024-03-17T08:30Z,2024-03-17T09:00Z,93,99,low
2024-03-17T09:00Z,2024-03-17T09:30Z,93,98,low
2024-03-17T09:30Z,2024-03-17T10:00Z,99,93,low
2024-03-17T10:00Z,2024-03-17T10:30Z,102,89,low
2024-03-17T10:30Z,2024-03-17T11:00Z,103,103,low
2024-03-17T11:00Z,2024-03-17T11:30Z,101,105,low
2024-03-17T11:30Z,2024-03-17T12:00Z,101,108,low
2024-03-17T12:00Z,2024-03-17T12:30Z,98,105,low
2024-03-17T12:30Z,2024-03-17T13:00Z,95,102,low
2024-03-17T13:00Z,2024-03-17T13:30Z,89,96,low
2024-03-17T13:30Z,2024-03-17T14:00Z,86,99,low
2024-03-17T14:00Z,2024-03-17T14:30Z,86,97,low
2024-03-17T14:30Z,2024-03-17T15:00Z,91,96,low
2024-03-17T15:00Z,2024-03-17T15:30Z,99,93,low
2024-03-17T15:30Z,2024-03-17T16:00Z,117,99,moderate
2024-03-17T16:00Z,2024-03-17T16:30Z,126,114,moderate
2024-03-17T16:30Z,2024-03-17T17:00Z,128,125,moderate
2024-03-17T17:00Z,2024-03-17T17:30Z,133,129,moderate
2024-03-17T17:30Z,2024-03-17T18:00Z,140,132,moderate
2024-03-17T18:00Z,2024-03-17T18:30Z,144,135,moderate
2024-03-17T18:30Z,2024-03-17T19:00Z,145,139,moderate
2024-03-17T19:00Z,2024-03-17T19:30Z,142,141,moderate
2024-03-17T19:30Z,2024-03-17T20:00Z,145,141,moderate
2024-03-17T20:00Z,2024-03-17T20:30Z,134,140,moderate
2024-03-17T20:30Z,2024-03-17T21:00Z,127,143,moderate
2024-03-17T21:00Z,2024-03-17T21:30Z,124,132,moderate
2024-03-17T21:30Z,2024-03-17T22:00Z,111,119,moderate
2024-03-17T22:00Z,2024-03-17T22:30Z,96,115,low
2024-03-17T22:30Z,2024-03-17T23:00Z,86,104,low
2024-03-17T23:00Z,2024-03-17T23:30Z,87,102,low
2024-03-17T23:30Z,2024-03-18T00:00Z,94,84,low
2024-03-18T00:00Z,2024-03-18T00:30Z,101,89,low
2024-03-18T00:30Z,2024-03-18T01:00Z,96,95,low
2024-03-18T01:00Z,2024-03-18T01:30Z,92,92,low
2024-03-18T01:30Z,2024-03-18T02:00Z,85,86,low
2024-03-18T02:00Z,2024-03-18T02:30Z,82,94,low
2024-03-18T02:30Z,2024-03-18T03:00Z,78,89,low
2024-03-18T03:00Z,2024-03-18T03:30Z,80,90,low
2024-03-18T03:30Z,2024-03-18T04:00Z,89,81,low
2024-03-18T04:00Z,2024-03-18T04:30Z,91,90,low
2024-03-18T04:30Z,2024-03-18T05:00Z,98,89,low
2024-03-18T05:00Z,2024-03-18T05:30Z,118,94,moderate
2024-03-18T05:30Z,2024-03-18T06:00Z,164,108,moderate
2024-03-18T06:00Z,2024-03-18T06:30Z,180,138,moderate
2024-03-18T06:30Z,2024-03-18T07:00Z,183,180,moderate
2024-03-18T07:00Z,2024-03-18T07:30Z,182,182,moderate
2024-03-18T07:30Z,2024-03-18T08:00Z,173,194,moderate
2024-03-18T08:00Z,2024-03-18T08:30Z,167,176,moderate
2024-03-18T08:30Z,2024-03-18T09:00Z,164,173,moderate
2024-03-18T09:00Z,2024-03-18T09:30Z,159,159,moderate
2024-03-18T09:30Z,2024-03-18T10:00Z,156,163,moderate
2024-03-18T10:00Z,2024-03-18T10:30Z,150,151,moderate
2024-03-18T10:30Z,2024-03-18T11:00Z,140,143,moderate
2024-03-18T11:00Z,2024-03-18T11:30Z,131,151,moderate
2024-03-18T11:30Z,2024-03-18T12:00Z,127,146,moderate
2024-03-18T12:00Z,2024-03-18T12:30Z,115,132,moderate
2024-03-18T12:30Z,2024-03-18T13:00Z,113,123,moderate
2024-03-18T13:00Z,2024-03-18T13:30Z,110,118,moderate
2024-03-18T13:30Z,2024-03-18T14:00Z,121,111,moderate
2024-03-18T14:00Z,2024-03-18T14:30Z,122,103,moderate
2024-03-18T14:30Z,2024-03-18T15:00Z,127,120,moderate
2024-03-18T15:00Z,2024-03-18T15:30Z,134,130,moderate
2024-03-18T15:30Z,2024-03-18T16:00Z,140,128,moderate
2024-03-18T16:00Z,2024-03-18T16:30Z,147,134,moderate
2024-03-18T16:30Z,2024-03-18T17:00Z,153,145,moderate
2024-03-18T17:00Z,2024-03-18T17:30Z,157,152,moderate
2024-03-18T17:30Z,2024-03-18T18:00Z,179,150,moderate
2024-03-18T18:00Z,2024-03-18T18:30Z,179,153,moderate
2024-03-18T18:30Z,2024-03-18T19:00Z,171,158,moderate
2024-03-18T19:00Z,2024-03-18T19:30Z,168,165,moderate
2024-03-18T19:30Z,2024-03-18T20:00Z,157,159,moderate
2024-03-18T20:00Z,2024-03-18T20:30Z,139,148,moderate
2024-03-18T20:30Z,2024-03-18T21:00Z,115,146,moderate
2024-03-18T21:00Z,2024-03-18T21:30Z,102,108,low
2024-03-18T21:30Z,2024-03-18T22:00Z,101,132,low
2024-03-18T22:00Z,2024-03-18T22:30Z,88,105,low
2024-03-18T22:30Z,2024-03-18T23:00Z,97,99,low
2024-03-18T23:00Z,2024-03-18T23:30Z,101,94,low
2024-03-18T23:30Z,2024-03-19T00:00Z,96,85,low
2024-03-19T00:00Z,2024-03-19T00:30Z,95,91,low
2024-03-19T00:30Z,2024-03-19T01:00Z,91,90,low
2024-03-19T01:00Z,2024-03-19T01:30Z,86,89,low
2024-03-19T01:30Z,2024-03-19T02:00Z,76,89,low
2024-03-19T02:00Z,2024-03-19T02:30Z,75,84,low
2024-03-19T02:30Z,2024-03-19T03:00Z,69,74,low
2024-03-19T03:00Z,2024-03-19T03:30Z,67,73,low
2024-03-19T03:30Z,2024-03-19T04:00Z,77,74,low
2024-03-19T04:00Z,2024-03-19T04:30Z,69,64,low
2024-03-19T04:30Z,2024-03-19T05:00Z,82,77,low
2024-03-19T05:00Z,2024-03-19T05:30Z,97,74,low
2024-03-19T05:30Z,2024-03-19T06:00Z,99,76,low
2024-03-19T06:00Z,2024-03-19T06:30Z,112,83,moderate
2024-03-19T06:30Z,2024-03-19T07:00Z,109,85,low
2024-03-19T07:00Z,2024-03-19T07:30Z,111,93,moderate
2024-03-19T07:30Z,2024-03-19T08:00Z,107,106,low
2024-03-19T08:00Z,2024-03-19T08:30Z,106,96,low
2024-03-19T08:30Z,2024-03-19T09:00Z,98,83,low
2024-03-19T09:00Z,2024-03-19T09:30Z,99,91,low
2024-03-19T09:30Z,2024-03-19T10:00Z,102,94,low
2024-03-19T10:00Z,2024-03-19T10:30Z,104,92,low
2024-03-19T10:30Z,2024-03-19T11:00Z,107,92,low
2024-03-19T11:00Z,2024-03-19T11:30Z,110,93,moderate
2024-03-19T11:30Z,2024-03-19T12:00Z,114,94,moderate
2024-03-19T12:00Z,2024-03-19T12:30Z,118,98,moderate
2024-03-19T12:30Z,2024-03-19T13:00Z,127,104,moderate
2024-03-19T13:00Z,2024-03-19T13:30Z,143,106,moderate
2024-03-19T13:30Z,2024-03-19T14:00Z,160,118,moderate
2024-03-19T14:00Z,2024-03-19T14:30Z,176,130,moderate
2024-03-19T14:30Z,2024-03-19T15:00Z,189,146,moderate
2024-03-19T15:00Z,2024-03-19T15:30Z,211,155,high
2024-03-19T15:30Z,2024-03-19T16:00Z,220,163,high
2024-03-19T16:00Z,2024-03-19T16:30Z,235,177,high
2024-03-19T16:30Z,2024-03-19T17:00Z,239,33,high
2024-03-19T17:00Z,2024-03-19T17:30Z,246,103,high
2024-03-19T17:30Z,2024-03-19T18:00Z,255,249,high
2024-03-19T18:00Z,2024-03-19T18:30Z,260,257,high
2024-03-19T18:30Z,2024-03-19T19:00Z,262,260,high
2024-03-19T19:00Z,2024-03-19T19:30Z,261,262,high
2024-03-19T19:30Z,2024-03-19T20:00Z,264,270,high
2024-03-19T20:00Z,2024-03-19T20:30Z,257,275,high
2024-03-19T20:30Z,2024-03-19T21:00Z,257,270,high
2024-03-19T21:00Z,2024-03-19T21:30Z,253,262,high
2024-03-19T21:30Z,2024-03-19T22:00Z,239,262,high
2024-03-19T22:00Z,2024-03-19T22:30Z,238,257,high
2024-03-19T22:30Z,2024-03-19T23:00Z,223,240,high
2024-03-19T23:00Z,2024-03-19T23:30Z,213,244,high
2024-03-19T23:30Z,2024-03-20T00:00Z,221,227,high
2024-03-20T00:00Z,2024-03-20T00:30Z,229,223,high
2024-03-20T00:30Z,2024-03-20T01:00Z,228,230,high
2024-03-20T01:00Z,2024-03-20T01:30Z,228,231,high
2024-03-20T01:30Z,2024-03-20T02:00Z,223,225,high
2024-03-20T02:00Z,2024-03-20T02:30Z,222,230,high
2024-03-20T02:30Z,2024-03-20T03:00Z,222,216,high
2024-03-20T03:00Z,2024-03-20T03:30Z,221,226,high
2024-03-20T03:30Z,2024-03-20T04:00Z,216,215,high
2024-03-20T04:00Z,2024-03-20T04:30Z,214,223,high
2024-03-20T04:30Z,2024-03-20T05:00Z,224,214,high
2024-03-20T05:00Z,2024-03-20T05:30Z,233,220,high
2024-03-20T05:30Z,2024-03-20T06:00Z,244,236,high
2024-03-20T06:00Z,2024-03-20T06:30Z,240,222,high
2024-03-20T06:30Z,2024-03-20T07:00Z,227,258,high
2024-03-20T07:00Z,2024-03-20T07:30Z,232,243,high
2024-03-20T07:30Z,2024-03-20T08:00Z,236,239,high
2024-03-20T08:00Z,2024-03-20T08:30Z,229,234,high
2024-03-20T08:30Z,2024-03-20T09:00Z,231,243,high
2024-03-20T09:00Z,2024-03-20T09:30Z,229,233,high
2024-03-20T09:30Z,2024-03-20T10:00Z,226,230,high
2024-03-20T10:00Z,2024-03-20T10:30Z,224,230,high
2024-03-20T10:30Z,2024-03-20T11:00Z,228,213,high
2024-03-20T11:00Z,2024-03-20T11:30Z,220,228,high
2024-03-20T11:30Z,2024-03-20T12:00Z,220,221,high
2024-03-20T12:00Z,2024-03-20T12:30Z,222,218,high
2024-03-20T12:30Z,2024-03-20T13:00Z,226,216,high
2024-03-20T13:00Z,2024-03-20T13:30Z,227,217,high
2024-03-20T13:30Z,2024-03-20T14:00Z,226,223,high
2024-03-20T14:00Z,2024-03-20T14:30Z,229,221,high
2024-03-20T14:30Z,2024-03-20T15:00Z,231,219,high
2024-03-20T15:00Z,2024-03-20T15:30Z,233,218,high
2024-03-20T15:30Z,2024-03-20T16:00Z,229,225,high
2024-03-20T16:00Z,2024-03-20T16:30Z,230,235,high
2024-03-20T16:30Z,2024-03-20T17:00Z,236,235,high
2024-03-20T17:00Z,2024-03-20T17:30Z,247,239,high
2024-03-20T17:30Z,2024-03-20T18:00Z,248,236,high
2024-03-20T18:00Z,2024-03-20T18:30Z,248,248,high
2024-03-20T18:30Z,2024-03-20T19:00Z,250,252,high
2024-03-20T19:00Z,2024-03-20T19:30Z,246,251,high
2024-03-20T19:30Z,2024-03-20T20:00Z,243,251,high
2024-03-20T20:00Z,2024-03-20T20:30Z,245,247,high
2024-03-20T20:30Z,2024-03-20T21:00Z,233,246,high
2024-03-20T21:00Z,2024-03-20T21:30Z,226,243,high
2024-03-20T21:30Z,2024-03-20T22:00Z,214,235,high
2024-03-20T22:00Z,2024-03-20T22:30Z,203,227,high
2024-03-20T22:30Z,2024-03-20T23:00Z,174,219,moderate
2024-03-20T23:00Z,2024-03-20T23:30Z,154,191,moderate
2024-03-20T23:30Z,2024-03-21T00:00Z,152,167,moderate
2024-03-21T00:00Z,2024-03-21T00:30Z,154,161,moderate
2024-03-21T00:30Z,2024-03-21T01:00Z,152,156,moderate
2024-03-21T01:00Z,2024-03-21T01:30Z,142,159,moderate
2024-03-21T01:30Z,2024-03-21T02:00Z,139,148,moderate
2024-03-21T02:00Z,2024-03-21T02:30Z,126,147,moderate
2024-03-21T02:30Z,2024-03-21T03:00Z,120,139,moderate
2024-03-21T03:00Z,2024-03-21T03:30Z,118,126,moderate
2024-03-21T03:30Z,2024-03-21T04:00Z,119,128,moderate
2024-03-21T04:00Z,2024-03-21T04:30Z,127,119,moderate
2024-03-21T04:30Z,2024-03-21T05:00Z,143,128,moderate
2024-03-21T05:00Z,2024-03-21T05:30Z,146,131,moderate
2024-03-21T05:30Z,2024-03-21T06:00Z,173,153,moderate
2024-03-21T06:00Z,2024-03-21T06:30Z,177,152,moderate
2024-03-21T06:30Z,2024-03-21T07:00Z,170,168,moderate
2024-03-21T07:00Z,2024-03-21T07:30Z,166,169,moderate
2024-03-21T07:30Z,2024-03-21T08:00Z,163,161,moderate
2024-03-21T08:00Z,2024-03-21T08:30Z,157,159,moderate
2024-03-21T08:30Z,2024-03-21T09:00Z,150,156,moderate
2024-03-21T09:00Z,2024-03-21T09:30Z,139,145,moderate
2024-03-21T09:30Z,2024-03-21T10:00Z,128,145,moderate
2024-03-21T10:00Z,2024-03-21T10:30Z,115,132,moderate
2024-03-21T10:30Z,2024-03-21T11:00Z,102,122,low
2024-03-21T11:00Z,2024-03-21T11:30Z,88,102,low
2024-03-21T11:30Z,2024-03-21T12:00Z,81,94,low
2024-03-21T12:00Z,2024-03-21T12:30Z,74,86,low
2024-03-21T12:30Z,2024-03-21T13:00Z,78,80,low
2024-03-21T13:00Z,2024-03-21T13:30Z,76,72,low
2024-03-21T13:30Z,2024-03-21T14:00Z,77,78,low
2024-03-21T14:00Z,2024-03-21T14:30Z,73,78,low
2024-03-21T14:30Z,2024-03-21T15:00Z,81,76,low
2024-03-21T15:00Z,2024-03-21T15:30Z,86,73,low
2024-03-21T15:30Z,2024-03-21T16:00Z,87,76,low
2024-03-21T16:00Z,2024-03-21T16:30Z,92,77,low
2024-03-21T16:30Z,2024-03-21T17:00Z,94,87,low
2024-03-21T17:00Z,2024-03-21T17:30Z,98,98,low
2024-03-21T17:30Z,2024-03-21T18:00Z,105,100,low
2024-03-21T18:00Z,2024-03-21T18:30Z,107,95,low
2024-03-21T18:30Z,2024-03-21T19:00Z,96,99,low
2024-03-21T19:00Z,2024-03-21T19:30Z,89,103,low
2024-03-21T19:30Z,2024-03-21T20:00Z,83,86,low
2024-03-21T20:00Z,2024-03-21T20:30Z,72,75,low
2024-03-21T20:30Z,2024-03-21T21:00Z,59,74,low
2024-03-21T21:00Z,2024-03-21T21:30Z,54,67,low
2024-03-21T21:30Z,2024-03-21T22:00Z,60,60,low
2024-03-21T22:00Z,2024-03-21T22:30Z,52,51,low
2024-03-21T22:30Z,2024-03-21T23:00Z,50,56,low
2024-03-21T23:00Z,2024-03-21T23:30Z,48,49,low
2024-03-21T23:30Z,2024-03-22T00:00Z,50,49,low
2024-03-22T00:00Z,2024-03-22T00:30Z,44,48,low
2024-03-22T00:30Z,2024-03-22T01:00Z,44,41,low
2024-03-22T01:00Z,2024-03-22T01:30Z,44,47,low
2024-03-22T01:30Z,2024-03-22T02:00Z,46,43,low
2024-03-22T02:00Z,2024-03-22T02:30Z,51,43,low
2024-03-22T02:30Z,2024-03-22T03:00Z,64,45,low
2024-03-22T03:00Z,2024-03-22T03:30Z,61,49,low
2024-03-22T03:30Z,2024-03-22T04:00Z,59,59,low
2024-03-22T04:00Z,2024-03-22T04:30Z,55,63,low
2024-03-22T04:30Z,2024-03-22T05:00Z,57,58,low
2024-03-22T05:00Z,2024-03-22T05:30Z,58,56,low
2024-03-22T05:30Z,2024-03-22T06:00Z,59,59,low
2024-03-22T06:00Z,2024-03-22T06:30Z,66,67,low
2024-03-22T06:30Z,2024-03-22T07:00Z,68,65,low
2024-03-22T07:00Z,2024-03-22T07:30Z,67,66,low
2024-03-22T07:30Z,2024-03-22T08:00Z,74,76,low
2024-03-22T08:00Z,2024-03-22T08:30Z,67,71,low
2024-03-22T08:30Z,2024-03-22T09:00Z,65,77,low
2024-03-22T09:00Z,2024-03-22T09:30Z,62,69,low
2024-03-22T09:30Z,2024-03-22T10:00Z,59,67,low
2024-03-22T10:00Z,2024-03-22T10:30Z,59,79,low
2024-03-22T10:30Z,2024-03-22T11:00Z,57,63,low
2024-03-22T11:00Z,2024-03-22T11:30Z,59,63,low
2024-03-22T11:30Z,2024-03-22T12:00Z,57,59,low
2024-03-22T12:00Z,2024-03-22T12:30Z,56,60,low
2024-03-22T12:30Z,2024-03-22T13:00Z,53,54,low
2024-03-22T13:00Z,2024-03-22T13:30Z,45,54,low
2024-03-22T13:30Z,2024-03-22T14:00Z,43,54,low
2024-03-22T14:00Z,2024-03-22T14:30Z,45,51,low
2024-03-22T14:30Z,2024-03-22T15:00Z,51,49,low
2024-03-22T15:00Z,2024-03-22T15:30Z,53,51,low
2024-03-22T15:30Z,2024-03-22T16:00Z,60,57,low
2024-03-22T16:00Z,2024-03-22T16:30Z,71,57,low
2024-03-22T16:30Z,2024-03-22T17:00Z,72,72,low
2024-03-22T17:00Z,2024-03-22T17:30Z,81,84,low
2024-03-22T17:30Z,2024-03-22T18:00Z,85,81,low
2024-03-22T18:00Z,2024-03-22T18:30Z,88,84,low
2024-03-22T18:30Z,2024-03-22T19:00Z,87,88,low
2024-03-22T19:00Z,2024-03-22T19:30Z,82,85,low
2024-03-22T19:30Z,2024-03-22T20:00Z,78,84,low
2024-03-22T20:00Z,2024-03-22T20:30Z,73,83,low
2024-03-22T20:30Z,2024-03-22T21:00Z,66,81,low
2024-03-22T21:00Z,2024-03-22T21:30Z,60,79,low
2024-03-22T21:30Z,2024-03-22T22:00Z,64,79,low
2024-03-22T22:00Z,2024-03-22T22:30Z,59,64,low
2024-03-22T22:30Z,2024-03-22T23:00Z,58,63,low
2024-03-22T23:00Z,2024-03-22T23:30Z,49,59,low
2024-03-22T23:30Z,2024-03-23T00:00Z,48,60,low
2024-03-23T00:00Z,2024-03-23T00:30Z,46,49,low
2024-03-23T00:30Z,2024-03-23T01:00Z,46,47,low
2024-03-23T01:00Z,2024-03-23T01:30Z,43,46,low
2024-03-23T01:30Z,2024-03-23T02:00Z,45,45,low
2024-03-23T02:00Z,2024-03-23T02:30Z,42,42,low
2024-03-23T02:30Z,2024-03-23T03:00Z,43,44,low
2024-03-23T03:00Z,2024-03-23T03:30Z,46,41,low
2024-03-23T03:30Z,2024-03-23T04:00Z,45,42,low
2024-03-23T04:00Z,2024-03-23T04:30Z,45,46,low
2024-03-23T04:30Z,2024-03-23T05:00Z,43,46,low
2024-03-23T05:00Z,2024-03-23T05:30Z,42,45,low
2024-03-23T05:30Z,2024-03-23T06:00Z,43,45,low
2024-03-23T06:00Z,2024-03-23T06:30Z,42,40,low
2024-03-23T06:30Z,2024-03-23T07:00Z,37,41,low
2024-03-23T07:00Z,2024-03-23T07:30Z,34,42,very low
2024-03-23T07:30Z,2024-03-23T08:00Z,35,36,low
2024-03-23T08:00Z,2024-03-23T08:30Z,34,32,very low
2024-03-23T08:30Z,2024-03-23T09:00Z,32,36,very low
2024-03-23T09:00Z,2024-03-23T09:30Z,30,34,very low
2024-03-23T09:30Z,2024-03-23T10:00Z,32,37,very low
2024-03-23T10:00Z,2024-03-23T10:30Z,30,35,very low
2024-03-23T10:30Z,2024-03-23T11:00Z,28,37,very low
2024-03-23T11:00Z,2024-03-23T11:30Z,31,34,very low
2024-03-23T11:30Z,2024-03-23T12:00Z,36,32,low
2024-03-23T12:00Z,2024-03-23T12:30Z,31,37,very low
2024-03-23T12:30Z,2024-03-23T13:00Z,30,40,very low
2024-03-23T13:00Z,2024-03-23T13:30Z,30,35,very low
2024-03-23T13:30Z,2024-03-23T14:00Z,33,36,very low
2024-03-23T14:00Z,2024-03-23T14:30Z,34,38,very low
2024-03-23T14:30Z,2024-03-23T15:00Z,33,31,very low
2024-03-23T15:00Z,2024-03-23T15:30Z,31,34,very low
2024-03-23T15:30Z,2024-03-23T16:00Z,29,37,very low
2024-03-23T16:00Z,2024-03-23T16:30Z,32,35,very low
2024-03-23T16:30Z,2024-03-23T17:00Z,39,33,low
2024-03-23T17:00Z,2024-03-23T17:30Z,51,33,low
2024-03-23T17:30Z,2024-03-23T18:00Z,50,39,low
2024-03-23T18:00Z,2024-03-23T18:30Z,53,45,low
2024-03-23T18:30Z,2024-03-23T19:00Z,51,43,low
2024-03-23T19:00Z,2024-03-23T19:30Z,47,48,low
2024-03-23T19:30Z,2024-03-23T20:00Z,42,46,low
2024-03-23T20:00Z,2024-03-23T20:30Z,39,45,low
2024-03-23T20:30Z,2024-03-23T21:00Z,46,41,low
2024-03-23T21:00Z,2024-03-23T21:30Z,46,41,low
2024-03-23T21:30Z,2024-03-23T22:00Z,44,43,low
2024-03-23T22:00Z,2024-03-23T22:30Z,44,47,low
2024-03-23T22:30Z,2024-03-23T23:00Z,40,44,low
2024-03-23T23:00Z,2024-03-23T23:30Z,40,47,low
2024-03-23T23:30Z,2024-03-24T00:00Z,42,42,low
2024-03-24T00:00Z,2024-03-24T00:30Z,43,39,low
2024-03-24T00:30Z,2024-03-24T01:00Z,43,41,low
2024-03-24T01:00Z,2024-03-24T01:30Z,44,43,low
2024-03-24T01:30Z,2024-03-24T02:00Z,46,45,low
2024-03-24T02:00Z,2024-03-24T02:30Z,44,44,low
2024-03-24T02:30Z,2024-03-24T03:00Z,44,44,low
2024-03-24T03:00Z,2024-03-24T03:30Z,44,44,low
2024-03-24T03:30Z,2024-03-24T04:00Z,45,41,low
2024-03-24T04:00Z,2024-03-24T04:30Z,45,44,low
2024-03-24T04:30Z,2024-03-24T05:00Z,46,45,low
2024-03-24T05:00Z,2024-03-24T05:30Z,46,44,low
2024-03-24T05:30Z,2024-03-24T06:00Z,47,46,low
2024-03-24T06:00Z,2024-03-24T06:30Z,48,43,low
2024-03-24T06:30Z,2024-03-24T07:00Z,53,45,low
2024-03-24T07:00Z,2024-03-24T07:30Z,49,45,low
2024-03-24T07:30Z,2024-03-24T08:00Z,45,50,low
2024-03-24T08:00Z,2024-03-24T08:30Z,42,47,low
2024-03-24T08:30Z,2024-03-24T09:00Z,42,41,low
2024-03-24T09:00Z,2024-03-24T09:30Z,44,39,low
2024-03-24T09:30Z,2024-03-24T10:00Z,45,37,low
2024-03-24T10:00Z,2024-03-24T10:30Z,50,37,low
2024-03-24T10:30Z,2024-03-24T11:00Z,42,39,low
2024-03-24T11:00Z,2024-03-24T11:30Z,47,38,low
2024-03-24T11:30Z,2024-03-24T12:00Z,45,36,low
2024-03-24T12:00Z,2024-03-24T12:30Z,49,36,low
2024-03-24T12:30Z,2024-03-24T13:00Z,55,42,low
2024-03-24T13:00Z,2024-03-24T13:30Z,60,47,low
2024-03-24T13:30Z,2024-03-24T14:00Z,65,51,low
2024-03-24T14:00Z,2024-03-24T14:30Z,75,58,low
2024-03-24T14:30Z,2024-03-24T15:00Z,88,63,low
2024-03-24T15:00Z,2024-03-24T15:30Z,106,74,low
2024-03-24T15:30Z,2024-03-24T16:00Z,124,86,moderate
2024-03-24T16:00Z,2024-03-24T16:30Z,151,100,moderate
2024-03-24T16:30Z,2024-03-24T17:00Z,166,119,moderate
2024-03-24T17:00Z,2024-03-24T17:30Z,178,148,moderate
2024-03-24T17:30Z,2024-03-24T18:00Z,187,183,moderate
2024-03-24T18:00Z,2024-03-24T18:30Z,202,187,high
2024-03-24T18:30Z,2024-03-24T19:00Z,202,193,high
2024-03-24T19:00Z,2024-03-24T19:30Z,201,200,high
2024-03-24T19:30Z,2024-03-24T20:00Z,204,199,high
2024-03-24T20:00Z,2024-03-24T20:30Z,202,200,high
2024-03-24T20:30Z,2024-03-24T21:00Z,201,202,high
2024-03-24T21:00Z,2024-03-24T21:30Z,201,197,high
2024-03-24T21:30Z,2024-03-24T22:00Z,194,190,high
2024-03-24T22:00Z,2024-03-24T22:30Z,187,195,moderate
2024-03-24T22:30Z,2024-03-24T23:00Z,175,177,moderate
2024-03-24T23:00Z,2024-03-24T23:30Z,169,175,moderate
2024-03-24T23:30Z,2024-03-25T00:00Z,163,172,moderate
2024-03-25T00:00Z,2024-03-25T00:30Z,163,159,moderate
2024-03-25T00:30Z,2024-03-25T01:00Z,151,156,moderate
2024-03-25T01:00Z,2024-03-25T01:30Z,138,155,moderate
2024-03-25T01:30Z,2024-03-25T02:00Z,133,143,moderate
2024-03-25T02:00Z,2024-03-25T02:30Z,128,139,moderate
2024-03-25T02:30Z,2024-03-25T03:00Z,128,143,moderate
2024-03-25T03:00Z,2024-03-25T03:30Z,123,117,moderate
2024-03-25T03:30Z,2024-03-25T04:00Z,121,123,moderate
2024-03-25T04:00Z,2024-03-25T04:30Z,117,114,moderate
2024-03-25T04:30Z,2024-03-25T05:00Z,136,125,moderate
2024-03-25T05:00Z,2024-03-25T05:30Z,142,125,moderate
2024-03-25T05:30Z,2024-03-25T06:00Z,160,157,moderate
2024-03-25T06:00Z,2024-03-25T06:30Z,169,158,moderate
2024-03-25T06:30Z,2024-03-25T07:00Z,165,172,moderate
2024-03-25T07:00Z,2024-03-25T07:30Z,163,171,moderate
2024-03-25T07:30Z,2024-03-25T08:00Z,153,163,moderate
2024-03-25T08:00Z,2024-03-25T08:30Z,151,163,moderate
2024-03-25T08:30Z,2024-03-25T09:00Z,150,151,moderate
2024-03-25T09:00Z,2024-03-25T09:30Z,146,145,moderate
2024-03-25T09:30Z,2024-03-25T10:00Z,147,147,moderate
2024-03-25T10:00Z,2024-03-25T10:30Z,146,145,moderate
2024-03-25T10:30Z,2024-03-25T11:00Z,141,148,moderate
2024-03-25T11:00Z,2024-03-25T11:30Z,139,146,moderate
2024-03-25T11:30Z,2024-03-25T12:00Z,140,141,moderate
2024-03-25T12:00Z,2024-03-25T12:30Z,141,142,moderate
2024-03-25T12:30Z,2024-03-25T13:00Z,142,142,moderate
2024-03-25T13:00Z,2024-03-25T13:30Z,141,143,moderate
2024-03-25T13:30Z,2024-03-25T14:00Z,142,146,moderate
2024-03-25T14:00Z,2024-03-25T14:30Z,147,144,moderate
2024-03-25T14:30Z,2024-03-25T15:00Z,156,147,moderate
2024-03-25T15:00Z,2024-03-25T15:30Z,166,149,moderate
2024-03-25T15:30Z,2024-03-25T16:00Z,175,161,moderate
2024-03-25T16:00Z,2024-03-25T16:30Z,179,171,moderate
2024-03-25T16:30Z,2024-03-25T17:00Z,184,176,moderate
2024-03-25T17:00Z,2024-03-25T17:30Z,184,173,moderate
2024-03-25T17:30Z,2024-03-25T18:00Z,183,187,moderate
2024-03-25T18:00Z,2024-03-25T18:30Z,184,187,moderate
2024-03-25T18:30Z,2024-03-25T19:00Z,190,184,high
2024-03-25T19:00Z,2024-03-25T19:30Z,189,186,moderate
2024-03-25T19:30Z,2024-03-25T20:00Z,185,187,moderate
2024-03-25T20:00Z,2024-03-25T20:30Z,180,190,moderate
2024-03-25T20:30Z,2024-03-25T21:00Z,155,187,moderate
2024-03-25T21:00Z,2024-03-25T21:30Z,143,177,moderate
2024-03-25T21:30Z,2024-03-25T22:00Z,136,168,moderate
2024-03-25T22:00Z,2024-03-25T22:30Z,121,148,moderate
2024-03-25T22:30Z,2024-03-25T23:00Z,97,146,low
2024-03-25T23:00Z,2024-03-25T23:30Z,90,116,low
2024-03-25T23:30Z,2024-03-26T00:00Z,87,96,low
2024-03-26T00:00Z,2024-03-26T00:30Z,86,112,low
2024-03-26T00:30Z,2024-03-26T01:00Z,87,91,low
2024-03-26T01:00Z,2024-03-26T01:30Z,87,85,low
2024-03-26T01:30Z,2024-03-26T02:00Z,92,89,low
2024-03-26T02:00Z,2024-03-26T02:30Z,94,92,low
2024-03-26T02:30Z,2024-03-26T03:00Z,102,97,low
2024-03-26T03:00Z,2024-03-26T03:30Z,103,93,low
2024-03-26T03:30Z,2024-03-26T04:00Z,99,94,low
2024-03-26T04:00Z,2024-03-26T04:30Z,94,102,low
2024-03-26T04:30Z,2024-03-26T05:00Z,104,103,low
2024-03-26T05:00Z,2024-03-26T05:30Z,124,105,moderate
2024-03-26T05:30Z,2024-03-26T06:00Z,155,131,moderate
2024-03-26T06:00Z,2024-03-26T06:30Z,181,144,moderate
2024-03-26T06:30Z,2024-03-26T07:00Z,197,170,high
2024-03-26T07:00Z,2024-03-26T07:30Z,203,164,high
2024-03-26T07:30Z,2024-03-26T08:00Z,205,202,high
2024-03-26T08:00Z,2024-03-26T08:30Z,202,210,high
2024-03-26T08:30Z,2024-03-26T09:00Z,198,209,high
2024-03-26T09:00Z,2024-03-26T09:30Z,193,206,high
2024-03-26T09:30Z,2024-03-26T10:00Z,187,201,moderate
2024-03-26T10:00Z,2024-03-26T10:30Z,183,195,moderate
2024-03-26T10:30Z,2024-03-26T11:00Z,180,193,moderate
2024-03-26T11:00Z,2024-03-26T11:30Z,175,193,moderate
2024-03-26T11:30Z,2024-03-26T12:00Z,171,189,moderate
2024-03-26T12:00Z,2024-03-26T12:30Z,171,184,moderate
2024-03-26T12:30Z,2024-03-26T13:00Z,174,182,moderate
2024-03-26T13:00Z,2024-03-26T13:30Z,177,179,moderate
2024-03-26T13:30Z,2024-03-26T14:00Z,180,183,moderate
2024-03-26T14:00Z,2024-03-26T14:30Z,180,187,moderate
2024-03-26T14:30Z,2024-03-26T15:00Z,186,188,moderate
2024-03-26T15:00Z,2024-03-26T15:30Z,186,192,moderate
2024-03-26T15:30Z,2024-03-26T16:00Z,182,194,moderate
2024-03-26T16:00Z,2024-03-26T16:30Z,185,194,moderate
2024-03-26T16:30Z,2024-03-26T17:00Z,192,189,high
2024-03-26T17:00Z,2024-03-26T17:30Z,195,191,high
2024-03-26T17:30Z,2024-03-26T18:00Z,198,193,high
2024-03-26T18:00Z,2024-03-26T18:30Z,190,196,high
2024-03-26T18:30Z,2024-03-26T19:00Z,177,196,moderate
2024-03-26T19:00Z,2024-03-26T19:30Z,165,189,moderate
2024-03-26T19:30Z,2024-03-26T20:00Z,145,179,moderate
2024-03-26T20:00Z,2024-03-26T20:30Z,131,163,moderate
2024-03-26T20:30Z,2024-03-26T21:00Z,116,149,moderate
2024-03-26T21:00Z,2024-03-26T21:30Z,102,133,low
2024-03-26T21:30Z,2024-03-26T22:00Z,87,122,low
2024-03-26T22:00Z,2024-03-26T22:30Z,76,109,low
2024-03-26T22:30Z,2024-03-26T23:00Z,75,72,low
2024-03-26T23:00Z,2024-03-26T23:30Z,71,72,low
2024-03-26T23:30Z,2024-03-27T00:00Z,65,76,low
2024-03-27T00:00Z,2024-03-27T00:30Z,67,71,low
2024-03-27T00:30Z,2024-03-27T01:00Z,63,68,low
2024-03-27T01:00Z,2024-03-27T01:30Z,59,67,low
2024-03-27T01:30Z,2024-03-27T02:00Z,55,66,low
2024-03-27T02:00Z,2024-03-27T02:30Z,55,60,low
2024-03-27T02:30Z,2024-03-27T03:00Z,56,57,low
2024-03-27T03:00Z,2024-03-27T03:30Z,53,58,low
2024-03-27T03:30Z,2024-03-27T04:00Z,52,57,low
2024-03-27T04:00Z,2024-03-27T04:30Z,54,55,low
2024-03-27T04:30Z,2024-03-27T05:00Z,62,55,low
2024-03-27T05:00Z,2024-03-27T05:30Z,74,55,low
2024-03-27T05:30Z,2024-03-27T06:00Z,79,64,low
2024-03-27T06:00Z,2024-03-27T06:30Z,86,73,low
2024-03-27T06:30Z,2024-03-27T07:00Z,89,80,low
2024-03-27T07:00Z,2024-03-27T07:30Z,85,80,low
2024-03-27T07:30Z,2024-03-27T08:00Z,81,81,low
2024-03-27T08:00Z,2024-03-27T08:30Z,79,78,low
2024-03-27T08:30Z,2024-03-27T09:00Z,65,78,low
2024-03-27T09:00Z,2024-03-27T09:30Z,59,72,low
2024-03-27T09:30Z,2024-03-27T10:00Z,56,62,low
2024-03-27T10:00Z,2024-03-27T10:30Z,57,58,low
2024-03-27T10:30Z,2024-03-27T11:00Z,61,54,low
2024-03-27T11:00Z,2024-03-27T11:30Z,62,54,low
2024-03-27T11:30Z,2024-03-27T12:00Z,65,54,low
2024-03-27T12:00Z,2024-03-27T12:30Z,65,64,low
2024-03-27T12:30Z,2024-03-27T13:00Z,63,70,low
2024-03-27T13:00Z,2024-03-27T13:30Z,64,67,low
2024-03-27T13:30Z,2024-03-27T14:00Z,64,71,low
2024-03-27T14:00Z,2024-03-27T14:30Z,69,70,low
2024-03-27T14:30Z,2024-03-27T15:00Z,77,73,low
2024-03-27T15:00Z,2024-03-27T15:30Z,82,76,low
2024-03-27T15:30Z,2024-03-27T16:00Z,99,92,low
2024-03-27T16:00Z,2024-03-27T16:30Z,106,100,low
2024-03-27T16:30Z,2024-03-27T17:00Z,107,113,low
2024-03-27T17:00Z,2024-03-27T17:30Z,114,124,moderate
2024-03-27T17:30Z,2024-03-27T18:00Z,120,126,moderate
2024-03-27T18:00Z,2024-03-27T18:30Z,125,126,moderate
2024-03-27T18:30Z,2024-03-27T19:00Z,129,127,moderate
2024-03-27T19:00Z,2024-03-27T19:30Z,130,128,moderate
2024-03-27T19:30Z,2024-03-27T20:00Z,132,136,moderate
2024-03-27T20:00Z,2024-03-27T20:30Z,128,136,moderate
2024-03-27T20:30Z,2024-03-27T21:00Z,119,132,moderate
2024-03-27T21:00Z,2024-03-27T21:30Z,111,130,moderate
2024-03-27T21:30Z,2024-03-27T22:00Z,88,117,low
2024-03-27T22:00Z,2024-03-27T22:30Z,75,103,low
2024-03-27T22:30Z,2024-03-27T23:00Z,57,97,low
2024-03-27T23:00Z,2024-03-27T23:30Z,55,91,low
2024-03-27T23:30Z,2024-03-28T00:00Z,56,60,low
2024-03-28T00:00Z,2024-03-28T00:30Z,62,61,low
2024-03-28T00:30Z,2024-03-28T01:00Z,65,64,low
2024-03-28T01:00Z,2024-03-28T01:30Z,58,65,low
2024-03-28T01:30Z,2024-03-28T02:00Z,56,69,low
2024-03-28T02:00Z,2024-03-28T02:30Z,51,64,low
2024-03-28T02:30Z,2024-03-28T03:00Z,57,59,low
2024-03-28T03:00Z,2024-03-28T03:30Z,50,64,low
2024-03-28T03:30Z,2024-03-28T04:00Z,47,68,low
2024-03-28T04:00Z,2024-03-28T04:30Z,47,63,low
2024-03-28T04:30Z,2024-03-28T05:00Z,45,61,low
2024-03-28T05:00Z,2024-03-28T05:30Z,45,62,low
2024-03-28T05:30Z,2024-03-28T06:00Z,43,52,low
2024-03-28T06:00Z,2024-03-28T06:30Z,46,52,low
2024-03-28T06:30Z,2024-03-28T07:00Z,47,56,low
2024-03-28T07:00Z,2024-03-28T07:30Z,47,51,low
2024-03-28T07:30Z,2024-03-28T08:00Z,39,50,low
2024-03-28T08:00Z,2024-03-28T08:30Z,38,46,low
2024-03-28T08:30Z,2024-03-28T09:00Z,41,37,low
2024-03-28T09:00Z,2024-03-28T09:30Z,46,66,low
2024-03-28T09:30Z,2024-03-28T10:00Z,46,37,low
2024-03-28T10:00Z,2024-03-28T10:30Z,49,42,low
2024-03-28T10:30Z,2024-03-28T11:00Z,50,47,low
2024-03-28T11:00Z,2024-03-28T11:30Z,55,50,low
2024-03-28T11:30Z,2024-03-28T12:00Z,58,52,low
2024-03-28T12:00Z,2024-03-28T12:30Z,61,55,low
2024-03-28T12:30Z,2024-03-28T13:00Z,62,61,low
2024-03-28T13:00Z,2024-03-28T13:30Z,59,61,low
2024-03-28T13:30Z,2024-03-28T14:00Z,61,64,low
2024-03-28T14:00Z,2024-03-28T14:30Z,60,64,low
2024-03-28T14:30Z,2024-03-28T15:00Z,61,62,low
2024-03-28T15:00Z,2024-03-28T15:30Z,67,65,low
2024-03-28T15:30Z,2024-03-28T16:00Z,76,68,low
2024-03-28T16:00Z,2024-03-28T16:30Z,79,73,low
2024-03-28T16:30Z,2024-03-28T17:00Z,81,81,low
2024-03-28T17:00Z,2024-03-28T17:30Z,88,84,low
2024-03-28T17:30Z,2024-03-28T18:00Z,93,88,low
2024-03-28T18:00Z,2024-03-28T18:30Z,100,91,low
2024-03-28T18:30Z,2024-03-28T19:00Z,104,92,low
2024-03-28T19:00Z,2024-03-28T19:30Z,103,93,low
2024-03-28T19:30Z,2024-03-28T20:00Z,98,99,low
2024-03-28T20:00Z,2024-03-28T20:30Z,94,100,low
2024-03-28T20:30Z,2024-03-28T21:00Z,89,92,low
2024-03-28T21:00Z,2024-03-28T21:30Z,84,90,low
2024-03-28T21:30Z,2024-03-28T22:00Z,76,95,low
2024-03-28T22:00Z,2024-03-28T22:30Z,70,79,low
2024-03-28T22:30Z,2024-03-28T23:00Z,63,75,low
2024-03-28T23:00Z,2024-03-28T23:30Z,59,74,low
2024-03-28T23:30Z,2024-03-29T00:00Z,57,66,low
2024-03-29T00:00Z,2024-03-29T00:30Z,64,67,low
2024-03-29T00:30Z,2024-03-29T01:00Z,72,60,low
2024-03-29T01:00Z,2024-03-29T01:30Z,76,63,low
2024-03-29T01:30Z,2024-03-29T02:00Z,79,75,low
2024-03-29T02:00Z,2024-03-29T02:30Z,79,76,low
2024-03-29T02:30Z,2024-03-29T03:00Z,80,79,low
2024-03-29T03:00Z,2024-03-29T03:30Z,81,81,low
2024-03-29T03:30Z,2024-03-29T04:00Z,80,81,low
2024-03-29T04:00Z,2024-03-29T04:30Z,78,83,low
2024-03-29T04:30Z,2024-03-29T05:00Z,75,81,low
2024-03-29T05:00Z,2024-03-29T05:30Z,79,81,low
2024-03-29T05:30Z,2024-03-29T06:00Z,97,75,low
2024-03-29T06:00Z,2024-03-29T06:30Z,102,73,low
2024-03-29T06:30Z,2024-03-29T07:00Z,97,82,low
2024-03-29T07:00Z,2024-03-29T07:30Z,94,83,low
2024-03-29T07:30Z,2024-03-29T08:00Z,94,80,low
2024-03-29T08:00Z,2024-03-29T08:30Z,98,79,low
2024-03-29T08:30Z,2024-03-29T09:00Z,97,74,low
2024-03-29T09:00Z,2024-03-29T09:30Z,92,77,low
2024-03-29T09:30Z,2024-03-29T10:00Z,87,76,low
2024-03-29T10:00Z,2024-03-29T10:30Z,83,76,low
2024-03-29T10:30Z,2024-03-29T11:00Z,73,71,low
2024-03-29T11:00Z,2024-03-29T11:30Z,70,73,low
2024-03-29T11:30Z,2024-03-29T12:00Z,67,54,low
2024-03-29T12:00Z,2024-03-29T12:30Z,70,53,low
2024-03-29T12:30Z,2024-03-29T13:00Z,72,52,low
2024-03-29T13:00Z,2024-03-29T13:30Z,66,52,low
2024-03-29T13:30Z,2024-03-29T14:00Z,64,52,low
2024-03-29T14:00Z,2024-03-29T14:30Z,68,54,low
2024-03-29T14:30Z,2024-03-29T15:00Z,78,50,low
2024-03-29T15:00Z,2024-03-29T15:30Z,91,54,low
2024-03-29T15:30Z,2024-03-29T16:00Z,91,62,low
2024-03-29T16:00Z,2024-03-29T16:30Z,101,75,low
2024-03-29T16:30Z,2024-03-29T17:00Z,117,100,moderate
2024-03-29T17:00Z,2024-03-29T17:30Z,127,98,moderate
2024-03-29T17:30Z,2024-03-29T18:00Z,139,116,moderate
2024-03-29T18:00Z,2024-03-29T18:30Z,145,111,moderate
2024-03-29T18:30Z,2024-03-29T19:00Z,143,133,moderate
2024-03-29T19:00Z,2024-03-29T19:30Z,137,133,moderate
2024-03-29T19:30Z,2024-03-29T20:00Z,131,122,moderate
2024-03-29T20:00Z,2024-03-29T20:30Z,127,125,moderate
2024-03-29T20:30Z,2024-03-29T21:00Z,126,115,moderate
2024-03-29T21:00Z,2024-03-29T21:30Z,125,105,moderate
2024-03-29T21:30Z,2024-03-29T22:00Z,108,108,low
2024-03-29T22:00Z,2024-03-29T22:30Z,104,104,low
2024-03-29T22:30Z,2024-03-29T23:00Z,96,106,low
2024-03-29T23:00Z,2024-03-29T23:30Z,96,98,low
2024-03-29T23:30Z,2024-03-30T00:00Z,96,92,low
2024-03-30T00:00Z,2024-03-30T00:30Z,96,101,low
2024-03-30T00:30Z,2024-03-30T01:00Z,95,93,low
2024-03-30T01:00Z,2024-03-30T01:30Z,92,89,low
2024-03-30T01:30Z,2024-03-30T02:00Z,89,85,low
2024-03-30T02:00Z,2024-03-30T02:30Z,94,83,low
2024-03-30T02:30Z,2024-03-30T03:00Z,91,85,low
2024-03-30T03:00Z,2024-03-30T03:30Z,94,86,low
2024-03-30T03:30Z,2024-03-30T04:00Z,99,83,low
2024-03-30T04:00Z,2024-03-30T04:30Z,102,86,low
2024-03-30T04:30Z,2024-03-30T05:00Z,96,90,low
2024-03-30T05:00Z,2024-03-30T05:30Z,104,102,low
2024-03-30T05:30Z,2024-03-30T06:00Z,120,96,moderate
2024-03-30T06:00Z,2024-03-30T06:30Z,132,110,moderate
2024-03-30T06:30Z,2024-03-30T07:00Z,135,122,moderate
2024-03-30T07:00Z,2024-03-30T07:30Z,128,135,moderate
2024-03-30T07:30Z,2024-03-30T08:00Z,127,147,moderate
2024-03-30T08:00Z,2024-03-30T08:30Z,122,144,moderate
2024-03-30T08:30Z,2024-03-30T09:00Z,122,132,moderate
2024-03-30T09:00Z,2024-03-30T09:30Z,119,134,moderate
2024-03-30T09:30Z,2024-03-30T10:00Z,110,130,moderate
2024-03-30T10:00Z,2024-03-30T10:30Z,107,127,low
2024-03-30T10:30Z,2024-03-30T11:00Z,108,121,low
2024-03-30T11:00Z,2024-03-30T11:30Z,107,115,low
2024-03-30T11:30Z,2024-03-30T12:00Z,115,119,moderate
2024-03-30T12:00Z,2024-03-30T12:30Z,114,119,moderate
2024-03-30T12:30Z,2024-03-30T13:00Z,102,123,low
2024-03-30T13:00Z,2024-03-30T13:30Z,102,119,low
2024-03-30T13:30Z,2024-03-30T14:00Z,103,107,low
2024-03-30T14:00Z,2024-03-30T14:30Z,101,140,low
2024-03-30T14:30Z,2024-03-30T15:00Z,105,114,low
2024-03-30T15:00Z,2024-03-30T15:30Z,116,112,moderate
2024-03-30T15:30Z,2024-03-30T16:00Z,132,128,moderate
2024-03-30T16:00Z,2024-03-30T16:30Z,153,133,moderate
2024-03-30T16:30Z,2024-03-30T17:00Z,165,150,moderate
2024-03-30T17:00Z,2024-03-30T17:30Z,184,166,moderate
2024-03-30T17:30Z,2024-03-30T18:00Z,183,187,moderate
2024-03-30T18:00Z,2024-03-30T18:30Z,186,203,moderate
2024-03-30T18:30Z,2024-03-30T19:00Z,189,201,moderate
2024-03-30T19:00Z,2024-03-30T19:30Z,190,204,high
2024-03-30T19:30Z,2024-03-30T20:00Z,194,195,high
2024-03-30T20:00Z,2024-03-30T20:30Z,196,195,high
2024-03-30T20:30Z,2024-03-30T21:00Z,201,196,high
2024-03-30T21:00Z,2024-03-30T21:30Z,196,206,high
2024-03-30T21:30Z,2024-03-30T22:00Z,183,218,moderate
2024-03-30T22:00Z,2024-03-30T22:30Z,168,203,moderate
2024-03-30T22:30Z,2024-03-30T23:00Z,162,187,moderate
2024-03-30T23:00Z,2024-03-30T23:30Z,157,179,moderate
2024-03-30T23:30Z,2024-03-31T00:00Z,154,182,moderate
2024-03-31T00:00Z,2024-03-31T00:30Z,150,158,moderate
2024-03-31T00:30Z,2024-03-31T01:00Z,146,159,moderate
2024-03-31T01:00Z,2024-03-31T01:30Z,142,159,moderate
2024-03-31T01:30Z,2024-03-31T02:00Z,145,146,moderate
2024-03-31T02:00Z,2024-03-31T02:30Z,143,154,moderate
2024-03-31T02:30Z,2024-03-31T03:00Z,137,149,moderate
2024-03-31T03:00Z,2024-03-31T03:30Z,126,151,moderate
2024-03-31T03:30Z,2024-03-31T04:00Z,123,143,moderate
2024-03-31T04:00Z,2024-03-31T04:30Z,120,139,moderate
2024-03-31T04:30Z,2024-03-31T05:00Z,127,127,moderate
2024-03-31T05:00Z,2024-03-31T05:30Z,123,127,moderate
2024-03-31T05:30Z,2024-03-31T06:00Z,120,131,moderate
2024-03-31T06:00Z,2024-03-31T06:30Z,116,130,moderate
2024-03-31T06:30Z,2024-03-31T07:00Z,107,124,low
2024-03-31T07:00Z,2024-03-31T07:30Z,106,118,low
2024-03-31T07:30Z,2024-03-31T08:00Z,108,107,low
2024-03-31T08:00Z,2024-03-31T08:30Z,100,104,low
2024-03-31T08:30Z,2024-03-31T09:00Z,104,107,low
2024-03-31T09:00Z,2024-03-31T09:30Z,105,99,low
2024-03-31T09:30Z,2024-03-31T10:00Z,109,99,low
2024-03-31T10:00Z,2024-03-31T10:30Z,110,95,moderate
2024-03-31T10:30Z,2024-03-31T11:00Z,106,111,low
2024-03-31T11:00Z,2024-03-31T11:30Z,103,108,low
2024-03-31T11:30Z,2024-03-31T12:00Z,97,100,low
2024-03-31T12:00Z,2024-03-31T12:30Z,96,99,low
2024-03-31T12:30Z,2024-03-31T13:00Z,100,101,low
2024-03-31T13:00Z,2024-03-31T13:30Z,93,88,low
2024-03-31T13:30Z,2024-03-31T14:00Z,71,93,low
2024-03-31T14:00Z,2024-03-31T14:30Z,72,91,low
2024-03-31T14:30Z,2024-03-31T15:00Z,78,76,low
2024-03-31T15:00Z,2024-03-31T15:30Z,80,77,low
2024-03-31T15:30Z,2024-03-31T16:00Z,87,88,low
2024-03-31T16:00Z,2024-03-31T16:30Z,87,91,low
2024-03-31T16:30Z,2024-03-31T17:00Z,91,89,low
2024-03-31T17:00Z,2024-03-31T17:30Z,94,104,low
2024-03-31T17:30Z,2024-03-31T18:00Z,94,103,low
2024-03-31T18:00Z,2024-03-31T18:30Z,91,100,low
2024-03-31T18:30Z,2024-03-31T19:00Z,85,96,low
2024-03-31T19:00Z,2024-03-31T19:30Z,83,93,low
2024-03-31T19:30Z,2024-03-31T20:00Z,83,89,low
2024-03-31T20:00Z,2024-03-31T20:30Z,75,96,low
2024-03-31T20:30Z,2024-03-31T21:00Z,74,84,low
2024-03-31T21:00Z,2024-03-31T21:30Z,71,83,low
2024-03-31T21:30Z,2024-03-31T22:00Z,73,74,low
2024-03-31T22:00Z,2024-03-31T22:30Z,74,74,low
2024-03-31T22:30Z,2024-03-31T23:00Z,84,74,low
2024-03-31T23:00Z,2024-03-31T23:30Z,83,76,low
2024-03-31T23:30Z,2024-04-01T00:00Z,85,86,low
2024-04-01T00:00Z,2024-04-01T00:30Z,87,86,low
2024-04-01T00:30Z,2024-04-01T01:00Z,83,89,low
2024-04-01T01:00Z,2024-04-01T01:30Z,85,91,low
2024-04-01T01:30Z,2024-04-01T02:00Z,91,89,low
2024-04-01T02:00Z,2024-04-01T02:30Z,91,96,low
2024-04-01T02:30Z,2024-04-01T03:00Z,90,96,low
2024-04-01T03:00Z,2024-04-01T03:30Z,87,97,low
2024-04-01T03:30Z,2024-04-01T04:00Z,79,93,low
2024-04-01T04:00Z,2024-04-01T04:30Z,84,89,low
2024-04-01T04:30Z,2024-04-01T05:00Z,81,82,low
2024-04-01T05:00Z,2024-04-01T05:30Z,78,84,low
2024-04-01T05:30Z,2024-04-01T06:00Z,71,85,low
2024-04-01T06:00Z,2024-04-01T06:30Z,72,82,low
2024-04-01T06:30Z,2024-04-01T07:00Z,73,80,low
2024-04-01T07:00Z,2024-04-01T07:30Z,72,79,low
2024-04-01T07:30Z,2024-04-01T08:00Z,64,79,low
2024-04-01T08:00Z,2024-04-01T08:30Z,64,77,low
2024-04-01T08:30Z,2024-04-01T09:00Z,67,64,low
2024-04-01T09:00Z,2024-04-01T09:30Z,68,66,low
2024-04-01T09:30Z,2024-04-01T10:00Z,70,67,low
2024-04-01T10:00Z,2024-04-01T10:30Z,70,64,low
2024-04-01T10:30Z,2024-04-01T11:00Z,65,66,low
2024-04-01T11:00Z,2024-04-01T11:30Z,67,73,low
2024-04-01T11:30Z,2024-04-01T12:00Z,68,69,low
2024-04-01T12:00Z,2024-04-01T12:30Z,68,71,low
2024-04-01T12:30Z,2024-04-01T13:00Z,64,77,low
2024-04-01T13:00Z,2024-04-01T13:30Z,66,72,low
2024-04-01T13:30Z,2024-04-01T14:00Z,66,74,low
2024-04-01T14:00Z,2024-04-01T14:30Z,76,80,low
2024-04-01T14:30Z,2024-04-01T15:00Z,85,78,low
2024-04-01T15:00Z,2024-04-01T15:30Z,96,81,low
2024-04-01T15:30Z,2024-04-01T16:00Z,110,114,moderate
2024-04-01T16:00Z,2024-04-01T16:30Z,122,120,moderate
2024-04-01T16:30Z,2024-04-01T17:00Z,137,128,moderate
2024-04-01T17:00Z,2024-04-01T17:30Z,144,139,moderate
2024-04-01T17:30Z,2024-04-01T18:00Z,149,148,moderate
2024-04-01T18:00Z,2024-04-01T18:30Z,149,147,moderate
2024-04-01T18:30Z,2024-04-01T19:00Z,146,152,moderate
2024-04-01T19:00Z,2024-04-01T19:30Z,147,153,moderate
2024-04-01T19:30Z,2024-04-01T20:00Z,143,152,moderate
2024-04-01T20:00Z,2024-04-01T20:30Z,139,146,moderate
2024-04-01T20:30Z,2024-04-01T21:00Z,127,145,moderate
2024-04-01T21:00Z,2024-04-01T21:30Z,114,133,moderate
2024-04-01T21:30Z,2024-04-01T22:00Z,89,124,low
2024-04-01T22:00Z,2024-04-01T22:30Z,86,119,low
2024-04-01T22:30Z,2024-04-01T23:00Z,90,110,low
2024-04-01T23:00Z,2024-04-01T23:30Z,82,94,low
2024-04-01T23:30Z,2024-04-02T00:00Z,84,106,low
2024-04-02T00:00Z,2024-04-02T00:30Z,84,92,low
2024-04-02T00:30Z,2024-04-02T01:00Z,81,96,low
2024-04-02T01:00Z,2024-04-02T01:30Z,80,92,low
2024-04-02T01:30Z,2024-04-02T02:00Z,79,88,low
2024-04-02T02:00Z,2024-04-02T02:30Z,81,87,low
2024-04-02T02:30Z,2024-04-02T03:00Z,81,84,low
2024-04-02T03:00Z,2024-04-02T03:30Z,84,84,low
2024-04-02T03:30Z,2024-04-02T04:00Z,86,93,low
2024-04-02T04:00Z,2024-04-02T04:30Z,97,84,low
2024-04-02T04:30Z,2024-04-02T05:00Z,112,88,moderate
2024-04-02T05:00Z,2024-04-02T05:30Z,128,105,moderate
2024-04-02T05:30Z,2024-04-02T06:00Z,153,132,moderate
2024-04-02T06:00Z,2024-04-02T06:30Z,160,132,moderate
2024-04-02T06:30Z,2024-04-02T07:00Z,162,160,moderate
2024-04-02T07:00Z,2024-04-02T07:30Z,158,165,moderate
2024-04-02T07:30Z,2024-04-02T08:00Z,154,165,moderate
2024-04-02T08:00Z,2024-04-02T08:30Z,148,162,moderate
2024-04-02T08:30Z,2024-04-02T09:00Z,141,153,moderate
2024-04-02T09:00Z,2024-04-02T09:30Z,138,150,moderate
2024-04-02T09:30Z,2024-04-02T10:00Z,136,144,moderate
2024-04-02T10:00Z,2024-04-02T10:30Z,137,137,moderate
2024-04-02T10:30Z,2024-04-02T11:00Z,139,137,moderate
2024-04-02T11:00Z,2024-04-02T11:30Z,138,139,moderate
2024-04-02T11:30Z,2024-04-02T12:00Z,145,142,moderate
2024-04-02T12:00Z,2024-04-02T12:30Z,150,143,moderate
2024-04-02T12:30Z,2024-04-02T13:00Z,151,147,moderate
2024-04-02T13:00Z,2024-04-02T13:30Z,157,152,moderate
2024-04-02T13:30Z,2024-04-02T14:00Z,160,157,moderate
2024-04-02T14:00Z,2024-04-02T14:30Z,168,159,moderate
2024-04-02T14:30Z,2024-04-02T15:00Z,171,160,moderate
2024-04-02T15:00Z,2024-04-02T15:30Z,176,172,moderate
2024-04-02T15:30Z,2024-04-02T16:00Z,176,174,moderate
2024-04-02T16:00Z,2024-04-02T16:30Z,181,183,moderate
2024-04-02T16:30Z,2024-04-02T17:00Z,180,177,moderate
2024-04-02T17:00Z,2024-04-02T17:30Z,183,188,moderate
2024-04-02T17:30Z,2024-04-02T18:00Z,186,185,moderate
2024-04-02T18:00Z,2024-04-02T18:30Z,186,186,moderate
2024-04-02T18:30Z,2024-04-02T19:00Z,181,184,moderate
2024-04-02T19:00Z,2024-04-02T19:30Z,176,180,moderate
2024-04-02T19:30Z,2024-04-02T20:00Z,161,174,moderate
2024-04-02T20:00Z,2024-04-02T20:30Z,141,170,moderate
2024-04-02T20:30Z,2024-04-02T21:00Z,115,145,moderate
2024-04-02T21:00Z,2024-04-02T21:30Z,96,130,low
2024-04-02T21:30Z,2024-04-02T22:00Z,77,106,low
2024-04-02T22:00Z,2024-04-02T22:30Z,65,94,low
2024-04-02T22:30Z,2024-04-02T23:00Z,66,84,low
2024-04-02T23:00Z,2024-04-02T23:30Z,65,70,low
2024-04-02T23:30Z,2024-04-03T00:00Z,67,68,low
2024-04-03T00:00Z,2024-04-03T00:30Z,69,68,low
2024-04-03T00:30Z,2024-04-03T01:00Z,69,70,low
2024-04-03T01:00Z,2024-04-03T01:30Z,68,71,low
2024-04-03T01:30Z,2024-04-03T02:00Z,69,71,low
2024-04-03T02:00Z,2024-04-03T02:30Z,69,70,low
2024-04-03T02:30Z,2024-04-03T03:00Z,67,79,low
2024-04-03T03:00Z,2024-04-03T03:30Z,66,72,low
2024-04-03T03:30Z,2024-04-03T04:00Z,63,73,low
2024-04-03T04:00Z,2024-04-03T04:30Z,70,67,low
2024-04-03T04:30Z,2024-04-03T05:00Z,77,62,low
2024-04-03T05:00Z,2024-04-03T05:30Z,98,67,low
2024-04-03T05:30Z,2024-04-03T06:00Z,111,70,moderate
2024-04-03T06:00Z,2024-04-03T06:30Z,112,95,moderate
2024-04-03T06:30Z,2024-04-03T07:00Z,109,113,low
2024-04-03T07:00Z,2024-04-03T07:30Z,104,111,low
2024-04-03T07:30Z,2024-04-03T08:00Z,103,103,low
2024-04-03T08:00Z,2024-04-03T08:30Z,100,99,low
2024-04-03T08:30Z,2024-04-03T09:00Z,96,101,low
2024-04-03T09:00Z,2024-04-03T09:30Z,92,93,low
2024-04-03T09:30Z,2024-04-03T10:00Z,84,87,low
2024-04-03T10:00Z,2024-04-03T10:30Z,81,94,low
2024-04-03T10:30Z,2024-04-03T11:00Z,78,84,low
2024-04-03T11:00Z,2024-04-03T11:30Z,74,83,low
2024-04-03T11:30Z,2024-04-03T12:00Z,68,81,low
2024-04-03T12:00Z,2024-04-03T12:30Z,59,78,low
2024-04-03T12:30Z,2024-04-03T13:00Z,60,72,low
2024-04-03T13:00Z,2024-04-03T13:30Z,64,62,low
2024-04-03T13:30Z,2024-04-03T14:00Z,66,61,low
2024-04-03T14:00Z,2024-04-03T14:30Z,64,100,low
2024-04-03T14:30Z,2024-04-03T15:00Z,62,67,low
2024-04-03T15:00Z,2024-04-03T15:30Z,64,71,low
2024-04-03T15:30Z,2024-04-03T16:00Z,62,66,low
2024-04-03T16:00Z,2024-04-03T16:30Z,65,72,low
2024-04-03T16:30Z,2024-04-03T17:00Z,62,72,low
2024-04-03T17:00Z,2024-04-03T17:30Z,71,72,low
2024-04-03T17:30Z,2024-04-03T18:00Z,79,68,low
2024-04-03T18:00Z,2024-04-03T18:30Z,85,71,low
2024-04-03T18:30Z,2024-04-03T19:00Z,85,83,low
2024-04-03T19:00Z,2024-04-03T19:30Z,82,89,low
2024-04-03T19:30Z,2024-04-03T20:00Z,76,88,low
2024-04-03T20:00Z,2024-04-03T20:30Z,73,89,low
2024-04-03T20:30Z,2024-04-03T21:00Z,65,79,low
2024-04-03T21:00Z,2024-04-03T21:30Z,59,73,low
2024-04-03T21:30Z,2024-04-03T22:00Z,61,71,low
2024-04-03T22:00Z,2024-04-03T22:30Z,56,78,low
2024-04-03T22:30Z,2024-04-03T23:00Z,57,85,low
2024-04-03T23:00Z,2024-04-03T23:30Z,57,64,low
2024-04-03T23:30Z,2024-04-04T00:00Z,59,60,low
2024-04-04T00:00Z,2024-04-04T00:30Z,66,61,low
2024-04-04T00:30Z,2024-04-04T01:00Z,60,61,low
2024-04-04T01:00Z,2024-04-04T01:30Z,57,70,low
2024-04-04T01:30Z,2024-04-04T02:00Z,57,64,low
2024-04-04T02:00Z,2024-04-04T02:30Z,57,60,low
2024-04-04T02:30Z,2024-04-04T03:00Z,60,60,low
2024-04-04T03:00Z,2024-04-04T03:30Z,62,59,low
2024-04-04T03:30Z,2024-04-04T04:00Z,67,60,low
2024-04-04T04:00Z,2024-04-04T04:30Z,77,60,low
2024-04-04T04:30Z,2024-04-04T05:00Z,104,64,low
2024-04-04T05:00Z,2024-04-04T05:30Z,127,80,moderate
2024-04-04T05:30Z,2024-04-04T06:00Z,142,118,moderate
2024-04-04T06:00Z,2024-04-04T06:30Z,152,142,moderate
2024-04-04T06:30Z,2024-04-04T07:00Z,147,147,moderate
2024-04-04T07:00Z,2024-04-04T07:30Z,144,156,moderate
2024-04-04T07:30Z,2024-04-04T08:00Z,139,151,moderate
2024-04-04T08:00Z,2024-04-04T08:30Z,133,133,moderate
2024-04-04T08:30Z,2024-04-04T09:00Z,131,137,moderate
2024-04-04T09:00Z,2024-04-04T09:30Z,129,130,moderate
2024-04-04T09:30Z,2024-04-04T10:00Z,130,130,moderate
2024-04-04T10:00Z,2024-04-04T10:30Z,132,131,moderate
2024-04-04T10:30Z,2024-04-04T11:00Z,133,136,moderate
2024-04-04T11:00Z,2024-04-04T11:30Z,132,134,moderate
2024-04-04T11:30Z,2024-04-04T12:00Z,126,140,moderate
2024-04-04T12:00Z,2024-04-04T12:30Z,126,136,moderate
2024-04-04T12:30Z,2024-04-04T13:00Z,128,131,moderate
2024-04-04T13:00Z,2024-04-04T13:30Z,132,131,moderate
2024-04-04T13:30Z,2024-04-04T14:00Z,135,137,moderate
2024-04-04T14:00Z,2024-04-04T14:30Z,142,143,moderate
2024-04-04T14:30Z,2024-04-04T15:00Z,150,153,moderate
2024-04-04T15:00Z,2024-04-04T15:30Z,155,156,moderate
2024-04-04T15:30Z,2024-04-04T16:00Z,158,163,moderate
2024-04-04T16:00Z,2024-04-04T16:30Z,159,146,moderate
2024-04-04T16:30Z,2024-04-04T17:00Z,161,162,moderate
2024-04-04T17:00Z,2024-04-04T17:30Z,163,144,moderate
2024-04-04T17:30Z,2024-04-04T18:00Z,166,166,moderate
2024-04-04T18:00Z,2024-04-04T18:30Z,159,164,moderate
2024-04-04T18:30Z,2024-04-04T19:00Z,150,168,moderate
2024-04-04T19:00Z,2024-04-04T19:30Z,140,158,moderate
2024-04-04T19:30Z,2024-04-04T20:00Z,119,145,moderate
2024-04-04T20:00Z,2024-04-04T20:30Z,100,118,low
2024-04-04T20:30Z,2024-04-04T21:00Z,82,107,low
2024-04-04T21:00Z,2024-04-04T21:30Z,70,95,low
2024-04-04T21:30Z,2024-04-04T22:00Z,64,86,low
2024-04-04T22:00Z,2024-04-04T22:30Z,58,71,low
2024-04-04T22:30Z,2024-04-04T23:00Z,61,80,low
2024-04-04T23:00Z,2024-04-04T23:30Z,54,75,low
2024-04-04T23:30Z,2024-04-05T00:00Z,58,67,low
2024-04-05T00:00Z,2024-04-05T00:30Z,55,57,low
2024-04-05T00:30Z,2024-04-05T01:00Z,54,62,low
2024-04-05T01:00Z,2024-04-05T01:30Z,48,57,low
2024-04-05T01:30Z,2024-04-05T02:00Z,48,54,low
2024-04-05T02:00Z,2024-04-05T02:30Z,49,55,low
2024-04-05T02:30Z,2024-04-05T03:00Z,50,52,low
2024-04-05T03:00Z,2024-04-05T03:30Z,48,50,low
2024-04-05T03:30Z,2024-04-05T04:00Z,47,50,low
2024-04-05T04:00Z,2024-04-05T04:30Z,47,48,low
2024-04-05T04:30Z,2024-04-05T05:00Z,46,44,low
2024-04-05T05:00Z,2024-04-05T05:30Z,50,47,low
2024-04-05T05:30Z,2024-04-05T06:00Z,50,47,low
2024-04-05T06:00Z,2024-04-05T06:30Z,53,44,low
2024-04-05T06:30Z,2024-04-05T07:00Z,48,45,low
2024-04-05T07:00Z,2024-04-05T07:30Z,48,47,low
2024-04-05T07:30Z,2024-04-05T08:00Z,42,44,low
2024-04-05T08:00Z,2024-04-05T08:30Z,37,41,low
2024-04-05T08:30Z,2024-04-05T09:00Z,28,43,very low
2024-04-05T09:00Z,2024-04-05T09:30Z,27,47,very low
2024-04-05T09:30Z,2024-04-05T10:00Z,25,26,very low
2024-04-05T10:00Z,2024-04-05T10:30Z,26,30,very low
2024-04-05T10:30Z,2024-04-05T11:00Z,25,25,very low
2024-04-05T11:00Z,2024-04-05T11:30Z,22,25,very low
2024-04-05T11:30Z,2024-04-05T12:00Z,22,27,very low
2024-04-05T12:00Z,2024-04-05T12:30Z,21,22,very low
2024-04-05T12:30Z,2024-04-05T13:00Z,23,22,very low
2024-04-05T13:00Z,2024-04-05T13:30Z,23,23,very low
2024-04-05T13:30Z,2024-04-05T14:00Z,22,22,very low
2024-04-05T14:00Z,2024-04-05T14:30Z,22,22,very low
2024-04-05T14:30Z,2024-04-05T15:00Z,23,22,very low
2024-04-05T15:00Z,2024-04-05T15:30Z,24,22,very low
2024-04-05T15:30Z,2024-04-05T16:00Z,26,22,very low
2024-04-05T16:00Z,2024-04-05T16:30Z,30,24,very low
2024-04-05T16:30Z,2024-04-05T17:00Z,34,27,very low
2024-04-05T17:00Z,2024-04-05T17:30Z,35,34,low
2024-04-05T17:30Z,2024-04-05T18:00Z,35,35,low
2024-04-05T18:00Z,2024-04-05T18:30Z,39,36,low
2024-04-05T18:30Z,2024-04-05T19:00Z,41,34,low
2024-04-05T19:00Z,2024-04-05T19:30Z,36,38,low
2024-04-05T19:30Z,2024-04-05T20:00Z,39,41,low
2024-04-05T20:00Z,2024-04-05T20:30Z,41,43,low
2024-04-05T20:30Z,2024-04-05T21:00Z,44,39,low
2024-04-05T21:00Z,2024-04-05T21:30Z,41,43,low
2024-04-05T21:30Z,2024-04-05T22:00Z,50,45,low
2024-04-05T22:00Z,2024-04-05T22:30Z,47,50,low
2024-04-05T22:30Z,2024-04-05T23:00Z,48,50,low
2024-04-05T23:00Z,2024-04-05T23:30Z,48,49,low
2024-04-05T23:30Z,2024-04-06T00:00Z,47,52,low
2024-04-06T00:00Z,2024-04-06T00:30Z,48,49,low
2024-04-06T00:30Z,2024-04-06T01:00Z,46,47,low
2024-04-06T01:00Z,2024-04-06T01:30Z,46,49,low
2024-04-06T01:30Z,2024-04-06T02:00Z,46,48,low
2024-04-06T02:00Z,2024-04-06T02:30Z,45,49,low
2024-04-06T02:30Z,2024-04-06T03:00Z,46,49,low
2024-04-06T03:00Z,2024-04-06T03:30Z,46,52,low
2024-04-06T03:30Z,2024-04-06T04:00Z,46,53,low
2024-04-06T04:00Z,2024-04-06T04:30Z,48,48,low
2024-04-06T04:30Z,2024-04-06T05:00Z,44,48,low
2024-04-06T05:00Z,2024-04-06T05:30Z,44,49,low
2024-04-06T05:30Z,2024-04-06T06:00Z,40,47,low
2024-04-06T06:00Z,2024-04-06T06:30Z,38,48,low
2024-04-06T06:30Z,2024-04-06T07:00Z,36,50,low
2024-04-06T07:00Z,2024-04-06T07:30Z,33,51,very low
2024-04-06T07:30Z,2024-04-06T08:00Z,33,51,very low
2024-04-06T08:00Z,2024-04-06T08:30Z,31,32,very low
2024-04-06T08:30Z,2024-04-06T09:00Z,31,33,very low
2024-04-06T09:00Z,2024-04-06T09:30Z,32,34,very low
2024-04-06T09:30Z,2024-04-06T10:00Z,31,31,very low
2024-04-06T10:00Z,2024-04-06T10:30Z,28,32,very low
2024-04-06T10:30Z,2024-04-06T11:00Z,27,32,very low
2024-04-06T11:00Z,2024-04-06T11:30Z,27,30,very low
2024-04-06T11:30Z,2024-04-06T12:00Z,27,28,very low
2024-04-06T12:00Z,2024-04-06T12:30Z,25,28,very low
2024-04-06T12:30Z,2024-04-06T13:00Z,25,29,very low
2024-04-06T13:00Z,2024-04-06T13:30Z,24,27,very low
2024-04-06T13:30Z,2024-04-06T14:00Z,32,26,very low
2024-04-06T14:00Z,2024-04-06T14:30Z,28,27,very low
2024-04-06T14:30Z,2024-04-06T15:00Z,30,31,very low
2024-04-06T15:00Z,2024-04-06T15:30Z,32,29,very low
2024-04-06T15:30Z,2024-04-06T16:00Z,36,30,low
2024-04-06T16:00Z,2024-04-06T16:30Z,41,33,low
2024-04-06T16:30Z,2024-04-06T17:00Z,41,36,low
2024-04-06T17:00Z,2024-04-06T17:30Z,43,42,low
2024-04-06T17:30Z,2024-04-06T18:00Z,47,42,low
2024-04-06T18:00Z,2024-04-06T18:30Z,48,43,low
2024-04-06T18:30Z,2024-04-06T19:00Z,45,48,low
2024-04-06T19:00Z,2024-04-06T19:30Z,45,50,low
2024-04-06T19:30Z,2024-04-06T20:00Z,46,45,low
2024-04-06T20:00Z,2024-04-06T20:30Z,46,51,low
2024-04-06T20:30Z,2024-04-06T21:00Z,56,48,low
2024-04-06T21:00Z,2024-04-06T21:30Z,51,48,low
2024-04-06T21:30Z,2024-04-06T22:00Z,56,46,low
2024-04-06T22:00Z,2024-04-06T22:30Z,51,50,low
2024-04-06T22:30Z,2024-04-06T23:00Z,52,55,low
2024-04-06T23:00Z,2024-04-06T23:30Z,49,49,low
2024-04-06T23:30Z,2024-04-07T00:00Z,50,51,low
2024-04-07T00:00Z,2024-04-07T00:30Z,50,49,low
2024-04-07T00:30Z,2024-04-07T01:00Z,48,49,low
2024-04-07T01:00Z,2024-04-07T01:30Z,47,46,low
2024-04-07T01:30Z,2024-04-07T02:00Z,50,45,low
2024-04-07T02:00Z,2024-04-07T02:30Z,49,44,low
2024-04-07T02:30Z,2024-04-07T03:00Z,49,48,low
2024-04-07T03:00Z,2024-04-07T03:30Z,50,47,low
2024-04-07T03:30Z,2024-04-07T04:00Z,50,46,low
2024-04-07T04:00Z,2024-04-07T04:30Z,53,47,low
2024-04-07T04:30Z,2024-04-07T05:00Z,52,48,low
2024-04-07T05:00Z,2024-04-07T05:30Z,54,49,low
2024-04-07T05:30Z,2024-04-07T06:00Z,56,47,low
2024-04-07T06:00Z,2024-04-07T06:30Z,53,49,low
2024-04-07T06:30Z,2024-04-07T07:00Z,51,50,low
2024-04-07T07:00Z,2024-04-07T07:30Z,46,48,low
2024-04-07T07:30Z,2024-04-07T08:00Z,44,44,low
2024-04-07T08:00Z,2024-04-07T08:30Z,43,38,low
2024-04-07T08:30Z,2024-04-07T09:00Z,41,37,low
2024-04-07T09:00Z,2024-04-07T09:30Z,40,36,low
2024-04-07T09:30Z,2024-04-07T10:00Z,39,36,low
2024-04-07T10:00Z,2024-04-07T10:30Z,38,35,low
2024-04-07T10:30Z,2024-04-07T11:00Z,41,36,low
2024-04-07T11:00Z,2024-04-07T11:30Z,42,31,low
2024-04-07T11:30Z,2024-04-07T12:00Z,38,37,low
2024-04-07T12:00Z,2024-04-07T12:30Z,38,41,low
2024-04-07T12:30Z,2024-04-07T13:00Z,41,42,low
2024-04-07T13:00Z,2024-04-07T13:30Z,42,38,low
2024-04-07T13:30Z,2024-04-07T14:00Z,43,35,low
2024-04-07T14:00Z,2024-04-07T14:30Z,40,35,low
2024-04-07T14:30Z,2024-04-07T15:00Z,37,37,low
2024-04-07T15:00Z,2024-04-07T15:30Z,41,38,low
2024-04-07T15:30Z,2024-04-07T16:00Z,41,35,low
2024-04-07T16:00Z,2024-04-07T16:30Z,50,38,low
2024-04-07T16:30Z,2024-04-07T17:00Z,51,38,low
2024-04-07T17:00Z,2024-04-07T17:30Z,55,46,low
2024-04-07T17:30Z,2024-04-07T18:00Z,60,52,low
2024-04-07T18:00Z,2024-04-07T18:30Z,62,55,low
2024-04-07T18:30Z,2024-04-07T19:00Z,64,64,low
2024-04-07T19:00Z,2024-04-07T19:30Z,61,63,low
2024-04-07T19:30Z,2024-04-07T20:00Z,60,64,low
2024-04-07T20:00Z,2024-04-07T20:30Z,62,61,low
2024-04-07T20:30Z,2024-04-07T21:00Z,54,63,low
2024-04-07T21:00Z,2024-04-07T21:30Z,48,69,low
2024-04-07T21:30Z,2024-04-07T22:00Z,52,58,low
2024-04-07T22:00Z,2024-04-07T22:30Z,49,65,low
2024-04-07T22:30Z,2024-04-07T23:00Z,50,59,low
2024-04-07T23:00Z,2024-04-07T23:30Z,51,56,low
2024-04-07T23:30Z,2024-04-08T00:00Z,53,67,low
2024-04-08T00:00Z,2024-04-08T00:30Z,57,55,low
2024-04-08T00:30Z,2024-04-08T01:00Z,58,60,low
2024-04-08T01:00Z,2024-04-08T01:30Z,61,67,low
2024-04-08T01:30Z,2024-04-08T02:00Z,64,72,low
2024-04-08T02:00Z,2024-04-08T02:30Z,66,63,low
2024-04-08T02:30Z,2024-04-08T03:00Z,66,72,low
2024-04-08T03:00Z,2024-04-08T03:30Z,68,68,low
2024-04-08T03:30Z,2024-04-08T04:00Z,79,70,low
2024-04-08T04:00Z,2024-04-08T04:30Z,90,70,low
2024-04-08T04:30Z,2024-04-08T05:00Z,110,83,moderate
2024-04-08T05:00Z,2024-04-08T05:30Z,123,95,moderate
2024-04-08T05:30Z,2024-04-08T06:00Z,129,122,moderate
2024-04-08T06:00Z,2024-04-08T06:30Z,140,136,moderate
2024-04-08T06:30Z,2024-04-08T07:00Z,145,151,moderate
2024-04-08T07:00Z,2024-04-08T07:30Z,147,153,moderate
2024-04-08T07:30Z,2024-04-08T08:00Z,143,143,moderate
2024-04-08T08:00Z,2024-04-08T08:30Z,138,147,moderate
2024-04-08T08:30Z,2024-04-08T09:00Z,131,142,moderate
2024-04-08T09:00Z,2024-04-08T09:30Z,128,137,moderate
2024-04-08T09:30Z,2024-04-08T10:00Z,124,130,moderate
2024-04-08T10:00Z,2024-04-08T10:30Z,118,129,moderate
2024-04-08T10:30Z,2024-04-08T11:00Z,119,125,moderate
2024-04-08T11:00Z,2024-04-08T11:30Z,112,124,moderate
2024-04-08T11:30Z,2024-04-08T12:00Z,110,122,moderate
2024-04-08T12:00Z,2024-04-08T12:30Z,111,116,moderate
2024-04-08T12:30Z,2024-04-08T13:00Z,111,109,moderate
2024-04-08T13:00Z,2024-04-08T13:30Z,109,113,low
2024-04-08T13:30Z,2024-04-08T14:00Z,108,113,low
2024-04-08T14:00Z,2024-04-08T14:30Z,120,118,moderate
2024-04-08T14:30Z,2024-04-08T15:00Z,138,117,moderate
2024-04-08T15:00Z,2024-04-08T15:30Z,151,127,moderate
2024-04-08T15:30Z,2024-04-08T16:00Z,157,144,moderate
2024-04-08T16:00Z,2024-04-08T16:30Z,163,157,moderate
2024-04-08T16:30Z,2024-04-08T17:00Z,168,161,moderate
2024-04-08T17:00Z,2024-04-08T17:30Z,173,163,moderate
2024-04-08T17:30Z,2024-04-08T18:00Z,176,169,moderate
2024-04-08T18:00Z,2024-04-08T18:30Z,178,166,moderate
2024-04-08T18:30Z,2024-04-08T19:00Z,178,179,moderate
2024-04-08T19:00Z,2024-04-08T19:30Z,174,176,moderate
2024-04-08T19:30Z,2024-04-08T20:00Z,160,180,moderate
2024-04-08T20:00Z,2024-04-08T20:30Z,149,174,moderate
2024-04-08T20:30Z,2024-04-08T21:00Z,132,156,moderate
2024-04-08T21:00Z,2024-04-08T21:30Z,105,143,low
2024-04-08T21:30Z,2024-04-08T22:00Z,74,124,low
2024-04-08T22:00Z,2024-04-08T22:30Z,63,112,low
2024-04-08T22:30Z,2024-04-08T23:00Z,61,97,low
2024-04-08T23:00Z,2024-04-08T23:30Z,60,95,low
2024-04-08T23:30Z,2024-04-09T00:00Z,60,61,low
2024-04-09T00:00Z,2024-04-09T00:30Z,59,59,low
2024-04-09T00:30Z,2024-04-09T01:00Z,64,55,low
2024-04-09T01:00Z,2024-04-09T01:30Z,65,55,low
2024-04-09T01:30Z,2024-04-09T02:00Z,69,53,low
2024-04-09T02:00Z,2024-04-09T02:30Z,66,61,low
2024-04-09T02:30Z,2024-04-09T03:00Z,65,66,low
2024-04-09T03:00Z,2024-04-09T03:30Z,62,63,low
2024-04-09T03:30Z,2024-04-09T04:00Z,58,61,low
2024-04-09T04:00Z,2024-04-09T04:30Z,57,58,low
2024-04-09T04:30Z,2024-04-09T05:00Z,57,61,low
2024-04-09T05:00Z,2024-04-09T05:30Z,60,58,low
2024-04-09T05:30Z,2024-04-09T06:00Z,52,54,low
2024-04-09T06:00Z,2024-04-09T06:30Z,47,56,low
2024-04-09T06:30Z,2024-04-09T07:00Z,50,53,low
2024-04-09T07:00Z,2024-04-09T07:30Z,48,43,low
2024-04-09T07:30Z,2024-04-09T08:00Z,48,47,low
2024-04-09T08:00Z,2024-04-09T08:30Z,47,47,low
2024-04-09T08:30Z,2024-04-09T09:00Z,44,46,low
2024-04-09T09:00Z,2024-04-09T09:30Z,42,43,low
2024-04-09T09:30Z,2024-04-09T10:00Z,41,41,low
2024-04-09T10:00Z,2024-04-09T10:30Z,38,43,low
2024-04-09T10:30Z,2024-04-09T11:00Z,38,42,low
2024-04-09T11:00Z,2024-04-09T11:30Z,37,40,low
2024-04-09T11:30Z,2024-04-09T12:00Z,36,34,low
2024-04-09T12:00Z,2024-04-09T12:30Z,34,32,very low
2024-04-09T12:30Z,2024-04-09T13:00Z,35,33,low
2024-04-09T13:00Z,2024-04-09T13:30Z,36,31,low
2024-04-09T13:30Z,2024-04-09T14:00Z,35,31,low
2024-04-09T14:00Z,2024-04-09T14:30Z,34,28,very low
2024-04-09T14:30Z,2024-04-09T15:00Z,35,31,low
2024-04-09T15:00Z,2024-04-09T15:30Z,32,33,very low
2024-04-09T15:30Z,2024-04-09T16:00Z,32,33,very low
2024-04-09T16:00Z,2024-04-09T16:30Z,33,31,very low
2024-04-09T16:30Z,2024-04-09T17:00Z,36,30,low
2024-04-09T17:00Z,2024-04-09T17:30Z,42,30,low
2024-04-09T17:30Z,2024-04-09T18:00Z,43,37,low
2024-04-09T18:00Z,2024-04-09T18:30Z,45,41,low
2024-04-09T18:30Z,2024-04-09T19:00Z,44,42,low
2024-04-09T19:00Z,2024-04-09T19:30Z,45,47,low
2024-04-09T19:30Z,2024-04-09T20:00Z,46,48,low
2024-04-09T20:00Z,2024-04-09T20:30Z,41,40,low
2024-04-09T20:30Z,2024-04-09T21:00Z,42,42,low
2024-04-09T21:00Z,2024-04-09T21:30Z,44,40,low
2024-04-09T21:30Z,2024-04-09T22:00Z,56,37,low
2024-04-09T22:00Z,2024-04-09T22:30Z,60,38,low
2024-04-09T22:30Z,2024-04-09T23:00Z,68,48,low
2024-04-09T23:00Z,2024-04-09T23:30Z,71,47,low
2024-04-09T23:30Z,2024-04-10T00:00Z,66,61,low
2024-04-10T00:00Z,2024-04-10T00:30Z,71,65,low
2024-04-10T00:30Z,2024-04-10T01:00Z,64,66,low
2024-04-10T01:00Z,2024-04-10T01:30Z,65,70,low
2024-04-10T01:30Z,2024-04-10T02:00Z,63,63,low
2024-04-10T02:00Z,2024-04-10T02:30Z,63,64,low
2024-04-10T02:30Z,2024-04-10T03:00Z,62,65,low
2024-04-10T03:00Z,2024-04-10T03:30Z,67,66,low
2024-04-10T03:30Z,2024-04-10T04:00Z,77,65,low
2024-04-10T04:00Z,2024-04-10T04:30Z,87,70,low
2024-04-10T04:30Z,2024-04-10T05:00Z,112,83,moderate
2024-04-10T05:00Z,2024-04-10T05:30Z,125,94,moderate
2024-04-10T05:30Z,2024-04-10T06:00Z,125,118,moderate
2024-04-10T06:00Z,2024-04-10T06:30Z,124,129,moderate
2024-04-10T06:30Z,2024-04-10T07:00Z,115,129,moderate
2024-04-10T07:00Z,2024-04-10T07:30Z,106,132,low
2024-04-10T07:30Z,2024-04-10T08:00Z,110,133,moderate
2024-04-10T08:00Z,2024-04-10T08:30Z,106,120,low
2024-04-10T08:30Z,2024-04-10T09:00Z,96,92,low
2024-04-10T09:00Z,2024-04-10T09:30Z,81,86,low
2024-04-10T09:30Z,2024-04-10T10:00Z,70,76,low
2024-04-10T10:00Z,2024-04-10T10:30Z,68,67,low
2024-04-10T10:30Z,2024-04-10T11:00Z,59,53,low
2024-04-10T11:00Z,2024-04-10T11:30Z,39,52,low
2024-04-10T11:30Z,2024-04-10T12:00Z,35,43,low
2024-04-10T12:00Z,2024-04-10T12:30Z,36,36,low
2024-04-10T12:30Z,2024-04-10T13:00Z,37,34,low
2024-04-10T13:00Z,2024-04-10T13:30Z,37,34,low
2024-04-10T13:30Z,2024-04-10T14:00Z,39,37,low
2024-04-10T14:00Z,2024-04-10T14:30Z,41,34,low
2024-04-10T14:30Z,2024-04-10T15:00Z,38,33,low
2024-04-10T15:00Z,2024-04-10T15:30Z,41,34,low
2024-04-10T15:30Z,2024-04-10T16:00Z,45,36,low
2024-04-10T16:00Z,2024-04-10T16:30Z,51,36,low
2024-04-10T16:30Z,2024-04-10T17:00Z,56,45,low
2024-04-10T17:00Z,2024-04-10T17:30Z,59,45,low
2024-04-10T17:30Z,2024-04-10T18:00Z,61,46,low
2024-04-10T18:00Z,2024-04-10T18:30Z,60,44,low
2024-04-10T18:30Z,2024-04-10T19:00Z,62,58,low
2024-04-10T19:00Z,2024-04-10T19:30Z,53,55,low
2024-04-10T19:30Z,2024-04-10T20:00Z,53,51,low
2024-04-10T20:00Z,2024-04-10T20:30Z,45,48,low
2024-04-10T20:30Z,2024-04-10T21:00Z,58,48,low
2024-04-10T21:00Z,2024-04-10T21:30Z,59,42,low
2024-04-10T21:30Z,2024-04-10T22:00Z,53,41,low
2024-04-10T22:00Z,2024-04-10T22:30Z,50,56,low
2024-04-10T22:30Z,2024-04-10T23:00Z,54,55,low
2024-04-10T23:00Z,2024-04-10T23:30Z,53,41,low
2024-04-10T23:30Z,2024-04-11T00:00Z,50,50,low
2024-04-11T00:00Z,2024-04-11T00:30Z,51,55,low
2024-04-11T00:30Z,2024-04-11T01:00Z,47,43,low
2024-04-11T01:00Z,2024-04-11T01:30Z,47,48,low
2024-04-11T01:30Z,2024-04-11T02:00Z,54,45,low
2024-04-11T02:00Z,2024-04-11T02:30Z,51,45,low
2024-04-11T02:30Z,2024-04-11T03:00Z,48,53,low
2024-04-11T03:00Z,2024-04-11T03:30Z,47,52,low
2024-04-11T03:30Z,2024-04-11T04:00Z,48,49,low
2024-04-11T04:00Z,2024-04-11T04:30Z,59,56,low
2024-04-11T04:30Z,2024-04-11T05:00Z,62,50,low
2024-04-11T05:00Z,2024-04-11T05:30Z,70,53,low
2024-04-11T05:30Z,2024-04-11T06:00Z,71,63,low
2024-04-11T06:00Z,2024-04-11T06:30Z,69,66,low
2024-04-11T06:30Z,2024-04-11T07:00Z,59,67,low
2024-04-11T07:00Z,2024-04-11T07:30Z,62,67,low
2024-04-11T07:30Z,2024-04-11T08:00Z,72,66,low
2024-04-11T08:00Z,2024-04-11T08:30Z,74,65,low
2024-04-11T08:30Z,2024-04-11T09:00Z,64,64,low
2024-04-11T09:00Z,2024-04-11T09:30Z,62,65,low
2024-04-11T09:30Z,2024-04-11T10:00Z,67,67,low
2024-04-11T10:00Z,2024-04-11T10:30Z,67,66,low
2024-04-11T10:30Z,2024-04-11T11:00Z,64,70,low
2024-04-11T11:00Z,2024-04-11T11:30Z,61,65,low
2024-04-11T11:30Z,2024-04-11T12:00Z,56,59,low
2024-04-11T12:00Z,2024-04-11T12:30Z,53,59,low
2024-04-11T12:30Z,2024-04-11T13:00Z,54,58,low
2024-04-11T13:00Z,2024-04-11T13:30Z,56,54,low
2024-04-11T13:30Z,2024-04-11T14:00Z,65,55,low
2024-04-11T14:00Z,2024-04-11T14:30Z,66,59,low
2024-04-11T14:30Z,2024-04-11T15:00Z,74,69,low
2024-04-11T15:00Z,2024-04-11T15:30Z,84,69,low
2024-04-11T15:30Z,2024-04-11T16:00Z,99,74,low
2024-04-11T16:00Z,2024-04-11T16:30Z,104,83,low
2024-04-11T16:30Z,2024-04-11T17:00Z,103,93,low
2024-04-11T17:00Z,2024-04-11T17:30Z,106,99,low
2024-04-11T17:30Z,2024-04-11T18:00Z,111,97,moderate
2024-04-11T18:00Z,2024-04-11T18:30Z,109,98,low
2024-04-11T18:30Z,2024-04-11T19:00Z,102,99,low
2024-04-11T19:00Z,2024-04-11T19:30Z,93,99,low
2024-04-11T19:30Z,2024-04-11T20:00Z,76,81,low
2024-04-11T20:00Z,2024-04-11T20:30Z,63,73,low
2024-04-11T20:30Z,2024-04-11T21:00Z,62,68,low
2024-04-11T21:00Z,2024-04-11T21:30Z,58,68,low
2024-04-11T21:30Z,2024-04-11T22:00Z,54,50,low
2024-04-11T22:00Z,2024-04-11T22:30Z,48,53,low
2024-04-11T22:30Z,2024-04-11T23:00Z,45,52,low
2024-04-11T23:00Z,2024-04-11T23:30Z,46,43,low
2024-04-11T23:30Z,2024-04-12T00:00Z,47,47,low
2024-04-12T00:00Z,2024-04-12T00:30Z,47,50,low
2024-04-12T00:30Z,2024-04-12T01:00Z,51,42,low
2024-04-12T01:00Z,2024-04-12T01:30Z,47,43,low
2024-04-12T01:30Z,2024-04-12T02:00Z,48,33,low
2024-04-12T02:00Z,2024-04-12T02:30Z,46,46,low
2024-04-12T02:30Z,2024-04-12T03:00Z,48,43,low
2024-04-12T03:00Z,2024-04-12T03:30Z,49,45,low
2024-04-12T03:30Z,2024-04-12T04:00Z,50,46,low
2024-04-12T04:00Z,2024-04-12T04:30Z,52,48,low
2024-04-12T04:30Z,2024-04-12T05:00Z,67,50,low
2024-04-12T05:00Z,2024-04-12T05:30Z,71,44,low
2024-04-12T05:30Z,2024-04-12T06:00Z,61,62,low
2024-04-12T06:00Z,2024-04-12T06:30Z,64,68,low
2024-04-12T06:30Z,2024-04-12T07:00Z,53,58,low
2024-04-12T07:00Z,2024-04-12T07:30Z,57,54,low
2024-04-12T07:30Z,2024-04-12T08:00Z,58,49,low
2024-04-12T08:00Z,2024-04-12T08:30Z,52,50,low
2024-04-12T08:30Z,2024-04-12T09:00Z,46,56,low
2024-04-12T09:00Z,2024-04-12T09:30Z,40,51,low
2024-04-12T09:30Z,2024-04-12T10:00Z,38,46,low
2024-04-12T10:00Z,2024-04-12T10:30Z,34,41,very low
2024-04-12T10:30Z,2024-04-12T11:00Z,32,39,very low
2024-04-12T11:00Z,2024-04-12T11:30Z,29,32,very low
2024-04-12T11:30Z,2024-04-12T12:00Z,29,30,very low
2024-04-12T12:00Z,2024-04-12T12:30Z,27,29,very low
2024-04-12T12:30Z,2024-04-12T13:00Z,28,26,very low
2024-04-12T13:00Z,2024-04-12T13:30Z,26,24,very low
2024-04-12T13:30Z,2024-04-12T14:00Z,25,24,very low
2024-04-12T14:00Z,2024-04-12T14:30Z,26,25,very low
2024-04-12T14:30Z,2024-04-12T15:00Z,26,21,very low
2024-04-12T15:00Z,2024-04-12T15:30Z,33,24,very low
2024-04-12T15:30Z,2024-04-12T16:00Z,36,25,low
2024-04-12T16:00Z,2024-04-12T16:30Z,41,28,low
2024-04-12T16:30Z,2024-04-12T17:00Z,44,31,low
2024-04-12T17:00Z,2024-04-12T17:30Z,57,26,low
2024-04-12T17:30Z,2024-04-12T18:00Z,68,44,low
2024-04-12T18:00Z,2024-04-12T18:30Z,71,48,low
2024-04-12T18:30Z,2024-04-12T19:00Z,65,61,low
2024-04-12T19:00Z,2024-04-12T19:30Z,58,61,low
2024-04-12T19:30Z,2024-04-12T20:00Z,52,58,low
2024-04-12T20:00Z,2024-04-12T20:30Z,60,57,low
2024-04-12T20:30Z,2024-04-12T21:00Z,60,49,low
2024-04-12T21:00Z,2024-04-12T21:30Z,56,49,low
2024-04-12T21:30Z,2024-04-12T22:00Z,56,61,low
2024-04-12T22:00Z,2024-04-12T22:30Z,57,56,low
2024-04-12T22:30Z,2024-04-12T23:00Z,57,65,low
2024-04-12T23:00Z,2024-04-12T23:30Z,55,67,low
2024-04-12T23:30Z,2024-04-13T00:00Z,53,69,low
2024-04-13T00:00Z,2024-04-13T00:30Z,54,62,low
2024-04-13T00:30Z,2024-04-13T01:00Z,57,55,low
2024-04-13T01:00Z,2024-04-13T01:30Z,60,55,low
2024-04-13T01:30Z,2024-04-13T02:00Z,63,59,low
2024-04-13T02:00Z,2024-04-13T02:30Z,63,60,low
2024-04-13T02:30Z,2024-04-13T03:00Z,60,65,low
2024-04-13T03:00Z,2024-04-13T03:30Z,62,64,low
2024-04-13T03:30Z,2024-04-13T04:00Z,63,61,low
2024-04-13T04:00Z,2024-04-13T04:30Z,63,63,low
2024-04-13T04:30Z,2024-04-13T05:00Z,63,65,low
2024-04-13T05:00Z,2024-04-13T05:30Z,67,48,low
2024-04-13T05:30Z,2024-04-13T06:00Z,63,66,low
2024-04-13T06:00Z,2024-04-13T06:30Z,65,67,low
2024-04-13T06:30Z,2024-04-13T07:00Z,59,70,low
2024-04-13T07:00Z,2024-04-13T07:30Z,50,64,low
2024-04-13T07:30Z,2024-04-13T08:00Z,65,51,low
2024-04-13T08:00Z,2024-04-13T08:30Z,58,50,low
2024-04-13T08:30Z,2024-04-13T09:00Z,55,43,low
2024-04-13T09:00Z,2024-04-13T09:30Z,54,38,low
2024-04-13T09:30Z,2024-04-13T10:00Z,56,37,low
2024-04-13T10:00Z,2024-04-13T10:30Z,53,35,low
2024-04-13T10:30Z,2024-04-13T11:00Z,50,33,low
2024-04-13T11:00Z,2024-04-13T11:30Z,43,29,low
2024-04-13T11:30Z,2024-04-13T12:00Z,44,25,low
2024-04-13T12:00Z,2024-04-13T12:30Z,42,22,low
2024-04-13T12:30Z,2024-04-13T13:00Z,35,19,low
2024-04-13T13:00Z,2024-04-13T13:30Z,31,19,very low
2024-04-13T13:30Z,2024-04-13T14:00Z,23,20,very low
2024-04-13T14:00Z,2024-04-13T14:30Z,22,19,very low
2024-04-13T14:30Z,2024-04-13T15:00Z,23,17,very low
2024-04-13T15:00Z,2024-04-13T15:30Z,26,18,very low
2024-04-13T15:30Z,2024-04-13T16:00Z,33,17,very low
2024-04-13T16:00Z,2024-04-13T16:30Z,39,20,low
2024-04-13T16:30Z,2024-04-13T17:00Z,41,20,low
2024-04-13T17:00Z,2024-04-13T17:30Z,41,26,low
2024-04-13T17:30Z,2024-04-13T18:00Z,53,30,low
2024-04-13T18:00Z,2024-04-13T18:30Z,59,30,low
2024-04-13T18:30Z,2024-04-13T19:00Z,57,38,low
2024-04-13T19:00Z,2024-04-13T19:30Z,56,45,low
2024-04-13T19:30Z,2024-04-13T20:00Z,50,46,low
2024-04-13T20:00Z,2024-04-13T20:30Z,48,42,low
2024-04-13T20:30Z,2024-04-13T21:00Z,53,42,low
2024-04-13T21:00Z,2024-04-13T21:30Z,59,43,low
2024-04-13T21:30Z,2024-04-13T22:00Z,65,45,low
2024-04-13T22:00Z,2024-04-13T22:30Z,67,48,low
2024-04-13T22:30Z,2024-04-13T23:00Z,73,57,low
2024-04-13T23:00Z,2024-04-13T23:30Z,68,57,low
2024-04-13T23:30Z,2024-04-14T00:00Z,67,71,low
2024-04-14T00:00Z,2024-04-14T00:30Z,71,68,low
2024-04-14T00:30Z,2024-04-14T01:00Z,72,74,low
2024-04-14T01:00Z,2024-04-14T01:30Z,74,74,low
2024-04-14T01:30Z,2024-04-14T02:00Z,78,70,low
2024-04-14T02:00Z,2024-04-14T02:30Z,75,70,low
2024-04-14T02:30Z,2024-04-14T03:00Z,72,77,low
2024-04-14T03:00Z,2024-04-14T03:30Z,73,76,low
2024-04-14T03:30Z,2024-04-14T04:00Z,73,72,low
2024-04-14T04:00Z,2024-04-14T04:30Z,75,76,low
2024-04-14T04:30Z,2024-04-14T05:00Z,78,76,low
2024-04-14T05:00Z,2024-04-14T05:30Z,82,38,low
2024-04-14T05:30Z,2024-04-14T06:00Z,79,76,low
2024-04-14T06:00Z,2024-04-14T06:30Z,78,76,low
2024-04-14T06:30Z,2024-04-14T07:00Z,83,73,low
2024-04-14T07:00Z,2024-04-14T07:30Z,74,72,low
2024-04-14T07:30Z,2024-04-14T08:00Z,70,67,low
2024-04-14T08:00Z,2024-04-14T08:30Z,65,73,low
2024-04-14T08:30Z,2024-04-14T09:00Z,61,73,low
2024-04-14T09:00Z,2024-04-14T09:30Z,56,62,low
2024-04-14T09:30Z,2024-04-14T10:00Z,56,60,low
2024-04-14T10:00Z,2024-04-14T10:30Z,54,51,low
2024-04-14T10:30Z,2024-04-14T11:00Z,52,54,low
2024-04-14T11:00Z,2024-04-14T11:30Z,52,51,low
2024-04-14T11:30Z,2024-04-14T12:00Z,52,50,low
2024-04-14T12:00Z,2024-04-14T12:30Z,52,49,low
2024-04-14T12:30Z,2024-04-14T13:00Z,51,50,low
2024-04-14T13:00Z,2024-04-14T13:30Z,52,48,low
2024-04-14T13:30Z,2024-04-14T14:00Z,36,45,low
2024-04-14T14:00Z,2024-04-14T14:30Z,37,54,low
2024-04-14T14:30Z,2024-04-14T15:00Z,42,46,low
2024-04-14T15:00Z,2024-04-14T15:30Z,53,41,low
2024-04-14T15:30Z,2024-04-14T16:00Z,58,44,low
2024-04-14T16:00Z,2024-04-14T16:30Z,68,54,low
2024-04-14T16:30Z,2024-04-14T17:00Z,74,55,low
2024-04-14T17:00Z,2024-04-14T17:30Z,71,72,low
2024-04-14T17:30Z,2024-04-14T18:00Z,70,72,low
2024-04-14T18:00Z,2024-04-14T18:30Z,71,72,low
2024-04-14T18:30Z,2024-04-14T19:00Z,73,73,low
2024-04-14T19:00Z,2024-04-14T19:30Z,69,74,low
2024-04-14T19:30Z,2024-04-14T20:00Z,72,67,low
2024-04-14T20:00Z,2024-04-14T20:30Z,63,71,low
2024-04-14T20:30Z,2024-04-14T21:00Z,69,73,low
2024-04-14T21:00Z,2024-04-14T21:30Z,62,66,low
2024-04-14T21:30Z,2024-04-14T22:00Z,65,66,low
2024-04-14T22:00Z,2024-04-14T22:30Z,59,61,low
2024-04-14T22:30Z,2024-04-14T23:00Z,69,58,low
2024-04-14T23:00Z,2024-04-14T23:30Z,60,56,low
2024-04-14T23:30Z,2024-04-15T00:00Z,60,65,low
2024-04-15T00:00Z,2024-04-15T00:30Z,60,65,low
2024-04-15T00:30Z,2024-04-15T01:00Z,60,66,low
2024-04-15T01:00Z,2024-04-15T01:30Z,61,66,low
2024-04-15T01:30Z,2024-04-15T02:00Z,61,60,low
2024-04-15T02:00Z,2024-04-15T02:30Z,62,61,low
2024-04-15T02:30Z,2024-04-15T03:00Z,59,60,low
2024-04-15T03:00Z,2024-04-15T03:30Z,57,61,low
2024-04-15T03:30Z,2024-04-15T04:00Z,60,58,low
2024-04-15T04:00Z,2024-04-15T04:30Z,61,58,low
2024-04-15T04:30Z,2024-04-15T05:00Z,58,61,low
2024-04-15T05:00Z,2024-04-15T05:30Z,62,53,low
2024-04-15T05:30Z,2024-04-15T06:00Z,54,56,low
2024-04-15T06:00Z,2024-04-15T06:30Z,45,64,low
2024-04-15T06:30Z,2024-04-15T07:00Z,40,58,low
2024-04-15T07:00Z,2024-04-15T07:30Z,35,44,low
2024-04-15T07:30Z,2024-04-15T08:00Z,31,46,very low
2024-04-15T08:00Z,2024-04-15T08:30Z,28,38,very low
2024-04-15T08:30Z,2024-04-15T09:00Z,25,36,very low
2024-04-15T09:00Z,2024-04-15T09:30Z,24,34,very low
2024-04-15T09:30Z,2024-04-15T10:00Z,23,24,very low
2024-04-15T10:00Z,2024-04-15T10:30Z,22,22,very low
2024-04-15T10:30Z,2024-04-15T11:00Z,22,20,very low
2024-04-15T11:00Z,2024-04-15T11:30Z,21,21,very low
2024-04-15T11:30Z,2024-04-15T12:00Z,23,22,very low
2024-04-15T12:00Z,2024-04-15T12:30Z,20,20,very low
2024-04-15T12:30Z,2024-04-15T13:00Z,19,19,very low
2024-04-15T13:00Z,2024-04-15T13:30Z,19,16,very low
2024-04-15T13:30Z,2024-04-15T14:00Z,20,14,very low
2024-04-15T14:00Z,2024-04-15T14:30Z,23,14,very low
2024-04-15T14:30Z,2024-04-15T15:00Z,23,13,very low
2024-04-15T15:00Z,2024-04-15T15:30Z,29,14,very low
2024-04-15T15:30Z,2024-04-15T16:00Z,32,18,very low
2024-04-15T16:00Z,2024-04-15T16:30Z,32,21,very low
2024-04-15T16:30Z,2024-04-15T17:00Z,31,25,very low
2024-04-15T17:00Z,2024-04-15T17:30Z,43,29,low
2024-04-15T17:30Z,2024-04-15T18:00Z,47,26,low
2024-04-15T18:00Z,2024-04-15T18:30Z,52,38,low
2024-04-15T18:30Z,2024-04-15T19:00Z,57,38,low
2024-04-15T19:00Z,2024-04-15T19:30Z,59,44,low
2024-04-15T19:30Z,2024-04-15T20:00Z,49,47,low
2024-04-15T20:00Z,2024-04-15T20:30Z,42,46,low
2024-04-15T20:30Z,2024-04-15T21:00Z,44,39,low
2024-04-15T21:00Z,2024-04-15T21:30Z,41,36,low
2024-04-15T21:30Z,2024-04-15T22:00Z,58,44,low
2024-04-15T22:00Z,2024-04-15T22:30Z,56,39,low
2024-04-15T22:30Z,2024-04-15T23:00Z,53,52,low
2024-04-15T23:00Z,2024-04-15T23:30Z,52,55,low
2024-04-15T23:30Z,2024-04-16T00:00Z,50,51,low
2024-04-16T00:00Z,2024-04-16T00:30Z,51,48,low
2024-04-16T00:30Z,2024-04-16T01:00Z,49,48,low
2024-04-16T01:00Z,2024-04-16T01:30Z,47,50,low
2024-04-16T01:30Z,2024-04-16T02:00Z,46,49,low
2024-04-16T02:00Z,2024-04-16T02:30Z,45,47,low
2024-04-16T02:30Z,2024-04-16T03:00Z,52,46,low
2024-04-16T03:00Z,2024-04-16T03:30Z,49,46,low
2024-04-16T03:30Z,2024-04-16T04:00Z,44,51,low
2024-04-16T04:00Z,2024-04-16T04:30Z,48,50,low
2024-04-16T04:30Z,2024-04-16T05:00Z,45,42,low
2024-04-16T05:00Z,2024-04-16T05:30Z,53,33,low
2024-04-16T05:30Z,2024-04-16T06:00Z,55,46,low
2024-04-16T06:00Z,2024-04-16T06:30Z,53,47,low
2024-04-16T06:30Z,2024-04-16T07:00Z,47,49,low
2024-04-16T07:00Z,2024-04-16T07:30Z,40,45,low
2024-04-16T07:30Z,2024-04-16T08:00Z,35,41,low
2024-04-16T08:00Z,2024-04-16T08:30Z,36,37,low
2024-04-16T08:30Z,2024-04-16T09:00Z,39,30,low
2024-04-16T09:00Z,2024-04-16T09:30Z,38,31,low
2024-04-16T09:30Z,2024-04-16T10:00Z,39,32,low
2024-04-16T10:00Z,2024-04-16T10:30Z,39,32,low
2024-04-16T10:30Z,2024-04-16T11:00Z,38,32,low
2024-04-16T11:00Z,2024-04-16T11:30Z,35,32,low
2024-04-16T11:30Z,2024-04-16T12:00Z,37,31,low
2024-04-16T12:00Z,2024-04-16T12:30Z,35,30,low
2024-04-16T12:30Z,2024-04-16T13:00Z,37,32,low
2024-04-16T13:00Z,2024-04-16T13:30Z,40,29,low
2024-04-16T13:30Z,2024-04-16T14:00Z,39,33,low
2024-04-16T14:00Z,2024-04-16T14:30Z,42,34,low
2024-04-16T14:30Z,2024-04-16T15:00Z,47,32,low
2024-04-16T15:00Z,2024-04-16T15:30Z,51,38,low
2024-04-16T15:30Z,2024-04-16T16:00Z,60,48,low
2024-04-16T16:00Z,2024-04-16T16:30Z,63,53,low
2024-04-16T16:30Z,2024-04-16T17:00Z,72,65,low
2024-04-16T17:00Z,2024-04-16T17:30Z,80,66,low
2024-04-16T17:30Z,2024-04-16T18:00Z,92,72,low
2024-04-16T18:00Z,2024-04-16T18:30Z,91,77,low
2024-04-16T18:30Z,2024-04-16T19:00Z,92,84,low
2024-04-16T19:00Z,2024-04-16T19:30Z,97,86,low
2024-04-16T19:30Z,2024-04-16T20:00Z,96,83,low
2024-04-16T20:00Z,2024-04-16T20:30Z,90,77,low
2024-04-16T20:30Z,2024-04-16T21:00Z,92,67,low
2024-04-16T21:00Z,2024-04-16T21:30Z,92,87,low
2024-04-16T21:30Z,2024-04-16T22:00Z,80,86,low
2024-04-16T22:00Z,2024-04-16T22:30Z,72,85,low
2024-04-16T22:30Z,2024-04-16T23:00Z,75,75,low
2024-04-16T23:00Z,2024-04-16T23:30Z,71,72,low
2024-04-16T23:30Z,2024-04-17T00:00Z,64,66,low
2024-04-17T00:00Z,2024-04-17T00:30Z,61,69,low
2024-04-17T00:30Z,2024-04-17T01:00Z,62,68,low
2024-04-17T01:00Z,2024-04-17T01:30Z,63,61,low
2024-04-17T01:30Z,2024-04-17T02:00Z,67,63,low
2024-04-17T02:00Z,2024-04-17T02:30Z,65,65,low
2024-04-17T02:30Z,2024-04-17T03:00Z,69,65,low
2024-04-17T03:00Z,2024-04-17T03:30Z,67,64,low
2024-04-17T03:30Z,2024-04-17T04:00Z,77,69,low
2024-04-17T04:00Z,2024-04-17T04:30Z,75,69,low
2024-04-17T04:30Z,2024-04-17T05:00Z,91,76,low
2024-04-17T05:00Z,2024-04-17T05:30Z,105,80,low
2024-04-17T05:30Z,2024-04-17T06:00Z,111,81,moderate
2024-04-17T06:00Z,2024-04-17T06:30Z,116,89,moderate
2024-04-17T06:30Z,2024-04-17T07:00Z,93,98,low
2024-04-17T07:00Z,2024-04-17T07:30Z,88,120,low
2024-04-17T07:30Z,2024-04-17T08:00Z,79,81,low
2024-04-17T08:00Z,2024-04-17T08:30Z,74,77,low
2024-04-17T08:30Z,2024-04-17T09:00Z,72,72,low
2024-04-17T09:00Z,2024-04-17T09:30Z,67,68,low
2024-04-17T09:30Z,2024-04-17T10:00Z,68,67,low
2024-04-17T10:00Z,2024-04-17T10:30Z,66,62,low
2024-04-17T10:30Z,2024-04-17T11:00Z,63,64,low
2024-04-17T11:00Z,2024-04-17T11:30Z,64,66,low
2024-04-17T11:30Z,2024-04-17T12:00Z,72,62,low
2024-04-17T12:00Z,2024-04-17T12:30Z,72,65,low
2024-04-17T12:30Z,2024-04-17T13:00Z,73,64,low
2024-04-17T13:00Z,2024-04-17T13:30Z,82,65,low
2024-04-17T13:30Z,2024-04-17T14:00Z,87,61,low
2024-04-17T14:00Z,2024-04-17T14:30Z,95,76,low
2024-04-17T14:30Z,2024-04-17T15:00Z,116,85,moderate
2024-04-17T15:00Z,2024-04-17T15:30Z,137,92,moderate
2024-04-17T15:30Z,2024-04-17T16:00Z,154,115,moderate
2024-04-17T16:00Z,2024-04-17T16:30Z,163,139,moderate
2024-04-17T16:30Z,2024-04-17T17:00Z,174,146,moderate
2024-04-17T17:00Z,2024-04-17T17:30Z,179,164,moderate
2024-04-17T17:30Z,2024-04-17T18:00Z,183,171,moderate
2024-04-17T18:00Z,2024-04-17T18:30Z,189,179,moderate
2024-04-17T18:30Z,2024-04-17T19:00Z,184,186,moderate
2024-04-17T19:00Z,2024-04-17T19:30Z,178,189,moderate
2024-04-17T19:30Z,2024-04-17T20:00Z,177,183,moderate
2024-04-17T20:00Z,2024-04-17T20:30Z,181,180,moderate
2024-04-17T20:30Z,2024-04-17T21:00Z,181,168,moderate
2024-04-17T21:00Z,2024-04-17T21:30Z,179,170,moderate
2024-04-17T21:30Z,2024-04-17T22:00Z,159,171,moderate
2024-04-17T22:00Z,2024-04-17T22:30Z,151,174,moderate
2024-04-17T22:30Z,2024-04-17T23:00Z,143,172,moderate
2024-04-17T23:00Z,2024-04-17T23:30Z,143,147,moderate
2024-04-17T23:30Z,2024-04-18T00:00Z,142,143,moderate
2024-04-18T00:00Z,2024-04-18T00:30Z,142,146,moderate
2024-04-18T00:30Z,2024-04-18T01:00Z,139,146,moderate
2024-04-18T01:00Z,2024-04-18T01:30Z,147,142,moderate
2024-04-18T01:30Z,2024-04-18T02:00Z,145,141,moderate
2024-04-18T02:00Z,2024-04-18T02:30Z,137,150,moderate
2024-04-18T02:30Z,2024-04-18T03:00Z,134,146,moderate
2024-04-18T03:00Z,2024-04-18T03:30Z,132,135,moderate
2024-04-18T03:30Z,2024-04-18T04:00Z,151,126,moderate
2024-04-18T04:00Z,2024-04-18T04:30Z,159,139,moderate
2024-04-18T04:30Z,2024-04-18T05:00Z,172,166,moderate
2024-04-18T05:00Z,2024-04-18T05:30Z,178,165,moderate
2024-04-18T05:30Z,2024-04-18T06:00Z,173,173,moderate
2024-04-18T06:00Z,2024-04-18T06:30Z,174,193,moderate
2024-04-18T06:30Z,2024-04-18T07:00Z,158,169,moderate
2024-04-18T07:00Z,2024-04-18T07:30Z,147,169,moderate
2024-04-18T07:30Z,2024-04-18T08:00Z,140,161,moderate
2024-04-18T08:00Z,2024-04-18T08:30Z,125,137,moderate
2024-04-18T08:30Z,2024-04-18T09:00Z,105,128,low
2024-04-18T09:00Z,2024-04-18T09:30Z,92,124,low
2024-04-18T09:30Z,2024-04-18T10:00Z,71,117,low
2024-04-18T10:00Z,2024-04-18T10:30Z,61,93,low
2024-04-18T10:30Z,2024-04-18T11:00Z,58,66,low
2024-04-18T11:00Z,2024-04-18T11:30Z,48,69,low
2024-04-18T11:30Z,2024-04-18T12:00Z,47,62,low
2024-04-18T12:00Z,2024-04-18T12:30Z,47,58,low
2024-04-18T12:30Z,2024-04-18T13:00Z,47,54,low
2024-04-18T13:00Z,2024-04-18T13:30Z,45,51,low
2024-04-18T13:30Z,2024-04-18T14:00Z,45,50,low
2024-04-18T14:00Z,2024-04-18T14:30Z,51,42,low
2024-04-18T14:30Z,2024-04-18T15:00Z,57,48,low
2024-04-18T15:00Z,2024-04-18T15:30Z,63,49,low
2024-04-18T15:30Z,2024-04-18T16:00Z,75,56,low
2024-04-18T16:00Z,2024-04-18T16:30Z,75,63,low
2024-04-18T16:30Z,2024-04-18T17:00Z,77,69,low
2024-04-18T17:00Z,2024-04-18T17:30Z,76,77,low
2024-04-18T17:30Z,2024-04-18T18:00Z,78,78,low
2024-04-18T18:00Z,2024-04-18T18:30Z,78,75,low
2024-04-18T18:30Z,2024-04-18T19:00Z,73,75,low
2024-04-18T19:00Z,2024-04-18T19:30Z,62,71,low
2024-04-18T19:30Z,2024-04-18T20:00Z,66,68,low
2024-04-18T20:00Z,2024-04-18T20:30Z,58,53,low
2024-04-18T20:30Z,2024-04-18T21:00Z,48,61,low
2024-04-18T21:00Z,2024-04-18T21:30Z,40,52,low
2024-04-18T21:30Z,2024-04-18T22:00Z,43,52,low
2024-04-18T22:00Z,2024-04-18T22:30Z,46,52,low
2024-04-18T22:30Z,2024-04-18T23:00Z,47,49,low
2024-04-18T23:00Z,2024-04-18T23:30Z,45,50,low
2024-04-18T23:30Z,2024-04-19T00:00Z,45,45,low
2024-04-19T00:00Z,2024-04-19T00:30Z,45,46,low
2024-04-19T00:30Z,2024-04-19T01:00Z,45,46,low
2024-04-19T01:00Z,2024-04-19T01:30Z,44,46,low
2024-04-19T01:30Z,2024-04-19T02:00Z,47,48,low
2024-04-19T02:00Z,2024-04-19T02:30Z,46,45,low
2024-04-19T02:30Z,2024-04-19T03:00Z,47,47,low
2024-04-19T03:00Z,2024-04-19T03:30Z,49,49,low
2024-04-19T03:30Z,2024-04-19T04:00Z,47,49,low
2024-04-19T04:00Z,2024-04-19T04:30Z,50,50,low
2024-04-19T04:30Z,2024-04-19T05:00Z,49,94,low
2024-04-19T05:00Z,2024-04-19T05:30Z,52,50,low
2024-04-19T05:30Z,2024-04-19T06:00Z,55,51,low
2024-04-19T06:00Z,2024-04-19T06:30Z,61,46,low
2024-04-19T06:30Z,2024-04-19T07:00Z,53,47,low
2024-04-19T07:00Z,2024-04-19T07:30Z,51,53,low
2024-04-19T07:30Z,2024-04-19T08:00Z,59,45,low
2024-04-19T08:00Z,2024-04-19T08:30Z,57,45,low
2024-04-19T08:30Z,2024-04-19T09:00Z,52,51,low
2024-04-19T09:00Z,2024-04-19T09:30Z,50,50,low
2024-04-19T09:30Z,2024-04-19T10:00Z,46,49,low
2024-04-19T10:00Z,2024-04-19T10:30Z,43,47,low
2024-04-19T10:30Z,2024-04-19T11:00Z,41,43,low
2024-04-19T11:00Z,2024-04-19T11:30Z,42,42,low
2024-04-19T11:30Z,2024-04-19T12:00Z,45,42,low
2024-04-19T12:00Z,2024-04-19T12:30Z,39,37,low
2024-04-19T12:30Z,2024-04-19T13:00Z,37,39,low
2024-04-19T13:00Z,2024-04-19T13:30Z,38,38,low
2024-04-19T13:30Z,2024-04-19T14:00Z,39,39,low
2024-04-19T14:00Z,2024-04-19T14:30Z,41,50,low
2024-04-19T14:30Z,2024-04-19T15:00Z,44,45,low
2024-04-19T15:00Z,2024-04-19T15:30Z,44,45,low
2024-04-19T15:30Z,2024-04-19T16:00Z,47,47,low
2024-04-19T16:00Z,2024-04-19T16:30Z,51,47,low
2024-04-19T16:30Z,2024-04-19T17:00Z,57,53,low
2024-04-19T17:00Z,2024-04-19T17:30Z,67,58,low
2024-04-19T17:30Z,2024-04-19T18:00Z,73,63,low
2024-04-19T18:00Z,2024-04-19T18:30Z,73,70,low
2024-04-19T18:30Z,2024-04-19T19:00Z,81,73,low
2024-04-19T19:00Z,2024-04-19T19:30Z,82,74,low
2024-04-19T19:30Z,2024-04-19T20:00Z,78,81,low
2024-04-19T20:00Z,2024-04-19T20:30Z,73,76,low
2024-04-19T20:30Z,2024-04-19T21:00Z,76,82,low
2024-04-19T21:00Z,2024-04-19T21:30Z,75,68,low
2024-04-19T21:30Z,2024-04-19T22:00Z,71,76,low
2024-04-19T22:00Z,2024-04-19T22:30Z,67,75,low
2024-04-19T22:30Z,2024-04-19T23:00Z,65,79,low
2024-04-19T23:00Z,2024-04-19T23:30Z,67,74,low
2024-04-19T23:30Z,2024-04-20T00:00Z,67,70,low
2024-04-20T00:00Z,2024-04-20T00:30Z,77,74,low
2024-04-20T00:30Z,2024-04-20T01:00Z,75,69,low
2024-04-20T01:00Z,2024-04-20T01:30Z,68,82,low
2024-04-20T01:30Z,2024-04-20T02:00Z,68,87,low
2024-04-20T02:00Z,2024-04-20T02:30Z,70,74,low
2024-04-20T02:30Z,2024-04-20T03:00Z,76,75,low
2024-04-20T03:00Z,2024-04-20T03:30Z,77,78,low
2024-04-20T03:30Z,2024-04-20T04:00Z,76,85,low
2024-04-20T04:00Z,2024-04-20T04:30Z,77,85,low
2024-04-20T04:30Z,2024-04-20T05:00Z,79,82,low
2024-04-20T05:00Z,2024-04-20T05:30Z,82,84,low
2024-04-20T05:30Z,2024-04-20T06:00Z,73,89,low
2024-04-20T06:00Z,2024-04-20T06:30Z,68,86,low
2024-04-20T06:30Z,2024-04-20T07:00Z,71,71,low
2024-04-20T07:00Z,2024-04-20T07:30Z,61,65,low
2024-04-20T07:30Z,2024-04-20T08:00Z,57,68,low
2024-04-20T08:00Z,2024-04-20T08:30Z,54,58,low
2024-04-20T08:30Z,2024-04-20T09:00Z,53,53,low
2024-04-20T09:00Z,2024-04-20T09:30Z,51,49,low
2024-04-20T09:30Z,2024-04-20T10:00Z,51,48,low
2024-04-20T10:00Z,2024-04-20T10:30Z,50,55,low
2024-04-20T10:30Z,2024-04-20T11:00Z,53,48,low
2024-04-20T11:00Z,2024-04-20T11:30Z,52,49,low
2024-04-20T11:30Z,2024-04-20T12:00Z,55,51,low
2024-04-20T12:00Z,2024-04-20T12:30Z,59,52,low
2024-04-20T12:30Z,2024-04-20T13:00Z,55,52,low
2024-04-20T13:00Z,2024-04-20T13:30Z,55,52,low
2024-04-20T13:30Z,2024-04-20T14:00Z,56,55,low
2024-04-20T14:00Z,2024-04-20T14:30Z,61,52,low
2024-04-20T14:30Z,2024-04-20T15:00Z,68,57,low
2024-04-20T15:00Z,2024-04-20T15:30Z,79,65,low
2024-04-20T15:30Z,2024-04-20T16:00Z,92,74,low
2024-04-20T16:00Z,2024-04-20T16:30Z,104,84,low
2024-04-20T16:30Z,2024-04-20T17:00Z,116,96,moderate
2024-04-20T17:00Z,2024-04-20T17:30Z,118,110,moderate
2024-04-20T17:30Z,2024-04-20T18:00Z,118,127,moderate
2024-04-20T18:00Z,2024-04-20T18:30Z,124,128,moderate
2024-04-20T18:30Z,2024-04-20T19:00Z,126,124,moderate
2024-04-20T19:00Z,2024-04-20T19:30Z,127,126,moderate
2024-04-20T19:30Z,2024-04-20T20:00Z,133,122,moderate
2024-04-20T20:00Z,2024-04-20T20:30Z,132,120,moderate
2024-04-20T20:30Z,2024-04-20T21:00Z,130,137,moderate
2024-04-20T21:00Z,2024-04-20T21:30Z,118,136,moderate
2024-04-20T21:30Z,2024-04-20T22:00Z,106,129,low
2024-04-20T22:00Z,2024-04-20T22:30Z,101,122,low
2024-04-20T22:30Z,2024-04-20T23:00Z,91,114,low
2024-04-20T23:00Z,2024-04-20T23:30Z,84,115,low
2024-04-20T23:30Z,2024-04-21T00:00Z,85,93,low
2024-04-21T00:00Z,2024-04-21T00:30Z,84,88,low
2024-04-21T00:30Z,2024-04-21T01:00Z,84,89,low
2024-04-21T01:00Z,2024-04-21T01:30Z,84,87,low
2024-04-21T01:30Z,2024-04-21T02:00Z,84,81,low
2024-04-21T02:00Z,2024-04-21T02:30Z,83,85,low
2024-04-21T02:30Z,2024-04-21T03:00Z,83,84,low
2024-04-21T03:00Z,2024-04-21T03:30Z,83,85,low
2024-04-21T03:30Z,2024-04-21T04:00Z,82,84,low
2024-04-21T04:00Z,2024-04-21T04:30Z,83,89,low
2024-04-21T04:30Z,2024-04-21T05:00Z,86,87,low
2024-04-21T05:00Z,2024-04-21T05:30Z,85,85,low
2024-04-21T05:30Z,2024-04-21T06:00Z,85,85,low
2024-04-21T06:00Z,2024-04-21T06:30Z,82,88,low
2024-04-21T06:30Z,2024-04-21T07:00Z,78,83,low
2024-04-21T07:00Z,2024-04-21T07:30Z,75,81,low
2024-04-21T07:30Z,2024-04-21T08:00Z,73,75,low
2024-04-21T08:00Z,2024-04-21T08:30Z,73,68,low
2024-04-21T08:30Z,2024-04-21T09:00Z,72,65,low
2024-04-21T09:00Z,2024-04-21T09:30Z,71,68,low
2024-04-21T09:30Z,2024-04-21T10:00Z,74,64,low
2024-04-21T10:00Z,2024-04-21T10:30Z,77,64,low
2024-04-21T10:30Z,2024-04-21T11:00Z,77,63,low
2024-04-21T11:00Z,2024-04-21T11:30Z,78,69,low
2024-04-21T11:30Z,2024-04-21T12:00Z,81,70,low
2024-04-21T12:00Z,2024-04-21T12:30Z,81,71,low
2024-04-21T12:30Z,2024-04-21T13:00Z,82,76,low
2024-04-21T13:00Z,2024-04-21T13:30Z,85,77,low
2024-04-21T13:30Z,2024-04-21T14:00Z,84,77,low
2024-04-21T14:00Z,2024-04-21T14:30Z,94,83,low
2024-04-21T14:30Z,2024-04-21T15:00Z,99,83,low
2024-04-21T15:00Z,2024-04-21T15:30Z,118,95,moderate
2024-04-21T15:30Z,2024-04-21T16:00Z,133,94,moderate
2024-04-21T16:00Z,2024-04-21T16:30Z,139,123,moderate
2024-04-21T16:30Z,2024-04-21T17:00Z,145,134,moderate
2024-04-21T17:00Z,2024-04-21T17:30Z,154,143,moderate
2024-04-21T17:30Z,2024-04-21T18:00Z,157,148,moderate
2024-04-21T18:00Z,2024-04-21T18:30Z,160,146,moderate
2024-04-21T18:30Z,2024-04-21T19:00Z,163,154,moderate
2024-04-21T19:00Z,2024-04-21T19:30Z,165,156,moderate
2024-04-21T19:30Z,2024-04-21T20:00Z,163,157,moderate
2024-04-21T20:00Z,2024-04-21T20:30Z,161,164,moderate
2024-04-21T20:30Z,2024-04-21T21:00Z,160,159,moderate
2024-04-21T21:00Z,2024-04-21T21:30Z,156,154,moderate
2024-04-21T21:30Z,2024-04-21T22:00Z,157,153,moderate
2024-04-21T22:00Z,2024-04-21T22:30Z,154,146,moderate
2024-04-21T22:30Z,2024-04-21T23:00Z,161,139,moderate
2024-04-21T23:00Z,2024-04-21T23:30Z,163,142,moderate
2024-04-21T23:30Z,2024-04-22T00:00Z,168,144,moderate
2024-04-22T00:00Z,2024-04-22T00:30Z,172,165,moderate
2024-04-22T00:30Z,2024-04-22T01:00Z,165,172,moderate
2024-04-22T01:00Z,2024-04-22T01:30Z,163,171,moderate
2024-04-22T01:30Z,2024-04-22T02:00Z,167,173,moderate
2024-04-22T02:00Z,2024-04-22T02:30Z,166,169,moderate
2024-04-22T02:30Z,2024-04-22T03:00Z,166,172,moderate
2024-04-22T03:00Z,2024-04-22T03:30Z,164,172,moderate
2024-04-22T03:30Z,2024-04-22T04:00Z,182,173,moderate
2024-04-22T04:00Z,2024-04-22T04:30Z,186,176,moderate
2024-04-22T04:30Z,2024-04-22T05:00Z,206,188,high
2024-04-22T05:00Z,2024-04-22T05:30Z,216,192,high
2024-04-22T05:30Z,2024-04-22T06:00Z,204,207,high
2024-04-22T06:00Z,2024-04-22T06:30Z,202,216,high
2024-04-22T06:30Z,2024-04-22T07:00Z,195,202,high
2024-04-22T07:00Z,2024-04-22T07:30Z,196,200,high
2024-04-22T07:30Z,2024-04-22T08:00Z,194,190,high
2024-04-22T08:00Z,2024-04-22T08:30Z,189,193,moderate
2024-04-22T08:30Z,2024-04-22T09:00Z,191,190,high
2024-04-22T09:00Z,2024-04-22T09:30Z,190,186,high
2024-04-22T09:30Z,2024-04-22T10:00Z,192,188,high
2024-04-22T10:00Z,2024-04-22T10:30Z,188,189,moderate
2024-04-22T10:30Z,2024-04-22T11:00Z,186,189,moderate
2024-04-22T11:00Z,2024-04-22T11:30Z,185,185,moderate
2024-04-22T11:30Z,2024-04-22T12:00Z,184,183,moderate
2024-04-22T12:00Z,2024-04-22T12:30Z,184,182,moderate
2024-04-22T12:30Z,2024-04-22T13:00Z,191,182,high
2024-04-22T13:00Z,2024-04-22T13:30Z,192,183,high
2024-04-22T13:30Z,2024-04-22T14:00Z,190,190,high
2024-04-22T14:00Z,2024-04-22T14:30Z,195,194,high
2024-04-22T14:30Z,2024-04-22T15:00Z,204,195,high
2024-04-22T15:00Z,2024-04-22T15:30Z,210,196,high
2024-04-22T15:30Z,2024-04-22T16:00Z,202,196,high
2024-04-22T16:00Z,2024-04-22T16:30Z,197,199,high
2024-04-22T16:30Z,2024-04-22T17:00Z,207,203,high
2024-04-22T17:00Z,2024-04-22T17:30Z,212,205,high
2024-04-22T17:30Z,2024-04-22T18:00Z,215,210,high
2024-04-22T18:00Z,2024-04-22T18:30Z,217,219,high
2024-04-22T18:30Z,2024-04-22T19:00Z,218,218,high
2024-04-22T19:00Z,2024-04-22T19:30Z,216,220,high
2024-04-22T19:30Z,2024-04-22T20:00Z,218,221,high
2024-04-22T20:00Z,2024-04-22T20:30Z,210,222,high
2024-04-22T20:30Z,2024-04-22T21:00Z,206,219,high
2024-04-22T21:00Z,2024-04-22T21:30Z,194,220,high
2024-04-22T21:30Z,2024-04-22T22:00Z,182,263,moderate
2024-04-22T22:00Z,2024-04-22T22:30Z,175,194,moderate
2024-04-22T22:30Z,2024-04-22T23:00Z,170,184,moderate
2024-04-22T23:00Z,2024-04-22T23:30Z,168,184,moderate
2024-04-22T23:30Z,2024-04-23T00:00Z,165,167,moderate
2024-04-23T00:00Z,2024-04-23T00:30Z,165,174,moderate
2024-04-23T00:30Z,2024-04-23T01:00Z,160,170,moderate
2024-04-23T01:00Z,2024-04-23T01:30Z,156,165,moderate
2024-04-23T01:30Z,2024-04-23T02:00Z,152,165,moderate
2024-04-23T02:00Z,2024-04-23T02:30Z,152,162,moderate
2024-04-23T02:30Z,2024-04-23T03:00Z,152,153,moderate
2024-04-23T03:00Z,2024-04-23T03:30Z,149,154,moderate
2024-04-23T03:30Z,2024-04-23T04:00Z,158,157,moderate
2024-04-23T04:00Z,2024-04-23T04:30Z,164,157,moderate
2024-04-23T04:30Z,2024-04-23T05:00Z,182,163,moderate
2024-04-23T05:00Z,2024-04-23T05:30Z,188,172,moderate
2024-04-23T05:30Z,2024-04-23T06:00Z,182,202,moderate
2024-04-23T06:00Z,2024-04-23T06:30Z,183,181,moderate
2024-04-23T06:30Z,2024-04-23T07:00Z,182,177,moderate
2024-04-23T07:00Z,2024-04-23T07:30Z,181,178,moderate
2024-04-23T07:30Z,2024-04-23T08:00Z,173,181,moderate
2024-04-23T08:00Z,2024-04-23T08:30Z,166,182,moderate
2024-04-23T08:30Z,2024-04-23T09:00Z,162,173,moderate
2024-04-23T09:00Z,2024-04-23T09:30Z,159,169,moderate
2024-04-23T09:30Z,2024-04-23T10:00Z,146,159,moderate
2024-04-23T10:00Z,2024-04-23T10:30Z,130,155,moderate
2024-04-23T10:30Z,2024-04-23T11:00Z,128,145,moderate
2024-04-23T11:00Z,2024-04-23T11:30Z,121,138,moderate
2024-04-23T11:30Z,2024-04-23T12:00Z,116,121,moderate
2024-04-23T12:00Z,2024-04-23T12:30Z,104,116,low
2024-04-23T12:30Z,2024-04-23T13:00Z,108,118,low
2024-04-23T13:00Z,2024-04-23T13:30Z,106,110,low
2024-04-23T13:30Z,2024-04-23T14:00Z,114,102,moderate
2024-04-23T14:00Z,2024-04-23T14:30Z,119,102,moderate
2024-04-23T14:30Z,2024-04-23T15:00Z,124,97,moderate
2024-04-23T15:00Z,2024-04-23T15:30Z,123,120,moderate
2024-04-23T15:30Z,2024-04-23T16:00Z,121,126,moderate
2024-04-23T16:00Z,2024-04-23T16:30Z,124,129,moderate
2024-04-23T16:30Z,2024-04-23T17:00Z,129,140,moderate
2024-04-23T17:00Z,2024-04-23T17:30Z,136,144,moderate
2024-04-23T17:30Z,2024-04-23T18:00Z,146,139,moderate
2024-04-23T18:00Z,2024-04-23T18:30Z,151,146,moderate
2024-04-23T18:30Z,2024-04-23T19:00Z,152,159,moderate
2024-04-23T19:00Z,2024-04-23T19:30Z,152,156,moderate
2024-04-23T19:30Z,2024-04-23T20:00Z,156,150,moderate
2024-04-23T20:00Z,2024-04-23T20:30Z,148,145,moderate
2024-04-23T20:30Z,2024-04-23T21:00Z,140,147,moderate
2024-04-23T21:00Z,2024-04-23T21:30Z,128,138,moderate
2024-04-23T21:30Z,2024-04-23T22:00Z,93,137,low
2024-04-23T22:00Z,2024-04-23T22:30Z,85,134,low
2024-04-23T22:30Z,2024-04-23T23:00Z,86,111,low
2024-04-23T23:00Z,2024-04-23T23:30Z,84,127,low
2024-04-23T23:30Z,2024-04-24T00:00Z,80,94,low
2024-04-24T00:00Z,2024-04-24T00:30Z,80,89,low
2024-04-24T00:30Z,2024-04-24T01:00Z,81,89,low
2024-04-24T01:00Z,2024-04-24T01:30Z,85,87,low
2024-04-24T01:30Z,2024-04-24T02:00Z,90,88,low
2024-04-24T02:00Z,2024-04-24T02:30Z,85,87,low
2024-04-24T02:30Z,2024-04-24T03:00Z,86,89,low
2024-04-24T03:00Z,2024-04-24T03:30Z,88,91,low
2024-04-24T03:30Z,2024-04-24T04:00Z,97,90,low
2024-04-24T04:00Z,2024-04-24T04:30Z,108,92,low
2024-04-24T04:30Z,2024-04-24T05:00Z,130,102,moderate
2024-04-24T05:00Z,2024-04-24T05:30Z,139,122,moderate
2024-04-24T05:30Z,2024-04-24T06:00Z,137,133,moderate
2024-04-24T06:00Z,2024-04-24T06:30Z,139,145,moderate
2024-04-24T06:30Z,2024-04-24T07:00Z,135,148,moderate
2024-04-24T07:00Z,2024-04-24T07:30Z,130,139,moderate
2024-04-24T07:30Z,2024-04-24T08:00Z,123,129,moderate
2024-04-24T08:00Z,2024-04-24T08:30Z,120,116,moderate
2024-04-24T08:30Z,2024-04-24T09:00Z,123,111,moderate
2024-04-24T09:00Z,2024-04-24T09:30Z,121,111,moderate
2024-04-24T09:30Z,2024-04-24T10:00Z,117,118,moderate
2024-04-24T10:00Z,2024-04-24T10:30Z,121,118,moderate
2024-04-24T10:30Z,2024-04-24T11:00Z,120,115,moderate
2024-04-24T11:00Z,2024-04-24T11:30Z,118,120,moderate
2024-04-24T11:30Z,2024-04-24T12:00Z,121,118,moderate
2024-04-24T12:00Z,2024-04-24T12:30Z,119,112,moderate
2024-04-24T12:30Z,2024-04-24T13:00Z,116,118,moderate
2024-04-24T13:00Z,2024-04-24T13:30Z,115,118,moderate
2024-04-24T13:30Z,2024-04-24T14:00Z,115,114,moderate
2024-04-24T14:00Z,2024-04-24T14:30Z,123,111,moderate
2024-04-24T14:30Z,2024-04-24T15:00Z,125,117,moderate
2024-04-24T15:00Z,2024-04-24T15:30Z,134,129,moderate
2024-04-24T15:30Z,2024-04-24T16:00Z,145,138,moderate
2024-04-24T16:00Z,2024-04-24T16:30Z,157,139,moderate
2024-04-24T16:30Z,2024-04-24T17:00Z,164,148,moderate
2024-04-24T17:00Z,2024-04-24T17:30Z,166,161,moderate
2024-04-24T17:30Z,2024-04-24T18:00Z,168,169,moderate
2024-04-24T18:00Z,2024-04-24T18:30Z,171,167,moderate
2024-04-24T18:30Z,2024-04-24T19:00Z,178,177,moderate
2024-04-24T19:00Z,2024-04-24T19:30Z,176,183,moderate
2024-04-24T19:30Z,2024-04-24T20:00Z,173,182,moderate
2024-04-24T20:00Z,2024-04-24T20:30Z,178,184,moderate
2024-04-24T20:30Z,2024-04-24T21:00Z,175,176,moderate
2024-04-24T21:00Z,2024-04-24T21:30Z,166,179,moderate
2024-04-24T21:30Z,2024-04-24T22:00Z,158,168,moderate
2024-04-24T22:00Z,2024-04-24T22:30Z,151,157,moderate
2024-04-24T22:30Z,2024-04-24T23:00Z,158,159,moderate
2024-04-24T23:00Z,2024-04-24T23:30Z,158,148,moderate
2024-04-24T23:30Z,2024-04-25T00:00Z,168,158,moderate
2024-04-25T00:00Z,2024-04-25T00:30Z,168,161,moderate
2024-04-25T00:30Z,2024-04-25T01:00Z,159,171,moderate
2024-04-25T01:00Z,2024-04-25T01:30Z,151,167,moderate
2024-04-25T01:30Z,2024-04-25T02:00Z,148,162,moderate
2024-04-25T02:00Z,2024-04-25T02:30Z,141,147,moderate
2024-04-25T02:30Z,2024-04-25T03:00Z,154,143,moderate
2024-04-25T03:00Z,2024-04-25T03:30Z,151,134,moderate
2024-04-25T03:30Z,2024-04-25T04:00Z,157,156,moderate
2024-04-25T04:00Z,2024-04-25T04:30Z,164,167,moderate
2024-04-25T04:30Z,2024-04-25T05:00Z,173,171,moderate
2024-04-25T05:00Z,2024-04-25T05:30Z,192,186,high
2024-04-25T05:30Z,2024-04-25T06:00Z,185,177,moderate
2024-04-25T06:00Z,2024-04-25T06:30Z,186,202,moderate
2024-04-25T06:30Z,2024-04-25T07:00Z,176,190,moderate
2024-04-25T07:00Z,2024-04-25T07:30Z,171,183,moderate
2024-04-25T07:30Z,2024-04-25T08:00Z,170,176,moderate
2024-04-25T08:00Z,2024-04-25T08:30Z,165,171,moderate
2024-04-25T08:30Z,2024-04-25T09:00Z,164,169,moderate
2024-04-25T09:00Z,2024-04-25T09:30Z,161,164,moderate
2024-04-25T09:30Z,2024-04-25T10:00Z,155,170,moderate
2024-04-25T10:00Z,2024-04-25T10:30Z,150,161,moderate
2024-04-25T10:30Z,2024-04-25T11:00Z,150,158,moderate
2024-04-25T11:00Z,2024-04-25T11:30Z,154,150,moderate
2024-04-25T11:30Z,2024-04-25T12:00Z,155,150,moderate
2024-04-25T12:00Z,2024-04-25T12:30Z,156,155,moderate
2024-04-25T12:30Z,2024-04-25T13:00Z,162,158,moderate
2024-04-25T13:00Z,2024-04-25T13:30Z,161,159,moderate
2024-04-25T13:30Z,2024-04-25T14:00Z,164,167,moderate
2024-04-25T14:00Z,2024-04-25T14:30Z,177,166,moderate
2024-04-25T14:30Z,2024-04-25T15:00Z,185,168,moderate
2024-04-25T15:00Z,2024-04-25T15:30Z,194,167,high
2024-04-25T15:30Z,2024-04-25T16:00Z,197,183,high
2024-04-25T16:00Z,2024-04-25T16:30Z,199,190,high
2024-04-25T16:30Z,2024-04-25T17:00Z,199,203,high
2024-04-25T17:00Z,2024-04-25T17:30Z,204,202,high
2024-04-25T17:30Z,2024-04-25T18:00Z,208,207,high
2024-04-25T18:00Z,2024-04-25T18:30Z,212,205,high
2024-04-25T18:30Z,2024-04-25T19:00Z,212,211,high
2024-04-25T19:00Z,2024-04-25T19:30Z,215,216,high
2024-04-25T19:30Z,2024-04-25T20:00Z,222,220,high
2024-04-25T20:00Z,2024-04-25T20:30Z,219,220,high
2024-04-25T20:30Z,2024-04-25T21:00Z,212,228,high
2024-04-25T21:00Z,2024-04-25T21:30Z,196,224,high
2024-04-25T21:30Z,2024-04-25T22:00Z,178,212,moderate
2024-04-25T22:00Z,2024-04-25T22:30Z,174,201,moderate
2024-04-25T22:30Z,2024-04-25T23:00Z,173,192,moderate
2024-04-25T23:00Z,2024-04-25T23:30Z,168,172,moderate
2024-04-25T23:30Z,2024-04-26T00:00Z,165,148,moderate
2024-04-26T00:00Z,2024-04-26T00:30Z,168,174,moderate
2024-04-26T00:30Z,2024-04-26T01:00Z,169,168,moderate
2024-04-26T01:00Z,2024-04-26T01:30Z,168,166,moderate
2024-04-26T01:30Z,2024-04-26T02:00Z,164,171,moderate
2024-04-26T02:00Z,2024-04-26T02:30Z,162,167,moderate
2024-04-26T02:30Z,2024-04-26T03:00Z,168,167,moderate
2024-04-26T03:00Z,2024-04-26T03:30Z,166,166,moderate
2024-04-26T03:30Z,2024-04-26T04:00Z,176,173,moderate
2024-04-26T04:00Z,2024-04-26T04:30Z,180,172,moderate
2024-04-26T04:30Z,2024-04-26T05:00Z,195,194,high
2024-04-26T05:00Z,2024-04-26T05:30Z,209,193,high
2024-04-26T05:30Z,2024-04-26T06:00Z,208,206,high
2024-04-26T06:00Z,2024-04-26T06:30Z,213,212,high
2024-04-26T06:30Z,2024-04-26T07:00Z,209,206,high
2024-04-26T07:00Z,2024-04-26T07:30Z,201,217,high
2024-04-26T07:30Z,2024-04-26T08:00Z,194,208,high
2024-04-26T08:00Z,2024-04-26T08:30Z,193,203,high
2024-04-26T08:30Z,2024-04-26T09:00Z,190,191,high
2024-04-26T09:00Z,2024-04-26T09:30Z,190,192,high
2024-04-26T09:30Z,2024-04-26T10:00Z,187,191,moderate
2024-04-26T10:00Z,2024-04-26T10:30Z,183,192,moderate
2024-04-26T10:30Z,2024-04-26T11:00Z,183,191,moderate
2024-04-26T11:00Z,2024-04-26T11:30Z,185,181,moderate
2024-04-26T11:30Z,2024-04-26T12:00Z,176,184,moderate
2024-04-26T12:00Z,2024-04-26T12:30Z,174,190,moderate
2024-04-26T12:30Z,2024-04-26T13:00Z,175,185,moderate
2024-04-26T13:00Z,2024-04-26T13:30Z,177,178,moderate
2024-04-26T13:30Z,2024-04-26T14:00Z,192,179,high
2024-04-26T14:00Z,2024-04-26T14:30Z,204,183,high
2024-04-26T14:30Z,2024-04-26T15:00Z,214,191,high
2024-04-26T15:00Z,2024-04-26T15:30Z,218,203,high
2024-04-26T15:30Z,2024-04-26T16:00Z,224,213,high
2024-04-26T16:00Z,2024-04-26T16:30Z,225,218,high
2024-04-26T16:30Z,2024-04-26T17:00Z,224,222,high
2024-04-26T17:00Z,2024-04-26T17:30Z,226,226,high
2024-04-26T17:30Z,2024-04-26T18:00Z,229,226,high
2024-04-26T18:00Z,2024-04-26T18:30Z,231,222,high
2024-04-26T18:30Z,2024-04-26T19:00Z,235,229,high
2024-04-26T19:00Z,2024-04-26T19:30Z,236,227,high
2024-04-26T19:30Z,2024-04-26T20:00Z,238,233,high
2024-04-26T20:00Z,2024-04-26T20:30Z,234,232,high
2024-04-26T20:30Z,2024-04-26T21:00Z,229,234,high
2024-04-26T21:00Z,2024-04-26T21:30Z,215,230,high
2024-04-26T21:30Z,2024-04-26T22:00Z,196,224,high
2024-04-26T22:00Z,2024-04-26T22:30Z,197,216,high
2024-04-26T22:30Z,2024-04-26T23:00Z,193,207,high
2024-04-26T23:00Z,2024-04-26T23:30Z,190,193,high
2024-04-26T23:30Z,2024-04-27T00:00Z,188,181,moderate
2024-04-27T00:00Z,2024-04-27T00:30Z,188,189,moderate
2024-04-27T00:30Z,2024-04-27T01:00Z,187,180,moderate
2024-04-27T01:00Z,2024-04-27T01:30Z,181,180,moderate
2024-04-27T01:30Z,2024-04-27T02:00Z,176,179,moderate
2024-04-27T02:00Z,2024-04-27T02:30Z,169,175,moderate
2024-04-27T02:30Z,2024-04-27T03:00Z,164,173,moderate
2024-04-27T03:00Z,2024-04-27T03:30Z,162,169,moderate
2024-04-27T03:30Z,2024-04-27T04:00Z,161,165,moderate
2024-04-27T04:00Z,2024-04-27T04:30Z,158,161,moderate
2024-04-27T04:30Z,2024-04-27T05:00Z,156,163,moderate
2024-04-27T05:00Z,2024-04-27T05:30Z,153,153,moderate
2024-04-27T05:30Z,2024-04-27T06:00Z,154,157,moderate
2024-04-27T06:00Z,2024-04-27T06:30Z,154,155,moderate
2024-04-27T06:30Z,2024-04-27T07:00Z,149,159,moderate
2024-04-27T07:00Z,2024-04-27T07:30Z,149,154,moderate
2024-04-27T07:30Z,2024-04-27T08:00Z,150,149,moderate
2024-04-27T08:00Z,2024-04-27T08:30Z,149,146,moderate
2024-04-27T08:30Z,2024-04-27T09:00Z,150,145,moderate
2024-04-27T09:00Z,2024-04-27T09:30Z,150,145,moderate
2024-04-27T09:30Z,2024-04-27T10:00Z,155,144,moderate
2024-04-27T10:00Z,2024-04-27T10:30Z,155,149,moderate
2024-04-27T10:30Z,2024-04-27T11:00Z,155,141,moderate
2024-04-27T11:00Z,2024-04-27T11:30Z,155,150,moderate
2024-04-27T11:30Z,2024-04-27T12:00Z,154,149,moderate
2024-04-27T12:00Z,2024-04-27T12:30Z,153,149,moderate
2024-04-27T12:30Z,2024-04-27T13:00Z,154,148,moderate
2024-04-27T13:00Z,2024-04-27T13:30Z,156,146,moderate
2024-04-27T13:30Z,2024-04-27T14:00Z,155,145,moderate
2024-04-27T14:00Z,2024-04-27T14:30Z,153,155,moderate
2024-04-27T14:30Z,2024-04-27T15:00Z,155,155,moderate
2024-04-27T15:00Z,2024-04-27T15:30Z,162,153,moderate
2024-04-27T15:30Z,2024-04-27T16:00Z,161,158,moderate
2024-04-27T16:00Z,2024-04-27T16:30Z,163,165,moderate
2024-04-27T16:30Z,2024-04-27T17:00Z,157,161,moderate
2024-04-27T17:00Z,2024-04-27T17:30Z,155,165,moderate
2024-04-27T17:30Z,2024-04-27T18:00Z,160,156,moderate
2024-04-27T18:00Z,2024-04-27T18:30Z,164,155,moderate
2024-04-27T18:30Z,2024-04-27T19:00Z,167,155,moderate
2024-04-27T19:00Z,2024-04-27T19:30Z,165,160,moderate
2024-04-27T19:30Z,2024-04-27T20:00Z,158,166,moderate
2024-04-27T20:00Z,2024-04-27T20:30Z,148,163,moderate
2024-04-27T20:30Z,2024-04-27T21:00Z,138,154,moderate
2024-04-27T21:00Z,2024-04-27T21:30Z,128,149,moderate
2024-04-27T21:30Z,2024-04-27T22:00Z,116,141,moderate
2024-04-27T22:00Z,2024-04-27T22:30Z,110,137,moderate
2024-04-27T22:30Z,2024-04-27T23:00Z,110,113,moderate
2024-04-27T23:00Z,2024-04-27T23:30Z,106,110,low
2024-04-27T23:30Z,2024-04-28T00:00Z,107,113,low
2024-04-28T00:00Z,2024-04-28T00:30Z,112,103,moderate
2024-04-28T00:30Z,2024-04-28T01:00Z,113,101,moderate
2024-04-28T01:00Z,2024-04-28T01:30Z,106,100,low
2024-04-28T01:30Z,2024-04-28T02:00Z,94,106,low
2024-04-28T02:00Z,2024-04-28T02:30Z,85,102,low
2024-04-28T02:30Z,2024-04-28T03:00Z,88,94,low
2024-04-28T03:00Z,2024-04-28T03:30Z,87,83,low
2024-04-28T03:30Z,2024-04-28T04:00Z,88,90,low
2024-04-28T04:00Z,2024-04-28T04:30Z,90,90,low
2024-04-28T04:30Z,2024-04-28T05:00Z,95,87,low
2024-04-28T05:00Z,2024-04-28T05:30Z,100,89,low
2024-04-28T05:30Z,2024-04-28T06:00Z,98,91,low
2024-04-28T06:00Z,2024-04-28T06:30Z,99,97,low
2024-04-28T06:30Z,2024-04-28T07:00Z,96,109,low
2024-04-28T07:00Z,2024-04-28T07:30Z,100,90,low
2024-04-28T07:30Z,2024-04-28T08:00Z,93,97,low
2024-04-28T08:00Z,2024-04-28T08:30Z,89,97,low
2024-04-28T08:30Z,2024-04-28T09:00Z,94,91,low
2024-04-28T09:00Z,2024-04-28T09:30Z,91,82,low
2024-04-28T09:30Z,2024-04-28T10:00Z,90,86,low
2024-04-28T10:00Z,2024-04-28T10:30Z,87,86,low
2024-04-28T10:30Z,2024-04-28T11:00Z,85,82,low
2024-04-28T11:00Z,2024-04-28T11:30Z,78,81,low
2024-04-28T11:30Z,2024-04-28T12:00Z,73,82,low
2024-04-28T12:00Z,2024-04-28T12:30Z,72,77,low
2024-04-28T12:30Z,2024-04-28T13:00Z,73,73,low
2024-04-28T13:00Z,2024-04-28T13:30Z,72,69,low
2024-04-28T13:30Z,2024-04-28T14:00Z,72,67,low
2024-04-28T14:00Z,2024-04-28T14:30Z,75,71,low
2024-04-28T14:30Z,2024-04-28T15:00Z,80,73,low
2024-04-28T15:00Z,2024-04-28T15:30Z,89,77,low
2024-04-28T15:30Z,2024-04-28T16:00Z,103,82,low
2024-04-28T16:00Z,2024-04-28T16:30Z,105,91,low
2024-04-28T16:30Z,2024-04-28T17:00Z,106,101,low
2024-04-28T17:00Z,2024-04-28T17:30Z,105,108,low
2024-04-28T17:30Z,2024-04-28T18:00Z,110,106,moderate
2024-04-28T18:00Z,2024-04-28T18:30Z,112,100,moderate
2024-04-28T18:30Z,2024-04-28T19:00Z,113,98,moderate
2024-04-28T19:00Z,2024-04-28T19:30Z,110,98,moderate
2024-04-28T19:30Z,2024-04-28T20:00Z,109,99,low
2024-04-28T20:00Z,2024-04-28T20:30Z,95,87,low
2024-04-28T20:30Z,2024-04-28T21:00Z,89,86,low
2024-04-28T21:00Z,2024-04-28T21:30Z,72,85,low
2024-04-28T21:30Z,2024-04-28T22:00Z,61,73,low
2024-04-28T22:00Z,2024-04-28T22:30Z,61,59,low
2024-04-28T22:30Z,2024-04-28T23:00Z,61,54,low
2024-04-28T23:00Z,2024-04-28T23:30Z,58,57,low
2024-04-28T23:30Z,2024-04-29T00:00Z,61,81,low
2024-04-29T00:00Z,2024-04-29T00:30Z,67,59,low
2024-04-29T00:30Z,2024-04-29T01:00Z,69,69,low
2024-04-29T01:00Z,2024-04-29T01:30Z,66,63,low
2024-04-29T01:30Z,2024-04-29T02:00Z,63,60,low
2024-04-29T02:00Z,2024-04-29T02:30Z,65,68,low
2024-04-29T02:30Z,2024-04-29T03:00Z,72,66,low
2024-04-29T03:00Z,2024-04-29T03:30Z,79,65,low
2024-04-29T03:30Z,2024-04-29T04:00Z,99,69,low
2024-04-29T04:00Z,2024-04-29T04:30Z,106,81,low
2024-04-29T04:30Z,2024-04-29T05:00Z,113,97,moderate
2024-04-29T05:00Z,2024-04-29T05:30Z,116,102,moderate
2024-04-29T05:30Z,2024-04-29T06:00Z,111,107,moderate
2024-04-29T06:00Z,2024-04-29T06:30Z,102,103,low
2024-04-29T06:30Z,2024-04-29T07:00Z,89,96,low
2024-04-29T07:00Z,2024-04-29T07:30Z,80,89,low
2024-04-29T07:30Z,2024-04-29T08:00Z,74,78,low
2024-04-29T08:00Z,2024-04-29T08:30Z,63,69,low
2024-04-29T08:30Z,2024-04-29T09:00Z,53,63,low
2024-04-29T09:00Z,2024-04-29T09:30Z,49,56,low
2024-04-29T09:30Z,2024-04-29T10:00Z,49,49,low
2024-04-29T10:00Z,2024-04-29T10:30Z,48,46,low
2024-04-29T10:30Z,2024-04-29T11:00Z,48,44,low
2024-04-29T11:00Z,2024-04-29T11:30Z,41,43,low
2024-04-29T11:30Z,2024-04-29T12:00Z,40,47,low
2024-04-29T12:00Z,2024-04-29T12:30Z,39,42,low
2024-04-29T12:30Z,2024-04-29T13:00Z,42,41,low
2024-04-29T13:00Z,2024-04-29T13:30Z,41,35,low
2024-04-29T13:30Z,2024-04-29T14:00Z,34,33,very low
2024-04-29T14:00Z,2024-04-29T14:30Z,39,67,low
2024-04-29T14:30Z,2024-04-29T15:00Z,50,36,low
2024-04-29T15:00Z,2024-04-29T15:30Z,66,41,low
2024-04-29T15:30Z,2024-04-29T16:00Z,87,52,low
2024-04-29T16:00Z,2024-04-29T16:30Z,101,63,low
2024-04-29T16:30Z,2024-04-29T17:00Z,108,65,low
2024-04-29T17:00Z,2024-04-29T17:30Z,115,67,moderate
2024-04-29T17:30Z,2024-04-29T18:00Z,118,111,moderate
2024-04-29T18:00Z,2024-04-29T18:30Z,122,107,moderate
2024-04-29T18:30Z,2024-04-29T19:00Z,122,121,moderate
2024-04-29T19:00Z,2024-04-29T19:30Z,123,122,moderate
2024-04-29T19:30Z,2024-04-29T20:00Z,114,117,moderate
2024-04-29T20:00Z,2024-04-29T20:30Z,106,120,low
2024-04-29T20:30Z,2024-04-29T21:00Z,101,111,low
2024-04-29T21:00Z,2024-04-29T21:30Z,87,107,low
2024-04-29T21:30Z,2024-04-29T22:00Z,63,105,low
2024-04-29T22:00Z,2024-04-29T22:30Z,59,91,low
2024-04-29T22:30Z,2024-04-29T23:00Z,58,91,low
2024-04-29T23:00Z,2024-04-29T23:30Z,62,107,low
2024-04-29T23:30Z,2024-04-30T00:00Z,65,62,low
2024-04-30T00:00Z,2024-04-30T00:30Z,65,69,low
2024-04-30T00:30Z,2024-04-30T01:00Z,61,71,low
2024-04-30T01:00Z,2024-04-30T01:30Z,63,69,low
2024-04-30T01:30Z,2024-04-30T02:00Z,60,68,low
2024-04-30T02:00Z,2024-04-30T02:30Z,59,70,low
2024-04-30T02:30Z,2024-04-30T03:00Z,58,63,low
2024-04-30T03:00Z,2024-04-30T03:30Z,58,64,low
2024-04-30T03:30Z,2024-04-30T04:00Z,60,65,low
2024-04-30T04:00Z,2024-04-30T04:30Z,63,64,low
2024-04-30T04:30Z,2024-04-30T05:00Z,60,67,low
2024-04-30T05:00Z,2024-04-30T05:30Z,66,70,low
2024-04-30T05:30Z,2024-04-30T06:00Z,66,72,low
2024-04-30T06:00Z,2024-04-30T06:30Z,61,73,low
2024-04-30T06:30Z,2024-04-30T07:00Z,60,71,low
2024-04-30T07:00Z,2024-04-30T07:30Z,55,61,low
2024-04-30T07:30Z,2024-04-30T08:00Z,54,60,low
2024-04-30T08:00Z,2024-04-30T08:30Z,47,56,low
2024-04-30T08:30Z,2024-04-30T09:00Z,45,55,low
2024-04-30T09:00Z,2024-04-30T09:30Z,42,50,low
2024-04-30T09:30Z,2024-04-30T10:00Z,46,47,low
2024-04-30T10:00Z,2024-04-30T10:30Z,42,45,low
2024-04-30T10:30Z,2024-04-30T11:00Z,38,47,low
2024-04-30T11:00Z,2024-04-30T11:30Z,37,46,low
2024-04-30T11:30Z,2024-04-30T12:00Z,38,38,low
2024-04-30T12:00Z,2024-04-30T12:30Z,37,42,low
2024-04-30T12:30Z,2024-04-30T13:00Z,39,40,low
2024-04-30T13:00Z,2024-04-30T13:30Z,42,38,low
2024-04-30T13:30Z,2024-04-30T14:00Z,51,42,low
2024-04-30T14:00Z,2024-04-30T14:30Z,59,41,low
2024-04-30T14:30Z,2024-04-30T15:00Z,57,41,low
2024-04-30T15:00Z,2024-04-30T15:30Z,71,50,low
2024-04-30T15:30Z,2024-04-30T16:00Z,86,49,low
2024-04-30T16:00Z,2024-04-30T16:30Z,97,71,low
2024-04-30T16:30Z,2024-04-30T17:00Z,108,83,low
2024-04-30T17:00Z,2024-04-30T17:30Z,116,85,moderate
2024-04-30T17:30Z,2024-04-30T18:00Z,119,109,moderate
2024-04-30T18:00Z,2024-04-30T18:30Z,121,114,moderate
2024-04-30T18:30Z,2024-04-30T19:00Z,126,111,moderate
2024-04-30T19:00Z,2024-04-30T19:30Z,127,118,moderate
2024-04-30T19:30Z,2024-04-30T20:00Z,125,117,moderate
2024-04-30T20:00Z,2024-04-30T20:30Z,120,120,moderate
2024-04-30T20:30Z,2024-04-30T21:00Z,115,122,moderate
2024-04-30T21:00Z,2024-04-30T21:30Z,105,115,low
2024-04-30T21:30Z,2024-04-30T22:00Z,98,116,low
2024-04-30T22:00Z,2024-04-30T22:30Z,93,117,low
2024-04-30T22:30Z,2024-04-30T23:00Z,105,102,low
2024-04-30T23:00Z,2024-04-30T23:30Z,112,94,moderate
2024-04-30T23:30Z,2024-05-01T00:00Z,115,126,moderate
2024-05-01T00:00Z,2024-05-01T00:30Z,112,98,moderate
2024-05-01T00:30Z,2024-05-01T01:00Z,105,115,low
2024-05-01T01:00Z,2024-05-01T01:30Z,105,109,low
2024-05-01T01:30Z,2024-05-01T02:00Z,103,108,low
2024-05-01T02:00Z,2024-05-01T02:30Z,107,104,low
2024-05-01T02:30Z,2024-05-01T03:00Z,115,104,moderate
2024-05-01T03:00Z,2024-05-01T03:30Z,111,106,moderate
2024-05-01T03:30Z,2024-05-01T04:00Z,121,114,moderate
2024-05-01T04:00Z,2024-05-01T04:30Z,130,119,moderate
2024-05-01T04:30Z,2024-05-01T05:00Z,145,116,moderate
2024-05-01T05:00Z,2024-05-01T05:30Z,160,130,moderate
2024-05-01T05:30Z,2024-05-01T06:00Z,184,145,moderate
2024-05-01T06:00Z,2024-05-01T06:30Z,181,172,moderate
2024-05-01T06:30Z,2024-05-01T07:00Z,180,195,moderate
2024-05-01T07:00Z,2024-05-01T07:30Z,178,182,moderate
2024-05-01T07:30Z,2024-05-01T08:00Z,169,179,moderate
2024-05-01T08:00Z,2024-05-01T08:30Z,164,172,moderate
2024-05-01T08:30Z,2024-05-01T09:00Z,161,161,moderate
2024-05-01T09:00Z,2024-05-01T09:30Z,151,159,moderate
2024-05-01T09:30Z,2024-05-01T10:00Z,144,155,moderate
2024-05-01T10:00Z,2024-05-01T10:30Z,143,148,moderate
2024-05-01T10:30Z,2024-05-01T11:00Z,141,142,moderate
2024-05-01T11:00Z,2024-05-01T11:30Z,136,139,moderate
2024-05-01T11:30Z,2024-05-01T12:00Z,132,141,moderate
2024-05-01T12:00Z,2024-05-01T12:30Z,132,134,moderate
2024-05-01T12:30Z,2024-05-01T13:00Z,133,132,moderate
2024-05-01T13:00Z,2024-05-01T13:30Z,137,129,moderate
2024-05-01T13:30Z,2024-05-01T14:00Z,139,126,moderate
2024-05-01T14:00Z,2024-05-01T14:30Z,139,137,moderate
2024-05-01T14:30Z,2024-05-01T15:00Z,141,145,moderate
2024-05-01T15:00Z,2024-05-01T15:30Z,135,145,moderate
2024-05-01T15:30Z,2024-05-01T16:00Z,134,146,moderate
2024-05-01T16:00Z,2024-05-01T16:30Z,133,148,moderate
2024-05-01T16:30Z,2024-05-01T17:00Z,135,145,moderate
2024-05-01T17:00Z,2024-05-01T17:30Z,133,143,moderate
2024-05-01T17:30Z,2024-05-01T18:00Z,130,136,moderate
2024-05-01T18:00Z,2024-05-01T18:30Z,133,137,moderate
2024-05-01T18:30Z,2024-05-01T19:00Z,133,131,moderate
2024-05-01T19:00Z,2024-05-01T19:30Z,128,135,moderate
2024-05-01T19:30Z,2024-05-01T20:00Z,125,138,moderate
2024-05-01T20:00Z,2024-05-01T20:30Z,114,130,moderate
2024-05-01T20:30Z,2024-05-01T21:00Z,102,121,low
2024-05-01T21:00Z,2024-05-01T21:30Z,87,107,low
2024-05-01T21:30Z,2024-05-01T22:00Z,68,121,low
2024-05-01T22:00Z,2024-05-01T22:30Z,62,93,low
2024-05-01T22:30Z,2024-05-01T23:00Z,59,99,low
2024-05-01T23:00Z,2024-05-01T23:30Z,60,101,low
2024-05-01T23:30Z,2024-05-02T00:00Z,60,66,low
2024-05-02T00:00Z,2024-05-02T00:30Z,60,67,low
2024-05-02T00:30Z,2024-05-02T01:00Z,59,65,low
2024-05-02T01:00Z,2024-05-02T01:30Z,59,67,low
2024-05-02T01:30Z,2024-05-02T02:00Z,62,67,low
2024-05-02T02:00Z,2024-05-02T02:30Z,64,65,low
2024-05-02T02:30Z,2024-05-02T03:00Z,64,67,low
2024-05-02T03:00Z,2024-05-02T03:30Z,65,69,low
2024-05-02T03:30Z,2024-05-02T04:00Z,71,69,low
2024-05-02T04:00Z,2024-05-02T04:30Z,66,69,low
2024-05-02T04:30Z,2024-05-02T05:00Z,64,76,low
2024-05-02T05:00Z,2024-05-02T05:30Z,70,71,low
2024-05-02T05:30Z,2024-05-02T06:00Z,79,69,low
2024-05-02T06:00Z,2024-05-02T06:30Z,79,73,low
2024-05-02T06:30Z,2024-05-02T07:00Z,78,92,low
2024-05-02T07:00Z,2024-05-02T07:30Z,80,86,low
2024-05-02T07:30Z,2024-05-02T08:00Z,78,81,low
2024-05-02T08:00Z,2024-05-02T08:30Z,72,84,low
2024-05-02T08:30Z,2024-05-02T09:00Z,70,82,low
2024-05-02T09:00Z,2024-05-02T09:30Z,65,85,low
2024-05-02T09:30Z,2024-05-02T10:00Z,60,81,low
2024-05-02T10:00Z,2024-05-02T10:30Z,56,80,low
2024-05-02T10:30Z,2024-05-02T11:00Z,51,73,low
2024-05-02T11:00Z,2024-05-02T11:30Z,52,69,low
2024-05-02T11:30Z,2024-05-02T12:00Z,53,68,low
2024-05-02T12:00Z,2024-05-02T12:30Z,50,69,low
2024-05-02T12:30Z,2024-05-02T13:00Z,50,67,low
2024-05-02T13:00Z,2024-05-02T13:30Z,52,63,low
2024-05-02T13:30Z,2024-05-02T14:00Z,52,61,low
2024-05-02T14:00Z,2024-05-02T14:30Z,56,64,low
2024-05-02T14:30Z,2024-05-02T15:00Z,60,64,low
2024-05-02T15:00Z,2024-05-02T15:30Z,71,69,low
2024-05-02T15:30Z,2024-05-02T16:00Z,81,63,low
2024-05-02T16:00Z,2024-05-02T16:30Z,89,48,low
2024-05-02T16:30Z,2024-05-02T17:00Z,95,78,low
2024-05-02T17:00Z,2024-05-02T17:30Z,103,91,low
2024-05-02T17:30Z,2024-05-02T18:00Z,110,99,moderate
2024-05-02T18:00Z,2024-05-02T18:30Z,113,108,moderate
2024-05-02T18:30Z,2024-05-02T19:00Z,113,110,moderate
2024-05-02T19:00Z,2024-05-02T19:30Z,117,116,moderate
2024-05-02T19:30Z,2024-05-02T20:00Z,112,114,moderate
2024-05-02T20:00Z,2024-05-02T20:30Z,100,118,low
2024-05-02T20:30Z,2024-05-02T21:00Z,91,116,low
2024-05-02T21:00Z,2024-05-02T21:30Z,81,119,low
2024-05-02T21:30Z,2024-05-02T22:00Z,72,91,low
2024-05-02T22:00Z,2024-05-02T22:30Z,71,82,low
2024-05-02T22:30Z,2024-05-02T23:00Z,68,74,low
2024-05-02T23:00Z,2024-05-02T23:30Z,69,64,low
2024-05-02T23:30Z,2024-05-03T00:00Z,70,64,low
2024-05-03T00:00Z,2024-05-03T00:30Z,69,65,low
2024-05-03T00:30Z,2024-05-03T01:00Z,72,70,low
2024-05-03T01:00Z,2024-05-03T01:30Z,72,73,low
2024-05-03T01:30Z,2024-05-03T02:00Z,70,73,low
2024-05-03T02:00Z,2024-05-03T02:30Z,73,69,low
2024-05-03T02:30Z,2024-05-03T03:00Z,75,74,low
2024-05-03T03:00Z,2024-05-03T03:30Z,78,79,low
2024-05-03T03:30Z,2024-05-03T04:00Z,80,79,low
2024-05-03T04:00Z,2024-05-03T04:30Z,92,79,low
2024-05-03T04:30Z,2024-05-03T05:00Z,114,81,moderate
2024-05-03T05:00Z,2024-05-03T05:30Z,128,88,moderate
2024-05-03T05:30Z,2024-05-03T06:00Z,137,107,moderate
2024-05-03T06:00Z,2024-05-03T06:30Z,136,133,moderate
2024-05-03T06:30Z,2024-05-03T07:00Z,131,144,moderate
2024-05-03T07:00Z,2024-05-03T07:30Z,128,150,moderate
2024-05-03T07:30Z,2024-05-03T08:00Z,120,124,moderate
2024-05-03T08:00Z,2024-05-03T08:30Z,117,128,moderate
2024-05-03T08:30Z,2024-05-03T09:00Z,122,116,moderate
2024-05-03T09:00Z,2024-05-03T09:30Z,120,114,moderate
2024-05-03T09:30Z,2024-05-03T10:00Z,116,116,moderate
2024-05-03T10:00Z,2024-05-03T10:30Z,112,111,moderate
2024-05-03T10:30Z,2024-05-03T11:00Z,112,105,moderate
2024-05-03T11:00Z,2024-05-03T11:30Z,113,108,moderate
2024-05-03T11:30Z,2024-05-03T12:00Z,113,104,moderate
2024-05-03T12:00Z,2024-05-03T12:30Z,111,107,moderate
2024-05-03T12:30Z,2024-05-03T13:00Z,109,108,low
2024-05-03T13:00Z,2024-05-03T13:30Z,109,109,low
2024-05-03T13:30Z,2024-05-03T14:00Z,110,107,moderate
2024-05-03T14:00Z,2024-05-03T14:30Z,116,107,moderate
2024-05-03T14:30Z,2024-05-03T15:00Z,124,109,moderate
2024-05-03T15:00Z,2024-05-03T15:30Z,132,118,moderate
2024-05-03T15:30Z,2024-05-03T16:00Z,138,126,moderate
2024-05-03T16:00Z,2024-05-03T16:30Z,143,138,moderate
2024-05-03T16:30Z,2024-05-03T17:00Z,142,133,moderate
2024-05-03T17:00Z,2024-05-03T17:30Z,143,148,moderate
2024-05-03T17:30Z,2024-05-03T18:00Z,142,147,moderate
2024-05-03T18:00Z,2024-05-03T18:30Z,148,144,moderate
2024-05-03T18:30Z,2024-05-03T19:00Z,152,126,moderate
2024-05-03T19:00Z,2024-05-03T19:30Z,151,141,moderate
2024-05-03T19:30Z,2024-05-03T20:00Z,148,151,moderate
2024-05-03T20:00Z,2024-05-03T20:30Z,149,137,moderate
2024-05-03T20:30Z,2024-05-03T21:00Z,146,140,moderate
2024-05-03T21:00Z,2024-05-03T21:30Z,136,140,moderate
2024-05-03T21:30Z,2024-05-03T22:00Z,118,144,moderate
2024-05-03T22:00Z,2024-05-03T22:30Z,107,153,low
2024-05-03T22:30Z,2024-05-03T23:00Z,108,127,low
2024-05-03T23:00Z,2024-05-03T23:30Z,107,118,low
2024-05-03T23:30Z,2024-05-04T00:00Z,106,119,low
2024-05-04T00:00Z,2024-05-04T00:30Z,108,123,low
2024-05-04T00:30Z,2024-05-04T01:00Z,109,109,low
2024-05-04T01:00Z,2024-05-04T01:30Z,107,110,low
2024-05-04T01:30Z,2024-05-04T02:00Z,111,114,moderate
2024-05-04T02:00Z,2024-05-04T02:30Z,114,112,moderate
2024-05-04T02:30Z,2024-05-04T03:00Z,112,116,moderate
2024-05-04T03:00Z,2024-05-04T03:30Z,115,119,moderate
2024-05-04T03:30Z,2024-05-04T04:00Z,114,121,moderate
2024-05-04T04:00Z,2024-05-04T04:30Z,113,122,moderate
2024-05-04T04:30Z,2024-05-04T05:00Z,112,118,moderate
2024-05-04T05:00Z,2024-05-04T05:30Z,114,115,moderate
2024-05-04T05:30Z,2024-05-04T06:00Z,120,117,moderate
2024-05-04T06:00Z,2024-05-04T06:30Z,120,117,moderate
2024-05-04T06:30Z,2024-05-04T07:00Z,129,118,moderate
2024-05-04T07:00Z,2024-05-04T07:30Z,129,118,moderate
2024-05-04T07:30Z,2024-05-04T08:00Z,124,117,moderate
2024-05-04T08:00Z,2024-05-04T08:30Z,115,115,moderate
2024-05-04T08:30Z,2024-05-04T09:00Z,113,111,moderate
2024-05-04T09:00Z,2024-05-04T09:30Z,107,104,low
2024-05-04T09:30Z,2024-05-04T10:00Z,107,101,low
2024-05-04T10:00Z,2024-05-04T10:30Z,105,97,low
2024-05-04T10:30Z,2024-05-04T11:00Z,98,100,low
2024-05-04T11:00Z,2024-05-04T11:30Z,98,97,low
2024-05-04T11:30Z,2024-05-04T12:00Z,99,90,low
2024-05-04T12:00Z,2024-05-04T12:30Z,100,93,low
2024-05-04T12:30Z,2024-05-04T13:00Z,94,97,low
2024-05-04T13:00Z,2024-05-04T13:30Z,99,98,low
2024-05-04T13:30Z,2024-05-04T14:00Z,110,101,moderate
2024-05-04T14:00Z,2024-05-04T14:30Z,116,103,moderate
2024-05-04T14:30Z,2024-05-04T15:00Z,121,108,moderate
2024-05-04T15:00Z,2024-05-04T15:30Z,134,118,moderate
2024-05-04T15:30Z,2024-05-04T16:00Z,148,126,moderate
2024-05-04T16:00Z,2024-05-04T16:30Z,159,143,moderate
2024-05-04T16:30Z,2024-05-04T17:00Z,161,159,moderate
2024-05-04T17:00Z,2024-05-04T17:30Z,167,169,moderate
2024-05-04T17:30Z,2024-05-04T18:00Z,175,177,moderate
2024-05-04T18:00Z,2024-05-04T18:30Z,181,175,moderate
2024-05-04T18:30Z,2024-05-04T19:00Z,185,190,moderate
2024-05-04T19:00Z,2024-05-04T19:30Z,188,189,moderate
2024-05-04T19:30Z,2024-05-04T20:00Z,190,187,high
2024-05-04T20:00Z,2024-05-04T20:30Z,191,189,high
2024-05-04T20:30Z,2024-05-04T21:00Z,189,188,moderate
2024-05-04T21:00Z,2024-05-04T21:30Z,184,187,moderate
2024-05-04T21:30Z,2024-05-04T22:00Z,164,198,moderate
2024-05-04T22:00Z,2024-05-04T22:30Z,160,197,moderate
2024-05-04T22:30Z,2024-05-04T23:00Z,157,170,moderate
2024-05-04T23:00Z,2024-05-04T23:30Z,151,176,moderate
2024-05-04T23:30Z,2024-05-05T00:00Z,156,185,moderate
2024-05-05T00:00Z,2024-05-05T00:30Z,158,158,moderate
2024-05-05T00:30Z,2024-05-05T01:00Z,161,160,moderate
2024-05-05T01:00Z,2024-05-05T01:30Z,162,165,moderate
2024-05-05T01:30Z,2024-05-05T02:00Z,161,168,moderate
2024-05-05T02:00Z,2024-05-05T02:30Z,161,171,moderate
2024-05-05T02:30Z,2024-05-05T03:00Z,159,162,moderate
2024-05-05T03:00Z,2024-05-05T03:30Z,156,164,moderate
2024-05-05T03:30Z,2024-05-05T04:00Z,157,168,moderate
2024-05-05T04:00Z,2024-05-05T04:30Z,158,163,moderate
2024-05-05T04:30Z,2024-05-05T05:00Z,167,166,moderate
2024-05-05T05:00Z,2024-05-05T05:30Z,167,164,moderate
2024-05-05T05:30Z,2024-05-05T06:00Z,169,177,moderate
2024-05-05T06:00Z,2024-05-05T06:30Z,168,170,moderate
2024-05-05T06:30Z,2024-05-05T07:00Z,163,173,moderate
2024-05-05T07:00Z,2024-05-05T07:30Z,156,169,moderate
2024-05-05T07:30Z,2024-05-05T08:00Z,147,164,moderate
2024-05-05T08:00Z,2024-05-05T08:30Z,142,155,moderate
2024-05-05T08:30Z,2024-05-05T09:00Z,137,145,moderate
2024-05-05T09:00Z,2024-05-05T09:30Z,132,139,moderate
2024-05-05T09:30Z,2024-05-05T10:00Z,131,138,moderate
2024-05-05T10:00Z,2024-05-05T10:30Z,131,136,moderate
2024-05-05T10:30Z,2024-05-05T11:00Z,128,130,moderate
2024-05-05T11:00Z,2024-05-05T11:30Z,129,132,moderate
2024-05-05T11:30Z,2024-05-05T12:00Z,132,131,moderate
2024-05-05T12:00Z,2024-05-05T12:30Z,134,134,moderate
2024-05-05T12:30Z,2024-05-05T13:00Z,138,134,moderate
2024-05-05T13:00Z,2024-05-05T13:30Z,140,136,moderate
2024-05-05T13:30Z,2024-05-05T14:00Z,148,137,moderate
2024-05-05T14:00Z,2024-05-05T14:30Z,153,140,moderate
2024-05-05T14:30Z,2024-05-05T15:00Z,167,146,moderate
2024-05-05T15:00Z,2024-05-05T15:30Z,176,156,moderate
2024-05-05T15:30Z,2024-05-05T16:00Z,184,176,moderate
2024-05-05T16:00Z,2024-05-05T16:30Z,187,179,moderate
2024-05-05T16:30Z,2024-05-05T17:00Z,190,193,high
2024-05-05T17:00Z,2024-05-05T17:30Z,195,200,high
2024-05-05T17:30Z,2024-05-05T18:00Z,193,200,high
2024-05-05T18:00Z,2024-05-05T18:30Z,198,204,high
2024-05-05T18:30Z,2024-05-05T19:00Z,202,199,high
2024-05-05T19:00Z,2024-05-05T19:30Z,202,205,high
2024-05-05T19:30Z,2024-05-05T20:00Z,202,206,high
2024-05-05T20:00Z,2024-05-05T20:30Z,202,206,high
2024-05-05T20:30Z,2024-05-05T21:00Z,192,196,high
2024-05-05T21:00Z,2024-05-05T21:30Z,181,204,moderate
2024-05-05T21:30Z,2024-05-05T22:00Z,162,198,moderate
2024-05-05T22:00Z,2024-05-05T22:30Z,157,182,moderate
2024-05-05T22:30Z,2024-05-05T23:00Z,155,173,moderate
2024-05-05T23:00Z,2024-05-05T23:30Z,155,170,moderate
2024-05-05T23:30Z,2024-05-06T00:00Z,159,172,moderate
2024-05-06T00:00Z,2024-05-06T00:30Z,165,162,moderate
2024-05-06T00:30Z,2024-05-06T01:00Z,167,165,moderate
2024-05-06T01:00Z,2024-05-06T01:30Z,165,172,moderate
2024-05-06T01:30Z,2024-05-06T02:00Z,163,176,moderate
2024-05-06T02:00Z,2024-05-06T02:30Z,161,172,moderate
2024-05-06T02:30Z,2024-05-06T03:00Z,168,173,moderate
2024-05-06T03:00Z,2024-05-06T03:30Z,166,174,moderate
2024-05-06T03:30Z,2024-05-06T04:00Z,177,182,moderate
2024-05-06T04:00Z,2024-05-06T04:30Z,173,180,moderate
2024-05-06T04:30Z,2024-05-06T05:00Z,169,181,moderate
2024-05-06T05:00Z,2024-05-06T05:30Z,169,180,moderate
2024-05-06T05:30Z,2024-05-06T06:00Z,163,173,moderate
2024-05-06T06:00Z,2024-05-06T06:30Z,161,170,moderate
2024-05-06T06:30Z,2024-05-06T07:00Z,163,167,moderate
2024-05-06T07:00Z,2024-05-06T07:30Z,160,169,moderate
2024-05-06T07:30Z,2024-05-06T08:00Z,153,159,moderate
2024-05-06T08:00Z,2024-05-06T08:30Z,148,156,moderate
2024-05-06T08:30Z,2024-05-06T09:00Z,145,155,moderate
2024-05-06T09:00Z,2024-05-06T09:30Z,142,153,moderate
2024-05-06T09:30Z,2024-05-06T10:00Z,138,138,moderate
2024-05-06T10:00Z,2024-05-06T10:30Z,138,144,moderate
2024-05-06T10:30Z,2024-05-06T11:00Z,131,138,moderate
2024-05-06T11:00Z,2024-05-06T11:30Z,130,139,moderate
2024-05-06T11:30Z,2024-05-06T12:00Z,132,132,moderate
2024-05-06T12:00Z,2024-05-06T12:30Z,130,131,moderate
2024-05-06T12:30Z,2024-05-06T13:00Z,132,131,moderate
2024-05-06T13:00Z,2024-05-06T13:30Z,132,129,moderate
2024-05-06T13:30Z,2024-05-06T14:00Z,132,131,moderate
2024-05-06T14:00Z,2024-05-06T14:30Z,141,135,moderate
2024-05-06T14:30Z,2024-05-06T15:00Z,155,137,moderate
2024-05-06T15:00Z,2024-05-06T15:30Z,168,154,moderate
2024-05-06T15:30Z,2024-05-06T16:00Z,172,159,moderate
2024-05-06T16:00Z,2024-05-06T16:30Z,173,177,moderate
2024-05-06T16:30Z,2024-05-06T17:00Z,182,181,moderate
2024-05-06T17:00Z,2024-05-06T17:30Z,184,179,moderate
2024-05-06T17:30Z,2024-05-06T18:00Z,189,180,moderate
2024-05-06T18:00Z,2024-05-06T18:30Z,194,188,high
2024-05-06T18:30Z,2024-05-06T19:00Z,191,191,high
2024-05-06T19:00Z,2024-05-06T19:30Z,193,197,high
2024-05-06T19:30Z,2024-05-06T20:00Z,191,197,high
2024-05-06T20:00Z,2024-05-06T20:30Z,187,197,moderate
2024-05-06T20:30Z,2024-05-06T21:00Z,183,184,moderate
2024-05-06T21:00Z,2024-05-06T21:30Z,176,182,moderate
2024-05-06T21:30Z,2024-05-06T22:00Z,166,170,moderate
2024-05-06T22:00Z,2024-05-06T22:30Z,160,157,moderate
2024-05-06T22:30Z,2024-05-06T23:00Z,153,176,moderate
2024-05-06T23:00Z,2024-05-06T23:30Z,156,165,moderate
2024-05-06T23:30Z,2024-05-07T00:00Z,155,170,moderate
2024-05-07T00:00Z,2024-05-07T00:30Z,156,159,moderate
2024-05-07T00:30Z,2024-05-07T01:00Z,158,159,moderate
2024-05-07T01:00Z,2024-05-07T01:30Z,157,158,moderate
2024-05-07T01:30Z,2024-05-07T02:00Z,161,161,moderate
2024-05-07T02:00Z,2024-05-07T02:30Z,160,164,moderate
2024-05-07T02:30Z,2024-05-07T03:00Z,164,169,moderate
2024-05-07T03:00Z,2024-05-07T03:30Z,167,171,moderate
2024-05-07T03:30Z,2024-05-07T04:00Z,175,167,moderate
2024-05-07T04:00Z,2024-05-07T04:30Z,184,171,moderate
2024-05-07T04:30Z,2024-05-07T05:00Z,195,182,high
2024-05-07T05:00Z,2024-05-07T05:30Z,193,207,high
2024-05-07T05:30Z,2024-05-07T06:00Z,189,208,moderate
2024-05-07T06:00Z,2024-05-07T06:30Z,181,201,moderate
2024-05-07T06:30Z,2024-05-07T07:00Z,176,183,moderate
2024-05-07T07:00Z,2024-05-07T07:30Z,168,177,moderate
2024-05-07T07:30Z,2024-05-07T08:00Z,160,178,moderate
2024-05-07T08:00Z,2024-05-07T08:30Z,155,172,moderate
2024-05-07T08:30Z,2024-05-07T09:00Z,147,157,moderate
2024-05-07T09:00Z,2024-05-07T09:30Z,142,156,moderate
2024-05-07T09:30Z,2024-05-07T10:00Z,140,150,moderate
2024-05-07T10:00Z,2024-05-07T10:30Z,138,136,moderate
2024-05-07T10:30Z,2024-05-07T11:00Z,136,152,moderate
2024-05-07T11:00Z,2024-05-07T11:30Z,135,150,moderate
2024-05-07T11:30Z,2024-05-07T12:00Z,129,133,moderate
2024-05-07T12:00Z,2024-05-07T12:30Z,130,128,moderate
2024-05-07T12:30Z,2024-05-07T13:00Z,132,125,moderate
2024-05-07T13:00Z,2024-05-07T13:30Z,129,132,moderate
2024-05-07T13:30Z,2024-05-07T14:00Z,137,132,moderate
2024-05-07T14:00Z,2024-05-07T14:30Z,145,140,moderate
2024-05-07T14:30Z,2024-05-07T15:00Z,155,150,moderate
2024-05-07T15:00Z,2024-05-07T15:30Z,167,165,moderate
2024-05-07T15:30Z,2024-05-07T16:00Z,178,166,moderate
2024-05-07T16:00Z,2024-05-07T16:30Z,186,172,moderate
2024-05-07T16:30Z,2024-05-07T17:00Z,188,170,moderate
2024-05-07T17:00Z,2024-05-07T17:30Z,194,173,high
2024-05-07T17:30Z,2024-05-07T18:00Z,197,197,high
2024-05-07T18:00Z,2024-05-07T18:30Z,200,202,high
2024-05-07T18:30Z,2024-05-07T19:00Z,205,205,high
2024-05-07T19:00Z,2024-05-07T19:30Z,212,204,high
2024-05-07T19:30Z,2024-05-07T20:00Z,206,207,high
2024-05-07T20:00Z,2024-05-07T20:30Z,204,217,high
2024-05-07T20:30Z,2024-05-07T21:00Z,196,208,high
2024-05-07T21:00Z,2024-05-07T21:30Z,187,205,moderate
2024-05-07T21:30Z,2024-05-07T22:00Z,171,199,moderate
2024-05-07T22:00Z,2024-05-07T22:30Z,164,189,moderate
2024-05-07T22:30Z,2024-05-07T23:00Z,161,172,moderate
2024-05-07T23:00Z,2024-05-07T23:30Z,160,169,moderate
2024-05-07T23:30Z,2024-05-08T00:00Z,161,166,moderate
2024-05-08T00:00Z,2024-05-08T00:30Z,159,165,moderate
2024-05-08T00:30Z,2024-05-08T01:00Z,160,160,moderate
2024-05-08T01:00Z,2024-05-08T01:30Z,158,163,moderate
2024-05-08T01:30Z,2024-05-08T02:00Z,161,166,moderate
2024-05-08T02:00Z,2024-05-08T02:30Z,161,161,moderate
2024-05-08T02:30Z,2024-05-08T03:00Z,165,167,moderate
2024-05-08T03:00Z,2024-05-08T03:30Z,172,166,moderate
2024-05-08T03:30Z,2024-05-08T04:00Z,182,172,moderate
2024-05-08T04:00Z,2024-05-08T04:30Z,189,174,moderate
2024-05-08T04:30Z,2024-05-08T05:00Z,198,193,high
2024-05-08T05:00Z,2024-05-08T05:30Z,202,201,high
2024-05-08T05:30Z,2024-05-08T06:00Z,201,215,high
2024-05-08T06:00Z,2024-05-08T06:30Z,200,207,high
2024-05-08T06:30Z,2024-05-08T07:00Z,191,202,high
2024-05-08T07:00Z,2024-05-08T07:30Z,182,201,moderate
2024-05-08T07:30Z,2024-05-08T08:00Z,175,189,moderate
2024-05-08T08:00Z,2024-05-08T08:30Z,162,179,moderate
2024-05-08T08:30Z,2024-05-08T09:00Z,143,170,moderate
2024-05-08T09:00Z,2024-05-08T09:30Z,125,155,moderate
2024-05-08T09:30Z,2024-05-08T10:00Z,106,136,low
2024-05-08T10:00Z,2024-05-08T10:30Z,98,125,low
2024-05-08T10:30Z,2024-05-08T11:00Z,94,104,low
2024-05-08T11:00Z,2024-05-08T11:30Z,92,97,low
2024-05-08T11:30Z,2024-05-08T12:00Z,93,94,low
2024-05-08T12:00Z,2024-05-08T12:30Z,90,93,low
2024-05-08T12:30Z,2024-05-08T13:00Z,88,95,low
2024-05-08T13:00Z,2024-05-08T13:30Z,92,91,low
2024-05-08T13:30Z,2024-05-08T14:00Z,91,87,low
2024-05-08T14:00Z,2024-05-08T14:30Z,98,96,low
2024-05-08T14:30Z,2024-05-08T15:00Z,118,96,moderate
2024-05-08T15:00Z,2024-05-08T15:30Z,131,105,moderate
2024-05-08T15:30Z,2024-05-08T16:00Z,152,126,moderate
2024-05-08T16:00Z,2024-05-08T16:30Z,162,138,moderate
2024-05-08T16:30Z,2024-05-08T17:00Z,167,164,moderate
2024-05-08T17:00Z,2024-05-08T17:30Z,172,174,moderate
2024-05-08T17:30Z,2024-05-08T18:00Z,178,178,moderate
2024-05-08T18:00Z,2024-05-08T18:30Z,182,179,moderate
2024-05-08T18:30Z,2024-05-08T19:00Z,183,178,moderate
2024-05-08T19:00Z,2024-05-08T19:30Z,183,180,moderate
2024-05-08T19:30Z,2024-05-08T20:00Z,181,184,moderate
2024-05-08T20:00Z,2024-05-08T20:30Z,175,178,moderate
2024-05-08T20:30Z,2024-05-08T21:00Z,157,176,moderate
2024-05-08T21:00Z,2024-05-08T21:30Z,143,171,moderate
2024-05-08T21:30Z,2024-05-08T22:00Z,134,174,moderate
2024-05-08T22:00Z,2024-05-08T22:30Z,126,144,moderate
2024-05-08T22:30Z,2024-05-08T23:00Z,116,169,moderate
2024-05-08T23:00Z,2024-05-08T23:30Z,112,131,moderate
2024-05-08T23:30Z,2024-05-09T00:00Z,116,120,moderate
2024-05-09T00:00Z,2024-05-09T00:30Z,112,130,moderate
2024-05-09T00:30Z,2024-05-09T01:00Z,110,118,moderate
2024-05-09T01:00Z,2024-05-09T01:30Z,109,114,low
2024-05-09T01:30Z,2024-05-09T02:00Z,111,116,moderate
2024-05-09T02:00Z,2024-05-09T02:30Z,112,117,moderate
2024-05-09T02:30Z,2024-05-09T03:00Z,108,119,low
2024-05-09T03:00Z,2024-05-09T03:30Z,112,121,moderate
2024-05-09T03:30Z,2024-05-09T04:00Z,113,117,moderate
2024-05-09T04:00Z,2024-05-09T04:30Z,115,120,moderate
2024-05-09T04:30Z,2024-05-09T05:00Z,121,120,moderate
2024-05-09T05:00Z,2024-05-09T05:30Z,132,123,moderate
2024-05-09T05:30Z,2024-05-09T06:00Z,150,134,moderate
2024-05-09T06:00Z,2024-05-09T06:30Z,150,137,moderate
2024-05-09T06:30Z,2024-05-09T07:00Z,147,154,moderate
2024-05-09T07:00Z,2024-05-09T07:30Z,140,148,moderate
2024-05-09T07:30Z,2024-05-09T08:00Z,137,144,moderate
2024-05-09T08:00Z,2024-05-09T08:30Z,122,137,moderate
2024-05-09T08:30Z,2024-05-09T09:00Z,113,132,moderate
2024-05-09T09:00Z,2024-05-09T09:30Z,106,123,low
2024-05-09T09:30Z,2024-05-09T10:00Z,103,113,low
2024-05-09T10:00Z,2024-05-09T10:30Z,101,109,low
2024-05-09T10:30Z,2024-05-09T11:00Z,98,105,low
2024-05-09T11:00Z,2024-05-09T11:30Z,97,104,low
2024-05-09T11:30Z,2024-05-09T12:00Z,95,100,low
2024-05-09T12:00Z,2024-05-09T12:30Z,96,101,low
2024-05-09T12:30Z,2024-05-09T13:00Z,95,99,low
2024-05-09T13:00Z,2024-05-09T13:30Z,98,103,low
2024-05-09T13:30Z,2024-05-09T14:00Z,106,100,low
2024-05-09T14:00Z,2024-05-09T14:30Z,115,104,moderate
2024-05-09T14:30Z,2024-05-09T15:00Z,125,115,moderate
2024-05-09T15:00Z,2024-05-09T15:30Z,143,126,moderate
2024-05-09T15:30Z,2024-05-09T16:00Z,158,138,moderate
2024-05-09T16:00Z,2024-05-09T16:30Z,173,140,moderate
2024-05-09T16:30Z,2024-05-09T17:00Z,177,166,moderate
2024-05-09T17:00Z,2024-05-09T17:30Z,186,180,moderate
2024-05-09T17:30Z,2024-05-09T18:00Z,198,188,high
2024-05-09T18:00Z,2024-05-09T18:30Z,200,190,high
2024-05-09T18:30Z,2024-05-09T19:00Z,202,198,high
2024-05-09T19:00Z,2024-05-09T19:30Z,206,207,high
2024-05-09T19:30Z,2024-05-09T20:00Z,208,207,high
2024-05-09T20:00Z,2024-05-09T20:30Z,207,211,high
2024-05-09T20:30Z,2024-05-09T21:00Z,209,212,high
2024-05-09T21:00Z,2024-05-09T21:30Z,202,210,high
2024-05-09T21:30Z,2024-05-09T22:00Z,193,210,high
2024-05-09T22:00Z,2024-05-09T22:30Z,187,196,moderate
2024-05-09T22:30Z,2024-05-09T23:00Z,180,193,moderate
2024-05-09T23:00Z,2024-05-09T23:30Z,174,195,moderate
2024-05-09T23:30Z,2024-05-10T00:00Z,174,178,moderate
2024-05-10T00:00Z,2024-05-10T00:30Z,173,180,moderate
2024-05-10T00:30Z,2024-05-10T01:00Z,170,175,moderate
2024-05-10T01:00Z,2024-05-10T01:30Z,169,178,moderate
2024-05-10T01:30Z,2024-05-10T02:00Z,172,176,moderate
2024-05-10T02:00Z,2024-05-10T02:30Z,174,174,moderate
2024-05-10T02:30Z,2024-05-10T03:00Z,173,178,moderate
2024-05-10T03:00Z,2024-05-10T03:30Z,174,178,moderate
2024-05-10T03:30Z,2024-05-10T04:00Z,178,175,moderate
2024-05-10T04:00Z,2024-05-10T04:30Z,180,179,moderate
2024-05-10T04:30Z,2024-05-10T05:00Z,182,185,moderate
2024-05-10T05:00Z,2024-05-10T05:30Z,186,191,moderate
2024-05-10T05:30Z,2024-05-10T06:00Z,186,196,moderate
2024-05-10T06:00Z,2024-05-10T06:30Z,183,202,moderate
2024-05-10T06:30Z,2024-05-10T07:00Z,180,196,moderate
2024-05-10T07:00Z,2024-05-10T07:30Z,172,187,moderate
2024-05-10T07:30Z,2024-05-10T08:00Z,166,180,moderate
2024-05-10T08:00Z,2024-05-10T08:30Z,155,176,moderate
2024-05-10T08:30Z,2024-05-10T09:00Z,145,169,moderate
2024-05-10T09:00Z,2024-05-10T09:30Z,138,157,moderate
2024-05-10T09:30Z,2024-05-10T10:00Z,129,147,moderate
2024-05-10T10:00Z,2024-05-10T10:30Z,123,139,moderate
2024-05-10T10:30Z,2024-05-10T11:00Z,116,133,moderate
2024-05-10T11:00Z,2024-05-10T11:30Z,110,130,moderate
2024-05-10T11:30Z,2024-05-10T12:00Z,103,121,low
2024-05-10T12:00Z,2024-05-10T12:30Z,100,111,low
2024-05-10T12:30Z,2024-05-10T13:00Z,100,103,low
2024-05-10T13:00Z,2024-05-10T13:30Z,99,105,low
2024-05-10T13:30Z,2024-05-10T14:00Z,100,105,low
2024-05-10T14:00Z,2024-05-10T14:30Z,105,105,low
2024-05-10T14:30Z,2024-05-10T15:00Z,112,107,moderate
2024-05-10T15:00Z,2024-05-10T15:30Z,122,114,moderate
2024-05-10T15:30Z,2024-05-10T16:00Z,136,125,moderate
2024-05-10T16:00Z,2024-05-10T16:30Z,144,132,moderate
2024-05-10T16:30Z,2024-05-10T17:00Z,155,146,moderate
2024-05-10T17:00Z,2024-05-10T17:30Z,159,150,moderate
2024-05-10T17:30Z,2024-05-10T18:00Z,167,167,moderate
2024-05-10T18:00Z,2024-05-10T18:30Z,175,173,moderate
2024-05-10T18:30Z,2024-05-10T19:00Z,179,173,moderate
2024-05-10T19:00Z,2024-05-10T19:30Z,183,176,moderate
2024-05-10T19:30Z,2024-05-10T20:00Z,185,179,moderate
2024-05-10T20:00Z,2024-05-10T20:30Z,189,181,moderate
2024-05-10T20:30Z,2024-05-10T21:00Z,189,180,moderate
2024-05-10T21:00Z,2024-05-10T21:30Z,182,166,moderate
2024-05-10T21:30Z,2024-05-10T22:00Z,163,159,moderate
2024-05-10T22:00Z,2024-05-10T22:30Z,150,146,moderate
2024-05-10T22:30Z,2024-05-10T23:00Z,149,191,moderate
2024-05-10T23:00Z,2024-05-10T23:30Z,145,203,moderate
2024-05-10T23:30Z,2024-05-11T00:00Z,147,161,moderate
2024-05-11T00:00Z,2024-05-11T00:30Z,146,145,moderate
2024-05-11T00:30Z,2024-05-11T01:00Z,134,143,moderate
2024-05-11T01:00Z,2024-05-11T01:30Z,130,139,moderate
2024-05-11T01:30Z,2024-05-11T02:00Z,120,139,moderate
2024-05-11T02:00Z,2024-05-11T02:30Z,118,141,moderate
2024-05-11T02:30Z,2024-05-11T03:00Z,117,134,moderate
2024-05-11T03:00Z,2024-05-11T03:30Z,115,136,moderate
2024-05-11T03:30Z,2024-05-11T04:00Z,116,136,moderate
2024-05-11T04:00Z,2024-05-11T04:30Z,117,134,moderate
2024-05-11T04:30Z,2024-05-11T05:00Z,119,133,moderate
2024-05-11T05:00Z,2024-05-11T05:30Z,121,131,moderate
2024-05-11T05:30Z,2024-05-11T06:00Z,132,124,moderate
2024-05-11T06:00Z,2024-05-11T06:30Z,128,118,moderate
2024-05-11T06:30Z,2024-05-11T07:00Z,128,111,moderate
2024-05-11T07:00Z,2024-05-11T07:30Z,122,105,moderate
2024-05-11T07:30Z,2024-05-11T08:00Z,116,101,moderate
2024-05-11T08:00Z,2024-05-11T08:30Z,109,95,low
2024-05-11T08:30Z,2024-05-11T09:00Z,94,89,low
2024-05-11T09:00Z,2024-05-11T09:30Z,88,87,low
2024-05-11T09:30Z,2024-05-11T10:00Z,75,84,low
2024-05-11T10:00Z,2024-05-11T10:30Z,68,79,low
2024-05-11T10:30Z,2024-05-11T11:00Z,60,74,low
2024-05-11T11:00Z,2024-05-11T11:30Z,54,74,low
2024-05-11T11:30Z,2024-05-11T12:00Z,51,77,low
2024-05-11T12:00Z,2024-05-11T12:30Z,50,78,low
2024-05-11T12:30Z,2024-05-11T13:00Z,52,75,low
2024-05-11T13:00Z,2024-05-11T13:30Z,52,75,low
2024-05-11T13:30Z,2024-05-11T14:00Z,48,78,low
2024-05-11T14:00Z,2024-05-11T14:30Z,48,81,low
2024-05-11T14:30Z,2024-05-11T15:00Z,47,85,low
2024-05-11T15:00Z,2024-05-11T15:30Z,57,87,low
2024-05-11T15:30Z,2024-05-11T16:00Z,62,90,low
2024-05-11T16:00Z,2024-05-11T16:30Z,77,92,low
2024-05-11T16:30Z,2024-05-11T17:00Z,88,94,low
2024-05-11T17:00Z,2024-05-11T17:30Z,99,96,low
2024-05-11T17:30Z,2024-05-11T18:00Z,108,99,low
2024-05-11T18:00Z,2024-05-11T18:30Z,111,104,moderate
2024-05-11T18:30Z,2024-05-11T19:00Z,105,107,low
2024-05-11T19:00Z,2024-05-11T19:30Z,104,111,low
2024-05-11T19:30Z,2024-05-11T20:00Z,103,110,low
2024-05-11T20:00Z,2024-05-11T20:30Z,98,110,low
2024-05-11T20:30Z,2024-05-11T21:00Z,87,111,low
2024-05-11T21:00Z,2024-05-11T21:30Z,76,109,low
2024-05-11T21:30Z,2024-05-11T22:00Z,80,90,low
2024-05-11T22:00Z,2024-05-11T22:30Z,79,88,low
2024-05-11T22:30Z,2024-05-11T23:00Z,78,82,low
2024-05-11T23:00Z,2024-05-11T23:30Z,77,80,low
2024-05-11T23:30Z,2024-05-12T00:00Z,79,80,low
2024-05-12T00:00Z,2024-05-12T00:30Z,78,77,low
2024-05-12T00:30Z,2024-05-12T01:00Z,77,76,low
2024-05-12T01:00Z,2024-05-12T01:30Z,74,78,low
2024-05-12T01:30Z,2024-05-12T02:00Z,71,80,low
2024-05-12T02:00Z,2024-05-12T02:30Z,68,81,low
2024-05-12T02:30Z,2024-05-12T03:00Z,65,73,low
2024-05-12T03:00Z,2024-05-12T03:30Z,66,74,low
2024-05-12T03:30Z,2024-05-12T04:00Z,75,70,low
2024-05-12T04:00Z,2024-05-12T04:30Z,75,67,low
2024-05-12T04:30Z,2024-05-12T05:00Z,79,77,low
2024-05-12T05:00Z,2024-05-12T05:30Z,78,77,low
2024-05-12T05:30Z,2024-05-12T06:00Z,79,83,low
2024-05-12T06:00Z,2024-05-12T06:30Z,80,79,low
2024-05-12T06:30Z,2024-05-12T07:00Z,79,79,low
2024-05-12T07:00Z,2024-05-12T07:30Z,78,82,low
2024-05-12T07:30Z,2024-05-12T08:00Z,68,77,low
2024-05-12T08:00Z,2024-05-12T08:30Z,60,76,low
2024-05-12T08:30Z,2024-05-12T09:00Z,56,68,low
2024-05-12T09:00Z,2024-05-12T09:30Z,51,56,low
2024-05-12T09:30Z,2024-05-12T10:00Z,42,54,low
2024-05-12T10:00Z,2024-05-12T10:30Z,41,45,low
2024-05-12T10:30Z,2024-05-12T11:00Z,40,40,low
2024-05-12T11:00Z,2024-05-12T11:30Z,44,40,low
2024-05-12T11:30Z,2024-05-12T12:00Z,38,39,low
2024-05-12T12:00Z,2024-05-12T12:30Z,35,44,low
2024-05-12T12:30Z,2024-05-12T13:00Z,37,39,low
2024-05-12T13:00Z,2024-05-12T13:30Z,40,37,low
2024-05-12T13:30Z,2024-05-12T14:00Z,49,39,low
2024-05-12T14:00Z,2024-05-12T14:30Z,54,41,low
2024-05-12T14:30Z,2024-05-12T15:00Z,57,48,low
2024-05-12T15:00Z,2024-05-12T15:30Z,68,54,low
2024-05-12T15:30Z,2024-05-12T16:00Z,79,54,low
2024-05-12T16:00Z,2024-05-12T16:30Z,84,71,low
2024-05-12T16:30Z,2024-05-12T17:00Z,94,82,low
2024-05-12T17:00Z,2024-05-12T17:30Z,108,92,low
2024-05-12T17:30Z,2024-05-12T18:00Z,117,106,moderate
2024-05-12T18:00Z,2024-05-12T18:30Z,121,114,moderate
2024-05-12T18:30Z,2024-05-12T19:00Z,126,117,moderate
2024-05-12T19:00Z,2024-05-12T19:30Z,127,120,moderate
2024-05-12T19:30Z,2024-05-12T20:00Z,125,126,moderate
2024-05-12T20:00Z,2024-05-12T20:30Z,120,127,moderate
2024-05-12T20:30Z,2024-05-12T21:00Z,116,126,moderate
2024-05-12T21:00Z,2024-05-12T21:30Z,115,135,moderate
2024-05-12T21:30Z,2024-05-12T22:00Z,102,120,low
2024-05-12T22:00Z,2024-05-12T22:30Z,86,111,low
2024-05-12T22:30Z,2024-05-12T23:00Z,87,95,low
2024-05-12T23:00Z,2024-05-12T23:30Z,92,89,low
2024-05-12T23:30Z,2024-05-13T00:00Z,90,111,low
2024-05-13T00:00Z,2024-05-13T00:30Z,86,95,low
2024-05-13T00:30Z,2024-05-13T01:00Z,85,93,low
2024-05-13T01:00Z,2024-05-13T01:30Z,86,88,low
2024-05-13T01:30Z,2024-05-13T02:00Z,95,86,low
2024-05-13T02:00Z,2024-05-13T02:30Z,101,85,low
2024-05-13T02:30Z,2024-05-13T03:00Z,101,94,low
2024-05-13T03:00Z,2024-05-13T03:30Z,108,99,low
2024-05-13T03:30Z,2024-05-13T04:00Z,98,103,low
2024-05-13T04:00Z,2024-05-13T04:30Z,105,113,low
2024-05-13T04:30Z,2024-05-13T05:00Z,116,104,moderate
2024-05-13T05:00Z,2024-05-13T05:30Z,128,99,moderate
2024-05-13T05:30Z,2024-05-13T06:00Z,135,114,moderate
2024-05-13T06:00Z,2024-05-13T06:30Z,143,122,moderate
2024-05-13T06:30Z,2024-05-13T07:00Z,150,129,moderate
2024-05-13T07:00Z,2024-05-13T07:30Z,147,129,moderate
2024-05-13T07:30Z,2024-05-13T08:00Z,143,135,moderate
2024-05-13T08:00Z,2024-05-13T08:30Z,138,134,moderate
2024-05-13T08:30Z,2024-05-13T09:00Z,136,124,moderate
2024-05-13T09:00Z,2024-05-13T09:30Z,126,122,moderate
2024-05-13T09:30Z,2024-05-13T10:00Z,123,117,moderate
2024-05-13T10:00Z,2024-05-13T10:30Z,118,155,moderate
2024-05-13T10:30Z,2024-05-13T11:00Z,114,113,moderate
2024-05-13T11:00Z,2024-05-13T11:30Z,110,109,moderate
2024-05-13T11:30Z,2024-05-13T12:00Z,106,109,low
2024-05-13T12:00Z,2024-05-13T12:30Z,102,105,low
2024-05-13T12:30Z,2024-05-13T13:00Z,98,103,low
2024-05-13T13:00Z,2024-05-13T13:30Z,97,98,low
2024-05-13T13:30Z,2024-05-13T14:00Z,94,93,low
2024-05-13T14:00Z,2024-05-13T14:30Z,94,99,low
2024-05-13T14:30Z,2024-05-13T15:00Z,99,95,low
2024-05-13T15:00Z,2024-05-13T15:30Z,106,98,low
2024-05-13T15:30Z,2024-05-13T16:00Z,108,99,low
2024-05-13T16:00Z,2024-05-13T16:30Z,113,109,moderate
2024-05-13T16:30Z,2024-05-13T17:00Z,116,109,moderate
2024-05-13T17:00Z,2024-05-13T17:30Z,120,115,moderate
2024-05-13T17:30Z,2024-05-13T18:00Z,123,107,moderate
2024-05-13T18:00Z,2024-05-13T18:30Z,125,110,moderate
2024-05-13T18:30Z,2024-05-13T19:00Z,118,116,moderate
2024-05-13T19:00Z,2024-05-13T19:30Z,119,116,moderate
2024-05-13T19:30Z,2024-05-13T20:00Z,121,116,moderate
2024-05-13T20:00Z,2024-05-13T20:30Z,117,111,moderate
2024-05-13T20:30Z,2024-05-13T21:00Z,102,118,low
2024-05-13T21:00Z,2024-05-13T21:30Z,94,117,low
2024-05-13T21:30Z,2024-05-13T22:00Z,94,117,low
2024-05-13T22:00Z,2024-05-13T22:30Z,83,92,low
2024-05-13T22:30Z,2024-05-13T23:00Z,80,92,low
2024-05-13T23:00Z,2024-05-13T23:30Z,82,97,low
2024-05-13T23:30Z,2024-05-14T00:00Z,74,87,low
2024-05-14T00:00Z,2024-05-14T00:30Z,74,83,low
2024-05-14T00:30Z,2024-05-14T01:00Z,68,74,low
2024-05-14T01:00Z,2024-05-14T01:30Z,67,74,low
2024-05-14T01:30Z,2024-05-14T02:00Z,73,70,low
2024-05-14T02:00Z,2024-05-14T02:30Z,73,67,low
2024-05-14T02:30Z,2024-05-14T03:00Z,63,71,low
2024-05-14T03:00Z,2024-05-14T03:30Z,62,70,low
2024-05-14T03:30Z,2024-05-14T04:00Z,62,71,low
2024-05-14T04:00Z,2024-05-14T04:30Z,69,71,low
2024-05-14T04:30Z,2024-05-14T05:00Z,91,74,low
2024-05-14T05:00Z,2024-05-14T05:30Z,100,71,low
2024-05-14T05:30Z,2024-05-14T06:00Z,114,72,moderate
2024-05-14T06:00Z,2024-05-14T06:30Z,123,71,moderate
2024-05-14T06:30Z,2024-05-14T07:00Z,130,112,moderate
2024-05-14T07:00Z,2024-05-14T07:30Z,133,122,moderate
2024-05-14T07:30Z,2024-05-14T08:00Z,139,121,moderate
2024-05-14T08:00Z,2024-05-14T08:30Z,140,117,moderate
2024-05-14T08:30Z,2024-05-14T09:00Z,138,131,moderate
2024-05-14T09:00Z,2024-05-14T09:30Z,137,125,moderate
2024-05-14T09:30Z,2024-05-14T10:00Z,136,122,moderate
2024-05-14T10:00Z,2024-05-14T10:30Z,134,118,moderate
2024-05-14T10:30Z,2024-05-14T11:00Z,133,113,moderate
2024-05-14T11:00Z,2024-05-14T11:30Z,130,123,moderate
2024-05-14T11:30Z,2024-05-14T12:00Z,128,122,moderate
2024-05-14T12:00Z,2024-05-14T12:30Z,125,122,moderate
2024-05-14T12:30Z,2024-05-14T13:00Z,124,122,moderate
2024-05-14T13:00Z,2024-05-14T13:30Z,127,123,moderate
2024-05-14T13:30Z,2024-05-14T14:00Z,133,118,moderate
2024-05-14T14:00Z,2024-05-14T14:30Z,140,122,moderate
2024-05-14T14:30Z,2024-05-14T15:00Z,148,125,moderate
2024-05-14T15:00Z,2024-05-14T15:30Z,156,142,moderate
2024-05-14T15:30Z,2024-05-14T16:00Z,165,165,moderate
2024-05-14T16:00Z,2024-05-14T16:30Z,170,153,moderate
2024-05-14T16:30Z,2024-05-14T17:00Z,178,178,moderate
2024-05-14T17:00Z,2024-05-14T17:30Z,181,177,moderate
2024-05-14T17:30Z,2024-05-14T18:00Z,191,181,high
2024-05-14T18:00Z,2024-05-14T18:30Z,191,177,high
2024-05-14T18:30Z,2024-05-14T19:00Z,185,191,moderate
2024-05-14T19:00Z,2024-05-14T19:30Z,184,177,moderate
2024-05-14T19:30Z,2024-05-14T20:00Z,184,180,moderate
2024-05-14T20:00Z,2024-05-14T20:30Z,178,173,moderate
2024-05-14T20:30Z,2024-05-14T21:00Z,161,162,moderate
2024-05-14T21:00Z,2024-05-14T21:30Z,150,158,moderate
2024-05-14T21:30Z,2024-05-14T22:00Z,129,156,moderate
2024-05-14T22:00Z,2024-05-14T22:30Z,115,145,moderate
2024-05-14T22:30Z,2024-05-14T23:00Z,115,164,moderate
2024-05-14T23:00Z,2024-05-14T23:30Z,118,141,moderate
2024-05-14T23:30Z,2024-05-15T00:00Z,124,123,moderate
2024-05-15T00:00Z,2024-05-15T00:30Z,125,125,moderate
2024-05-15T00:30Z,2024-05-15T01:00Z,121,129,moderate
2024-05-15T01:00Z,2024-05-15T01:30Z,122,127,moderate
2024-05-15T01:30Z,2024-05-15T02:00Z,124,122,moderate
2024-05-15T02:00Z,2024-05-15T02:30Z,125,122,moderate
2024-05-15T02:30Z,2024-05-15T03:00Z,128,126,moderate
2024-05-15T03:00Z,2024-05-15T03:30Z,132,130,moderate
2024-05-15T03:30Z,2024-05-15T04:00Z,149,127,moderate
2024-05-15T04:00Z,2024-05-15T04:30Z,158,95,moderate
2024-05-15T04:30Z,2024-05-15T05:00Z,174,153,moderate
2024-05-15T05:00Z,2024-05-15T05:30Z,184,167,moderate
2024-05-15T05:30Z,2024-05-15T06:00Z,193,190,high
2024-05-15T06:00Z,2024-05-15T06:30Z,191,192,high
2024-05-15T06:30Z,2024-05-15T07:00Z,195,202,high
2024-05-15T07:00Z,2024-05-15T07:30Z,191,187,high
2024-05-15T07:30Z,2024-05-15T08:00Z,186,187,moderate
2024-05-15T08:00Z,2024-05-15T08:30Z,182,184,moderate
2024-05-15T08:30Z,2024-05-15T09:00Z,166,183,moderate
2024-05-15T09:00Z,2024-05-15T09:30Z,174,179,moderate
2024-05-15T09:30Z,2024-05-15T10:00Z,167,160,moderate
2024-05-15T10:00Z,2024-05-15T10:30Z,163,174,moderate
2024-05-15T10:30Z,2024-05-15T11:00Z,160,155,moderate
2024-05-15T11:00Z,2024-05-15T11:30Z,155,162,moderate
2024-05-15T11:30Z,2024-05-15T12:00Z,155,159,moderate
2024-05-15T12:00Z,2024-05-15T12:30Z,151,148,moderate
2024-05-15T12:30Z,2024-05-15T13:00Z,149,140,moderate
2024-05-15T13:00Z,2024-05-15T13:30Z,155,149,moderate
2024-05-15T13:30Z,2024-05-15T14:00Z,158,144,moderate
2024-05-15T14:00Z,2024-05-15T14:30Z,158,149,moderate
2024-05-15T14:30Z,2024-05-15T15:00Z,158,163,moderate
2024-05-15T15:00Z,2024-05-15T15:30Z,164,164,moderate
2024-05-15T15:30Z,2024-05-15T16:00Z,172,175,moderate
2024-05-15T16:00Z,2024-05-15T16:30Z,174,175,moderate
2024-05-15T16:30Z,2024-05-15T17:00Z,175,180,moderate
2024-05-15T17:00Z,2024-05-15T17:30Z,182,185,moderate
2024-05-15T17:30Z,2024-05-15T18:00Z,190,182,high
2024-05-15T18:00Z,2024-05-15T18:30Z,192,189,high
2024-05-15T18:30Z,2024-05-15T19:00Z,190,184,high
2024-05-15T19:00Z,2024-05-15T19:30Z,195,189,high
2024-05-15T19:30Z,2024-05-15T20:00Z,194,189,high
2024-05-15T20:00Z,2024-05-15T20:30Z,194,187,high
2024-05-15T20:30Z,2024-05-15T21:00Z,186,189,moderate
2024-05-15T21:00Z,2024-05-15T21:30Z,187,174,moderate
2024-05-15T21:30Z,2024-05-15T22:00Z,184,172,moderate
2024-05-15T22:00Z,2024-05-15T22:30Z,185,159,moderate
2024-05-15T22:30Z,2024-05-15T23:00Z,175,154,moderate
2024-05-15T23:00Z,2024-05-15T23:30Z,172,185,moderate
2024-05-15T23:30Z,2024-05-16T00:00Z,175,185,moderate
2024-05-16T00:00Z,2024-05-16T00:30Z,176,177,moderate
2024-05-16T00:30Z,2024-05-16T01:00Z,175,179,moderate
2024-05-16T01:00Z,2024-05-16T01:30Z,176,178,moderate
2024-05-16T01:30Z,2024-05-16T02:00Z,177,183,moderate
2024-05-16T02:00Z,2024-05-16T02:30Z,177,184,moderate
2024-05-16T02:30Z,2024-05-16T03:00Z,175,185,moderate
2024-05-16T03:00Z,2024-05-16T03:30Z,176,181,moderate
2024-05-16T03:30Z,2024-05-16T04:00Z,177,180,moderate
2024-05-16T04:00Z,2024-05-16T04:30Z,181,146,moderate
2024-05-16T04:30Z,2024-05-16T05:00Z,195,186,high
2024-05-16T05:00Z,2024-05-16T05:30Z,202,189,high
2024-05-16T05:30Z,2024-05-16T06:00Z,208,199,high
2024-05-16T06:00Z,2024-05-16T06:30Z,210,206,high
2024-05-16T06:30Z,2024-05-16T07:00Z,208,212,high
2024-05-16T07:00Z,2024-05-16T07:30Z,202,201,high
2024-05-16T07:30Z,2024-05-16T08:00Z,197,198,high
2024-05-16T08:00Z,2024-05-16T08:30Z,193,186,high
2024-05-16T08:30Z,2024-05-16T09:00Z,200,181,high
2024-05-16T09:00Z,2024-05-16T09:30Z,197,171,high
2024-05-16T09:30Z,2024-05-16T10:00Z,190,184,high
2024-05-16T10:00Z,2024-05-16T10:30Z,182,184,moderate
2024-05-16T10:30Z,2024-05-16T11:00Z,179,180,moderate
2024-05-16T11:00Z,2024-05-16T11:30Z,175,173,moderate
2024-05-16T11:30Z,2024-05-16T12:00Z,172,171,moderate
2024-05-16T12:00Z,2024-05-16T12:30Z,172,164,moderate
2024-05-16T12:30Z,2024-05-16T13:00Z,171,169,moderate
2024-05-16T13:00Z,2024-05-16T13:30Z,173,162,moderate
2024-05-16T13:30Z,2024-05-16T14:00Z,166,156,moderate
2024-05-16T14:00Z,2024-05-16T14:30Z,168,176,moderate
2024-05-16T14:30Z,2024-05-16T15:00Z,161,166,moderate
2024-05-16T15:00Z,2024-05-16T15:30Z,164,163,moderate
2024-05-16T15:30Z,2024-05-16T16:00Z,169,168,moderate
2024-05-16T16:00Z,2024-05-16T16:30Z,174,172,moderate
2024-05-16T16:30Z,2024-05-16T17:00Z,180,174,moderate
2024-05-16T17:00Z,2024-05-16T17:30Z,184,177,moderate
2024-05-16T17:30Z,2024-05-16T18:00Z,187,184,moderate
2024-05-16T18:00Z,2024-05-16T18:30Z,194,180,high
2024-05-16T18:30Z,2024-05-16T19:00Z,199,184,high
2024-05-16T19:00Z,2024-05-16T19:30Z,198,182,high
2024-05-16T19:30Z,2024-05-16T20:00Z,207,182,high
2024-05-16T20:00Z,2024-05-16T20:30Z,206,187,high
2024-05-16T20:30Z,2024-05-16T21:00Z,191,203,high
2024-05-16T21:00Z,2024-05-16T21:30Z,183,199,moderate
2024-05-16T21:30Z,2024-05-16T22:00Z,157,202,moderate
2024-05-16T22:00Z,2024-05-16T22:30Z,146,174,moderate
2024-05-16T22:30Z,2024-05-16T23:00Z,139,177,moderate
2024-05-16T23:00Z,2024-05-16T23:30Z,138,166,moderate
2024-05-16T23:30Z,2024-05-17T00:00Z,144,135,moderate
2024-05-17T00:00Z,2024-05-17T00:30Z,148,133,moderate
2024-05-17T00:30Z,2024-05-17T01:00Z,143,144,moderate
2024-05-17T01:00Z,2024-05-17T01:30Z,141,150,moderate
2024-05-17T01:30Z,2024-05-17T02:00Z,143,151,moderate
2024-05-17T02:00Z,2024-05-17T02:30Z,148,145,moderate
2024-05-17T02:30Z,2024-05-17T03:00Z,148,150,moderate
2024-05-17T03:00Z,2024-05-17T03:30Z,150,149,moderate
2024-05-17T03:30Z,2024-05-17T04:00Z,152,158,moderate
2024-05-17T04:00Z,2024-05-17T04:30Z,160,140,moderate
2024-05-17T04:30Z,2024-05-17T05:00Z,174,161,moderate
2024-05-17T05:00Z,2024-05-17T05:30Z,187,176,moderate
2024-05-17T05:30Z,2024-05-17T06:00Z,187,183,moderate
2024-05-17T06:00Z,2024-05-17T06:30Z,187,198,moderate
2024-05-17T06:30Z,2024-05-17T07:00Z,185,194,moderate
2024-05-17T07:00Z,2024-05-17T07:30Z,183,185,moderate
2024-05-17T07:30Z,2024-05-17T08:00Z,179,182,moderate
2024-05-17T08:00Z,2024-05-17T08:30Z,174,180,moderate
2024-05-17T08:30Z,2024-05-17T09:00Z,164,167,moderate
2024-05-17T09:00Z,2024-05-17T09:30Z,158,170,moderate
2024-05-17T09:30Z,2024-05-17T10:00Z,155,165,moderate
2024-05-17T10:00Z,2024-05-17T10:30Z,152,155,moderate
2024-05-17T10:30Z,2024-05-17T11:00Z,146,158,moderate
2024-05-17T11:00Z,2024-05-17T11:30Z,143,146,moderate
2024-05-17T11:30Z,2024-05-17T12:00Z,143,148,moderate
2024-05-17T12:00Z,2024-05-17T12:30Z,143,146,moderate
2024-05-17T12:30Z,2024-05-17T13:00Z,144,141,moderate
2024-05-17T13:00Z,2024-05-17T13:30Z,149,151,moderate
2024-05-17T13:30Z,2024-05-17T14:00Z,151,146,moderate
2024-05-17T14:00Z,2024-05-17T14:30Z,157,151,moderate
2024-05-17T14:30Z,2024-05-17T15:00Z,159,155,moderate
2024-05-17T15:00Z,2024-05-17T15:30Z,171,173,moderate
2024-05-17T15:30Z,2024-05-17T16:00Z,182,177,moderate
2024-05-17T16:00Z,2024-05-17T16:30Z,191,185,high
2024-05-17T16:30Z,2024-05-17T17:00Z,193,197,high
2024-05-17T17:00Z,2024-05-17T17:30Z,197,197,high
2024-05-17T17:30Z,2024-05-17T18:00Z,203,200,high
2024-05-17T18:00Z,2024-05-17T18:30Z,207,204,high
2024-05-17T18:30Z,2024-05-17T19:00Z,211,210,high
2024-05-17T19:00Z,2024-05-17T19:30Z,214,218,high
2024-05-17T19:30Z,2024-05-17T20:00Z,221,220,high
2024-05-17T20:00Z,2024-05-17T20:30Z,219,221,high
2024-05-17T20:30Z,2024-05-17T21:00Z,214,208,high
2024-05-17T21:00Z,2024-05-17T21:30Z,210,209,high
2024-05-17T21:30Z,2024-05-17T22:00Z,199,178,high
2024-05-17T22:00Z,2024-05-17T22:30Z,186,209,moderate
2024-05-17T22:30Z,2024-05-17T23:00Z,175,191,moderate
2024-05-17T23:00Z,2024-05-17T23:30Z,174,154,moderate
2024-05-17T23:30Z,2024-05-18T00:00Z,177,178,moderate
2024-05-18T00:00Z,2024-05-18T00:30Z,167,177,moderate
2024-05-18T00:30Z,2024-05-18T01:00Z,155,173,moderate
2024-05-18T01:00Z,2024-05-18T01:30Z,149,169,moderate
2024-05-18T01:30Z,2024-05-18T02:00Z,156,161,moderate
2024-05-18T02:00Z,2024-05-18T02:30Z,157,154,moderate
2024-05-18T02:30Z,2024-05-18T03:00Z,160,167,moderate
2024-05-18T03:00Z,2024-05-18T03:30Z,156,160,moderate
2024-05-18T03:30Z,2024-05-18T04:00Z,157,161,moderate
2024-05-18T04:00Z,2024-05-18T04:30Z,157,127,moderate
2024-05-18T04:30Z,2024-05-18T05:00Z,163,173,moderate
2024-05-18T05:00Z,2024-05-18T05:30Z,161,159,moderate
2024-05-18T05:30Z,2024-05-18T06:00Z,163,153,moderate
2024-05-18T06:00Z,2024-05-18T06:30Z,160,166,moderate
2024-05-18T06:30Z,2024-05-18T07:00Z,155,159,moderate
2024-05-18T07:00Z,2024-05-18T07:30Z,147,161,moderate
2024-05-18T07:30Z,2024-05-18T08:00Z,139,151,moderate
2024-05-18T08:00Z,2024-05-18T08:30Z,134,141,moderate
2024-05-18T08:30Z,2024-05-18T09:00Z,129,135,moderate
2024-05-18T09:00Z,2024-05-18T09:30Z,126,130,moderate
2024-05-18T09:30Z,2024-05-18T10:00Z,120,127,moderate
2024-05-18T10:00Z,2024-05-18T10:30Z,117,121,moderate
2024-05-18T10:30Z,2024-05-18T11:00Z,116,120,moderate
2024-05-18T11:00Z,2024-05-18T11:30Z,114,113,moderate
2024-05-18T11:30Z,2024-05-18T12:00Z,113,112,moderate
2024-05-18T12:00Z,2024-05-18T12:30Z,112,117,moderate
2024-05-18T12:30Z,2024-05-18T13:00Z,111,115,moderate
2024-05-18T13:00Z,2024-05-18T13:30Z,110,114,moderate
2024-05-18T13:30Z,2024-05-18T14:00Z,111,115,moderate
2024-05-18T14:00Z,2024-05-18T14:30Z,108,111,low
2024-05-18T14:30Z,2024-05-18T15:00Z,110,111,moderate
2024-05-18T15:00Z,2024-05-18T15:30Z,116,112,moderate
2024-05-18T15:30Z,2024-05-18T16:00Z,129,113,moderate
2024-05-18T16:00Z,2024-05-18T16:30Z,139,120,moderate
2024-05-18T16:30Z,2024-05-18T17:00Z,148,136,moderate
2024-05-18T17:00Z,2024-05-18T17:30Z,150,146,moderate
2024-05-18T17:30Z,2024-05-18T18:00Z,158,159,moderate
2024-05-18T18:00Z,2024-05-18T18:30Z,161,159,moderate
2024-05-18T18:30Z,2024-05-18T19:00Z,165,170,moderate
2024-05-18T19:00Z,2024-05-18T19:30Z,170,164,moderate
2024-05-18T19:30Z,2024-05-18T20:00Z,175,168,moderate
2024-05-18T20:00Z,2024-05-18T20:30Z,181,178,moderate
2024-05-18T20:30Z,2024-05-18T21:00Z,179,174,moderate
2024-05-18T21:00Z,2024-05-18T21:30Z,172,181,moderate
2024-05-18T21:30Z,2024-05-18T22:00Z,148,182,moderate
2024-05-18T22:00Z,2024-05-18T22:30Z,143,169,moderate
2024-05-18T22:30Z,2024-05-18T23:00Z,147,163,moderate
2024-05-18T23:00Z,2024-05-18T23:30Z,143,139,moderate
2024-05-18T23:30Z,2024-05-19T00:00Z,134,137,moderate
2024-05-19T00:00Z,2024-05-19T00:30Z,133,148,moderate
2024-05-19T00:30Z,2024-05-19T01:00Z,136,140,moderate
2024-05-19T01:00Z,2024-05-19T01:30Z,129,134,moderate
2024-05-19T01:30Z,2024-05-19T02:00Z,115,134,moderate
2024-05-19T02:00Z,2024-05-19T02:30Z,111,128,moderate
2024-05-19T02:30Z,2024-05-19T03:00Z,121,118,moderate
2024-05-19T03:00Z,2024-05-19T03:30Z,119,110,moderate
2024-05-19T03:30Z,2024-05-19T04:00Z,122,128,moderate
2024-05-19T04:00Z,2024-05-19T04:30Z,118,114,moderate
2024-05-19T04:30Z,2024-05-19T05:00Z,120,126,moderate
2024-05-19T05:00Z,2024-05-19T05:30Z,115,121,moderate
2024-05-19T05:30Z,2024-05-19T06:00Z,114,115,moderate
2024-05-19T06:00Z,2024-05-19T06:30Z,114,123,moderate
2024-05-19T06:30Z,2024-05-19T07:00Z,102,113,low
2024-05-19T07:00Z,2024-05-19T07:30Z,98,110,low
2024-05-19T07:30Z,2024-05-19T08:00Z,93,103,low
2024-05-19T08:00Z,2024-05-19T08:30Z,87,101,low
2024-05-19T08:30Z,2024-05-19T09:00Z,81,87,low
2024-05-19T09:00Z,2024-05-19T09:30Z,70,86,low
2024-05-19T09:30Z,2024-05-19T10:00Z,68,77,low
2024-05-19T10:00Z,2024-05-19T10:30Z,68,71,low
2024-05-19T10:30Z,2024-05-19T11:00Z,67,70,low
2024-05-19T11:00Z,2024-05-19T11:30Z,64,68,low
2024-05-19T11:30Z,2024-05-19T12:00Z,60,69,low
2024-05-19T12:00Z,2024-05-19T12:30Z,59,64,low
2024-05-19T12:30Z,2024-05-19T13:00Z,61,62,low
2024-05-19T13:00Z,2024-05-19T13:30Z,66,58,low
2024-05-19T13:30Z,2024-05-19T14:00Z,65,61,low
2024-05-19T14:00Z,2024-05-19T14:30Z,67,65,low
2024-05-19T14:30Z,2024-05-19T15:00Z,71,63,low
2024-05-19T15:00Z,2024-05-19T15:30Z,87,73,low
2024-05-19T15:30Z,2024-05-19T16:00Z,98,78,low
2024-05-19T16:00Z,2024-05-19T16:30Z,114,87,moderate
2024-05-19T16:30Z,2024-05-19T17:00Z,126,110,moderate
2024-05-19T17:00Z,2024-05-19T17:30Z,137,121,moderate
2024-05-19T17:30Z,2024-05-19T18:00Z,147,137,moderate
2024-05-19T18:00Z,2024-05-19T18:30Z,154,144,moderate
2024-05-19T18:30Z,2024-05-19T19:00Z,152,150,moderate
2024-05-19T19:00Z,2024-05-19T19:30Z,154,161,moderate
2024-05-19T19:30Z,2024-05-19T20:00Z,158,153,moderate
2024-05-19T20:00Z,2024-05-19T20:30Z,164,151,moderate
2024-05-19T20:30Z,2024-05-19T21:00Z,163,150,moderate
2024-05-19T21:00Z,2024-05-19T21:30Z,157,155,moderate
2024-05-19T21:30Z,2024-05-19T22:00Z,147,154,moderate
2024-05-19T22:00Z,2024-05-19T22:30Z,144,146,moderate
2024-05-19T22:30Z,2024-05-19T23:00Z,142,143,moderate
2024-05-19T23:00Z,2024-05-19T23:30Z,137,145,moderate
2024-05-19T23:30Z,2024-05-20T00:00Z,141,140,moderate
2024-05-20T00:00Z,2024-05-20T00:30Z,140,135,moderate
2024-05-20T00:30Z,2024-05-20T01:00Z,137,141,moderate
2024-05-20T01:00Z,2024-05-20T01:30Z,135,137,moderate
2024-05-20T01:30Z,2024-05-20T02:00Z,133,144,moderate
2024-05-20T02:00Z,2024-05-20T02:30Z,135,138,moderate
2024-05-20T02:30Z,2024-05-20T03:00Z,140,143,moderate
2024-05-20T03:00Z,2024-05-20T03:30Z,139,141,moderate
2024-05-20T03:30Z,2024-05-20T04:00Z,142,134,moderate
2024-05-20T04:00Z,2024-05-20T04:30Z,148,128,moderate
2024-05-20T04:30Z,2024-05-20T05:00Z,150,140,moderate
2024-05-20T05:00Z,2024-05-20T05:30Z,157,143,moderate
2024-05-20T05:30Z,2024-05-20T06:00Z,154,166,moderate
2024-05-20T06:00Z,2024-05-20T06:30Z,153,160,moderate
2024-05-20T06:30Z,2024-05-20T07:00Z,151,148,moderate
2024-05-20T07:00Z,2024-05-20T07:30Z,146,145,moderate
2024-05-20T07:30Z,2024-05-20T08:00Z,144,142,moderate
2024-05-20T08:00Z,2024-05-20T08:30Z,137,137,moderate
2024-05-20T08:30Z,2024-05-20T09:00Z,131,132,moderate
2024-05-20T09:00Z,2024-05-20T09:30Z,128,126,moderate
2024-05-20T09:30Z,2024-05-20T10:00Z,123,123,moderate
2024-05-20T10:00Z,2024-05-20T10:30Z,120,114,moderate
2024-05-20T10:30Z,2024-05-20T11:00Z,119,111,moderate
2024-05-20T11:00Z,2024-05-20T11:30Z,117,111,moderate
2024-05-20T11:30Z,2024-05-20T12:00Z,115,108,moderate
2024-05-20T12:00Z,2024-05-20T12:30Z,117,106,moderate
2024-05-20T12:30Z,2024-05-20T13:00Z,116,109,moderate
2024-05-20T13:00Z,2024-05-20T13:30Z,119,115,moderate
2024-05-20T13:30Z,2024-05-20T14:00Z,121,114,moderate
2024-05-20T14:00Z,2024-05-20T14:30Z,125,116,moderate
2024-05-20T14:30Z,2024-05-20T15:00Z,131,121,moderate
2024-05-20T15:00Z,2024-05-20T15:30Z,139,129,moderate
2024-05-20T15:30Z,2024-05-20T16:00Z,148,142,moderate
2024-05-20T16:00Z,2024-05-20T16:30Z,155,148,moderate
2024-05-20T16:30Z,2024-05-20T17:00Z,155,147,moderate
2024-05-20T17:00Z,2024-05-20T17:30Z,160,160,moderate
2024-05-20T17:30Z,2024-05-20T18:00Z,169,176,moderate
2024-05-20T18:00Z,2024-05-20T18:30Z,173,168,moderate
2024-05-20T18:30Z,2024-05-20T19:00Z,172,170,moderate
2024-05-20T19:00Z,2024-05-20T19:30Z,175,176,moderate
2024-05-20T19:30Z,2024-05-20T20:00Z,182,176,moderate
2024-05-20T20:00Z,2024-05-20T20:30Z,183,111,moderate
2024-05-20T20:30Z,2024-05-20T21:00Z,176,177,moderate
2024-05-20T21:00Z,2024-05-20T21:30Z,167,173,moderate
2024-05-20T21:30Z,2024-05-20T22:00Z,152,168,moderate
2024-05-20T22:00Z,2024-05-20T22:30Z,145,157,moderate
2024-05-20T22:30Z,2024-05-20T23:00Z,149,132,moderate
2024-05-20T23:00Z,2024-05-20T23:30Z,148,136,moderate
2024-05-20T23:30Z,2024-05-21T00:00Z,151,156,moderate
2024-05-21T00:00Z,2024-05-21T00:30Z,152,152,moderate
2024-05-21T00:30Z,2024-05-21T01:00Z,150,156,moderate
2024-05-21T01:00Z,2024-05-21T01:30Z,145,157,moderate
2024-05-21T01:30Z,2024-05-21T02:00Z,139,151,moderate
2024-05-21T02:00Z,2024-05-21T02:30Z,142,150,moderate
2024-05-21T02:30Z,2024-05-21T03:00Z,147,142,moderate
2024-05-21T03:00Z,2024-05-21T03:30Z,146,143,moderate
2024-05-21T03:30Z,2024-05-21T04:00Z,147,152,moderate
2024-05-21T04:00Z,2024-05-21T04:30Z,156,138,moderate
2024-05-21T04:30Z,2024-05-21T05:00Z,178,157,moderate
2024-05-21T05:00Z,2024-05-21T05:30Z,190,177,high
2024-05-21T05:30Z,2024-05-21T06:00Z,194,176,high
2024-05-21T06:00Z,2024-05-21T06:30Z,191,191,high
2024-05-21T06:30Z,2024-05-21T07:00Z,194,200,high
2024-05-21T07:00Z,2024-05-21T07:30Z,190,187,high
2024-05-21T07:30Z,2024-05-21T08:00Z,188,196,moderate
2024-05-21T08:00Z,2024-05-21T08:30Z,186,195,moderate
2024-05-21T08:30Z,2024-05-21T09:00Z,181,189,moderate
2024-05-21T09:00Z,2024-05-21T09:30Z,178,183,moderate
2024-05-21T09:30Z,2024-05-21T10:00Z,175,179,moderate
2024-05-21T10:00Z,2024-05-21T10:30Z,174,173,moderate
2024-05-21T10:30Z,2024-05-21T11:00Z,174,175,moderate
2024-05-21T11:00Z,2024-05-21T11:30Z,171,178,moderate
2024-05-21T11:30Z,2024-05-21T12:00Z,173,174,moderate
2024-05-21T12:00Z,2024-05-21T12:30Z,172,174,moderate
2024-05-21T12:30Z,2024-05-21T13:00Z,175,172,moderate
2024-05-21T13:00Z,2024-05-21T13:30Z,176,177,moderate
2024-05-21T13:30Z,2024-05-21T14:00Z,181,176,moderate
2024-05-21T14:00Z,2024-05-21T14:30Z,185,184,moderate
2024-05-21T14:30Z,2024-05-21T15:00Z,186,184,moderate
2024-05-21T15:00Z,2024-05-21T15:30Z,188,193,moderate
2024-05-21T15:30Z,2024-05-21T16:00Z,191,191,high
2024-05-21T16:00Z,2024-05-21T16:30Z,194,201,high
2024-05-21T16:30Z,2024-05-21T17:00Z,195,196,high
2024-05-21T17:00Z,2024-05-21T17:30Z,196,195,high
2024-05-21T17:30Z,2024-05-21T18:00Z,199,196,high
2024-05-21T18:00Z,2024-05-21T18:30Z,200,199,high
2024-05-21T18:30Z,2024-05-21T19:00Z,203,200,high
2024-05-21T19:00Z,2024-05-21T19:30Z,203,201,high
2024-05-21T19:30Z,2024-05-21T20:00Z,207,196,high
2024-05-21T20:00Z,2024-05-21T20:30Z,204,195,high
2024-05-21T20:30Z,2024-05-21T21:00Z,198,185,high
2024-05-21T21:00Z,2024-05-21T21:30Z,193,153,high
2024-05-21T21:30Z,2024-05-21T22:00Z,185,149,moderate
2024-05-21T22:00Z,2024-05-21T22:30Z,175,139,moderate
2024-05-21T22:30Z,2024-05-21T23:00Z,168,133,moderate
2024-05-21T23:00Z,2024-05-21T23:30Z,164,183,moderate
2024-05-21T23:30Z,2024-05-22T00:00Z,164,172,moderate
2024-05-22T00:00Z,2024-05-22T00:30Z,164,169,moderate
2024-05-22T00:30Z,2024-05-22T01:00Z,157,164,moderate
2024-05-22T01:00Z,2024-05-22T01:30Z,152,169,moderate
2024-05-22T01:30Z,2024-05-22T02:00Z,153,171,moderate
2024-05-22T02:00Z,2024-05-22T02:30Z,152,155,moderate
2024-05-22T02:30Z,2024-05-22T03:00Z,144,159,moderate
2024-05-22T03:00Z,2024-05-22T03:30Z,136,156,moderate
2024-05-22T03:30Z,2024-05-22T04:00Z,132,146,moderate
2024-05-22T04:00Z,2024-05-22T04:30Z,129,130,moderate
2024-05-22T04:30Z,2024-05-22T05:00Z,131,137,moderate
2024-05-22T05:00Z,2024-05-22T05:30Z,142,129,moderate
2024-05-22T05:30Z,2024-05-22T06:00Z,156,138,moderate
2024-05-22T06:00Z,2024-05-22T06:30Z,157,153,moderate
2024-05-22T06:30Z,2024-05-22T07:00Z,159,165,moderate
2024-05-22T07:00Z,2024-05-22T07:30Z,158,155,moderate
2024-05-22T07:30Z,2024-05-22T08:00Z,151,155,moderate
2024-05-22T08:00Z,2024-05-22T08:30Z,152,155,moderate
2024-05-22T08:30Z,2024-05-22T09:00Z,156,142,moderate
2024-05-22T09:00Z,2024-05-22T09:30Z,153,142,moderate
2024-05-22T09:30Z,2024-05-22T10:00Z,150,139,moderate
2024-05-22T10:00Z,2024-05-22T10:30Z,147,144,moderate
2024-05-22T10:30Z,2024-05-22T11:00Z,138,148,moderate
2024-05-22T11:00Z,2024-05-22T11:30Z,128,127,moderate
2024-05-22T11:30Z,2024-05-22T12:00Z,112,136,moderate
2024-05-22T12:00Z,2024-05-22T12:30Z,100,131,low
2024-05-22T12:30Z,2024-05-22T13:00Z,85,110,low
2024-05-22T13:00Z,2024-05-22T13:30Z,74,103,low
2024-05-22T13:30Z,2024-05-22T14:00Z,69,86,low
2024-05-22T14:00Z,2024-05-22T14:30Z,69,79,low
2024-05-22T14:30Z,2024-05-22T15:00Z,66,69,low
2024-05-22T15:00Z,2024-05-22T15:30Z,66,66,low
2024-05-22T15:30Z,2024-05-22T16:00Z,68,59,low
2024-05-22T16:00Z,2024-05-22T16:30Z,69,59,low
2024-05-22T16:30Z,2024-05-22T17:00Z,77,60,low
2024-05-22T17:00Z,2024-05-22T17:30Z,75,64,low
2024-05-22T17:30Z,2024-05-22T18:00Z,83,72,low
2024-05-22T18:00Z,2024-05-22T18:30Z,84,68,low
2024-05-22T18:30Z,2024-05-22T19:00Z,83,76,low
2024-05-22T19:00Z,2024-05-22T19:30Z,83,77,low
2024-05-22T19:30Z,2024-05-22T20:00Z,82,80,low
2024-05-22T20:00Z,2024-05-22T20:30Z,77,80,low
2024-05-22T20:30Z,2024-05-22T21:00Z,70,82,low
2024-05-22T21:00Z,2024-05-22T21:30Z,62,79,low
2024-05-22T21:30Z,2024-05-22T22:00Z,56,72,low
2024-05-22T22:00Z,2024-05-22T22:30Z,49,69,low
2024-05-22T22:30Z,2024-05-22T23:00Z,51,66,low
2024-05-22T23:00Z,2024-05-22T23:30Z,49,51,low
2024-05-22T23:30Z,2024-05-23T00:00Z,51,49,low
2024-05-23T00:00Z,2024-05-23T00:30Z,48,46,low
2024-05-23T00:30Z,2024-05-23T01:00Z,51,49,low
2024-05-23T01:00Z,2024-05-23T01:30Z,51,45,low
2024-05-23T01:30Z,2024-05-23T02:00Z,51,46,low
2024-05-23T02:00Z,2024-05-23T02:30Z,50,46,low
2024-05-23T02:30Z,2024-05-23T03:00Z,51,46,low
2024-05-23T03:00Z,2024-05-23T03:30Z,51,49,low
2024-05-23T03:30Z,2024-05-23T04:00Z,50,50,low
2024-05-23T04:00Z,2024-05-23T04:30Z,51,51,low
2024-05-23T04:30Z,2024-05-23T05:00Z,48,47,low
2024-05-23T05:00Z,2024-05-23T05:30Z,54,48,low
2024-05-23T05:30Z,2024-05-23T06:00Z,56,46,low
2024-05-23T06:00Z,2024-05-23T06:30Z,55,49,low
2024-05-23T06:30Z,2024-05-23T07:00Z,41,52,low
2024-05-23T07:00Z,2024-05-23T07:30Z,42,49,low
2024-05-23T07:30Z,2024-05-23T08:00Z,44,36,low
2024-05-23T08:00Z,2024-05-23T08:30Z,43,35,low
2024-05-23T08:30Z,2024-05-23T09:00Z,42,36,low
2024-05-23T09:00Z,2024-05-23T09:30Z,42,38,low
2024-05-23T09:30Z,2024-05-23T10:00Z,42,36,low
2024-05-23T10:00Z,2024-05-23T10:30Z,46,36,low
2024-05-23T10:30Z,2024-05-23T11:00Z,49,37,low
2024-05-23T11:00Z,2024-05-23T11:30Z,51,38,low
2024-05-23T11:30Z,2024-05-23T12:00Z,52,42,low
2024-05-23T12:00Z,2024-05-23T12:30Z,51,43,low
2024-05-23T12:30Z,2024-05-23T13:00Z,52,42,low
2024-05-23T13:00Z,2024-05-23T13:30Z,53,43,low
2024-05-23T13:30Z,2024-05-23T14:00Z,58,44,low
2024-05-23T14:00Z,2024-05-23T14:30Z,66,49,low
2024-05-23T14:30Z,2024-05-23T15:00Z,75,53,low
2024-05-23T15:00Z,2024-05-23T15:30Z,91,59,low
2024-05-23T15:30Z,2024-05-23T16:00Z,106,67,low
2024-05-23T16:00Z,2024-05-23T16:30Z,117,85,moderate
2024-05-23T16:30Z,2024-05-23T17:00Z,125,100,moderate
2024-05-23T17:00Z,2024-05-23T17:30Z,130,114,moderate
2024-05-23T17:30Z,2024-05-23T18:00Z,138,122,moderate
2024-05-23T18:00Z,2024-05-23T18:30Z,142,132,moderate
2024-05-23T18:30Z,2024-05-23T19:00Z,143,130,moderate
2024-05-23T19:00Z,2024-05-23T19:30Z,144,135,moderate
2024-05-23T19:30Z,2024-05-23T20:00Z,143,135,moderate
2024-05-23T20:00Z,2024-05-23T20:30Z,146,142,moderate
2024-05-23T20:30Z,2024-05-23T21:00Z,148,141,moderate
2024-05-23T21:00Z,2024-05-23T21:30Z,146,135,moderate
2024-05-23T21:30Z,2024-05-23T22:00Z,136,148,moderate
2024-05-23T22:00Z,2024-05-23T22:30Z,136,143,moderate
2024-05-23T22:30Z,2024-05-23T23:00Z,139,155,moderate
2024-05-23T23:00Z,2024-05-23T23:30Z,142,138,moderate
2024-05-23T23:30Z,2024-05-24T00:00Z,143,138,moderate
2024-05-24T00:00Z,2024-05-24T00:30Z,147,142,moderate
2024-05-24T00:30Z,2024-05-24T01:00Z,149,145,moderate
2024-05-24T01:00Z,2024-05-24T01:30Z,151,144,moderate
2024-05-24T01:30Z,2024-05-24T02:00Z,153,149,moderate
2024-05-24T02:00Z,2024-05-24T02:30Z,155,153,moderate
2024-05-24T02:30Z,2024-05-24T03:00Z,159,152,moderate
2024-05-24T03:00Z,2024-05-24T03:30Z,161,154,moderate
2024-05-24T03:30Z,2024-05-24T04:00Z,175,160,moderate
2024-05-24T04:00Z,2024-05-24T04:30Z,189,163,moderate
2024-05-24T04:30Z,2024-05-24T05:00Z,197,181,high
2024-05-24T05:00Z,2024-05-24T05:30Z,200,200,high
2024-05-24T05:30Z,2024-05-24T06:00Z,199,201,high
2024-05-24T06:00Z,2024-05-24T06:30Z,195,208,high
2024-05-24T06:30Z,2024-05-24T07:00Z,199,208,high
2024-05-24T07:00Z,2024-05-24T07:30Z,197,198,high
2024-05-24T07:30Z,2024-05-24T08:00Z,193,199,high
2024-05-24T08:00Z,2024-05-24T08:30Z,191,193,high
2024-05-24T08:30Z,2024-05-24T09:00Z,193,189,high
2024-05-24T09:00Z,2024-05-24T09:30Z,195,176,high
2024-05-24T09:30Z,2024-05-24T10:00Z,192,194,high
2024-05-24T10:00Z,2024-05-24T10:30Z,185,189,moderate
2024-05-24T10:30Z,2024-05-24T11:00Z,175,189,moderate
2024-05-24T11:00Z,2024-05-24T11:30Z,178,186,moderate
2024-05-24T11:30Z,2024-05-24T12:00Z,179,173,moderate
2024-05-24T12:00Z,2024-05-24T12:30Z,179,177,moderate
2024-05-24T12:30Z,2024-05-24T13:00Z,176,183,moderate
2024-05-24T13:00Z,2024-05-24T13:30Z,174,183,moderate
2024-05-24T13:30Z,2024-05-24T14:00Z,170,179,moderate
2024-05-24T14:00Z,2024-05-24T14:30Z,174,171,moderate
2024-05-24T14:30Z,2024-05-24T15:00Z,171,178,moderate
2024-05-24T15:00Z,2024-05-24T15:30Z,174,187,moderate
2024-05-24T15:30Z,2024-05-24T16:00Z,179,193,moderate
2024-05-24T16:00Z,2024-05-24T16:30Z,180,190,moderate
2024-05-24T16:30Z,2024-05-24T17:00Z,181,200,moderate
2024-05-24T17:00Z,2024-05-24T17:30Z,187,192,moderate
2024-05-24T17:30Z,2024-05-24T18:00Z,191,190,high
2024-05-24T18:00Z,2024-05-24T18:30Z,196,193,high
2024-05-24T18:30Z,2024-05-24T19:00Z,203,195,high
2024-05-24T19:00Z,2024-05-24T19:30Z,205,200,high
2024-05-24T19:30Z,2024-05-24T20:00Z,210,206,high
2024-05-24T20:00Z,2024-05-24T20:30Z,209,209,high
2024-05-24T20:30Z,2024-05-24T21:00Z,207,205,high
2024-05-24T21:00Z,2024-05-24T21:30Z,197,208,high
2024-05-24T21:30Z,2024-05-24T22:00Z,186,195,moderate
2024-05-24T22:00Z,2024-05-24T22:30Z,178,202,moderate
2024-05-24T22:30Z,2024-05-24T23:00Z,164,184,moderate
2024-05-24T23:00Z,2024-05-24T23:30Z,159,179,moderate
2024-05-24T23:30Z,2024-05-25T00:00Z,152,175,moderate
2024-05-25T00:00Z,2024-05-25T00:30Z,151,169,moderate
2024-05-25T00:30Z,2024-05-25T01:00Z,145,151,moderate
2024-05-25T01:00Z,2024-05-25T01:30Z,138,147,moderate
2024-05-25T01:30Z,2024-05-25T02:00Z,133,148,moderate
2024-05-25T02:00Z,2024-05-25T02:30Z,135,144,moderate
2024-05-25T02:30Z,2024-05-25T03:00Z,134,139,moderate
2024-05-25T03:00Z,2024-05-25T03:30Z,133,139,moderate
2024-05-25T03:30Z,2024-05-25T04:00Z,134,141,moderate
2024-05-25T04:00Z,2024-05-25T04:30Z,139,131,moderate
2024-05-25T04:30Z,2024-05-25T05:00Z,137,146,moderate
2024-05-25T05:00Z,2024-05-25T05:30Z,132,144,moderate
2024-05-25T05:30Z,2024-05-25T06:00Z,131,146,moderate
2024-05-25T06:00Z,2024-05-25T06:30Z,121,131,moderate
2024-05-25T06:30Z,2024-05-25T07:00Z,112,126,moderate
2024-05-25T07:00Z,2024-05-25T07:30Z,106,123,low
2024-05-25T07:30Z,2024-05-25T08:00Z,100,112,low
2024-05-25T08:00Z,2024-05-25T08:30Z,93,94,low
2024-05-25T08:30Z,2024-05-25T09:00Z,81,89,low
2024-05-25T09:00Z,2024-05-25T09:30Z,66,92,low
2024-05-25T09:30Z,2024-05-25T10:00Z,61,81,low
2024-05-25T10:00Z,2024-05-25T10:30Z,62,72,low
2024-05-25T10:30Z,2024-05-25T11:00Z,61,67,low
2024-05-25T11:00Z,2024-05-25T11:30Z,57,64,low
2024-05-25T11:30Z,2024-05-25T12:00Z,58,63,low
2024-05-25T12:00Z,2024-05-25T12:30Z,60,61,low
2024-05-25T12:30Z,2024-05-25T13:00Z,62,61,low
2024-05-25T13:00Z,2024-05-25T13:30Z,57,59,low
2024-05-25T13:30Z,2024-05-25T14:00Z,54,64,low
2024-05-25T14:00Z,2024-05-25T14:30Z,54,58,low
2024-05-25T14:30Z,2024-05-25T15:00Z,62,54,low
2024-05-25T15:00Z,2024-05-25T15:30Z,69,53,low
2024-05-25T15:30Z,2024-05-25T16:00Z,81,55,low
2024-05-25T16:00Z,2024-05-25T16:30Z,99,63,low
2024-05-25T16:30Z,2024-05-25T17:00Z,114,89,moderate
2024-05-25T17:00Z,2024-05-25T17:30Z,120,110,moderate
2024-05-25T17:30Z,2024-05-25T18:00Z,127,113,moderate
2024-05-25T18:00Z,2024-05-25T18:30Z,130,122,moderate
2024-05-25T18:30Z,2024-05-25T19:00Z,134,121,moderate
2024-05-25T19:00Z,2024-05-25T19:30Z,139,124,moderate
2024-05-25T19:30Z,2024-05-25T20:00Z,142,140,moderate
2024-05-25T20:00Z,2024-05-25T20:30Z,143,143,moderate
2024-05-25T20:30Z,2024-05-25T21:00Z,144,137,moderate
2024-05-25T21:00Z,2024-05-25T21:30Z,134,135,moderate
2024-05-25T21:30Z,2024-05-25T22:00Z,105,145,low
2024-05-25T22:00Z,2024-05-25T22:30Z,97,137,low
2024-05-25T22:30Z,2024-05-25T23:00Z,103,116,low
2024-05-25T23:00Z,2024-05-25T23:30Z,95,105,low
2024-05-25T23:30Z,2024-05-26T00:00Z,89,101,low
2024-05-26T00:00Z,2024-05-26T00:30Z,90,98,low
2024-05-26T00:30Z,2024-05-26T01:00Z,96,101,low
2024-05-26T01:00Z,2024-05-26T01:30Z,95,91,low
2024-05-26T01:30Z,2024-05-26T02:00Z,87,95,low
2024-05-26T02:00Z,2024-05-26T02:30Z,84,99,low
2024-05-26T02:30Z,2024-05-26T03:00Z,83,90,low
2024-05-26T03:00Z,2024-05-26T03:30Z,85,87,low
2024-05-26T03:30Z,2024-05-26T04:00Z,86,89,low
2024-05-26T04:00Z,2024-05-26T04:30Z,89,85,low
2024-05-26T04:30Z,2024-05-26T05:00Z,110,91,moderate
2024-05-26T05:00Z,2024-05-26T05:30Z,114,92,moderate
2024-05-26T05:30Z,2024-05-26T06:00Z,109,116,low
2024-05-26T06:00Z,2024-05-26T06:30Z,107,115,low
2024-05-26T06:30Z,2024-05-26T07:00Z,98,112,low
2024-05-26T07:00Z,2024-05-26T07:30Z,93,103,low
2024-05-26T07:30Z,2024-05-26T08:00Z,91,100,low
2024-05-26T08:00Z,2024-05-26T08:30Z,93,92,low
2024-05-26T08:30Z,2024-05-26T09:00Z,97,86,low
2024-05-26T09:00Z,2024-05-26T09:30Z,99,92,low
2024-05-26T09:30Z,2024-05-26T10:00Z,93,90,low
2024-05-26T10:00Z,2024-05-26T10:30Z,86,88,low
2024-05-26T10:30Z,2024-05-26T11:00Z,83,89,low
2024-05-26T11:00Z,2024-05-26T11:30Z,74,85,low
2024-05-26T11:30Z,2024-05-26T12:00Z,71,76,low
2024-05-26T12:00Z,2024-05-26T12:30Z,61,78,low
2024-05-26T12:30Z,2024-05-26T13:00Z,57,74,low
2024-05-26T13:00Z,2024-05-26T13:30Z,55,69,low
2024-05-26T13:30Z,2024-05-26T14:00Z,55,60,low
2024-05-26T14:00Z,2024-05-26T14:30Z,56,61,low
2024-05-26T14:30Z,2024-05-26T15:00Z,58,60,low
2024-05-26T15:00Z,2024-05-26T15:30Z,63,61,low
2024-05-26T15:30Z,2024-05-26T16:00Z,73,64,low
2024-05-26T16:00Z,2024-05-26T16:30Z,79,66,low
2024-05-26T16:30Z,2024-05-26T17:00Z,84,75,low
2024-05-26T17:00Z,2024-05-26T17:30Z,87,79,low
2024-05-26T17:30Z,2024-05-26T18:00Z,83,81,low
2024-05-26T18:00Z,2024-05-26T18:30Z,88,86,low
2024-05-26T18:30Z,2024-05-26T19:00Z,93,81,low
2024-05-26T19:00Z,2024-05-26T19:30Z,98,84,low
2024-05-26T19:30Z,2024-05-26T20:00Z,107,94,low
2024-05-26T20:00Z,2024-05-26T20:30Z,100,93,low
2024-05-26T20:30Z,2024-05-26T21:00Z,88,101,low
2024-05-26T21:00Z,2024-05-26T21:30Z,79,93,low
2024-05-26T21:30Z,2024-05-26T22:00Z,80,85,low
2024-05-26T22:00Z,2024-05-26T22:30Z,77,86,low
2024-05-26T22:30Z,2024-05-26T23:00Z,73,80,low
2024-05-26T23:00Z,2024-05-26T23:30Z,73,75,low
2024-05-26T23:30Z,2024-05-27T00:00Z,74,76,low
2024-05-27T00:00Z,2024-05-27T00:30Z,79,72,low
2024-05-27T00:30Z,2024-05-27T01:00Z,77,71,low
2024-05-27T01:00Z,2024-05-27T01:30Z,80,72,low
2024-05-27T01:30Z,2024-05-27T02:00Z,77,72,low
2024-05-27T02:00Z,2024-05-27T02:30Z,77,76,low
2024-05-27T02:30Z,2024-05-27T03:00Z,81,73,low
2024-05-27T03:00Z,2024-05-27T03:30Z,78,77,low
2024-05-27T03:30Z,2024-05-27T04:00Z,75,78,low
2024-05-27T04:00Z,2024-05-27T04:30Z,80,79,low
2024-05-27T04:30Z,2024-05-27T05:00Z,72,79,low
2024-05-27T05:00Z,2024-05-27T05:30Z,72,77,low
2024-05-27T05:30Z,2024-05-27T06:00Z,75,73,low
2024-05-27T06:00Z,2024-05-27T06:30Z,73,68,low
2024-05-27T06:30Z,2024-05-27T07:00Z,73,69,low
2024-05-27T07:00Z,2024-05-27T07:30Z,73,69,low
2024-05-27T07:30Z,2024-05-27T08:00Z,73,66,low
2024-05-27T08:00Z,2024-05-27T08:30Z,74,63,low
2024-05-27T08:30Z,2024-05-27T09:00Z,66,70,low
2024-05-27T09:00Z,2024-05-27T09:30Z,64,67,low
2024-05-27T09:30Z,2024-05-27T10:00Z,64,60,low
2024-05-27T10:00Z,2024-05-27T10:30Z,57,58,low
2024-05-27T10:30Z,2024-05-27T11:00Z,56,57,low
2024-05-27T11:00Z,2024-05-27T11:30Z,56,51,low
2024-05-27T11:30Z,2024-05-27T12:00Z,52,51,low
2024-05-27T12:00Z,2024-05-27T12:30Z,50,51,low
2024-05-27T12:30Z,2024-05-27T13:00Z,48,47,low
2024-05-27T13:00Z,2024-05-27T13:30Z,49,45,low
2024-05-27T13:30Z,2024-05-27T14:00Z,50,46,low
2024-05-27T14:00Z,2024-05-27T14:30Z,55,45,low
2024-05-27T14:30Z,2024-05-27T15:00Z,70,43,low
2024-05-27T15:00Z,2024-05-27T15:30Z,85,48,low
2024-05-27T15:30Z,2024-05-27T16:00Z,104,68,low
2024-05-27T16:00Z,2024-05-27T16:30Z,116,89,moderate
2024-05-27T16:30Z,2024-05-27T17:00Z,128,118,moderate
2024-05-27T17:00Z,2024-05-27T17:30Z,139,123,moderate
2024-05-27T17:30Z,2024-05-27T18:00Z,151,135,moderate
2024-05-27T18:00Z,2024-05-27T18:30Z,156,152,moderate
2024-05-27T18:30Z,2024-05-27T19:00Z,160,155,moderate
2024-05-27T19:00Z,2024-05-27T19:30Z,162,158,moderate
2024-05-27T19:30Z,2024-05-27T20:00Z,159,162,moderate
2024-05-27T20:00Z,2024-05-27T20:30Z,155,165,moderate
2024-05-27T20:30Z,2024-05-27T21:00Z,156,165,moderate
2024-05-27T21:00Z,2024-05-27T21:30Z,149,155,moderate
2024-05-27T21:30Z,2024-05-27T22:00Z,125,151,moderate
2024-05-27T22:00Z,2024-05-27T22:30Z,115,144,moderate
2024-05-27T22:30Z,2024-05-27T23:00Z,108,128,low
2024-05-27T23:00Z,2024-05-27T23:30Z,101,117,low
2024-05-27T23:30Z,2024-05-28T00:00Z,108,109,low
2024-05-28T00:00Z,2024-05-28T00:30Z,109,102,low
2024-05-28T00:30Z,2024-05-28T01:00Z,111,109,moderate
2024-05-28T01:00Z,2024-05-28T01:30Z,112,108,moderate
2024-05-28T01:30Z,2024-05-28T02:00Z,114,112,moderate
2024-05-28T02:00Z,2024-05-28T02:30Z,115,113,moderate
2024-05-28T02:30Z,2024-05-28T03:00Z,116,117,moderate
2024-05-28T03:00Z,2024-05-28T03:30Z,120,125,moderate
2024-05-28T03:30Z,2024-05-28T04:00Z,123,113,moderate
2024-05-28T04:00Z,2024-05-28T04:30Z,126,107,moderate
2024-05-28T04:30Z,2024-05-28T05:00Z,135,111,moderate
2024-05-28T05:00Z,2024-05-28T05:30Z,139,115,moderate
2024-05-28T05:30Z,2024-05-28T06:00Z,135,128,moderate
2024-05-28T06:00Z,2024-05-28T06:30Z,131,140,moderate
2024-05-28T06:30Z,2024-05-28T07:00Z,126,133,moderate
2024-05-28T07:00Z,2024-05-28T07:30Z,124,126,moderate
2024-05-28T07:30Z,2024-05-28T08:00Z,120,115,moderate
2024-05-28T08:00Z,2024-05-28T08:30Z,117,121,moderate
2024-05-28T08:30Z,2024-05-28T09:00Z,111,110,moderate
2024-05-28T09:00Z,2024-05-28T09:30Z,104,100,low
2024-05-28T09:30Z,2024-05-28T10:00Z,99,101,low
2024-05-28T10:00Z,2024-05-28T10:30Z,91,103,low
2024-05-28T10:30Z,2024-05-28T11:00Z,86,93,low
2024-05-28T11:00Z,2024-05-28T11:30Z,82,90,low
2024-05-28T11:30Z,2024-05-28T12:00Z,77,82,low
2024-05-28T12:00Z,2024-05-28T12:30Z,75,84,low
2024-05-28T12:30Z,2024-05-28T13:00Z,72,79,low
2024-05-28T13:00Z,2024-05-28T13:30Z,72,79,low
2024-05-28T13:30Z,2024-05-28T14:00Z,74,75,low
2024-05-28T14:00Z,2024-05-28T14:30Z,74,73,low
2024-05-28T14:30Z,2024-05-28T15:00Z,82,72,low
2024-05-28T15:00Z,2024-05-28T15:30Z,88,70,low
2024-05-28T15:30Z,2024-05-28T16:00Z,96,78,low
2024-05-28T16:00Z,2024-05-28T16:30Z,98,82,low
2024-05-28T16:30Z,2024-05-28T17:00Z,103,91,low
2024-05-28T17:00Z,2024-05-28T17:30Z,104,92,low
2024-05-28T17:30Z,2024-05-28T18:00Z,105,97,low
2024-05-28T18:00Z,2024-05-28T18:30Z,105,102,low
2024-05-28T18:30Z,2024-05-28T19:00Z,106,98,low
2024-05-28T19:00Z,2024-05-28T19:30Z,106,96,low
2024-05-28T19:30Z,2024-05-28T20:00Z,106,97,low
2024-05-28T20:00Z,2024-05-28T20:30Z,98,92,low
2024-05-28T20:30Z,2024-05-28T21:00Z,80,90,low
2024-05-28T21:00Z,2024-05-28T21:30Z,63,86,low
2024-05-28T21:30Z,2024-05-28T22:00Z,60,82,low
2024-05-28T22:00Z,2024-05-28T22:30Z,59,82,low
2024-05-28T22:30Z,2024-05-28T23:00Z,59,83,low
2024-05-28T23:00Z,2024-05-28T23:30Z,60,84,low
2024-05-28T23:30Z,2024-05-29T00:00Z,63,82,low
2024-05-29T00:00Z,2024-05-29T00:30Z,65,81,low
2024-05-29T00:30Z,2024-05-29T01:00Z,68,79,low
2024-05-29T01:00Z,2024-05-29T01:30Z,69,78,low
2024-05-29T01:30Z,2024-05-29T02:00Z,79,77,low
2024-05-29T02:00Z,2024-05-29T02:30Z,80,78,low
2024-05-29T02:30Z,2024-05-29T03:00Z,79,78,low
2024-05-29T03:00Z,2024-05-29T03:30Z,77,76,low
2024-05-29T03:30Z,2024-05-29T04:00Z,82,79,low
2024-05-29T04:00Z,2024-05-29T04:30Z,87,77,low
2024-05-29T04:30Z,2024-05-29T05:00Z,86,77,low
2024-05-29T05:00Z,2024-05-29T05:30Z,101,76,low
2024-05-29T05:30Z,2024-05-29T06:00Z,85,75,low
2024-05-29T06:00Z,2024-05-29T06:30Z,90,73,low
2024-05-29T06:30Z,2024-05-29T07:00Z,101,72,low
2024-05-29T07:00Z,2024-05-29T07:30Z,102,78,low
2024-05-29T07:30Z,2024-05-29T08:00Z,104,79,low
2024-05-29T08:00Z,2024-05-29T08:30Z,104,79,low
2024-05-29T08:30Z,2024-05-29T09:00Z,109,78,low
2024-05-29T09:00Z,2024-05-29T09:30Z,99,74,low
2024-05-29T09:30Z,2024-05-29T10:00Z,95,69,low
2024-05-29T10:00Z,2024-05-29T10:30Z,97,72,low
2024-05-29T10:30Z,2024-05-29T11:00Z,97,73,low
2024-05-29T11:00Z,2024-05-29T11:30Z,94,72,low
2024-05-29T11:30Z,2024-05-29T12:00Z,94,71,low
2024-05-29T12:00Z,2024-05-29T12:30Z,95,65,low
2024-05-29T12:30Z,2024-05-29T13:00Z,98,66,low
2024-05-29T13:00Z,2024-05-29T13:30Z,98,64,low
2024-05-29T13:30Z,2024-05-29T14:00Z,93,64,low
2024-05-29T14:00Z,2024-05-29T14:30Z,102,63,low
2024-05-29T14:30Z,2024-05-29T15:00Z,105,64,low
2024-05-29T15:00Z,2024-05-29T15:30Z,111,72,moderate
2024-05-29T15:30Z,2024-05-29T16:00Z,114,78,moderate
2024-05-29T16:00Z,2024-05-29T16:30Z,123,82,moderate
2024-05-29T16:30Z,2024-05-29T17:00Z,123,84,moderate
2024-05-29T17:00Z,2024-05-29T17:30Z,126,86,moderate
2024-05-29T17:30Z,2024-05-29T18:00Z,127,91,moderate
2024-05-29T18:00Z,2024-05-29T18:30Z,128,93,moderate
2024-05-29T18:30Z,2024-05-29T19:00Z,132,98,moderate
2024-05-29T19:00Z,2024-05-29T19:30Z,134,99,moderate
2024-05-29T19:30Z,2024-05-29T20:00Z,133,103,moderate
2024-05-29T20:00Z,2024-05-29T20:30Z,129,99,moderate
2024-05-29T20:30Z,2024-05-29T21:00Z,130,100,moderate
2024-05-29T21:00Z,2024-05-29T21:30Z,115,91,moderate
2024-05-29T21:30Z,2024-05-29T22:00Z,88,87,low
2024-05-29T22:00Z,2024-05-29T22:30Z,79,79,low
2024-05-29T22:30Z,2024-05-29T23:00Z,73,80,low
2024-05-29T23:00Z,2024-05-29T23:30Z,68,81,low
2024-05-29T23:30Z,2024-05-30T00:00Z,66,82,low
2024-05-30T00:00Z,2024-05-30T00:30Z,65,82,low
2024-05-30T00:30Z,2024-05-30T01:00Z,64,83,low
2024-05-30T01:00Z,2024-05-30T01:30Z,62,82,low
2024-05-30T01:30Z,2024-05-30T02:00Z,58,81,low
2024-05-30T02:00Z,2024-05-30T02:30Z,58,81,low
2024-05-30T02:30Z,2024-05-30T03:00Z,57,81,low
2024-05-30T03:00Z,2024-05-30T03:30Z,56,80,low
2024-05-30T03:30Z,2024-05-30T04:00Z,56,81,low
2024-05-30T04:00Z,2024-05-30T04:30Z,56,78,low
2024-05-30T04:30Z,2024-05-30T05:00Z,60,76,low
2024-05-30T05:00Z,2024-05-30T05:30Z,59,73,low
2024-05-30T05:30Z,2024-05-30T06:00Z,55,70,low
2024-05-30T06:00Z,2024-05-30T06:30Z,58,67,low
2024-05-30T06:30Z,2024-05-30T07:00Z,59,71,low
2024-05-30T07:00Z,2024-05-30T07:30Z,57,72,low
2024-05-30T07:30Z,2024-05-30T08:00Z,57,72,low
2024-05-30T08:00Z,2024-05-30T08:30Z,53,70,low
2024-05-30T08:30Z,2024-05-30T09:00Z,47,67,low
2024-05-30T09:00Z,2024-05-30T09:30Z,44,65,low
2024-05-30T09:30Z,2024-05-30T10:00Z,42,64,low
2024-05-30T10:00Z,2024-05-30T10:30Z,41,63,low
2024-05-30T10:30Z,2024-05-30T11:00Z,38,61,low
2024-05-30T11:00Z,2024-05-30T11:30Z,38,60,low
2024-05-30T11:30Z,2024-05-30T12:00Z,35,56,low
2024-05-30T12:00Z,2024-05-30T12:30Z,36,53,low
2024-05-30T12:30Z,2024-05-30T13:00Z,37,55,low
2024-05-30T13:00Z,2024-05-30T13:30Z,38,56,low
2024-05-30T13:30Z,2024-05-30T14:00Z,42,56,low
2024-05-30T14:00Z,2024-05-30T14:30Z,40,56,low
2024-05-30T14:30Z,2024-05-30T15:00Z,39,58,low
2024-05-30T15:00Z,2024-05-30T15:30Z,46,60,low
2024-05-30T15:30Z,2024-05-30T16:00Z,52,62,low
2024-05-30T16:00Z,2024-05-30T16:30Z,58,64,low
2024-05-30T16:30Z,2024-05-30T17:00Z,64,64,low
2024-05-30T17:00Z,2024-05-30T17:30Z,62,65,low
2024-05-30T17:30Z,2024-05-30T18:00Z,67,68,low
2024-05-30T18:00Z,2024-05-30T18:30Z,69,62,low
2024-05-30T18:30Z,2024-05-30T19:00Z,62,65,low
2024-05-30T19:00Z,2024-05-30T19:30Z,66,66,low
2024-05-30T19:30Z,2024-05-30T20:00Z,72,57,low
2024-05-30T20:00Z,2024-05-30T20:30Z,66,62,low
2024-05-30T20:30Z,2024-05-30T21:00Z,61,66,low
2024-05-30T21:00Z,2024-05-30T21:30Z,51,66,low
2024-05-30T21:30Z,2024-05-30T22:00Z,45,61,low
2024-05-30T22:00Z,2024-05-30T22:30Z,46,60,low
2024-05-30T22:30Z,2024-05-30T23:00Z,47,68,low
2024-05-30T23:00Z,2024-05-30T23:30Z,47,44,low
2024-05-30T23:30Z,2024-05-31T00:00Z,50,45,low
2024-05-31T00:00Z,2024-05-31T00:30Z,52,43,low
2024-05-31T00:30Z,2024-05-31T01:00Z,52,48,low
2024-05-31T01:00Z,2024-05-31T01:30Z,51,49,low
2024-05-31T01:30Z,2024-05-31T02:00Z,52,49,low
2024-05-31T02:00Z,2024-05-31T02:30Z,54,49,low
2024-05-31T02:30Z,2024-05-31T03:00Z,56,52,low
2024-05-31T03:00Z,2024-05-31T03:30Z,55,49,low
2024-05-31T03:30Z,2024-05-31T04:00Z,57,51,low
2024-05-31T04:00Z,2024-05-31T04:30Z,58,52,low
2024-05-31T04:30Z,2024-05-31T05:00Z,56,56,low
2024-05-31T05:00Z,2024-05-31T05:30Z,58,58,low
2024-05-31T05:30Z,2024-05-31T06:00Z,56,56,low
2024-05-31T06:00Z,2024-05-31T06:30Z,57,57,low
2024-05-31T06:30Z,2024-05-31T07:00Z,61,53,low
2024-05-31T07:00Z,2024-05-31T07:30Z,61,55,low
2024-05-31T07:30Z,2024-05-31T08:00Z,58,51,low
2024-05-31T08:00Z,2024-05-31T08:30Z,57,60,low
2024-05-31T08:30Z,2024-05-31T09:00Z,55,58,low
2024-05-31T09:00Z,2024-05-31T09:30Z,52,61,low
2024-05-31T09:30Z,2024-05-31T10:00Z,53,60,low
2024-05-31T10:00Z,2024-05-31T10:30Z,51,56,low
2024-05-31T10:30Z,2024-05-31T11:00Z,50,60,low
2024-05-31T11:00Z,2024-05-31T11:30Z,47,61,low
2024-05-31T11:30Z,2024-05-31T12:00Z,44,53,low
2024-05-31T12:00Z,2024-05-31T12:30Z,44,53,low
2024-05-31T12:30Z,2024-05-31T13:00Z,44,49,low
2024-05-31T13:00Z,2024-05-31T13:30Z,44,49,low
2024-05-31T13:30Z,2024-05-31T14:00Z,46,51,low
2024-05-31T14:00Z,2024-05-31T14:30Z,49,50,low
2024-05-31T14:30Z,2024-05-31T15:00Z,50,52,low
2024-05-31T15:00Z,2024-05-31T15:30Z,51,54,low
2024-05-31T15:30Z,2024-05-31T16:00Z,54,56,low
2024-05-31T16:00Z,2024-05-31T16:30Z,58,56,low
2024-05-31T16:30Z,2024-05-31T17:00Z,60,55,low
2024-05-31T17:00Z,2024-05-31T17:30Z,64,57,low
2024-05-31T17:30Z,2024-05-31T18:00Z,66,64,low
2024-05-31T18:00Z,2024-05-31T18:30Z,64,66,low
2024-05-31T18:30Z,2024-05-31T19:00Z,67,71,low
2024-05-31T19:00Z,2024-05-31T19:30Z,71,73,low
2024-05-31T19:30Z,2024-05-31T20:00Z,70,73,low
2024-05-31T20:00Z,2024-05-31T20:30Z,71,76,low
2024-05-31T20:30Z,2024-05-31T21:00Z,68,78,low
2024-05-31T21:00Z,2024-05-31T21:30Z,66,80,low
2024-05-31T21:30Z,2024-05-31T22:00Z,61,81,low
2024-05-31T22:00Z,2024-05-31T22:30Z,58,78,low
2024-05-31T22:30Z,2024-05-31T23:00Z,60,70,low
2024-05-31T23:00Z,2024-05-31T23:30Z,63,69,low
2024-05-31T23:30Z,2024-06-01T00:00Z,65,70,low
2024-06-01T00:00Z,2024-06-01T00:30Z,67,73,low
2024-06-01T00:30Z,2024-06-01T01:00Z,68,76,low
2024-06-01T01:00Z,2024-06-01T01:30Z,66,73,low
2024-06-01T01:30Z,2024-06-01T02:00Z,64,72,low
2024-06-01T02:00Z,2024-06-01T02:30Z,63,83,low
2024-06-01T02:30Z,2024-06-01T03:00Z,66,86,low
2024-06-01T03:00Z,2024-06-01T03:30Z,65,80,low
2024-06-01T03:30Z,2024-06-01T04:00Z,63,79,low
2024-06-01T04:00Z,2024-06-01T04:30Z,62,71,low
2024-06-01T04:30Z,2024-06-01T05:00Z,62,75,low
2024-06-01T05:00Z,2024-06-01T05:30Z,61,66,low
2024-06-01T05:30Z,2024-06-01T06:00Z,55,67,low
2024-06-01T06:00Z,2024-06-01T06:30Z,53,65,low
2024-06-01T06:30Z,2024-06-01T07:00Z,51,64,low
2024-06-01T07:00Z,2024-06-01T07:30Z,49,47,low
2024-06-01T07:30Z,2024-06-01T08:00Z,47,36,low
2024-06-01T08:00Z,2024-06-01T08:30Z,47,43,low
2024-06-01T08:30Z,2024-06-01T09:00Z,48,38,low
2024-06-01T09:00Z,2024-06-01T09:30Z,50,43,low
2024-06-01T09:30Z,2024-06-01T10:00Z,60,34,low
2024-06-01T10:00Z,2024-06-01T10:30Z,59,36,low
2024-06-01T10:30Z,2024-06-01T11:00Z,52,31,low
2024-06-01T11:00Z,2024-06-01T11:30Z,50,48,low
2024-06-01T11:30Z,2024-06-01T12:00Z,49,48,low
2024-06-01T12:00Z,2024-06-01T12:30Z,48,55,low
2024-06-01T12:30Z,2024-06-01T13:00Z,44,56,low
2024-06-01T13:00Z,2024-06-01T13:30Z,44,54,low
2024-06-01T13:30Z,2024-06-01T14:00Z,48,58,low
2024-06-01T14:00Z,2024-06-01T14:30Z,50,52,low
2024-06-01T14:30Z,2024-06-01T15:00Z,52,55,low
2024-06-01T15:00Z,2024-06-01T15:30Z,53,57,low
2024-06-01T15:30Z,2024-06-01T16:00Z,54,58,low
2024-06-01T16:00Z,2024-06-01T16:30Z,58,56,low
2024-06-01T16:30Z,2024-06-01T17:00Z,61,60,low
2024-06-01T17:00Z,2024-06-01T17:30Z,65,60,low
2024-06-01T17:30Z,2024-06-01T18:00Z,66,63,low
2024-06-01T18:00Z,2024-06-01T18:30Z,68,68,low
2024-06-01T18:30Z,2024-06-01T19:00Z,73,74,low
2024-06-01T19:00Z,2024-06-01T19:30Z,78,73,low
2024-06-01T19:30Z,2024-06-01T20:00Z,86,75,low
2024-06-01T20:00Z,2024-06-01T20:30Z,90,75,low
2024-06-01T20:30Z,2024-06-01T21:00Z,91,75,low
2024-06-01T21:00Z,2024-06-01T21:30Z,93,85,low
2024-06-01T21:30Z,2024-06-01T22:00Z,89,85,low
2024-06-01T22:00Z,2024-06-01T22:30Z,78,95,low
2024-06-01T22:30Z,2024-06-01T23:00Z,75,99,low
2024-06-01T23:00Z,2024-06-01T23:30Z,76,85,low
2024-06-01T23:30Z,2024-06-02T00:00Z,81,82,low
2024-06-02T00:00Z,2024-06-02T00:30Z,82,72,low
2024-06-02T00:30Z,2024-06-02T01:00Z,93,69,low
2024-06-02T01:00Z,2024-06-02T01:30Z,90,75,low
2024-06-02T01:30Z,2024-06-02T02:00Z,85,77,low
2024-06-02T02:00Z,2024-06-02T02:30Z,76,88,low
2024-06-02T02:30Z,2024-06-02T03:00Z,81,88,low
2024-06-02T03:00Z,2024-06-02T03:30Z,79,84,low
2024-06-02T03:30Z,2024-06-02T04:00Z,78,89,low
2024-06-02T04:00Z,2024-06-02T04:30Z,79,82,low
2024-06-02T04:30Z,2024-06-02T05:00Z,81,80,low
2024-06-02T05:00Z,2024-06-02T05:30Z,83,76,low
2024-06-02T05:30Z,2024-06-02T06:00Z,72,77,low
2024-06-02T06:00Z,2024-06-02T06:30Z,72,79,low
2024-06-02T06:30Z,2024-06-02T07:00Z,76,73,low
2024-06-02T07:00Z,2024-06-02T07:30Z,74,56,low
2024-06-02T07:30Z,2024-06-02T08:00Z,69,53,low
2024-06-02T08:00Z,2024-06-02T08:30Z,63,60,low
2024-06-02T08:30Z,2024-06-02T09:00Z,55,54,low
2024-06-02T09:00Z,2024-06-02T09:30Z,51,52,low
2024-06-02T09:30Z,2024-06-02T10:00Z,52,48,low
2024-06-02T10:00Z,2024-06-02T10:30Z,51,46,low
2024-06-02T10:30Z,2024-06-02T11:00Z,46,42,low
2024-06-02T11:00Z,2024-06-02T11:30Z,45,42,low
2024-06-02T11:30Z,2024-06-02T12:00Z,44,41,low
2024-06-02T12:00Z,2024-06-02T12:30Z,44,40,low
2024-06-02T12:30Z,2024-06-02T13:00Z,44,40,low
2024-06-02T13:00Z,2024-06-02T13:30Z,44,38,low
2024-06-02T13:30Z,2024-06-02T14:00Z,44,41,low
2024-06-02T14:00Z,2024-06-02T14:30Z,46,44,low
2024-06-02T14:30Z,2024-06-02T15:00Z,53,48,low
2024-06-02T15:00Z,2024-06-02T15:30Z,59,45,low
2024-06-02T15:30Z,2024-06-02T16:00Z,69,48,low
2024-06-02T16:00Z,2024-06-02T16:30Z,83,55,low
2024-06-02T16:30Z,2024-06-02T17:00Z,93,58,low
2024-06-02T17:00Z,2024-06-02T17:30Z,105,69,low
2024-06-02T17:30Z,2024-06-02T18:00Z,109,75,low
2024-06-02T18:00Z,2024-06-02T18:30Z,116,104,moderate
2024-06-02T18:30Z,2024-06-02T19:00Z,119,107,moderate
2024-06-02T19:00Z,2024-06-02T19:30Z,120,99,moderate
2024-06-02T19:30Z,2024-06-02T20:00Z,122,104,moderate
2024-06-02T20:00Z,2024-06-02T20:30Z,122,121,moderate
2024-06-02T20:30Z,2024-06-02T21:00Z,121,125,moderate
2024-06-02T21:00Z,2024-06-02T21:30Z,118,122,moderate
2024-06-02T21:30Z,2024-06-02T22:00Z,107,118,low
2024-06-02T22:00Z,2024-06-02T22:30Z,93,114,low
2024-06-02T22:30Z,2024-06-02T23:00Z,90,108,low
2024-06-02T23:00Z,2024-06-02T23:30Z,86,106,low
2024-06-02T23:30Z,2024-06-03T00:00Z,99,105,low
2024-06-03T00:00Z,2024-06-03T00:30Z,94,90,low
2024-06-03T00:30Z,2024-06-03T01:00Z,95,88,low
2024-06-03T01:00Z,2024-06-03T01:30Z,93,98,low
2024-06-03T01:30Z,2024-06-03T02:00Z,86,92,low
2024-06-03T02:00Z,2024-06-03T02:30Z,86,90,low
2024-06-03T02:30Z,2024-06-03T03:00Z,90,92,low
2024-06-03T03:00Z,2024-06-03T03:30Z,94,91,low
2024-06-03T03:30Z,2024-06-03T04:00Z,99,90,low
2024-06-03T04:00Z,2024-06-03T04:30Z,102,88,low
2024-06-03T04:30Z,2024-06-03T05:00Z,106,77,low
2024-06-03T05:00Z,2024-06-03T05:30Z,119,99,moderate
2024-06-03T05:30Z,2024-06-03T06:00Z,125,100,moderate
2024-06-03T06:00Z,2024-06-03T06:30Z,132,105,moderate
2024-06-03T06:30Z,2024-06-03T07:00Z,131,126,moderate
2024-06-03T07:00Z,2024-06-03T07:30Z,130,129,moderate
2024-06-03T07:30Z,2024-06-03T08:00Z,131,123,moderate
2024-06-03T08:00Z,2024-06-03T08:30Z,135,115,moderate
2024-06-03T08:30Z,2024-06-03T09:00Z,132,113,moderate
2024-06-03T09:00Z,2024-06-03T09:30Z,127,103,moderate
2024-06-03T09:30Z,2024-06-03T10:00Z,126,106,moderate
2024-06-03T10:00Z,2024-06-03T10:30Z,128,117,moderate
2024-06-03T10:30Z,2024-06-03T11:00Z,127,119,moderate
2024-06-03T11:00Z,2024-06-03T11:30Z,127,116,moderate
2024-06-03T11:30Z,2024-06-03T12:00Z,127,118,moderate
2024-06-03T12:00Z,2024-06-03T12:30Z,125,120,moderate
2024-06-03T12:30Z,2024-06-03T13:00Z,122,117,moderate
2024-06-03T13:00Z,2024-06-03T13:30Z,119,118,moderate
2024-06-03T13:30Z,2024-06-03T14:00Z,119,116,moderate
2024-06-03T14:00Z,2024-06-03T14:30Z,120,120,moderate
2024-06-03T14:30Z,2024-06-03T15:00Z,126,125,moderate
2024-06-03T15:00Z,2024-06-03T15:30Z,133,123,moderate
2024-06-03T15:30Z,2024-06-03T16:00Z,139,124,moderate
2024-06-03T16:00Z,2024-06-03T16:30Z,151,140,moderate
2024-06-03T16:30Z,2024-06-03T17:00Z,159,156,moderate
2024-06-03T17:00Z,2024-06-03T17:30Z,164,154,moderate
2024-06-03T17:30Z,2024-06-03T18:00Z,167,159,moderate
2024-06-03T18:00Z,2024-06-03T18:30Z,169,167,moderate
2024-06-03T18:30Z,2024-06-03T19:00Z,174,165,moderate
2024-06-03T19:00Z,2024-06-03T19:30Z,172,166,moderate
2024-06-03T19:30Z,2024-06-03T20:00Z,169,174,moderate
2024-06-03T20:00Z,2024-06-03T20:30Z,166,171,moderate
2024-06-03T20:30Z,2024-06-03T21:00Z,155,166,moderate
2024-06-03T21:00Z,2024-06-03T21:30Z,147,160,moderate
2024-06-03T21:30Z,2024-06-03T22:00Z,123,144,moderate
2024-06-03T22:00Z,2024-06-03T22:30Z,106,138,low
2024-06-03T22:30Z,2024-06-03T23:00Z,102,136,low
2024-06-03T23:00Z,2024-06-03T23:30Z,96,118,low
2024-06-03T23:30Z,2024-06-04T00:00Z,93,102,low
2024-06-04T00:00Z,2024-06-04T00:30Z,91,104,low
2024-06-04T00:30Z,2024-06-04T01:00Z,91,97,low
2024-06-04T01:00Z,2024-06-04T01:30Z,81,89,low
2024-06-04T01:30Z,2024-06-04T02:00Z,78,87,low
2024-06-04T02:00Z,2024-06-04T02:30Z,79,89,low
2024-06-04T02:30Z,2024-06-04T03:00Z,88,79,low
2024-06-04T03:00Z,2024-06-04T03:30Z,91,75,low
2024-06-04T03:30Z,2024-06-04T04:00Z,93,77,low
2024-06-04T04:00Z,2024-06-04T04:30Z,97,89,low
2024-06-04T04:30Z,2024-06-04T05:00Z,96,76,low
2024-06-04T05:00Z,2024-06-04T05:30Z,100,86,low
2024-06-04T05:30Z,2024-06-04T06:00Z,103,89,low
2024-06-04T06:00Z,2024-06-04T06:30Z,101,89,low
2024-06-04T06:30Z,2024-06-04T07:00Z,95,93,low
2024-06-04T07:00Z,2024-06-04T07:30Z,91,89,low
2024-06-04T07:30Z,2024-06-04T08:00Z,79,85,low
2024-06-04T08:00Z,2024-06-04T08:30Z,70,89,low
2024-06-04T08:30Z,2024-06-04T09:00Z,65,86,low
2024-06-04T09:00Z,2024-06-04T09:30Z,59,80,low
2024-06-04T09:30Z,2024-06-04T10:00Z,50,244,low
2024-06-04T10:00Z,2024-06-04T10:30Z,46,65,low
2024-06-04T10:30Z,2024-06-04T11:00Z,45,57,low
2024-06-04T11:00Z,2024-06-04T11:30Z,42,49,low
2024-06-04T11:30Z,2024-06-04T12:00Z,35,48,low
2024-06-04T12:00Z,2024-06-04T12:30Z,14,45,very low
2024-06-04T12:30Z,2024-06-04T13:00Z,27,42,very low
2024-06-04T13:00Z,2024-06-04T13:30Z,34,36,very low
2024-06-04T13:30Z,2024-06-04T14:00Z,37,21,low
2024-06-04T14:00Z,2024-06-04T14:30Z,39,31,low
2024-06-04T14:30Z,2024-06-04T15:00Z,40,37,low
2024-06-04T15:00Z,2024-06-04T15:30Z,44,41,low
2024-06-04T15:30Z,2024-06-04T16:00Z,44,42,low
2024-06-04T16:00Z,2024-06-04T16:30Z,47,42,low
2024-06-04T16:30Z,2024-06-04T17:00Z,55,43,low
2024-06-04T17:00Z,2024-06-04T17:30Z,57,46,low
2024-06-04T17:30Z,2024-06-04T18:00Z,57,50,low
2024-06-04T18:00Z,2024-06-04T18:30Z,65,53,low
2024-06-04T18:30Z,2024-06-04T19:00Z,62,61,low
2024-06-04T19:00Z,2024-06-04T19:30Z,61,60,low
2024-06-04T19:30Z,2024-06-04T20:00Z,59,65,low
2024-06-04T20:00Z,2024-06-04T20:30Z,58,62,low
2024-06-04T20:30Z,2024-06-04T21:00Z,63,61,low
2024-06-04T21:00Z,2024-06-04T21:30Z,48,55,low
2024-06-04T21:30Z,2024-06-04T22:00Z,44,54,low
2024-06-04T22:00Z,2024-06-04T22:30Z,43,56,low
2024-06-04T22:30Z,2024-06-04T23:00Z,46,42,low
2024-06-04T23:00Z,2024-06-04T23:30Z,57,46,low
2024-06-04T23:30Z,2024-06-05T00:00Z,61,49,low
2024-06-05T00:00Z,2024-06-05T00:30Z,54,55,low
2024-06-05T00:30Z,2024-06-05T01:00Z,50,63,low
2024-06-05T01:00Z,2024-06-05T01:30Z,50,66,low
2024-06-05T01:30Z,2024-06-05T02:00Z,52,61,low
2024-06-05T02:00Z,2024-06-05T02:30Z,53,56,low
2024-06-05T02:30Z,2024-06-05T03:00Z,53,48,low
2024-06-05T03:00Z,2024-06-05T03:30Z,53,57,low
2024-06-05T03:30Z,2024-06-05T04:00Z,54,61,low
2024-06-05T04:00Z,2024-06-05T04:30Z,56,57,low
2024-06-05T04:30Z,2024-06-05T05:00Z,53,45,low
2024-06-05T05:00Z,2024-06-05T05:30Z,59,56,low
2024-06-05T05:30Z,2024-06-05T06:00Z,56,59,low
2024-06-05T06:00Z,2024-06-05T06:30Z,54,54,low
2024-06-05T06:30Z,2024-06-05T07:00Z,52,52,low
2024-06-05T07:00Z,2024-06-05T07:30Z,47,54,low
2024-06-05T07:30Z,2024-06-05T08:00Z,46,50,low
2024-06-05T08:00Z,2024-06-05T08:30Z,46,44,low
2024-06-05T08:30Z,2024-06-05T09:00Z,40,37,low
2024-06-05T09:00Z,2024-06-05T09:30Z,38,40,low
2024-06-05T09:30Z,2024-06-05T10:00Z,38,43,low
2024-06-05T10:00Z,2024-06-05T10:30Z,37,38,low
2024-06-05T10:30Z,2024-06-05T11:00Z,36,34,low
2024-06-05T11:00Z,2024-06-05T11:30Z,36,35,low
2024-06-05T11:30Z,2024-06-05T12:00Z,38,31,low
2024-06-05T12:00Z,2024-06-05T12:30Z,35,31,low
2024-06-05T12:30Z,2024-06-05T13:00Z,34,40,very low
2024-06-05T13:00Z,2024-06-05T13:30Z,34,39,very low
2024-06-05T13:30Z,2024-06-05T14:00Z,32,34,very low
2024-06-05T14:00Z,2024-06-05T14:30Z,41,35,low
2024-06-05T14:30Z,2024-06-05T15:00Z,43,69,low
2024-06-05T15:00Z,2024-06-05T15:30Z,49,35,low
2024-06-05T15:30Z,2024-06-05T16:00Z,53,41,low
2024-06-05T16:00Z,2024-06-05T16:30Z,61,40,low
2024-06-05T16:30Z,2024-06-05T17:00Z,78,41,low
2024-06-05T17:00Z,2024-06-05T17:30Z,87,47,low
2024-06-05T17:30Z,2024-06-05T18:00Z,96,53,low
2024-06-05T18:00Z,2024-06-05T18:30Z,102,77,low
2024-06-05T18:30Z,2024-06-05T19:00Z,103,90,low
2024-06-05T19:00Z,2024-06-05T19:30Z,108,99,low
2024-06-05T19:30Z,2024-06-05T20:00Z,107,104,low
2024-06-05T20:00Z,2024-06-05T20:30Z,108,104,low
2024-06-05T20:30Z,2024-06-05T21:00Z,106,100,low
2024-06-05T21:00Z,2024-06-05T21:30Z,96,101,low
2024-06-05T21:30Z,2024-06-05T22:00Z,77,97,low
2024-06-05T22:00Z,2024-06-05T22:30Z,69,100,low
2024-06-05T22:30Z,2024-06-05T23:00Z,70,95,low
2024-06-05T23:00Z,2024-06-05T23:30Z,66,73,low
2024-06-05T23:30Z,2024-06-06T00:00Z,61,67,low
2024-06-06T00:00Z,2024-06-06T00:30Z,64,70,low
2024-06-06T00:30Z,2024-06-06T01:00Z,65,69,low
2024-06-06T01:00Z,2024-06-06T01:30Z,66,64,low
2024-06-06T01:30Z,2024-06-06T02:00Z,70,67,low
2024-06-06T02:00Z,2024-06-06T02:30Z,74,71,low
2024-06-06T02:30Z,2024-06-06T03:00Z,73,71,low
2024-06-06T03:00Z,2024-06-06T03:30Z,71,72,low
2024-06-06T03:30Z,2024-06-06T04:00Z,77,77,low
2024-06-06T04:00Z,2024-06-06T04:30Z,86,82,low
2024-06-06T04:30Z,2024-06-06T05:00Z,94,68,low
2024-06-06T05:00Z,2024-06-06T05:30Z,108,80,low
2024-06-06T05:30Z,2024-06-06T06:00Z,115,88,moderate
2024-06-06T06:00Z,2024-06-06T06:30Z,113,108,moderate
2024-06-06T06:30Z,2024-06-06T07:00Z,106,116,low
2024-06-06T07:00Z,2024-06-06T07:30Z,98,109,low
2024-06-06T07:30Z,2024-06-06T08:00Z,92,103,low
2024-06-06T08:00Z,2024-06-06T08:30Z,88,94,low
2024-06-06T08:30Z,2024-06-06T09:00Z,86,80,low
2024-06-06T09:00Z,2024-06-06T09:30Z,80,74,low
2024-06-06T09:30Z,2024-06-06T10:00Z,74,72,low
2024-06-06T10:00Z,2024-06-06T10:30Z,71,73,low
2024-06-06T10:30Z,2024-06-06T11:00Z,68,69,low
2024-06-06T11:00Z,2024-06-06T11:30Z,66,62,low
2024-06-06T11:30Z,2024-06-06T12:00Z,61,58,low
2024-06-06T12:00Z,2024-06-06T12:30Z,57,59,low
2024-06-06T12:30Z,2024-06-06T13:00Z,55,61,low
2024-06-06T13:00Z,2024-06-06T13:30Z,55,59,low
2024-06-06T13:30Z,2024-06-06T14:00Z,57,58,low
2024-06-06T14:00Z,2024-06-06T14:30Z,60,54,low
2024-06-06T14:30Z,2024-06-06T15:00Z,64,51,low
2024-06-06T15:00Z,2024-06-06T15:30Z,75,53,low
2024-06-06T15:30Z,2024-06-06T16:00Z,86,63,low
2024-06-06T16:00Z,2024-06-06T16:30Z,96,74,low
2024-06-06T16:30Z,2024-06-06T17:00Z,105,81,low
2024-06-06T17:00Z,2024-06-06T17:30Z,115,102,moderate
2024-06-06T17:30Z,2024-06-06T18:00Z,129,108,moderate
2024-06-06T18:00Z,2024-06-06T18:30Z,135,121,moderate
2024-06-06T18:30Z,2024-06-06T19:00Z,133,131,moderate
2024-06-06T19:00Z,2024-06-06T19:30Z,133,139,moderate
2024-06-06T19:30Z,2024-06-06T20:00Z,125,146,moderate
2024-06-06T20:00Z,2024-06-06T20:30Z,122,135,moderate
2024-06-06T20:30Z,2024-06-06T21:00Z,131,125,moderate
2024-06-06T21:00Z,2024-06-06T21:30Z,130,117,moderate
2024-06-06T21:30Z,2024-06-06T22:00Z,115,107,moderate
2024-06-06T22:00Z,2024-06-06T22:30Z,101,112,low
2024-06-06T22:30Z,2024-06-06T23:00Z,91,113,low
2024-06-06T23:00Z,2024-06-06T23:30Z,88,107,low
2024-06-06T23:30Z,2024-06-07T00:00Z,86,102,low
2024-06-07T00:00Z,2024-06-07T00:30Z,84,95,low
2024-06-07T00:30Z,2024-06-07T01:00Z,85,90,low
2024-06-07T01:00Z,2024-06-07T01:30Z,80,89,low
2024-06-07T01:30Z,2024-06-07T02:00Z,81,90,low
2024-06-07T02:00Z,2024-06-07T02:30Z,81,92,low
2024-06-07T02:30Z,2024-06-07T03:00Z,79,83,low
2024-06-07T03:00Z,2024-06-07T03:30Z,76,79,low
2024-06-07T03:30Z,2024-06-07T04:00Z,78,84,low
2024-06-07T04:00Z,2024-06-07T04:30Z,79,77,low
2024-06-07T04:30Z,2024-06-07T05:00Z,77,57,low
2024-06-07T05:00Z,2024-06-07T05:30Z,79,76,low
2024-06-07T05:30Z,2024-06-07T06:00Z,72,73,low
2024-06-07T06:00Z,2024-06-07T06:30Z,71,61,low
2024-06-07T06:30Z,2024-06-07T07:00Z,63,59,low
2024-06-07T07:00Z,2024-06-07T07:30Z,58,59,low
2024-06-07T07:30Z,2024-06-07T08:00Z,51,56,low
2024-06-07T08:00Z,2024-06-07T08:30Z,45,56,low
2024-06-07T08:30Z,2024-06-07T09:00Z,41,56,low
2024-06-07T09:00Z,2024-06-07T09:30Z,37,49,low
2024-06-07T09:30Z,2024-06-07T10:00Z,36,47,low
2024-06-07T10:00Z,2024-06-07T10:30Z,35,44,low
2024-06-07T10:30Z,2024-06-07T11:00Z,33,39,very low
2024-06-07T11:00Z,2024-06-07T11:30Z,30,39,very low
2024-06-07T11:30Z,2024-06-07T12:00Z,30,40,very low
2024-06-07T12:00Z,2024-06-07T12:30Z,29,40,very low
2024-06-07T12:30Z,2024-06-07T13:00Z,30,36,very low
2024-06-07T13:00Z,2024-06-07T13:30Z,30,29,very low
2024-06-07T13:30Z,2024-06-07T14:00Z,26,24,very low
2024-06-07T14:00Z,2024-06-07T14:30Z,27,27,very low
2024-06-07T14:30Z,2024-06-07T15:00Z,32,30,very low
2024-06-07T15:00Z,2024-06-07T15:30Z,43,30,low
2024-06-07T15:30Z,2024-06-07T16:00Z,50,29,low
2024-06-07T16:00Z,2024-06-07T16:30Z,58,35,low
2024-06-07T16:30Z,2024-06-07T17:00Z,66,43,low
2024-06-07T17:00Z,2024-06-07T17:30Z,75,53,low
2024-06-07T17:30Z,2024-06-07T18:00Z,85,64,low
2024-06-07T18:00Z,2024-06-07T18:30Z,92,73,low
2024-06-07T18:30Z,2024-06-07T19:00Z,90,78,low
2024-06-07T19:00Z,2024-06-07T19:30Z,91,85,low
2024-06-07T19:30Z,2024-06-07T20:00Z,99,93,low
2024-06-07T20:00Z,2024-06-07T20:30Z,100,91,low
2024-06-07T20:30Z,2024-06-07T21:00Z,98,83,low
2024-06-07T21:00Z,2024-06-07T21:30Z,93,87,low
2024-06-07T21:30Z,2024-06-07T22:00Z,75,93,low
2024-06-07T22:00Z,2024-06-07T22:30Z,59,91,low
2024-06-07T22:30Z,2024-06-07T23:00Z,65,87,low
2024-06-07T23:00Z,2024-06-07T23:30Z,70,59,low
2024-06-07T23:30Z,2024-06-08T00:00Z,76,59,low
2024-06-08T00:00Z,2024-06-08T00:30Z,76,69,low
2024-06-08T00:30Z,2024-06-08T01:00Z,71,74,low
2024-06-08T01:00Z,2024-06-08T01:30Z,69,76,low
2024-06-08T01:30Z,2024-06-08T02:00Z,69,80,low
2024-06-08T02:00Z,2024-06-08T02:30Z,68,74,low
2024-06-08T02:30Z,2024-06-08T03:00Z,67,71,low
2024-06-08T03:00Z,2024-06-08T03:30Z,66,74,low
2024-06-08T03:30Z,2024-06-08T04:00Z,66,71,low
2024-06-08T04:00Z,2024-06-08T04:30Z,68,64,low
2024-06-08T04:30Z,2024-06-08T05:00Z,61,54,low
2024-06-08T05:00Z,2024-06-08T05:30Z,66,67,low
2024-06-08T05:30Z,2024-06-08T06:00Z,66,70,low
2024-06-08T06:00Z,2024-06-08T06:30Z,58,58,low
2024-06-08T06:30Z,2024-06-08T07:00Z,53,59,low
2024-06-08T07:00Z,2024-06-08T07:30Z,56,62,low
2024-06-08T07:30Z,2024-06-08T08:00Z,56,55,low
2024-06-08T08:00Z,2024-06-08T08:30Z,54,56,low
2024-06-08T08:30Z,2024-06-08T09:00Z,53,58,low
2024-06-08T09:00Z,2024-06-08T09:30Z,47,57,low
2024-06-08T09:30Z,2024-06-08T10:00Z,50,57,low
2024-06-08T10:00Z,2024-06-08T10:30Z,48,54,low
2024-06-08T10:30Z,2024-06-08T11:00Z,47,47,low
2024-06-08T11:00Z,2024-06-08T11:30Z,44,49,low
2024-06-08T11:30Z,2024-06-08T12:00Z,50,49,low
2024-06-08T12:00Z,2024-06-08T12:30Z,43,45,low
2024-06-08T12:30Z,2024-06-08T13:00Z,45,43,low
2024-06-08T13:00Z,2024-06-08T13:30Z,44,47,low
2024-06-08T13:30Z,2024-06-08T14:00Z,48,42,low
2024-06-08T14:00Z,2024-06-08T14:30Z,51,46,low
2024-06-08T14:30Z,2024-06-08T15:00Z,49,45,low
2024-06-08T15:00Z,2024-06-08T15:30Z,52,47,low
2024-06-08T15:30Z,2024-06-08T16:00Z,45,50,low
2024-06-08T16:00Z,2024-06-08T16:30Z,55,50,low
2024-06-08T16:30Z,2024-06-08T17:00Z,57,53,low
2024-06-08T17:00Z,2024-06-08T17:30Z,63,48,low
2024-06-08T17:30Z,2024-06-08T18:00Z,68,61,low
2024-06-08T18:00Z,2024-06-08T18:30Z,73,63,low
2024-06-08T18:30Z,2024-06-08T19:00Z,77,67,low
2024-06-08T19:00Z,2024-06-08T19:30Z,73,74,low
2024-06-08T19:30Z,2024-06-08T20:00Z,64,78,low
2024-06-08T20:00Z,2024-06-08T20:30Z,59,73,low
2024-06-08T20:30Z,2024-06-08T21:00Z,58,65,low
2024-06-08T21:00Z,2024-06-08T21:30Z,53,58,low
2024-06-08T21:30Z,2024-06-08T22:00Z,59,53,low
2024-06-08T22:00Z,2024-06-08T22:30Z,53,52,low
2024-06-08T22:30Z,2024-06-08T23:00Z,55,47,low
2024-06-08T23:00Z,2024-06-08T23:30Z,51,57,low
2024-06-08T23:30Z,2024-06-09T00:00Z,52,60,low
2024-06-09T00:00Z,2024-06-09T00:30Z,55,48,low
2024-06-09T00:30Z,2024-06-09T01:00Z,60,53,low
2024-06-09T01:00Z,2024-06-09T01:30Z,60,54,low
2024-06-09T01:30Z,2024-06-09T02:00Z,58,57,low
2024-06-09T02:00Z,2024-06-09T02:30Z,59,62,low
2024-06-09T02:30Z,2024-06-09T03:00Z,57,61,low
2024-06-09T03:00Z,2024-06-09T03:30Z,58,60,low
2024-06-09T03:30Z,2024-06-09T04:00Z,61,59,low
2024-06-09T04:00Z,2024-06-09T04:30Z,61,56,low
2024-06-09T04:30Z,2024-06-09T05:00Z,59,42,low
2024-06-09T05:00Z,2024-06-09T05:30Z,61,62,low
2024-06-09T05:30Z,2024-06-09T06:00Z,63,66,low
2024-06-09T06:00Z,2024-06-09T06:30Z,61,53,low
2024-06-09T06:30Z,2024-06-09T07:00Z,54,49,low
2024-06-09T07:00Z,2024-06-09T07:30Z,53,49,low
2024-06-09T07:30Z,2024-06-09T08:00Z,49,50,low
2024-06-09T08:00Z,2024-06-09T08:30Z,46,47,low
2024-06-09T08:30Z,2024-06-09T09:00Z,45,42,low
2024-06-09T09:00Z,2024-06-09T09:30Z,46,42,low
2024-06-09T09:30Z,2024-06-09T10:00Z,48,40,low
2024-06-09T10:00Z,2024-06-09T10:30Z,52,37,low
2024-06-09T10:30Z,2024-06-09T11:00Z,55,37,low
2024-06-09T11:00Z,2024-06-09T11:30Z,55,39,low
2024-06-09T11:30Z,2024-06-09T12:00Z,48,46,low
2024-06-09T12:00Z,2024-06-09T12:30Z,50,51,low
2024-06-09T12:30Z,2024-06-09T13:00Z,51,48,low
2024-06-09T13:00Z,2024-06-09T13:30Z,55,44,low
2024-06-09T13:30Z,2024-06-09T14:00Z,59,53,low
2024-06-09T14:00Z,2024-06-09T14:30Z,65,53,low
2024-06-09T14:30Z,2024-06-09T15:00Z,74,57,low
2024-06-09T15:00Z,2024-06-09T15:30Z,83,64,low
2024-06-09T15:30Z,2024-06-09T16:00Z,96,70,low
2024-06-09T16:00Z,2024-06-09T16:30Z,106,80,low
2024-06-09T16:30Z,2024-06-09T17:00Z,111,92,moderate
2024-06-09T17:00Z,2024-06-09T17:30Z,116,102,moderate
2024-06-09T17:30Z,2024-06-09T18:00Z,120,117,moderate
2024-06-09T18:00Z,2024-06-09T18:30Z,124,129,moderate
2024-06-09T18:30Z,2024-06-09T19:00Z,126,129,moderate
2024-06-09T19:00Z,2024-06-09T19:30Z,123,128,moderate
2024-06-09T19:30Z,2024-06-09T20:00Z,124,123,moderate
2024-06-09T20:00Z,2024-06-09T20:30Z,122,116,moderate
2024-06-09T20:30Z,2024-06-09T21:00Z,115,102,moderate
2024-06-09T21:00Z,2024-06-09T21:30Z,97,98,low
2024-06-09T21:30Z,2024-06-09T22:00Z,82,84,low
2024-06-09T22:00Z,2024-06-09T22:30Z,74,85,low
2024-06-09T22:30Z,2024-06-09T23:00Z,71,80,low
2024-06-09T23:00Z,2024-06-09T23:30Z,71,77,low
2024-06-09T23:30Z,2024-06-10T00:00Z,74,75,low
2024-06-10T00:00Z,2024-06-10T00:30Z,72,77,low
2024-06-10T00:30Z,2024-06-10T01:00Z,72,76,low
2024-06-10T01:00Z,2024-06-10T01:30Z,70,77,low
2024-06-10T01:30Z,2024-06-10T02:00Z,68,74,low
2024-06-10T02:00Z,2024-06-10T02:30Z,63,72,low
2024-06-10T02:30Z,2024-06-10T03:00Z,63,69,low
2024-06-10T03:00Z,2024-06-10T03:30Z,62,68,low
2024-06-10T03:30Z,2024-06-10T04:00Z,71,65,low
2024-06-10T04:00Z,2024-06-10T04:30Z,79,65,low
2024-06-10T04:30Z,2024-06-10T05:00Z,79,65,low
2024-06-10T05:00Z,2024-06-10T05:30Z,82,62,low
2024-06-10T05:30Z,2024-06-10T06:00Z,71,66,low
2024-06-10T06:00Z,2024-06-10T06:30Z,78,61,low
2024-06-10T06:30Z,2024-06-10T07:00Z,82,58,low
2024-06-10T07:00Z,2024-06-10T07:30Z,78,55,low
2024-06-10T07:30Z,2024-06-10T08:00Z,76,52,low
2024-06-10T08:00Z,2024-06-10T08:30Z,68,47,low
2024-06-10T08:30Z,2024-06-10T09:00Z,63,41,low
2024-06-10T09:00Z,2024-06-10T09:30Z,55,35,low
2024-06-10T09:30Z,2024-06-10T10:00Z,48,38,low
2024-06-10T10:00Z,2024-06-10T10:30Z,45,36,low
2024-06-10T10:30Z,2024-06-10T11:00Z,43,36,low
2024-06-10T11:00Z,2024-06-10T11:30Z,46,35,low
2024-06-10T11:30Z,2024-06-10T12:00Z,45,34,low
2024-06-10T12:00Z,2024-06-10T12:30Z,40,34,low
2024-06-10T12:30Z,2024-06-10T13:00Z,35,32,low
2024-06-10T13:00Z,2024-06-10T13:30Z,30,34,very low
2024-06-10T13:30Z,2024-06-10T14:00Z,32,35,very low
2024-06-10T14:00Z,2024-06-10T14:30Z,34,38,very low
2024-06-10T14:30Z,2024-06-10T15:00Z,35,37,low
2024-06-10T15:00Z,2024-06-10T15:30Z,35,38,low
2024-06-10T15:30Z,2024-06-10T16:00Z,40,39,low
2024-06-10T16:00Z,2024-06-10T16:30Z,49,41,low
2024-06-10T16:30Z,2024-06-10T17:00Z,70,44,low
2024-06-10T17:00Z,2024-06-10T17:30Z,80,49,low
2024-06-10T17:30Z,2024-06-10T18:00Z,85,50,low
2024-06-10T18:00Z,2024-06-10T18:30Z,93,54,low
2024-06-10T18:30Z,2024-06-10T19:00Z,96,56,low
2024-06-10T19:00Z,2024-06-10T19:30Z,99,58,low
2024-06-10T19:30Z,2024-06-10T20:00Z,103,61,low
2024-06-10T20:00Z,2024-06-10T20:30Z,106,59,low
2024-06-10T20:30Z,2024-06-10T21:00Z,102,62,low
2024-06-10T21:00Z,2024-06-10T21:30Z,96,63,low
2024-06-10T21:30Z,2024-06-10T22:00Z,86,62,low
2024-06-10T22:00Z,2024-06-10T22:30Z,73,59,low
2024-06-10T22:30Z,2024-06-10T23:00Z,78,58,low
2024-06-10T23:00Z,2024-06-10T23:30Z,78,57,low
2024-06-10T23:30Z,2024-06-11T00:00Z,77,56,low
2024-06-11T00:00Z,2024-06-11T00:30Z,76,60,low
2024-06-11T00:30Z,2024-06-11T01:00Z,70,61,low
2024-06-11T01:00Z,2024-06-11T01:30Z,68,60,low
2024-06-11T01:30Z,2024-06-11T02:00Z,64,60,low
2024-06-11T02:00Z,2024-06-11T02:30Z,65,61,low
2024-06-11T02:30Z,2024-06-11T03:00Z,60,62,low
2024-06-11T03:00Z,2024-06-11T03:30Z,58,62,low
2024-06-11T03:30Z,2024-06-11T04:00Z,65,62,low
2024-06-11T04:00Z,2024-06-11T04:30Z,66,62,low
2024-06-11T04:30Z,2024-06-11T05:00Z,73,62,low
2024-06-11T05:00Z,2024-06-11T05:30Z,85,61,low
2024-06-11T05:30Z,2024-06-11T06:00Z,85,62,low
2024-06-11T06:00Z,2024-06-11T06:30Z,88,60,low
2024-06-11T06:30Z,2024-06-11T07:00Z,91,55,low
2024-06-11T07:00Z,2024-06-11T07:30Z,86,54,low
2024-06-11T07:30Z,2024-06-11T08:00Z,84,52,low
2024-06-11T08:00Z,2024-06-11T08:30Z,82,49,low
2024-06-11T08:30Z,2024-06-11T09:00Z,84,47,low
2024-06-11T09:00Z,2024-06-11T09:30Z,87,48,low
2024-06-11T09:30Z,2024-06-11T10:00Z,89,47,low
2024-06-11T10:00Z,2024-06-11T10:30Z,96,48,low
2024-06-11T10:30Z,2024-06-11T11:00Z,94,47,low
2024-06-11T11:00Z,2024-06-11T11:30Z,92,46,low
2024-06-11T11:30Z,2024-06-11T12:00Z,91,46,low
2024-06-11T12:00Z,2024-06-11T12:30Z,90,47,low
2024-06-11T12:30Z,2024-06-11T13:00Z,94,46,low
2024-06-11T13:00Z,2024-06-11T13:30Z,95,46,low
2024-06-11T13:30Z,2024-06-11T14:00Z,97,47,low
2024-06-11T14:00Z,2024-06-11T14:30Z,108,49,low
2024-06-11T14:30Z,2024-06-11T15:00Z,123,49,moderate
2024-06-11T15:00Z,2024-06-11T15:30Z,132,54,moderate
2024-06-11T15:30Z,2024-06-11T16:00Z,141,61,moderate
2024-06-11T16:00Z,2024-06-11T16:30Z,146,68,moderate
2024-06-11T16:30Z,2024-06-11T17:00Z,147,77,moderate
2024-06-11T17:00Z,2024-06-11T17:30Z,152,77,moderate
2024-06-11T17:30Z,2024-06-11T18:00Z,159,82,moderate
2024-06-11T18:00Z,2024-06-11T18:30Z,162,86,moderate
2024-06-11T18:30Z,2024-06-11T19:00Z,158,91,moderate
2024-06-11T19:00Z,2024-06-11T19:30Z,157,101,moderate
2024-06-11T19:30Z,2024-06-11T20:00Z,159,103,moderate
2024-06-11T20:00Z,2024-06-11T20:30Z,158,111,moderate
2024-06-11T20:30Z,2024-06-11T21:00Z,157,109,moderate
2024-06-11T21:00Z,2024-06-11T21:30Z,146,116,moderate
2024-06-11T21:30Z,2024-06-11T22:00Z,134,116,moderate
2024-06-11T22:00Z,2024-06-11T22:30Z,125,99,moderate
2024-06-11T22:30Z,2024-06-11T23:00Z,123,145,moderate
2024-06-12T14:30Z,2024-06-12T15:00Z,173,186,moderate
2024-06-12T15:00Z,2024-06-12T15:30Z,178,197,moderate
2024-06-12T15:30Z,2024-06-12T16:00Z,184,196,moderate
2024-06-12T16:00Z,2024-06-12T16:30Z,187,191,moderate
2024-06-12T16:30Z,2024-06-12T17:00Z,187,190,moderate
2024-06-12T17:00Z,2024-06-12T17:30Z,191,194,high
2024-06-12T17:30Z,2024-06-12T18:00Z,187,201,moderate
2024-06-12T18:00Z,2024-06-12T18:30Z,193,203,high
2024-06-12T18:30Z,2024-06-12T19:00Z,201,209,high
2024-06-12T19:00Z,2024-06-12T19:30Z,205,214,high
2024-06-12T19:30Z,2024-06-12T20:00Z,207,195,high
2024-06-12T20:00Z,2024-06-12T20:30Z,205,206,high
2024-06-12T20:30Z,2024-06-12T21:00Z,207,210,high
2024-06-12T21:00Z,2024-06-12T21:30Z,204,210,high
2024-06-12T21:30Z,2024-06-12T22:00Z,193,205,high
2024-06-12T22:00Z,2024-06-12T22:30Z,183,193,moderate
2024-06-12T22:30Z,2024-06-12T23:00Z,177,183,moderate
2024-06-12T23:00Z,2024-06-12T23:30Z,170,172,moderate
2024-06-12T23:30Z,2024-06-13T00:00Z,158,173,moderate
2024-06-13T00:00Z,2024-06-13T00:30Z,158,174,moderate
2024-06-13T00:30Z,2024-06-13T01:00Z,160,154,moderate
2024-06-13T01:00Z,2024-06-13T01:30Z,157,143,moderate
2024-06-13T01:30Z,2024-06-13T02:00Z,150,160,moderate
2024-06-13T02:00Z,2024-06-13T02:30Z,151,159,moderate
2024-06-13T02:30Z,2024-06-13T03:00Z,159,158,moderate
2024-06-13T03:00Z,2024-06-13T03:30Z,156,153,moderate
2024-06-13T03:30Z,2024-06-13T04:00Z,159,142,moderate
2024-06-13T04:00Z,2024-06-13T04:30Z,160,153,moderate
2024-06-13T04:30Z,2024-06-13T05:00Z,159,143,moderate
2024-06-13T05:00Z,2024-06-13T05:30Z,159,148,moderate
2024-06-13T05:30Z,2024-06-13T06:00Z,158,181,moderate
2024-06-13T06:00Z,2024-06-13T06:30Z,155,152,moderate
2024-06-13T06:30Z,2024-06-13T07:00Z,148,148,moderate
2024-06-13T07:00Z,2024-06-13T07:30Z,141,142,moderate
2024-06-13T07:30Z,2024-06-13T08:00Z,135,141,moderate
2024-06-13T08:00Z,2024-06-13T08:30Z,131,137,moderate
2024-06-13T08:30Z,2024-06-13T09:00Z,125,119,moderate
2024-06-13T09:00Z,2024-06-13T09:30Z,118,115,moderate
2024-06-13T09:30Z,2024-06-13T10:00Z,110,113,moderate
2024-06-13T10:00Z,2024-06-13T10:30Z,104,108,low
2024-06-13T10:30Z,2024-06-13T11:00Z,101,96,low
2024-06-13T11:00Z,2024-06-13T11:30Z,94,93,low
2024-06-13T11:30Z,2024-06-13T12:00Z,89,103,low
2024-06-13T12:00Z,2024-06-13T12:30Z,82,95,low
2024-06-13T12:30Z,2024-06-13T13:00Z,80,94,low
2024-06-13T13:00Z,2024-06-13T13:30Z,78,87,low
2024-06-13T13:30Z,2024-06-13T14:00Z,81,82,low
2024-06-13T14:00Z,2024-06-13T14:30Z,83,78,low
2024-06-13T14:30Z,2024-06-13T15:00Z,88,78,low
2024-06-13T15:00Z,2024-06-13T15:30Z,95,79,low
2024-06-13T15:30Z,2024-06-13T16:00Z,99,78,low
2024-06-13T16:00Z,2024-06-13T16:30Z,102,97,low
2024-06-13T16:30Z,2024-06-13T17:00Z,109,93,low
2024-06-13T17:00Z,2024-06-13T17:30Z,111,93,moderate
2024-06-13T17:30Z,2024-06-13T18:00Z,110,93,moderate
2024-06-13T18:00Z,2024-06-13T18:30Z,108,102,low
2024-06-13T18:30Z,2024-06-13T19:00Z,106,98,low
2024-06-13T19:00Z,2024-06-13T19:30Z,97,102,low
2024-06-13T19:30Z,2024-06-13T20:00Z,90,107,low
2024-06-13T20:00Z,2024-06-13T20:30Z,84,101,low
2024-06-13T20:30Z,2024-06-13T21:00Z,81,91,low
2024-06-13T21:00Z,2024-06-13T21:30Z,70,86,low
2024-06-13T21:30Z,2024-06-13T22:00Z,54,81,low
2024-06-13T22:00Z,2024-06-13T22:30Z,49,78,low
2024-06-13T22:30Z,2024-06-13T23:00Z,52,72,low
2024-06-13T23:00Z,2024-06-13T23:30Z,51,56,low
2024-06-13T23:30Z,2024-06-14T00:00Z,51,51,low
2024-06-14T00:00Z,2024-06-14T00:30Z,56,53,low
2024-06-14T00:30Z,2024-06-14T01:00Z,62,51,low
2024-06-14T01:00Z,2024-06-14T01:30Z,60,50,low
2024-06-14T01:30Z,2024-06-14T02:00Z,55,53,low
2024-06-14T02:00Z,2024-06-14T02:30Z,56,60,low
2024-06-14T02:30Z,2024-06-14T03:00Z,55,58,low
2024-06-14T03:00Z,2024-06-14T03:30Z,56,55,low
2024-06-14T03:30Z,2024-06-14T04:00Z,56,55,low
2024-06-14T04:00Z,2024-06-14T04:30Z,61,56,low
2024-06-14T04:30Z,2024-06-14T05:00Z,67,49,low
2024-06-14T05:00Z,2024-06-14T05:30Z,77,59,low
2024-06-14T05:30Z,2024-06-14T06:00Z,82,63,low
2024-06-14T06:00Z,2024-06-14T06:30Z,88,63,low
2024-06-14T06:30Z,2024-06-14T07:00Z,89,71,low
2024-06-14T07:00Z,2024-06-14T07:30Z,88,73,low
2024-06-14T07:30Z,2024-06-14T08:00Z,87,78,low
2024-06-14T08:00Z,2024-06-14T08:30Z,83,82,low
2024-06-14T08:30Z,2024-06-14T09:00Z,78,79,low
2024-06-14T09:00Z,2024-06-14T09:30Z,73,78,low
2024-06-14T09:30Z,2024-06-14T10:00Z,72,82,low
2024-06-14T10:00Z,2024-06-14T10:30Z,71,70,low
2024-06-14T10:30Z,2024-06-14T11:00Z,66,67,low
2024-06-14T11:00Z,2024-06-14T11:30Z,62,69,low
2024-06-14T11:30Z,2024-06-14T12:00Z,57,66,low
2024-06-14T12:00Z,2024-06-14T12:30Z,56,68,low
2024-06-14T12:30Z,2024-06-14T13:00Z,55,69,low
2024-06-14T13:00Z,2024-06-14T13:30Z,52,60,low
2024-06-14T13:30Z,2024-06-14T14:00Z,68,60,low
2024-06-14T14:00Z,2024-06-14T14:30Z,72,59,low
2024-06-14T14:30Z,2024-06-14T15:00Z,82,58,low
2024-06-14T15:00Z,2024-06-14T15:30Z,91,60,low
2024-06-14T15:30Z,2024-06-14T16:00Z,105,63,low
2024-06-14T16:00Z,2024-06-14T16:30Z,114,70,moderate
2024-06-14T16:30Z,2024-06-14T17:00Z,121,80,moderate
2024-06-14T17:00Z,2024-06-14T17:30Z,132,100,moderate
2024-06-14T17:30Z,2024-06-14T18:00Z,139,110,moderate
2024-06-14T18:00Z,2024-06-14T18:30Z,146,124,moderate
2024-06-14T18:30Z,2024-06-14T19:00Z,153,131,moderate
2024-06-14T19:00Z,2024-06-14T19:30Z,162,132,moderate
2024-06-14T19:30Z,2024-06-14T20:00Z,167,141,moderate
2024-06-14T20:00Z,2024-06-14T20:30Z,174,144,moderate
2024-06-14T20:30Z,2024-06-14T21:00Z,168,148,moderate
2024-06-14T21:00Z,2024-06-14T21:30Z,158,148,moderate
2024-06-14T21:30Z,2024-06-14T22:00Z,144,140,moderate
2024-06-14T22:00Z,2024-06-14T22:30Z,134,137,moderate
2024-06-14T22:30Z,2024-06-14T23:00Z,130,134,moderate
2024-06-14T23:00Z,2024-06-14T23:30Z,123,134,moderate
2024-06-14T23:30Z,2024-06-15T00:00Z,117,127,moderate
2024-06-15T00:00Z,2024-06-15T00:30Z,108,116,low
2024-06-15T00:30Z,2024-06-15T01:00Z,116,109,moderate
2024-06-15T01:00Z,2024-06-15T01:30Z,121,103,moderate
2024-06-15T01:30Z,2024-06-15T02:00Z,121,92,moderate
2024-06-15T02:00Z,2024-06-15T02:30Z,124,92,moderate
2024-06-15T02:30Z,2024-06-15T03:00Z,128,96,moderate
2024-06-15T03:00Z,2024-06-15T03:30Z,124,97,moderate
2024-06-15T03:30Z,2024-06-15T04:00Z,126,100,moderate
2024-06-15T04:00Z,2024-06-15T04:30Z,129,105,moderate
2024-06-15T04:30Z,2024-06-15T05:00Z,124,88,moderate
2024-06-15T05:00Z,2024-06-15T05:30Z,118,104,moderate
2024-06-15T05:30Z,2024-06-15T06:00Z,119,100,moderate
2024-06-15T06:00Z,2024-06-15T06:30Z,119,92,moderate
2024-06-15T06:30Z,2024-06-15T07:00Z,120,87,moderate
2024-06-15T07:00Z,2024-06-15T07:30Z,118,75,moderate
2024-06-15T07:30Z,2024-06-15T08:00Z,112,73,moderate
2024-06-15T08:00Z,2024-06-15T08:30Z,104,69,low
2024-06-15T08:30Z,2024-06-15T09:00Z,102,65,low
2024-06-15T09:00Z,2024-06-15T09:30Z,104,71,low
2024-06-15T09:30Z,2024-06-15T10:00Z,104,69,low
2024-06-15T10:00Z,2024-06-15T10:30Z,102,73,low
2024-06-15T10:30Z,2024-06-15T11:00Z,106,80,low
2024-06-15T11:00Z,2024-06-15T11:30Z,108,83,low
2024-06-15T11:30Z,2024-06-15T12:00Z,107,83,low
2024-06-15T12:00Z,2024-06-15T12:30Z,107,86,low
2024-06-15T12:30Z,2024-06-15T13:00Z,97,86,low
2024-06-15T13:00Z,2024-06-15T13:30Z,93,81,low
2024-06-15T13:30Z,2024-06-15T14:00Z,92,79,low
2024-06-15T14:00Z,2024-06-15T14:30Z,99,92,low
2024-06-15T14:30Z,2024-06-15T15:00Z,105,95,low
2024-06-15T15:00Z,2024-06-15T15:30Z,113,101,moderate
2024-06-15T15:30Z,2024-06-15T16:00Z,118,107,moderate
2024-06-15T16:00Z,2024-06-15T16:30Z,122,110,moderate
2024-06-15T16:30Z,2024-06-15T17:00Z,123,121,moderate
2024-06-15T17:00Z,2024-06-15T17:30Z,129,125,moderate
2024-06-15T17:30Z,2024-06-15T18:00Z,123,131,moderate
2024-06-15T18:00Z,2024-06-15T18:30Z,126,132,moderate
2024-06-15T18:30Z,2024-06-15T19:00Z,128,139,moderate
2024-06-15T19:00Z,2024-06-15T19:30Z,133,128,moderate
2024-06-15T19:30Z,2024-06-15T20:00Z,141,123,moderate
2024-06-15T20:00Z,2024-06-15T20:30Z,138,129,moderate
2024-06-15T20:30Z,2024-06-15T21:00Z,137,134,moderate
2024-06-15T21:00Z,2024-06-15T21:30Z,129,130,moderate
2024-06-15T21:30Z,2024-06-15T22:00Z,113,125,moderate
2024-06-15T22:00Z,2024-06-15T22:30Z,95,123,low
2024-06-15T22:30Z,2024-06-15T23:00Z,89,116,low
2024-06-15T23:00Z,2024-06-15T23:30Z,90,108,low
2024-06-15T23:30Z,2024-06-16T00:00Z,88,90,low
2024-06-16T00:00Z,2024-06-16T00:30Z,89,81,low
2024-06-16T00:30Z,2024-06-16T01:00Z,96,81,low
2024-06-16T01:00Z,2024-06-16T01:30Z,93,77,low
2024-06-16T01:30Z,2024-06-16T02:00Z,83,74,low
2024-06-16T02:00Z,2024-06-16T02:30Z,78,82,low
2024-06-16T02:30Z,2024-06-16T03:00Z,78,89,low
2024-06-16T03:00Z,2024-06-16T03:30Z,77,79,low
2024-06-16T03:30Z,2024-06-16T04:00Z,74,71,low
2024-06-16T04:00Z,2024-06-16T04:30Z,74,69,low
2024-06-16T04:30Z,2024-06-16T05:00Z,76,69,low
2024-06-16T05:00Z,2024-06-16T05:30Z,75,75,low
2024-06-16T05:30Z,2024-06-16T06:00Z,79,71,low
2024-06-16T06:00Z,2024-06-16T06:30Z,77,70,low
2024-06-16T06:30Z,2024-06-16T07:00Z,74,68,low
2024-06-16T07:00Z,2024-06-16T07:30Z,75,67,low
2024-06-16T07:30Z,2024-06-16T08:00Z,69,69,low
2024-06-16T08:00Z,2024-06-16T08:30Z,66,77,low
2024-06-16T08:30Z,2024-06-16T09:00Z,63,71,low
2024-06-16T09:00Z,2024-06-16T09:30Z,63,64,low
2024-06-16T09:30Z,2024-06-16T10:00Z,65,63,low
2024-06-16T10:00Z,2024-06-16T10:30Z,64,61,low
2024-06-16T10:30Z,2024-06-16T11:00Z,64,59,low
2024-06-16T11:00Z,2024-06-16T11:30Z,62,61,low
2024-06-16T11:30Z,2024-06-16T12:00Z,59,61,low
2024-06-16T12:00Z,2024-06-16T12:30Z,55,63,low
2024-06-16T12:30Z,2024-06-16T13:00Z,55,61,low
2024-06-16T13:00Z,2024-06-16T13:30Z,55,57,low
2024-06-16T13:30Z,2024-06-16T14:00Z,55,55,low
2024-06-16T14:00Z,2024-06-16T14:30Z,55,57,low
2024-06-16T14:30Z,2024-06-16T15:00Z,57,58,low
2024-06-16T15:00Z,2024-06-16T15:30Z,62,61,low
2024-06-16T15:30Z,2024-06-16T16:00Z,69,65,low
2024-06-16T16:00Z,2024-06-16T16:30Z,76,64,low
2024-06-16T16:30Z,2024-06-16T17:00Z,88,67,low
2024-06-16T17:00Z,2024-06-16T17:30Z,89,77,low
2024-06-16T17:30Z,2024-06-16T18:00Z,93,78,low
2024-06-16T18:00Z,2024-06-16T18:30Z,94,84,low
2024-06-16T18:30Z,2024-06-16T19:00Z,92,81,low
2024-06-16T19:00Z,2024-06-16T19:30Z,101,93,low
2024-06-16T19:30Z,2024-06-16T20:00Z,107,92,low
2024-06-16T20:00Z,2024-06-16T20:30Z,110,90,moderate
2024-06-16T20:30Z,2024-06-16T21:00Z,117,88,moderate
2024-06-16T21:00Z,2024-06-16T21:30Z,109,89,low
2024-06-16T21:30Z,2024-06-16T22:00Z,93,95,low
2024-06-16T22:00Z,2024-06-16T22:30Z,86,101,low
2024-06-16T22:30Z,2024-06-16T23:00Z,83,96,low
2024-06-16T23:00Z,2024-06-16T23:30Z,81,82,low
2024-06-16T23:30Z,2024-06-17T00:00Z,83,77,low
2024-06-17T00:00Z,2024-06-17T00:30Z,84,76,low
2024-06-17T00:30Z,2024-06-17T01:00Z,88,73,low
2024-06-17T01:00Z,2024-06-17T01:30Z,88,80,low
2024-06-17T01:30Z,2024-06-17T02:00Z,93,81,low
2024-06-17T02:00Z,2024-06-17T02:30Z,92,83,low
2024-06-17T02:30Z,2024-06-17T03:00Z,88,83,low
2024-06-17T03:00Z,2024-06-17T03:30Z,92,85,low
2024-06-17T03:30Z,2024-06-17T04:00Z,100,88,low
2024-06-17T04:00Z,2024-06-17T04:30Z,106,84,low
2024-06-17T04:30Z,2024-06-17T05:00Z,118,62,moderate
2024-06-17T05:00Z,2024-06-17T05:30Z,128,101,moderate
2024-06-17T05:30Z,2024-06-17T06:00Z,132,111,moderate
2024-06-17T06:00Z,2024-06-17T06:30Z,131,125,moderate
2024-06-17T06:30Z,2024-06-17T07:00Z,135,128,moderate
2024-06-17T07:00Z,2024-06-17T07:30Z,134,129,moderate
2024-06-17T07:30Z,2024-06-17T08:00Z,131,126,moderate
2024-06-17T08:00Z,2024-06-17T08:30Z,127,131,moderate
2024-06-17T08:30Z,2024-06-17T09:00Z,125,126,moderate
2024-06-17T09:00Z,2024-06-17T09:30Z,120,123,moderate
2024-06-17T09:30Z,2024-06-17T10:00Z,117,123,moderate
2024-06-17T10:00Z,2024-06-17T10:30Z,115,125,moderate
2024-06-17T10:30Z,2024-06-17T11:00Z,116,120,moderate
2024-06-17T11:00Z,2024-06-17T11:30Z,113,116,moderate
2024-06-17T11:30Z,2024-06-17T12:00Z,110,119,moderate
2024-06-17T12:00Z,2024-06-17T12:30Z,108,116,low
2024-06-17T12:30Z,2024-06-17T13:00Z,115,109,moderate
2024-06-17T13:00Z,2024-06-17T13:30Z,117,109,moderate
2024-06-17T13:30Z,2024-06-17T14:00Z,118,112,moderate
2024-06-17T14:00Z,2024-06-17T14:30Z,122,117,moderate
2024-06-17T14:30Z,2024-06-17T15:00Z,132,124,moderate
2024-06-17T15:00Z,2024-06-17T15:30Z,138,125,moderate
2024-06-17T15:30Z,2024-06-17T16:00Z,150,129,moderate
2024-06-17T16:00Z,2024-06-17T16:30Z,155,133,moderate
2024-06-17T16:30Z,2024-06-17T17:00Z,152,134,moderate
2024-06-17T17:00Z,2024-06-17T17:30Z,160,153,moderate
2024-06-17T17:30Z,2024-06-17T18:00Z,165,160,moderate
2024-06-17T18:00Z,2024-06-17T18:30Z,168,163,moderate
2024-06-17T18:30Z,2024-06-17T19:00Z,170,170,moderate
2024-06-17T19:00Z,2024-06-17T19:30Z,172,168,moderate
2024-06-17T19:30Z,2024-06-17T20:00Z,179,173,moderate
2024-06-17T20:00Z,2024-06-17T20:30Z,186,176,moderate
2024-06-17T20:30Z,2024-06-17T21:00Z,184,171,moderate
2024-06-17T21:00Z,2024-06-17T21:30Z,177,163,moderate
2024-06-17T21:30Z,2024-06-17T22:00Z,162,155,moderate
2024-06-17T22:00Z,2024-06-17T22:30Z,151,147,moderate
2024-06-17T22:30Z,2024-06-17T23:00Z,147,141,moderate
2024-06-17T23:00Z,2024-06-17T23:30Z,146,137,moderate
2024-06-17T23:30Z,2024-06-18T00:00Z,142,132,moderate
2024-06-18T00:00Z,2024-06-18T00:30Z,138,127,moderate
2024-06-18T00:30Z,2024-06-18T01:00Z,141,127,moderate
2024-06-18T01:00Z,2024-06-18T01:30Z,140,125,moderate
2024-06-18T01:30Z,2024-06-18T02:00Z,138,125,moderate
2024-06-18T02:00Z,2024-06-18T02:30Z,137,127,moderate
2024-06-18T02:30Z,2024-06-18T03:00Z,140,127,moderate
2024-06-18T03:00Z,2024-06-18T03:30Z,139,128,moderate
2024-06-18T03:30Z,2024-06-18T04:00Z,149,124,moderate
2024-06-18T04:00Z,2024-06-18T04:30Z,160,128,moderate
2024-06-18T04:30Z,2024-06-18T05:00Z,175,128,moderate
2024-06-18T05:00Z,2024-06-18T05:30Z,181,134,moderate
2024-06-18T05:30Z,2024-06-18T06:00Z,182,133,moderate
2024-06-18T06:00Z,2024-06-18T06:30Z,180,129,moderate
2024-06-18T06:30Z,2024-06-18T07:00Z,176,127,moderate
2024-06-18T07:00Z,2024-06-18T07:30Z,170,121,moderate
2024-06-18T07:30Z,2024-06-18T08:00Z,166,117,moderate
2024-06-18T08:00Z,2024-06-18T08:30Z,163,112,moderate
2024-06-18T08:30Z,2024-06-18T09:00Z,161,107,moderate
2024-06-18T09:00Z,2024-06-18T09:30Z,141,104,moderate
2024-06-18T09:30Z,2024-06-18T10:00Z,139,98,moderate
2024-06-18T10:00Z,2024-06-18T10:30Z,138,94,moderate
2024-06-18T10:30Z,2024-06-18T11:00Z,136,89,moderate
2024-06-18T11:00Z,2024-06-18T11:30Z,137,89,moderate
2024-06-18T11:30Z,2024-06-18T12:00Z,136,89,moderate
2024-06-18T12:00Z,2024-06-18T12:30Z,135,82,moderate
2024-06-18T12:30Z,2024-06-18T13:00Z,136,137,moderate
2024-06-18T13:00Z,2024-06-18T13:30Z,134,137,moderate
2024-06-18T13:30Z,2024-06-18T14:00Z,131,141,moderate
2024-06-18T14:00Z,2024-06-18T14:30Z,133,137,moderate
2024-06-18T14:30Z,2024-06-18T15:00Z,136,134,moderate
2024-06-18T15:00Z,2024-06-18T15:30Z,139,133,moderate
2024-06-18T15:30Z,2024-06-18T16:00Z,141,147,moderate
2024-06-18T16:00Z,2024-06-18T16:30Z,144,148,moderate
2024-06-18T16:30Z,2024-06-18T17:00Z,153,154,moderate
2024-06-18T17:00Z,2024-06-18T17:30Z,155,158,moderate
2024-06-18T17:30Z,2024-06-18T18:00Z,157,153,moderate
2024-06-18T18:00Z,2024-06-18T18:30Z,165,161,moderate
2024-06-18T18:30Z,2024-06-18T19:00Z,168,161,moderate
2024-06-18T19:00Z,2024-06-18T19:30Z,169,166,moderate
2024-06-18T19:30Z,2024-06-18T20:00Z,173,177,moderate
2024-06-18T20:00Z,2024-06-18T20:30Z,171,174,moderate
2024-06-18T20:30Z,2024-06-18T21:00Z,169,170,moderate
2024-06-18T21:00Z,2024-06-18T21:30Z,165,175,moderate
2024-06-18T21:30Z,2024-06-18T22:00Z,132,165,moderate
2024-06-18T22:00Z,2024-06-18T22:30Z,118,164,moderate
2024-06-18T22:30Z,2024-06-18T23:00Z,106,163,low
2024-06-18T23:00Z,2024-06-18T23:30Z,101,134,low
2024-06-18T23:30Z,2024-06-19T00:00Z,98,128,low
2024-06-19T00:00Z,2024-06-19T00:30Z,98,121,low
2024-06-19T00:30Z,2024-06-19T01:00Z,101,114,low
2024-06-19T01:00Z,2024-06-19T01:30Z,100,118,low
2024-06-19T01:30Z,2024-06-19T02:00Z,103,113,low
2024-06-19T02:00Z,2024-06-19T02:30Z,105,110,low
2024-06-19T02:30Z,2024-06-19T03:00Z,105,100,low
2024-06-19T03:00Z,2024-06-19T03:30Z,105,105,low
2024-06-19T03:30Z,2024-06-19T04:00Z,117,110,moderate
2024-06-19T04:00Z,2024-06-19T04:30Z,108,108,low
2024-06-19T04:30Z,2024-06-19T05:00Z,117,111,moderate
2024-06-19T05:00Z,2024-06-19T05:30Z,133,116,moderate
2024-06-19T05:30Z,2024-06-19T06:00Z,147,109,moderate
2024-06-19T06:00Z,2024-06-19T06:30Z,150,114,moderate
2024-06-19T06:30Z,2024-06-19T07:00Z,152,132,moderate
2024-06-19T07:00Z,2024-06-19T07:30Z,148,143,moderate
2024-06-19T07:30Z,2024-06-19T08:00Z,149,134,moderate
2024-06-19T08:00Z,2024-06-19T08:30Z,145,136,moderate
2024-06-19T08:30Z,2024-06-19T09:00Z,138,127,moderate
2024-06-19T09:00Z,2024-06-19T09:30Z,132,130,moderate
2024-06-19T09:30Z,2024-06-19T10:00Z,131,120,moderate
2024-06-19T10:00Z,2024-06-19T10:30Z,124,116,moderate
2024-06-19T10:30Z,2024-06-19T11:00Z,116,116,moderate
2024-06-19T11:00Z,2024-06-19T11:30Z,112,103,moderate
2024-06-19T11:30Z,2024-06-19T12:00Z,107,99,low
2024-06-19T12:00Z,2024-06-19T12:30Z,90,96,low
2024-06-19T12:30Z,2024-06-19T13:00Z,87,95,low
2024-06-19T13:00Z,2024-06-19T13:30Z,99,87,low
2024-06-19T13:30Z,2024-06-19T14:00Z,88,87,low
2024-06-19T14:00Z,2024-06-19T14:30Z,94,85,low
2024-06-19T14:30Z,2024-06-19T15:00Z,96,107,low
2024-06-19T15:00Z,2024-06-19T15:30Z,103,96,low
2024-06-19T15:30Z,2024-06-19T16:00Z,114,104,moderate
2024-06-19T16:00Z,2024-06-19T16:30Z,124,103,moderate
2024-06-19T16:30Z,2024-06-19T17:00Z,131,107,moderate
2024-06-19T17:00Z,2024-06-19T17:30Z,141,118,moderate
2024-06-19T17:30Z,2024-06-19T18:00Z,143,132,moderate
2024-06-19T18:00Z,2024-06-19T18:30Z,148,133,moderate
2024-06-19T18:30Z,2024-06-19T19:00Z,153,136,moderate
2024-06-19T19:00Z,2024-06-19T19:30Z,156,136,moderate
2024-06-19T19:30Z,2024-06-19T20:00Z,158,138,moderate
2024-06-19T20:00Z,2024-06-19T20:30Z,160,151,moderate
2024-06-19T20:30Z,2024-06-19T21:00Z,158,154,moderate
2024-06-19T21:00Z,2024-06-19T21:30Z,153,152,moderate
2024-06-19T21:30Z,2024-06-19T22:00Z,136,147,moderate
2024-06-19T22:00Z,2024-06-19T22:30Z,124,141,moderate
2024-06-19T22:30Z,2024-06-19T23:00Z,118,139,moderate
2024-06-19T23:00Z,2024-06-19T23:30Z,119,139,moderate
2024-06-19T23:30Z,2024-06-20T00:00Z,119,132,moderate
2024-06-20T00:00Z,2024-06-20T00:30Z,116,120,moderate
2024-06-20T00:30Z,2024-06-20T01:00Z,115,120,moderate
2024-06-20T01:00Z,2024-06-20T01:30Z,111,116,moderate
2024-06-20T01:30Z,2024-06-20T02:00Z,108,117,low
2024-06-20T02:00Z,2024-06-20T02:30Z,114,123,moderate
2024-06-20T02:30Z,2024-06-20T03:00Z,116,123,moderate
2024-06-20T03:00Z,2024-06-20T03:30Z,115,117,moderate
2024-06-20T03:30Z,2024-06-20T04:00Z,117,125,moderate
2024-06-20T04:00Z,2024-06-20T04:30Z,126,130,moderate
2024-06-20T04:30Z,2024-06-20T05:00Z,136,130,moderate
2024-06-20T05:00Z,2024-06-20T05:30Z,152,131,moderate
2024-06-20T05:30Z,2024-06-20T06:00Z,170,146,moderate
2024-06-20T06:00Z,2024-06-20T06:30Z,169,152,moderate
2024-06-20T06:30Z,2024-06-20T07:00Z,162,157,moderate
2024-06-20T07:00Z,2024-06-20T07:30Z,159,165,moderate
2024-06-20T07:30Z,2024-06-20T08:00Z,150,165,moderate
2024-06-20T08:00Z,2024-06-20T08:30Z,143,160,moderate
2024-06-20T08:30Z,2024-06-20T09:00Z,139,160,moderate
2024-06-20T09:00Z,2024-06-20T09:30Z,133,145,moderate
2024-06-20T09:30Z,2024-06-20T10:00Z,128,136,moderate
2024-06-20T10:00Z,2024-06-20T10:30Z,124,136,moderate
2024-06-20T10:30Z,2024-06-20T11:00Z,120,129,moderate
2024-06-20T11:00Z,2024-06-20T11:30Z,119,127,moderate
2024-06-20T11:30Z,2024-06-20T12:00Z,117,128,moderate
2024-06-20T12:00Z,2024-06-20T12:30Z,113,122,moderate
2024-06-20T12:30Z,2024-06-20T13:00Z,110,113,moderate
2024-06-20T13:00Z,2024-06-20T13:30Z,111,113,moderate
2024-06-20T13:30Z,2024-06-20T14:00Z,117,113,moderate
2024-06-20T14:00Z,2024-06-20T14:30Z,122,109,moderate
2024-06-20T14:30Z,2024-06-20T15:00Z,127,111,moderate
2024-06-20T15:00Z,2024-06-20T15:30Z,133,116,moderate
2024-06-20T15:30Z,2024-06-20T16:00Z,141,125,moderate
2024-06-20T16:00Z,2024-06-20T16:30Z,148,135,moderate
2024-06-20T16:30Z,2024-06-20T17:00Z,154,142,moderate
2024-06-20T17:00Z,2024-06-20T17:30Z,159,149,moderate
2024-06-20T17:30Z,2024-06-20T18:00Z,163,162,moderate
2024-06-20T18:00Z,2024-06-20T18:30Z,168,167,moderate
2024-06-20T18:30Z,2024-06-20T19:00Z,175,171,moderate
2024-06-20T19:00Z,2024-06-20T19:30Z,179,172,moderate
2024-06-20T19:30Z,2024-06-20T20:00Z,180,173,moderate
2024-06-20T20:00Z,2024-06-20T20:30Z,178,177,moderate
2024-06-20T20:30Z,2024-06-20T21:00Z,182,175,moderate
2024-06-20T21:00Z,2024-06-20T21:30Z,176,170,moderate
2024-06-20T21:30Z,2024-06-20T22:00Z,153,166,moderate
2024-06-20T22:00Z,2024-06-20T22:30Z,138,166,moderate
2024-06-20T22:30Z,2024-06-20T23:00Z,136,170,moderate
2024-06-20T23:00Z,2024-06-20T23:30Z,128,143,moderate
2024-06-20T23:30Z,2024-06-21T00:00Z,122,128,moderate
2024-06-21T00:00Z,2024-06-21T00:30Z,118,131,moderate
2024-06-21T00:30Z,2024-06-21T01:00Z,113,121,moderate
2024-06-21T01:00Z,2024-06-21T01:30Z,105,119,low
2024-06-21T01:30Z,2024-06-21T02:00Z,101,117,low
2024-06-21T02:00Z,2024-06-21T02:30Z,102,110,low
2024-06-21T02:30Z,2024-06-21T03:00Z,104,106,low
2024-06-21T03:00Z,2024-06-21T03:30Z,104,107,low
2024-06-21T03:30Z,2024-06-21T04:00Z,116,110,moderate
2024-06-21T04:00Z,2024-06-21T04:30Z,120,105,moderate
2024-06-21T04:30Z,2024-06-21T05:00Z,119,108,moderate
2024-06-21T05:00Z,2024-06-21T05:30Z,122,116,moderate
2024-06-21T05:30Z,2024-06-21T06:00Z,127,120,moderate
2024-06-21T06:00Z,2024-06-21T06:30Z,127,116,moderate
2024-06-21T06:30Z,2024-06-21T07:00Z,117,117,moderate
2024-06-21T07:00Z,2024-06-21T07:30Z,109,117,low
2024-06-21T07:30Z,2024-06-21T08:00Z,99,110,low
2024-06-21T08:00Z,2024-06-21T08:30Z,91,96,low
2024-06-21T08:30Z,2024-06-21T09:00Z,79,89,low
2024-06-21T09:00Z,2024-06-21T09:30Z,71,87,low
2024-06-21T09:30Z,2024-06-21T10:00Z,64,82,low
2024-06-21T10:00Z,2024-06-21T10:30Z,58,68,low
2024-06-21T10:30Z,2024-06-21T11:00Z,54,61,low
2024-06-21T11:00Z,2024-06-21T11:30Z,47,55,low
2024-06-21T11:30Z,2024-06-21T12:00Z,48,50,low
2024-06-21T12:00Z,2024-06-21T12:30Z,47,50,low
2024-06-21T12:30Z,2024-06-21T13:00Z,47,45,low
2024-06-21T13:00Z,2024-06-21T13:30Z,43,47,low
2024-06-21T13:30Z,2024-06-21T14:00Z,39,48,low
2024-06-21T14:00Z,2024-06-21T14:30Z,41,50,low
2024-06-21T14:30Z,2024-06-21T15:00Z,44,46,low
2024-06-21T15:00Z,2024-06-21T15:30Z,55,41,low
2024-06-21T15:30Z,2024-06-21T16:00Z,68,46,low
2024-06-21T16:00Z,2024-06-21T16:30Z,77,47,low
2024-06-21T16:30Z,2024-06-21T17:00Z,86,58,low
2024-06-21T17:00Z,2024-06-21T17:30Z,87,68,low
2024-06-21T17:30Z,2024-06-21T18:00Z,84,74,low
2024-06-21T18:00Z,2024-06-21T18:30Z,93,88,low
2024-06-21T18:30Z,2024-06-21T19:00Z,97,90,low
2024-06-21T19:00Z,2024-06-21T19:30Z,98,92,low
2024-06-21T19:30Z,2024-06-21T20:00Z,100,98,low
2024-06-21T20:00Z,2024-06-21T20:30Z,108,102,low
2024-06-21T20:30Z,2024-06-21T21:00Z,106,102,low
2024-06-21T21:00Z,2024-06-21T21:30Z,104,109,low
2024-06-21T21:30Z,2024-06-21T22:00Z,101,115,low
2024-06-21T22:00Z,2024-06-21T22:30Z,93,110,low
2024-06-21T22:30Z,2024-06-21T23:00Z,83,112,low
2024-06-21T23:00Z,2024-06-21T23:30Z,79,110,low
2024-06-21T23:30Z,2024-06-22T00:00Z,80,102,low
2024-06-22T00:00Z,2024-06-22T00:30Z,83,94,low
2024-06-22T00:30Z,2024-06-22T01:00Z,82,87,low
2024-06-22T01:00Z,2024-06-22T01:30Z,81,87,low
2024-06-22T01:30Z,2024-06-22T02:00Z,79,89,low
2024-06-22T02:00Z,2024-06-22T02:30Z,82,85,low
2024-06-22T02:30Z,2024-06-22T03:00Z,85,84,low
2024-06-22T03:00Z,2024-06-22T03:30Z,84,85,low
2024-06-22T03:30Z,2024-06-22T04:00Z,86,91,low
2024-06-22T04:00Z,2024-06-22T04:30Z,88,97,low
2024-06-22T04:30Z,2024-06-22T05:00Z,92,100,low
2024-06-22T05:00Z,2024-06-22T05:30Z,96,97,low
2024-06-22T05:30Z,2024-06-22T06:00Z,105,97,low
2024-06-22T06:00Z,2024-06-22T06:30Z,109,100,low
2024-06-22T06:30Z,2024-06-22T07:00Z,107,107,low
2024-06-22T07:00Z,2024-06-22T07:30Z,105,114,low
2024-06-22T07:30Z,2024-06-22T08:00Z,103,111,low
2024-06-22T08:00Z,2024-06-22T08:30Z,98,102,low
2024-06-22T08:30Z,2024-06-22T09:00Z,95,93,low
2024-06-22T09:00Z,2024-06-22T09:30Z,93,95,low
2024-06-22T09:30Z,2024-06-22T10:00Z,92,90,low
2024-06-22T10:00Z,2024-06-22T10:30Z,87,87,low
2024-06-22T10:30Z,2024-06-22T11:00Z,79,85,low
2024-06-22T11:00Z,2024-06-22T11:30Z,70,82,low
2024-06-22T11:30Z,2024-06-22T12:00Z,67,81,low
2024-06-22T12:00Z,2024-06-22T12:30Z,58,74,low
2024-06-22T12:30Z,2024-06-22T13:00Z,52,66,low
2024-06-22T13:00Z,2024-06-22T13:30Z,49,62,low
2024-06-22T13:30Z,2024-06-22T14:00Z,51,61,low
2024-06-22T14:00Z,2024-06-22T14:30Z,50,61,low
2024-06-22T14:30Z,2024-06-22T15:00Z,53,47,low
2024-06-22T15:00Z,2024-06-22T15:30Z,57,51,low
2024-06-22T15:30Z,2024-06-22T16:00Z,63,51,low
2024-06-22T16:00Z,2024-06-22T16:30Z,76,56,low
2024-06-22T16:30Z,2024-06-22T17:00Z,79,61,low
2024-06-22T17:00Z,2024-06-22T17:30Z,91,62,low
2024-06-22T17:30Z,2024-06-22T18:00Z,96,72,low
2024-06-22T18:00Z,2024-06-22T18:30Z,106,80,low
2024-06-22T18:30Z,2024-06-22T19:00Z,111,89,moderate
2024-06-22T19:00Z,2024-06-22T19:30Z,113,93,moderate
2024-06-22T19:30Z,2024-06-22T20:00Z,116,106,moderate
2024-06-22T20:00Z,2024-06-22T20:30Z,118,112,moderate
2024-06-22T20:30Z,2024-06-22T21:00Z,118,114,moderate
2024-06-22T21:00Z,2024-06-22T21:30Z,107,112,low
2024-06-22T21:30Z,2024-06-22T22:00Z,90,114,low
2024-06-22T22:00Z,2024-06-22T22:30Z,78,120,low
2024-06-22T22:30Z,2024-06-22T23:00Z,74,108,low
2024-06-22T23:00Z,2024-06-22T23:30Z,73,95,low
2024-06-22T23:30Z,2024-06-23T00:00Z,71,84,low
2024-06-23T00:00Z,2024-06-23T00:30Z,72,76,low
2024-06-23T00:30Z,2024-06-23T01:00Z,70,73,low
2024-06-23T01:00Z,2024-06-23T01:30Z,67,74,low
2024-06-23T01:30Z,2024-06-23T02:00Z,72,74,low
2024-06-23T02:00Z,2024-06-23T02:30Z,72,74,low
2024-06-23T02:30Z,2024-06-23T03:00Z,74,68,low
2024-06-23T03:00Z,2024-06-23T03:30Z,75,75,low
2024-06-23T03:30Z,2024-06-23T04:00Z,78,77,low
2024-06-23T04:00Z,2024-06-23T04:30Z,82,83,low
2024-06-23T04:30Z,2024-06-23T05:00Z,92,89,low
2024-06-23T05:00Z,2024-06-23T05:30Z,95,88,low
2024-06-23T05:30Z,2024-06-23T06:00Z,100,87,low
2024-06-23T06:00Z,2024-06-23T06:30Z,100,95,low
2024-06-23T06:30Z,2024-06-23T07:00Z,86,93,low
2024-06-23T07:00Z,2024-06-23T07:30Z,88,97,low
2024-06-23T07:30Z,2024-06-23T08:00Z,90,98,low
2024-06-23T08:00Z,2024-06-23T08:30Z,95,83,low
2024-06-23T08:30Z,2024-06-23T09:00Z,101,88,low
2024-06-23T09:00Z,2024-06-23T09:30Z,101,86,low
2024-06-23T09:30Z,2024-06-23T10:00Z,102,88,low
2024-06-23T10:00Z,2024-06-23T10:30Z,101,99,low
2024-06-23T10:30Z,2024-06-23T11:00Z,100,103,low
2024-06-23T11:00Z,2024-06-23T11:30Z,99,101,low
2024-06-23T11:30Z,2024-06-23T12:00Z,94,100,low
2024-06-23T12:00Z,2024-06-23T12:30Z,92,97,low
2024-06-23T12:30Z,2024-06-23T13:00Z,94,90,low
2024-06-23T13:00Z,2024-06-23T13:30Z,93,87,low
2024-06-23T13:30Z,2024-06-23T14:00Z,93,90,low
2024-06-23T14:00Z,2024-06-23T14:30Z,99,88,low
2024-06-23T14:30Z,2024-06-23T15:00Z,104,94,low
2024-06-23T15:00Z,2024-06-23T15:30Z,114,93,moderate
2024-06-23T15:30Z,2024-06-23T16:00Z,126,107,moderate
2024-06-23T16:00Z,2024-06-23T16:30Z,132,123,moderate
2024-06-23T16:30Z,2024-06-23T17:00Z,137,125,moderate
2024-06-23T17:00Z,2024-06-23T17:30Z,140,127,moderate
2024-06-23T17:30Z,2024-06-23T18:00Z,142,132,moderate
2024-06-23T18:00Z,2024-06-23T18:30Z,148,137,moderate
2024-06-23T18:30Z,2024-06-23T19:00Z,153,138,moderate
2024-06-23T19:00Z,2024-06-23T19:30Z,155,141,moderate
2024-06-23T19:30Z,2024-06-23T20:00Z,156,142,moderate
2024-06-23T20:00Z,2024-06-23T20:30Z,158,144,moderate
2024-06-23T20:30Z,2024-06-23T21:00Z,157,140,moderate
2024-06-23T21:00Z,2024-06-23T21:30Z,152,153,moderate
2024-06-23T21:30Z,2024-06-23T22:00Z,130,153,moderate
2024-06-23T22:00Z,2024-06-23T22:30Z,116,150,moderate
2024-06-23T22:30Z,2024-06-23T23:00Z,111,148,moderate
2024-06-23T23:00Z,2024-06-23T23:30Z,108,127,low
2024-06-23T23:30Z,2024-06-24T00:00Z,108,119,low
2024-06-24T00:00Z,2024-06-24T00:30Z,106,116,low
2024-06-24T00:30Z,2024-06-24T01:00Z,105,110,low
2024-06-24T01:00Z,2024-06-24T01:30Z,109,113,low
2024-06-24T01:30Z,2024-06-24T02:00Z,108,114,low
2024-06-24T02:00Z,2024-06-24T02:30Z,110,109,moderate
2024-06-24T02:30Z,2024-06-24T03:00Z,113,112,moderate
2024-06-24T03:00Z,2024-06-24T03:30Z,110,117,moderate
2024-06-24T03:30Z,2024-06-24T04:00Z,116,120,moderate
2024-06-24T04:00Z,2024-06-24T04:30Z,124,123,moderate
2024-06-24T04:30Z,2024-06-24T05:00Z,140,113,moderate
2024-06-24T05:00Z,2024-06-24T05:30Z,148,119,moderate
2024-06-24T05:30Z,2024-06-24T06:00Z,143,135,moderate
2024-06-24T06:00Z,2024-06-24T06:30Z,148,153,moderate
2024-06-24T06:30Z,2024-06-24T07:00Z,143,151,moderate
2024-06-24T07:00Z,2024-06-24T07:30Z,139,141,moderate
2024-06-24T07:30Z,2024-06-24T08:00Z,136,144,moderate
2024-06-24T08:00Z,2024-06-24T08:30Z,132,138,moderate
2024-06-24T08:30Z,2024-06-24T09:00Z,128,133,moderate
2024-06-24T09:00Z,2024-06-24T09:30Z,126,130,moderate
2024-06-24T09:30Z,2024-06-24T10:00Z,124,125,moderate
2024-06-24T10:00Z,2024-06-24T10:30Z,123,122,moderate
2024-06-24T10:30Z,2024-06-24T11:00Z,119,116,moderate
2024-06-24T11:00Z,2024-06-24T11:30Z,119,120,moderate
2024-06-24T11:30Z,2024-06-24T12:00Z,115,118,moderate
2024-06-24T12:00Z,2024-06-24T12:30Z,112,113,moderate
2024-06-24T12:30Z,2024-06-24T13:00Z,113,112,moderate
2024-06-24T13:00Z,2024-06-24T13:30Z,113,111,moderate
2024-06-24T13:30Z,2024-06-24T14:00Z,126,110,moderate
2024-06-24T14:00Z,2024-06-24T14:30Z,130,109,moderate
2024-06-24T14:30Z,2024-06-24T15:00Z,135,113,moderate
2024-06-24T15:00Z,2024-06-24T15:30Z,143,113,moderate
2024-06-24T15:30Z,2024-06-24T16:00Z,142,118,moderate
2024-06-24T16:00Z,2024-06-24T16:30Z,152,124,moderate
2024-06-24T16:30Z,2024-06-24T17:00Z,155,125,moderate
2024-06-24T17:00Z,2024-06-24T17:30Z,166,128,moderate
2024-06-24T17:30Z,2024-06-24T18:00Z,176,131,moderate
2024-06-24T18:00Z,2024-06-24T18:30Z,180,134,moderate
2024-06-24T18:30Z,2024-06-24T19:00Z,183,138,moderate
2024-06-24T19:00Z,2024-06-24T19:30Z,186,140,moderate
2024-06-24T19:30Z,2024-06-24T20:00Z,186,141,moderate
2024-06-24T20:00Z,2024-06-24T20:30Z,180,142,moderate
2024-06-24T20:30Z,2024-06-24T21:00Z,165,137,moderate
2024-06-24T21:00Z,2024-06-24T21:30Z,158,136,moderate
2024-06-24T21:30Z,2024-06-24T22:00Z,149,127,moderate
2024-06-24T22:00Z,2024-06-24T22:30Z,140,125,moderate
2024-06-24T22:30Z,2024-06-24T23:00Z,138,123,moderate
2024-06-24T23:00Z,2024-06-24T23:30Z,137,124,moderate
2024-06-24T23:30Z,2024-06-25T00:00Z,136,122,moderate
2024-06-25T00:00Z,2024-06-25T00:30Z,135,122,moderate
2024-06-25T00:30Z,2024-06-25T01:00Z,136,123,moderate
2024-06-25T01:00Z,2024-06-25T01:30Z,136,127,moderate
2024-06-25T01:30Z,2024-06-25T02:00Z,138,129,moderate
2024-06-25T02:00Z,2024-06-25T02:30Z,141,135,moderate
2024-06-25T02:30Z,2024-06-25T03:00Z,147,141,moderate
2024-06-25T03:00Z,2024-06-25T03:30Z,151,151,moderate
2024-06-25T03:30Z,2024-06-25T04:00Z,167,155,moderate
2024-06-25T04:00Z,2024-06-25T04:30Z,177,160,moderate
2024-06-25T04:30Z,2024-06-25T05:00Z,181,167,moderate
2024-06-25T05:00Z,2024-06-25T05:30Z,180,180,moderate
2024-06-25T05:30Z,2024-06-25T06:00Z,169,195,moderate
2024-06-25T06:00Z,2024-06-25T06:30Z,171,198,moderate
2024-06-25T06:30Z,2024-06-25T07:00Z,167,186,moderate
2024-06-25T07:00Z,2024-06-25T07:30Z,159,174,moderate
2024-06-25T07:30Z,2024-06-25T08:00Z,155,171,moderate
2024-06-25T08:00Z,2024-06-25T08:30Z,152,165,moderate
2024-06-25T08:30Z,2024-06-25T09:00Z,149,153,moderate
2024-06-25T09:00Z,2024-06-25T09:30Z,146,142,moderate
2024-06-25T09:30Z,2024-06-25T10:00Z,143,137,moderate
2024-06-25T10:00Z,2024-06-25T10:30Z,136,139,moderate
2024-06-25T10:30Z,2024-06-25T11:00Z,128,132,moderate
2024-06-25T11:00Z,2024-06-25T11:30Z,128,131,moderate
2024-06-25T11:30Z,2024-06-25T12:00Z,127,126,moderate
2024-06-25T12:00Z,2024-06-25T12:30Z,129,122,moderate
2024-06-25T12:30Z,2024-06-25T13:00Z,133,122,moderate
2024-06-25T13:00Z,2024-06-25T13:30Z,134,119,moderate
2024-06-25T13:30Z,2024-06-25T14:00Z,137,122,moderate
2024-06-25T14:00Z,2024-06-25T14:30Z,141,125,moderate
2024-06-25T14:30Z,2024-06-25T15:00Z,146,127,moderate
2024-06-25T15:00Z,2024-06-25T15:30Z,154,131,moderate
2024-06-25T15:30Z,2024-06-25T16:00Z,162,133,moderate
2024-06-25T16:00Z,2024-06-25T16:30Z,168,150,moderate
2024-06-25T16:30Z,2024-06-25T17:00Z,173,155,moderate
2024-06-25T17:00Z,2024-06-25T17:30Z,176,165,moderate
2024-06-25T17:30Z,2024-06-25T18:00Z,175,172,moderate
2024-06-25T18:00Z,2024-06-25T18:30Z,180,177,moderate
2024-06-25T18:30Z,2024-06-25T19:00Z,181,179,moderate
2024-06-25T19:00Z,2024-06-25T19:30Z,184,176,moderate
2024-06-25T19:30Z,2024-06-25T20:00Z,189,177,moderate
2024-06-25T20:00Z,2024-06-25T20:30Z,190,170,high
2024-06-25T20:30Z,2024-06-25T21:00Z,187,169,moderate
2024-06-25T21:00Z,2024-06-25T21:30Z,181,186,moderate
2024-06-25T21:30Z,2024-06-25T22:00Z,177,174,moderate
2024-06-25T22:00Z,2024-06-25T22:30Z,168,172,moderate
2024-06-25T22:30Z,2024-06-25T23:00Z,165,162,moderate
2024-06-25T23:00Z,2024-06-25T23:30Z,166,166,moderate
2024-06-25T23:30Z,2024-06-26T00:00Z,166,165,moderate
2024-06-26T00:00Z,2024-06-26T00:30Z,167,167,moderate
2024-06-26T00:30Z,2024-06-26T01:00Z,164,163,moderate
2024-06-26T01:00Z,2024-06-26T01:30Z,166,166,moderate
2024-06-26T01:30Z,2024-06-26T02:00Z,166,163,moderate
2024-06-26T02:00Z,2024-06-26T02:30Z,166,161,moderate
2024-06-26T02:30Z,2024-06-26T03:00Z,166,162,moderate
2024-06-26T03:00Z,2024-06-26T03:30Z,166,170,moderate
2024-06-26T03:30Z,2024-06-26T04:00Z,168,168,moderate
2024-06-26T04:00Z,2024-06-26T04:30Z,171,171,moderate
2024-06-26T04:30Z,2024-06-26T05:00Z,173,173,moderate
2024-06-26T05:00Z,2024-06-26T05:30Z,177,173,moderate
2024-06-26T05:30Z,2024-06-26T06:00Z,177,176,moderate
2024-06-26T06:00Z,2024-06-26T06:30Z,173,182,moderate
2024-06-26T06:30Z,2024-06-26T07:00Z,171,179,moderate
2024-06-26T07:00Z,2024-06-26T07:30Z,164,175,moderate
2024-06-26T07:30Z,2024-06-26T08:00Z,156,170,moderate
2024-06-26T08:00Z,2024-06-26T08:30Z,149,154,moderate
2024-06-26T08:30Z,2024-06-26T09:00Z,144,144,moderate
2024-06-26T09:00Z,2024-06-26T09:30Z,134,137,moderate
2024-06-26T09:30Z,2024-06-26T10:00Z,125,128,moderate
2024-06-26T10:00Z,2024-06-26T10:30Z,117,129,moderate
2024-06-26T10:30Z,2024-06-26T11:00Z,111,121,moderate
2024-06-26T11:00Z,2024-06-26T11:30Z,105,116,low
2024-06-26T11:30Z,2024-06-26T12:00Z,101,111,low
2024-06-26T12:00Z,2024-06-26T12:30Z,100,106,low
2024-06-26T12:30Z,2024-06-26T13:00Z,101,102,low
2024-06-26T13:00Z,2024-06-26T13:30Z,103,96,low
2024-06-26T13:30Z,2024-06-26T14:00Z,107,97,low
2024-06-26T14:00Z,2024-06-26T14:30Z,109,97,low
2024-06-26T14:30Z,2024-06-26T15:00Z,116,106,moderate
2024-06-26T15:00Z,2024-06-26T15:30Z,128,111,moderate
2024-06-26T15:30Z,2024-06-26T16:00Z,145,119,moderate
2024-06-26T16:00Z,2024-06-26T16:30Z,151,126,moderate
2024-06-26T16:30Z,2024-06-26T17:00Z,168,139,moderate
2024-06-26T17:00Z,2024-06-26T17:30Z,173,153,moderate
2024-06-26T17:30Z,2024-06-26T18:00Z,179,155,moderate
2024-06-26T18:00Z,2024-06-26T18:30Z,188,175,moderate
2024-06-26T18:30Z,2024-06-26T19:00Z,194,176,high
2024-06-26T19:00Z,2024-06-26T19:30Z,197,178,high
2024-06-26T19:30Z,2024-06-26T20:00Z,196,166,high
2024-06-26T20:00Z,2024-06-26T20:30Z,189,155,moderate
2024-06-26T20:30Z,2024-06-26T21:00Z,183,153,moderate
2024-06-26T21:00Z,2024-06-26T21:30Z,167,164,moderate
2024-06-26T21:30Z,2024-06-26T22:00Z,145,167,moderate
2024-06-26T22:00Z,2024-06-26T22:30Z,127,169,moderate
2024-06-26T22:30Z,2024-06-26T23:00Z,110,159,moderate
2024-06-26T23:00Z,2024-06-26T23:30Z,101,133,low
2024-06-26T23:30Z,2024-06-27T00:00Z,89,120,low
2024-06-27T00:00Z,2024-06-27T00:30Z,83,102,low
2024-06-27T00:30Z,2024-06-27T01:00Z,83,91,low
2024-06-27T01:00Z,2024-06-27T01:30Z,78,82,low
2024-06-27T01:30Z,2024-06-27T02:00Z,83,78,low
2024-06-27T02:00Z,2024-06-27T02:30Z,82,79,low
2024-06-27T02:30Z,2024-06-27T03:00Z,85,79,low
2024-06-27T03:00Z,2024-06-27T03:30Z,87,81,low
2024-06-27T03:30Z,2024-06-27T04:00Z,103,78,low
2024-06-27T04:00Z,2024-06-27T04:30Z,111,81,moderate
2024-06-27T04:30Z,2024-06-27T05:00Z,114,82,moderate
2024-06-27T05:00Z,2024-06-27T05:30Z,115,94,moderate
2024-06-27T05:30Z,2024-06-27T06:00Z,104,99,low
2024-06-27T06:00Z,2024-06-27T06:30Z,100,94,low
2024-06-27T06:30Z,2024-06-27T07:00Z,89,93,low
2024-06-27T07:00Z,2024-06-27T07:30Z,82,91,low
2024-06-27T07:30Z,2024-06-27T08:00Z,71,85,low
2024-06-27T08:00Z,2024-06-27T08:30Z,61,85,low
2024-06-27T08:30Z,2024-06-27T09:00Z,59,111,low
2024-06-27T09:00Z,2024-06-27T09:30Z,50,63,low
2024-06-27T09:30Z,2024-06-27T10:00Z,47,55,low
2024-06-27T10:00Z,2024-06-27T10:30Z,48,55,low
2024-06-27T10:30Z,2024-06-27T11:00Z,46,51,low
2024-06-27T11:00Z,2024-06-27T11:30Z,39,45,low
2024-06-27T11:30Z,2024-06-27T12:00Z,38,46,low
2024-06-27T12:00Z,2024-06-27T12:30Z,38,44,low
2024-06-27T12:30Z,2024-06-27T13:00Z,45,38,low
2024-06-27T13:00Z,2024-06-27T13:30Z,45,38,low
2024-06-27T13:30Z,2024-06-27T14:00Z,43,36,low
2024-06-27T14:00Z,2024-06-27T14:30Z,43,42,low
2024-06-27T14:30Z,2024-06-27T15:00Z,42,42,low
2024-06-27T15:00Z,2024-06-27T15:30Z,46,42,low
2024-06-27T15:30Z,2024-06-27T16:00Z,51,45,low
2024-06-27T16:00Z,2024-06-27T16:30Z,57,45,low
2024-06-27T16:30Z,2024-06-27T17:00Z,61,47,low
2024-06-27T17:00Z,2024-06-27T17:30Z,68,53,low
2024-06-27T17:30Z,2024-06-27T18:00Z,74,58,low
2024-06-27T18:00Z,2024-06-27T18:30Z,78,64,low
2024-06-27T18:30Z,2024-06-27T19:00Z,77,69,low
2024-06-27T19:00Z,2024-06-27T19:30Z,79,74,low
2024-06-27T19:30Z,2024-06-27T20:00Z,85,74,low
2024-06-27T20:00Z,2024-06-27T20:30Z,86,75,low
2024-06-27T20:30Z,2024-06-27T21:00Z,81,77,low
2024-06-27T21:00Z,2024-06-27T21:30Z,72,78,low
2024-06-27T21:30Z,2024-06-27T22:00Z,73,81,low
2024-06-27T22:00Z,2024-06-27T22:30Z,63,73,low
2024-06-27T22:30Z,2024-06-27T23:00Z,65,63,low
2024-06-27T23:00Z,2024-06-27T23:30Z,60,65,low
2024-06-27T23:30Z,2024-06-28T00:00Z,64,58,low
2024-06-28T00:00Z,2024-06-28T00:30Z,63,59,low
2024-06-28T00:30Z,2024-06-28T01:00Z,60,57,low
2024-06-28T01:00Z,2024-06-28T01:30Z,57,62,low
2024-06-28T01:30Z,2024-06-28T02:00Z,50,59,low
2024-06-28T02:00Z,2024-06-28T02:30Z,52,56,low
2024-06-28T02:30Z,2024-06-28T03:00Z,54,52,low
2024-06-28T03:00Z,2024-06-28T03:30Z,54,45,low
2024-06-28T03:30Z,2024-06-28T04:00Z,58,47,low
2024-06-28T04:00Z,2024-06-28T04:30Z,68,49,low
2024-06-28T04:30Z,2024-06-28T05:00Z,69,40,low
2024-06-28T05:00Z,2024-06-28T05:30Z,74,57,low
2024-06-28T05:30Z,2024-06-28T06:00Z,72,64,low
2024-06-28T06:00Z,2024-06-28T06:30Z,77,64,low
2024-06-28T06:30Z,2024-06-28T07:00Z,81,67,low
2024-06-28T07:00Z,2024-06-28T07:30Z,77,64,low
2024-06-28T07:30Z,2024-06-28T08:00Z,63,66,low
2024-06-28T08:00Z,2024-06-28T08:30Z,62,69,low
2024-06-28T08:30Z,2024-06-28T09:00Z,56,63,low
2024-06-28T09:00Z,2024-06-28T09:30Z,55,56,low
2024-06-28T09:30Z,2024-06-28T10:00Z,54,65,low
2024-06-28T10:00Z,2024-06-28T10:30Z,52,52,low
2024-06-28T10:30Z,2024-06-28T11:00Z,49,50,low
2024-06-28T11:00Z,2024-06-28T11:30Z,49,48,low
2024-06-28T11:30Z,2024-06-28T12:00Z,52,47,low
2024-06-28T12:00Z,2024-06-28T12:30Z,51,45,low
2024-06-28T12:30Z,2024-06-28T13:00Z,51,45,low
2024-06-28T13:00Z,2024-06-28T13:30Z,50,45,low
2024-06-28T13:30Z,2024-06-28T14:00Z,50,46,low
2024-06-28T14:00Z,2024-06-28T14:30Z,52,45,low
2024-06-28T14:30Z,2024-06-28T15:00Z,51,45,low
2024-06-28T15:00Z,2024-06-28T15:30Z,62,49,low
2024-06-28T15:30Z,2024-06-28T16:00Z,68,50,low
2024-06-28T16:00Z,2024-06-28T16:30Z,75,50,low
2024-06-28T16:30Z,2024-06-28T17:00Z,65,64,low
2024-06-28T17:00Z,2024-06-28T17:30Z,78,69,low
2024-06-28T17:30Z,2024-06-28T18:00Z,86,72,low
2024-06-28T18:00Z,2024-06-28T18:30Z,99,68,low
2024-06-28T18:30Z,2024-06-28T19:00Z,112,85,moderate
2024-06-28T19:00Z,2024-06-28T19:30Z,116,94,moderate
2024-06-28T19:30Z,2024-06-28T20:00Z,122,106,moderate
2024-06-28T20:00Z,2024-06-28T20:30Z,125,121,moderate
2024-06-28T20:30Z,2024-06-28T21:00Z,120,124,moderate
2024-06-28T21:00Z,2024-06-28T21:30Z,127,116,moderate
2024-06-28T21:30Z,2024-06-28T22:00Z,121,108,moderate
2024-06-28T22:00Z,2024-06-28T22:30Z,116,102,moderate
2024-06-28T22:30Z,2024-06-28T23:00Z,112,99,moderate
2024-06-28T23:00Z,2024-06-28T23:30Z,109,109,low
2024-06-28T23:30Z,2024-06-29T00:00Z,107,107,low
2024-06-29T00:00Z,2024-06-29T00:30Z,105,103,low
2024-06-29T00:30Z,2024-06-29T01:00Z,105,98,low
2024-06-29T01:00Z,2024-06-29T01:30Z,101,94,low
2024-06-29T01:30Z,2024-06-29T02:00Z,101,94,low
2024-06-29T02:00Z,2024-06-29T02:30Z,105,90,low
2024-06-29T02:30Z,2024-06-29T03:00Z,102,86,low
2024-06-29T03:00Z,2024-06-29T03:30Z,98,88,low
2024-06-29T03:30Z,2024-06-29T04:00Z,93,73,low
2024-06-29T04:00Z,2024-06-29T04:30Z,93,96,low
2024-06-29T04:30Z,2024-06-29T05:00Z,86,76,low
2024-06-29T05:00Z,2024-06-29T05:30Z,86,94,low
2024-06-29T05:30Z,2024-06-29T06:00Z,84,90,low
2024-06-29T06:00Z,2024-06-29T06:30Z,83,76,low
2024-06-29T06:30Z,2024-06-29T07:00Z,81,81,low
2024-06-29T07:00Z,2024-06-29T07:30Z,81,76,low
2024-06-29T07:30Z,2024-06-29T08:00Z,79,82,low
2024-06-29T08:00Z,2024-06-29T08:30Z,76,80,low
2024-06-29T08:30Z,2024-06-29T09:00Z,72,80,low
2024-06-29T09:00Z,2024-06-29T09:30Z,65,78,low
2024-06-29T09:30Z,2024-06-29T10:00Z,59,73,low
2024-06-29T10:00Z,2024-06-29T10:30Z,56,73,low
2024-06-29T10:30Z,2024-06-29T11:00Z,50,64,low
2024-06-29T11:00Z,2024-06-29T11:30Z,48,59,low
2024-06-29T11:30Z,2024-06-29T12:00Z,46,56,low
2024-06-29T12:00Z,2024-06-29T12:30Z,45,53,low
2024-06-29T12:30Z,2024-06-29T13:00Z,46,52,low
2024-06-29T13:00Z,2024-06-29T13:30Z,46,47,low
2024-06-29T13:30Z,2024-06-29T14:00Z,48,46,low
2024-06-29T14:00Z,2024-06-29T14:30Z,54,46,low
2024-06-29T14:30Z,2024-06-29T15:00Z,58,47,low
2024-06-29T15:00Z,2024-06-29T15:30Z,73,46,low
2024-06-29T15:30Z,2024-06-29T16:00Z,97,56,low
2024-06-29T16:00Z,2024-06-29T16:30Z,115,61,moderate
2024-06-29T16:30Z,2024-06-29T17:00Z,129,74,moderate
2024-06-29T17:00Z,2024-06-29T17:30Z,135,97,moderate
2024-06-29T17:30Z,2024-06-29T18:00Z,138,118,moderate
2024-06-29T18:00Z,2024-06-29T18:30Z,144,137,moderate
2024-06-29T18:30Z,2024-06-29T19:00Z,145,135,moderate
2024-06-29T19:00Z,2024-06-29T19:30Z,146,134,moderate
2024-06-29T19:30Z,2024-06-29T20:00Z,142,133,moderate
2024-06-29T20:00Z,2024-06-29T20:30Z,147,136,moderate
2024-06-29T20:30Z,2024-06-29T21:00Z,143,139,moderate
2024-06-29T21:00Z,2024-06-29T21:30Z,133,137,moderate
2024-06-29T21:30Z,2024-06-29T22:00Z,116,130,moderate
2024-06-29T22:00Z,2024-06-29T22:30Z,102,125,low
2024-06-29T22:30Z,2024-06-29T23:00Z,96,122,low
2024-06-29T23:00Z,2024-06-29T23:30Z,90,112,low
2024-06-29T23:30Z,2024-06-30T00:00Z,90,90,low
2024-06-30T00:00Z,2024-06-30T00:30Z,87,88,low
2024-06-30T00:30Z,2024-06-30T01:00Z,89,81,low
2024-06-30T01:00Z,2024-06-30T01:30Z,89,81,low
2024-06-30T01:30Z,2024-06-30T02:00Z,93,78,low
2024-06-30T02:00Z,2024-06-30T02:30Z,91,81,low
2024-06-30T02:30Z,2024-06-30T03:00Z,91,86,low
2024-06-30T03:00Z,2024-06-30T03:30Z,93,89,low
2024-06-30T03:30Z,2024-06-30T04:00Z,90,83,low
2024-06-30T04:00Z,2024-06-30T04:30Z,89,81,low
2024-06-30T04:30Z,2024-06-30T05:00Z,91,82,low
2024-06-30T05:00Z,2024-06-30T05:30Z,91,78,low
2024-06-30T05:30Z,2024-06-30T06:00Z,102,78,low
2024-06-30T06:00Z,2024-06-30T06:30Z,97,84,low
2024-06-30T06:30Z,2024-06-30T07:00Z,94,81,low
2024-06-30T07:00Z,2024-06-30T07:30Z,94,88,low
2024-06-30T07:30Z,2024-06-30T08:00Z,91,83,low
2024-06-30T08:00Z,2024-06-30T08:30Z,92,78,low
2024-06-30T08:30Z,2024-06-30T09:00Z,87,78,low
2024-06-30T09:00Z,2024-06-30T09:30Z,85,77,low
2024-06-30T09:30Z,2024-06-30T10:00Z,82,74,low
2024-06-30T10:00Z,2024-06-30T10:30Z,82,70,low
2024-06-30T10:30Z,2024-06-30T11:00Z,70,73,low
2024-06-30T11:00Z,2024-06-30T11:30Z,68,71,low
2024-06-30T11:30Z,2024-06-30T12:00Z,67,68,low
2024-06-30T12:00Z,2024-06-30T12:30Z,69,60,low
2024-06-30T12:30Z,2024-06-30T13:00Z,69,57,low
2024-06-30T13:00Z,2024-06-30T13:30Z,71,59,low
2024-06-30T13:30Z,2024-06-30T14:00Z,75,61,low
2024-06-30T14:00Z,2024-06-30T14:30Z,80,63,low
2024-06-30T14:30Z,2024-06-30T15:00Z,88,67,low
2024-06-30T15:00Z,2024-06-30T15:30Z,96,75,low
2024-06-30T15:30Z,2024-06-30T16:00Z,112,82,moderate
2024-06-30T16:00Z,2024-06-30T16:30Z,122,94,moderate
2024-06-30T16:30Z,2024-06-30T17:00Z,125,104,moderate
2024-06-30T17:00Z,2024-06-30T17:30Z,118,119,moderate
2024-06-30T17:30Z,2024-06-30T18:00Z,118,130,moderate
2024-06-30T18:00Z,2024-06-30T18:30Z,123,142,moderate
2024-06-30T18:30Z,2024-06-30T19:00Z,134,133,moderate
2024-06-30T19:00Z,2024-06-30T19:30Z,142,124,moderate
2024-06-30T19:30Z,2024-06-30T20:00Z,148,126,moderate
2024-06-30T20:00Z,2024-06-30T20:30Z,147,142,moderate
2024-06-30T20:30Z,2024-06-30T21:00Z,148,151,moderate
2024-06-30T21:00Z,2024-06-30T21:30Z,143,148,moderate
2024-06-30T21:30Z,2024-06-30T22:00Z,132,136,moderate
2024-06-30T22:00Z,2024-06-30T22:30Z,116,133,moderate
2024-06-30T22:30Z,2024-06-30T23:00Z,109,133,low
2024-06-30T23:00Z,2024-06-30T23:30Z,105,126,low
2024-06-30T23:30Z,2024-07-01T00:00Z,105,118,low
2024-07-01T00:00Z,2024-07-01T00:30Z,105,116,low
2024-07-01T00:30Z,2024-07-01T01:00Z,108,121,low
2024-07-01T01:00Z,2024-07-01T01:30Z,105,109,low
2024-07-01T01:30Z,2024-07-01T02:00Z,95,111,low
2024-07-01T02:00Z,2024-07-01T02:30Z,92,104,low
2024-07-01T02:30Z,2024-07-01T03:00Z,98,104,low
2024-07-01T03:00Z,2024-07-01T03:30Z,94,103,low
2024-07-01T03:30Z,2024-07-01T04:00Z,101,96,low
2024-07-01T04:00Z,2024-07-01T04:30Z,105,102,low
2024-07-01T04:30Z,2024-07-01T05:00Z,108,68,low
2024-07-01T05:00Z,2024-07-01T05:30Z,112,103,moderate
2024-07-01T05:30Z,2024-07-01T06:00Z,118,111,moderate
2024-07-01T06:00Z,2024-07-01T06:30Z,118,109,moderate
2024-07-01T06:30Z,2024-07-01T07:00Z,113,111,moderate
2024-07-01T07:00Z,2024-07-01T07:30Z,111,119,moderate
2024-07-01T07:30Z,2024-07-01T08:00Z,109,113,low
2024-07-01T08:00Z,2024-07-01T08:30Z,105,106,low
2024-07-01T08:30Z,2024-07-01T09:00Z,104,103,low
2024-07-01T09:00Z,2024-07-01T09:30Z,100,94,low
2024-07-01T09:30Z,2024-07-01T10:00Z,99,89,low
2024-07-01T10:00Z,2024-07-01T10:30Z,96,95,low
2024-07-01T10:30Z,2024-07-01T11:00Z,88,93,low
2024-07-01T11:00Z,2024-07-01T11:30Z,86,90,low
2024-07-01T11:30Z,2024-07-01T12:00Z,80,86,low
2024-07-01T12:00Z,2024-07-01T12:30Z,73,81,low
2024-07-01T12:30Z,2024-07-01T13:00Z,72,80,low
2024-07-01T13:00Z,2024-07-01T13:30Z,69,76,low
2024-07-01T13:30Z,2024-07-01T14:00Z,69,70,low
2024-07-01T14:00Z,2024-07-01T14:30Z,67,67,low
2024-07-01T14:30Z,2024-07-01T15:00Z,72,64,low
2024-07-01T15:00Z,2024-07-01T15:30Z,76,58,low
2024-07-01T15:30Z,2024-07-01T16:00Z,75,58,low
2024-07-01T16:00Z,2024-07-01T16:30Z,81,63,low
2024-07-01T16:30Z,2024-07-01T17:00Z,87,67,low
2024-07-01T17:00Z,2024-07-01T17:30Z,89,71,low
2024-07-01T17:30Z,2024-07-01T18:00Z,94,82,low
2024-07-01T18:00Z,2024-07-01T18:30Z,94,90,low
2024-07-01T18:30Z,2024-07-01T19:00Z,91,93,low
2024-07-01T19:00Z,2024-07-01T19:30Z,90,94,low
2024-07-01T19:30Z,2024-07-01T20:00Z,89,94,low
2024-07-01T20:00Z,2024-07-01T20:30Z,90,93,low
2024-07-01T20:30Z,2024-07-01T21:00Z,84,97,low
2024-07-01T21:00Z,2024-07-01T21:30Z,74,94,low
2024-07-01T21:30Z,2024-07-01T22:00Z,66,94,low
2024-07-01T22:00Z,2024-07-01T22:30Z,59,88,low
2024-07-01T22:30Z,2024-07-01T23:00Z,57,75,low
2024-07-01T23:00Z,2024-07-01T23:30Z,56,63,low
2024-07-01T23:30Z,2024-07-02T00:00Z,59,52,low
2024-07-02T00:00Z,2024-07-02T00:30Z,58,51,low
2024-07-02T00:30Z,2024-07-02T01:00Z,56,48,low
2024-07-02T01:00Z,2024-07-02T01:30Z,54,51,low
2024-07-02T01:30Z,2024-07-02T02:00Z,55,51,low
2024-07-02T02:00Z,2024-07-02T02:30Z,55,49,low
2024-07-02T02:30Z,2024-07-02T03:00Z,57,48,low
2024-07-02T03:00Z,2024-07-02T03:30Z,57,48,low
2024-07-02T03:30Z,2024-07-02T04:00Z,65,47,low
2024-07-02T04:00Z,2024-07-02T04:30Z,75,48,low
2024-07-02T04:30Z,2024-07-02T05:00Z,76,38,low
2024-07-02T05:00Z,2024-07-02T05:30Z,90,56,low
2024-07-02T05:30Z,2024-07-02T06:00Z,99,65,low
2024-07-02T06:00Z,2024-07-02T06:30Z,108,67,low
2024-07-02T06:30Z,2024-07-02T07:00Z,108,78,low
2024-07-02T07:00Z,2024-07-02T07:30Z,99,86,low
2024-07-02T07:30Z,2024-07-02T08:00Z,96,91,low
2024-07-02T08:00Z,2024-07-02T08:30Z,97,90,low
2024-07-02T08:30Z,2024-07-02T09:00Z,99,87,low
2024-07-02T09:00Z,2024-07-02T09:30Z,102,87,low
2024-07-02T09:30Z,2024-07-02T10:00Z,104,92,low
2024-07-02T10:00Z,2024-07-02T10:30Z,103,94,low
2024-07-02T10:30Z,2024-07-02T11:00Z,103,95,low
2024-07-02T11:00Z,2024-07-02T11:30Z,103,96,low
2024-07-02T11:30Z,2024-07-02T12:00Z,107,96,low
2024-07-02T12:00Z,2024-07-02T12:30Z,108,100,low
2024-07-02T12:30Z,2024-07-02T13:00Z,101,101,low
2024-07-02T13:00Z,2024-07-02T13:30Z,94,102,low
2024-07-02T13:30Z,2024-07-02T14:00Z,100,102,low
2024-07-02T14:00Z,2024-07-02T14:30Z,107,102,low
2024-07-02T14:30Z,2024-07-02T15:00Z,113,106,moderate
2024-07-02T15:00Z,2024-07-02T15:30Z,120,120,moderate
2024-07-02T15:30Z,2024-07-02T16:00Z,132,134,moderate
2024-07-02T16:00Z,2024-07-02T16:30Z,137,133,moderate
2024-07-02T16:30Z,2024-07-02T17:00Z,142,125,moderate
2024-07-02T17:00Z,2024-07-02T17:30Z,145,129,moderate
2024-07-02T17:30Z,2024-07-02T18:00Z,151,138,moderate
2024-07-02T18:00Z,2024-07-02T18:30Z,156,148,moderate
2024-07-02T18:30Z,2024-07-02T19:00Z,160,151,moderate
2024-07-02T19:00Z,2024-07-02T19:30Z,160,149,moderate
2024-07-02T19:30Z,2024-07-02T20:00Z,158,146,moderate
2024-07-02T20:00Z,2024-07-02T20:30Z,157,154,moderate
2024-07-02T20:30Z,2024-07-02T21:00Z,161,149,moderate
2024-07-02T21:00Z,2024-07-02T21:30Z,147,137,moderate
2024-07-02T21:30Z,2024-07-02T22:00Z,114,125,moderate
2024-07-02T22:00Z,2024-07-02T22:30Z,96,118,low
2024-07-02T22:30Z,2024-07-02T23:00Z,94,119,low
2024-07-02T23:00Z,2024-07-02T23:30Z,88,96,low
2024-07-02T23:30Z,2024-07-03T00:00Z,75,76,low
2024-07-03T00:00Z,2024-07-03T00:30Z,70,75,low
2024-07-03T00:30Z,2024-07-03T01:00Z,70,73,low
2024-07-03T01:00Z,2024-07-03T01:30Z,72,65,low
2024-07-03T01:30Z,2024-07-03T02:00Z,73,60,low
2024-07-03T02:00Z,2024-07-03T02:30Z,73,61,low
2024-07-03T02:30Z,2024-07-03T03:00Z,77,63,low
2024-07-03T03:00Z,2024-07-03T03:30Z,75,66,low
2024-07-03T03:30Z,2024-07-03T04:00Z,83,67,low
2024-07-03T04:00Z,2024-07-03T04:30Z,98,70,low
2024-07-03T04:30Z,2024-07-03T05:00Z,119,57,moderate
2024-07-03T05:00Z,2024-07-03T05:30Z,139,68,moderate
2024-07-03T05:30Z,2024-07-03T06:00Z,140,84,moderate
2024-07-03T06:00Z,2024-07-03T06:30Z,141,107,moderate
2024-07-03T06:30Z,2024-07-03T07:00Z,135,123,moderate
2024-07-03T07:00Z,2024-07-03T07:30Z,127,129,moderate
2024-07-03T07:30Z,2024-07-03T08:00Z,124,121,moderate
2024-07-03T08:00Z,2024-07-03T08:30Z,122,103,moderate
2024-07-03T08:30Z,2024-07-03T09:00Z,119,100,moderate
2024-07-03T09:00Z,2024-07-03T09:30Z,112,98,moderate
2024-07-03T09:30Z,2024-07-03T10:00Z,104,95,low
2024-07-03T10:00Z,2024-07-03T10:30Z,95,99,low
2024-07-03T10:30Z,2024-07-03T11:00Z,77,98,low
2024-07-03T11:00Z,2024-07-03T11:30Z,65,101,low
2024-07-03T11:30Z,2024-07-03T12:00Z,57,82,low
2024-07-03T12:00Z,2024-07-03T12:30Z,57,66,low
2024-07-03T12:30Z,2024-07-03T13:00Z,54,59,low
2024-07-03T13:00Z,2024-07-03T13:30Z,55,51,low
2024-07-03T13:30Z,2024-07-03T14:00Z,57,51,low
2024-07-03T14:00Z,2024-07-03T14:30Z,59,49,low
2024-07-03T14:30Z,2024-07-03T15:00Z,71,51,low
2024-07-03T15:00Z,2024-07-03T15:30Z,78,51,low
2024-07-03T15:30Z,2024-07-03T16:00Z,86,54,low
2024-07-03T16:00Z,2024-07-03T16:30Z,94,64,low
2024-07-03T16:30Z,2024-07-03T17:00Z,102,70,low
2024-07-03T17:00Z,2024-07-03T17:30Z,104,73,low
2024-07-03T17:30Z,2024-07-03T18:00Z,103,78,low
2024-07-03T18:00Z,2024-07-03T18:30Z,100,84,low
2024-07-03T18:30Z,2024-07-03T19:00Z,100,87,low
2024-07-03T19:00Z,2024-07-03T19:30Z,101,87,low
2024-07-03T19:30Z,2024-07-03T20:00Z,96,86,low
2024-07-03T20:00Z,2024-07-03T20:30Z,83,84,low
2024-07-03T20:30Z,2024-07-03T21:00Z,82,84,low
2024-07-03T21:00Z,2024-07-03T21:30Z,74,77,low
2024-07-03T21:30Z,2024-07-03T22:00Z,79,64,low
2024-07-03T22:00Z,2024-07-03T22:30Z,72,62,low
2024-07-03T22:30Z,2024-07-03T23:00Z,63,60,low
2024-07-03T23:00Z,2024-07-03T23:30Z,58,61,low
2024-07-03T23:30Z,2024-07-04T00:00Z,53,60,low
2024-07-04T00:00Z,2024-07-04T00:30Z,53,62,low
2024-07-04T00:30Z,2024-07-04T01:00Z,61,58,low
2024-07-04T01:00Z,2024-07-04T01:30Z,58,52,low
2024-07-04T01:30Z,2024-07-04T02:00Z,57,52,low
2024-07-04T02:00Z,2024-07-04T02:30Z,60,59,low
2024-07-04T02:30Z,2024-07-04T03:00Z,60,56,low
2024-07-04T03:00Z,2024-07-04T03:30Z,57,55,low
2024-07-04T03:30Z,2024-07-04T04:00Z,55,58,low
2024-07-04T04:00Z,2024-07-04T04:30Z,58,59,low
2024-07-04T04:30Z,2024-07-04T05:00Z,69,34,low
2024-07-04T05:00Z,2024-07-04T05:30Z,75,52,low
2024-07-04T05:30Z,2024-07-04T06:00Z,72,56,low
2024-07-04T06:00Z,2024-07-04T06:30Z,61,59,low
2024-07-04T06:30Z,2024-07-04T07:00Z,53,61,low
2024-07-04T07:00Z,2024-07-04T07:30Z,48,60,low
2024-07-04T07:30Z,2024-07-04T08:00Z,42,50,low
2024-07-04T08:00Z,2024-07-04T08:30Z,38,47,low
2024-07-04T08:30Z,2024-07-04T09:00Z,36,43,low
2024-07-04T09:00Z,2024-07-04T09:30Z,32,37,very low
2024-07-04T09:30Z,2024-07-04T10:00Z,33,36,very low
2024-07-04T10:00Z,2024-07-04T10:30Z,34,34,very low
2024-07-04T10:30Z,2024-07-04T11:00Z,31,30,very low
2024-07-04T11:00Z,2024-07-04T11:30Z,32,30,very low
2024-07-04T11:30Z,2024-07-04T12:00Z,32,29,very low
2024-07-04T12:00Z,2024-07-04T12:30Z,30,29,very low
2024-07-04T12:30Z,2024-07-04T13:00Z,30,31,very low
2024-07-04T13:00Z,2024-07-04T13:30Z,30,32,very low
2024-07-04T13:30Z,2024-07-04T14:00Z,28,30,very low
2024-07-04T14:00Z,2024-07-04T14:30Z,28,30,very low
2024-07-04T14:30Z,2024-07-04T15:00Z,30,31,very low
2024-07-04T15:00Z,2024-07-04T15:30Z,38,29,low
2024-07-04T15:30Z,2024-07-04T16:00Z,42,29,low
2024-07-04T16:00Z,2024-07-04T16:30Z,44,32,low
2024-07-04T16:30Z,2024-07-04T17:00Z,41,40,low
2024-07-04T17:00Z,2024-07-04T17:30Z,48,43,low
2024-07-04T17:30Z,2024-07-04T18:00Z,53,46,low
2024-07-04T18:00Z,2024-07-04T18:30Z,56,46,low
2024-07-04T18:30Z,2024-07-04T19:00Z,63,52,low
2024-07-04T19:00Z,2024-07-04T19:30Z,68,55,low
2024-07-04T19:30Z,2024-07-04T20:00Z,76,58,low
2024-07-04T20:00Z,2024-07-04T20:30Z,76,61,low
2024-07-04T20:30Z,2024-07-04T21:00Z,75,62,low
2024-07-04T21:00Z,2024-07-04T21:30Z,66,65,low
2024-07-04T21:30Z,2024-07-04T22:00Z,57,63,low
2024-07-04T22:00Z,2024-07-04T22:30Z,52,63,low
2024-07-04T22:30Z,2024-07-04T23:00Z,54,59,low
2024-07-04T23:00Z,2024-07-04T23:30Z,53,51,low
2024-07-04T23:30Z,2024-07-05T00:00Z,56,51,low
2024-07-05T00:00Z,2024-07-05T00:30Z,54,52,low
2024-07-05T00:30Z,2024-07-05T01:00Z,55,52,low
2024-07-05T01:00Z,2024-07-05T01:30Z,51,56,low
2024-07-05T01:30Z,2024-07-05T02:00Z,52,55,low
2024-07-05T02:00Z,2024-07-05T02:30Z,53,57,low
2024-07-05T02:30Z,2024-07-05T03:00Z,57,53,low
2024-07-05T03:00Z,2024-07-05T03:30Z,58,52,low
2024-07-05T03:30Z,2024-07-05T04:00Z,56,52,low
2024-07-05T04:00Z,2024-07-05T04:30Z,55,55,low
2024-07-05T04:30Z,2024-07-05T05:00Z,55,53,low
2024-07-05T05:00Z,2024-07-05T05:30Z,58,57,low
2024-07-05T05:30Z,2024-07-05T06:00Z,51,56,low
2024-07-05T06:00Z,2024-07-05T06:30Z,56,54,low
2024-07-05T06:30Z,2024-07-05T07:00Z,56,55,low
2024-07-05T07:00Z,2024-07-05T07:30Z,56,51,low
2024-07-05T07:30Z,2024-07-05T08:00Z,59,55,low
2024-07-05T08:00Z,2024-07-05T08:30Z,55,54,low
2024-07-05T08:30Z,2024-07-05T09:00Z,53,54,low
2024-07-05T09:00Z,2024-07-05T09:30Z,51,57,low
2024-07-05T09:30Z,2024-07-05T10:00Z,54,55,low
2024-07-05T10:00Z,2024-07-05T10:30Z,53,52,low
2024-07-05T10:30Z,2024-07-05T11:00Z,57,52,low
2024-07-05T11:00Z,2024-07-05T11:30Z,63,55,low
2024-07-05T11:30Z,2024-07-05T12:00Z,71,53,low
2024-07-05T12:00Z,2024-07-05T12:30Z,73,59,low
2024-07-05T12:30Z,2024-07-05T13:00Z,75,66,low
2024-07-05T13:00Z,2024-07-05T13:30Z,79,76,low
2024-07-05T13:30Z,2024-07-05T14:00Z,79,78,low
2024-07-05T14:00Z,2024-07-05T14:30Z,91,82,low
2024-07-05T14:30Z,2024-07-05T15:00Z,92,89,low
2024-07-05T15:00Z,2024-07-05T15:30Z,107,92,low
2024-07-05T15:30Z,2024-07-05T16:00Z,114,97,moderate
2024-07-05T16:00Z,2024-07-05T16:30Z,121,122,moderate
2024-07-05T16:30Z,2024-07-05T17:00Z,118,139,moderate
2024-07-05T17:00Z,2024-07-05T17:30Z,126,138,moderate
2024-07-05T17:30Z,2024-07-05T18:00Z,136,143,moderate
2024-07-05T18:00Z,2024-07-05T18:30Z,135,135,moderate
2024-07-05T18:30Z,2024-07-05T19:00Z,135,120,moderate
2024-07-05T19:00Z,2024-07-05T19:30Z,134,128,moderate
2024-07-05T19:30Z,2024-07-05T20:00Z,143,125,moderate
2024-07-05T20:00Z,2024-07-05T20:30Z,142,128,moderate
2024-07-05T20:30Z,2024-07-05T21:00Z,131,126,moderate
2024-07-05T21:00Z,2024-07-05T21:30Z,127,123,moderate
2024-07-05T21:30Z,2024-07-05T22:00Z,106,121,low
2024-07-05T22:00Z,2024-07-05T22:30Z,92,117,low
2024-07-05T22:30Z,2024-07-05T23:00Z,82,116,low
2024-07-05T23:00Z,2024-07-05T23:30Z,76,100,low
2024-07-05T23:30Z,2024-07-06T00:00Z,81,92,low
2024-07-06T00:00Z,2024-07-06T00:30Z,79,85,low
2024-07-06T00:30Z,2024-07-06T01:00Z,80,72,low
2024-07-06T01:00Z,2024-07-06T01:30Z,76,83,low
2024-07-06T01:30Z,2024-07-06T02:00Z,75,86,low
2024-07-06T02:00Z,2024-07-06T02:30Z,72,88,low
2024-07-06T02:30Z,2024-07-06T03:00Z,71,90,low
2024-07-06T03:00Z,2024-07-06T03:30Z,69,76,low
2024-07-06T03:30Z,2024-07-06T04:00Z,67,74,low
2024-07-06T04:00Z,2024-07-06T04:30Z,67,75,low
2024-07-06T04:30Z,2024-07-06T05:00Z,66,62,low
2024-07-06T05:00Z,2024-07-06T05:30Z,67,65,low
2024-07-06T05:30Z,2024-07-06T06:00Z,66,67,low
2024-07-06T06:00Z,2024-07-06T06:30Z,64,61,low
2024-07-06T06:30Z,2024-07-06T07:00Z,61,65,low
2024-07-06T07:00Z,2024-07-06T07:30Z,57,61,low
2024-07-06T07:30Z,2024-07-06T08:00Z,55,56,low
2024-07-06T08:00Z,2024-07-06T08:30Z,54,51,low
2024-07-06T08:30Z,2024-07-06T09:00Z,52,46,low
2024-07-06T09:00Z,2024-07-06T09:30Z,53,48,low
2024-07-06T09:30Z,2024-07-06T10:00Z,53,48,low
2024-07-06T10:00Z,2024-07-06T10:30Z,53,48,low
2024-07-06T10:30Z,2024-07-06T11:00Z,52,47,low
2024-07-06T11:00Z,2024-07-06T11:30Z,46,51,low
2024-07-06T11:30Z,2024-07-06T12:00Z,41,51,low
2024-07-06T12:00Z,2024-07-06T12:30Z,37,50,low
2024-07-06T12:30Z,2024-07-06T13:00Z,38,44,low
2024-07-06T13:00Z,2024-07-06T13:30Z,36,40,low
2024-07-06T13:30Z,2024-07-06T14:00Z,34,36,very low
2024-07-06T14:00Z,2024-07-06T14:30Z,36,38,low
2024-07-06T14:30Z,2024-07-06T15:00Z,35,36,low
2024-07-06T15:00Z,2024-07-06T15:30Z,35,34,low
2024-07-06T15:30Z,2024-07-06T16:00Z,35,37,low
2024-07-06T16:00Z,2024-07-06T16:30Z,36,36,low
2024-07-06T16:30Z,2024-07-06T17:00Z,36,36,low
2024-07-06T17:00Z,2024-07-06T17:30Z,38,38,low
2024-07-06T17:30Z,2024-07-06T18:00Z,41,39,low
2024-07-06T18:00Z,2024-07-06T18:30Z,41,38,low
2024-07-06T18:30Z,2024-07-06T19:00Z,46,42,low
2024-07-06T19:00Z,2024-07-06T19:30Z,49,44,low
2024-07-06T19:30Z,2024-07-06T20:00Z,51,44,low
2024-07-06T20:00Z,2024-07-06T20:30Z,56,47,low
2024-07-06T20:30Z,2024-07-06T21:00Z,62,49,low
2024-07-06T21:00Z,2024-07-06T21:30Z,61,51,low
2024-07-06T21:30Z,2024-07-06T22:00Z,60,52,low
2024-07-06T22:00Z,2024-07-06T22:30Z,58,56,low
2024-07-06T22:30Z,2024-07-06T23:00Z,57,58,low
2024-07-06T23:00Z,2024-07-06T23:30Z,56,59,low
2024-07-06T23:30Z,2024-07-07T00:00Z,55,59,low
2024-07-07T00:00Z,2024-07-07T00:30Z,57,56,low
2024-07-07T00:30Z,2024-07-07T01:00Z,61,55,low
2024-07-07T01:00Z,2024-07-07T01:30Z,63,57,low
2024-07-07T01:30Z,2024-07-07T02:00Z,67,56,low
2024-07-07T02:00Z,2024-07-07T02:30Z,70,60,low
2024-07-07T02:30Z,2024-07-07T03:00Z,68,62,low
2024-07-07T03:00Z,2024-07-07T03:30Z,68,66,low
2024-07-07T03:30Z,2024-07-07T04:00Z,69,67,low
2024-07-07T04:00Z,2024-07-07T04:30Z,69,66,low
2024-07-07T04:30Z,2024-07-07T05:00Z,70,65,low
2024-07-07T05:00Z,2024-07-07T05:30Z,73,71,low
2024-07-07T05:30Z,2024-07-07T06:00Z,80,72,low
2024-07-07T06:00Z,2024-07-07T06:30Z,80,73,low
2024-07-07T06:30Z,2024-07-07T07:00Z,65,76,low
2024-07-07T07:00Z,2024-07-07T07:30Z,62,81,low
2024-07-07T07:30Z,2024-07-07T08:00Z,58,74,low
2024-07-07T08:00Z,2024-07-07T08:30Z,55,62,low
2024-07-07T08:30Z,2024-07-07T09:00Z,53,63,low
2024-07-07T09:00Z,2024-07-07T09:30Z,50,55,low
2024-07-07T09:30Z,2024-07-07T10:00Z,52,50,low
2024-07-07T10:00Z,2024-07-07T10:30Z,55,50,low
2024-07-07T10:30Z,2024-07-07T11:00Z,50,49,low
2024-07-07T11:00Z,2024-07-07T11:30Z,51,49,low
2024-07-07T11:30Z,2024-07-07T12:00Z,50,52,low
2024-07-07T12:00Z,2024-07-07T12:30Z,49,46,low
2024-07-07T12:30Z,2024-07-07T13:00Z,48,49,low
2024-07-07T13:00Z,2024-07-07T13:30Z,46,50,low
2024-07-07T13:30Z,2024-07-07T14:00Z,47,51,low
2024-07-07T14:00Z,2024-07-07T14:30Z,55,50,low
2024-07-07T14:30Z,2024-07-07T15:00Z,67,51,low
2024-07-07T15:00Z,2024-07-07T15:30Z,83,55,low
2024-07-07T15:30Z,2024-07-07T16:00Z,96,58,low
2024-07-07T16:00Z,2024-07-07T16:30Z,100,78,low
2024-07-07T16:30Z,2024-07-07T17:00Z,113,99,moderate
2024-07-07T17:00Z,2024-07-07T17:30Z,121,110,moderate
2024-07-07T17:30Z,2024-07-07T18:00Z,128,109,moderate
2024-07-07T18:00Z,2024-07-07T18:30Z,130,125,moderate
2024-07-07T18:30Z,2024-07-07T19:00Z,140,141,moderate
2024-07-07T19:00Z,2024-07-07T19:30Z,145,134,moderate
2024-07-07T19:30Z,2024-07-07T20:00Z,150,126,moderate
2024-07-07T20:00Z,2024-07-07T20:30Z,149,132,moderate
2024-07-07T20:30Z,2024-07-07T21:00Z,152,144,moderate
2024-07-07T21:00Z,2024-07-07T21:30Z,147,143,moderate
2024-07-07T21:30Z,2024-07-07T22:00Z,134,142,moderate
2024-07-07T22:00Z,2024-07-07T22:30Z,123,150,moderate
2024-07-07T22:30Z,2024-07-07T23:00Z,120,148,moderate
2024-07-07T23:00Z,2024-07-07T23:30Z,117,138,moderate
2024-07-07T23:30Z,2024-07-08T00:00Z,116,132,moderate
2024-07-08T00:00Z,2024-07-08T00:30Z,120,130,moderate
2024-07-08T00:30Z,2024-07-08T01:00Z,121,124,moderate
2024-07-08T01:00Z,2024-07-08T01:30Z,119,120,moderate
2024-07-08T01:30Z,2024-07-08T02:00Z,120,128,moderate
2024-07-08T02:00Z,2024-07-08T02:30Z,119,129,moderate
2024-07-08T02:30Z,2024-07-08T03:00Z,126,126,moderate
2024-07-08T03:00Z,2024-07-08T03:30Z,129,132,moderate
2024-07-08T03:30Z,2024-07-08T04:00Z,147,130,moderate
2024-07-08T04:00Z,2024-07-08T04:30Z,161,147,moderate
2024-07-08T04:30Z,2024-07-08T05:00Z,193,112,high
2024-07-08T05:00Z,2024-07-08T05:30Z,205,153,high
2024-07-08T05:30Z,2024-07-08T06:00Z,197,176,high
2024-07-08T06:00Z,2024-07-08T06:30Z,196,208,high
2024-07-08T06:30Z,2024-07-08T07:00Z,185,214,moderate
2024-07-08T07:00Z,2024-07-08T07:30Z,184,195,moderate
2024-07-08T07:30Z,2024-07-08T08:00Z,180,189,moderate
2024-07-08T08:00Z,2024-07-08T08:30Z,174,175,moderate
2024-07-08T08:30Z,2024-07-08T09:00Z,169,174,moderate
2024-07-08T09:00Z,2024-07-08T09:30Z,167,173,moderate
2024-07-08T09:30Z,2024-07-08T10:00Z,169,167,moderate
2024-07-08T10:00Z,2024-07-08T10:30Z,168,165,moderate
2024-07-08T10:30Z,2024-07-08T11:00Z,168,162,moderate
2024-07-08T11:00Z,2024-07-08T11:30Z,165,157,moderate
2024-07-08T11:30Z,2024-07-08T12:00Z,160,152,moderate
2024-07-08T12:00Z,2024-07-08T12:30Z,159,147,moderate
2024-07-08T12:30Z,2024-07-08T13:00Z,162,153,moderate
2024-07-08T13:00Z,2024-07-08T13:30Z,165,156,moderate
2024-07-08T13:30Z,2024-07-08T14:00Z,171,155,moderate
2024-07-08T14:00Z,2024-07-08T14:30Z,176,161,moderate
2024-07-08T14:30Z,2024-07-08T15:00Z,184,166,moderate
2024-07-08T15:00Z,2024-07-08T15:30Z,191,172,high
2024-07-08T15:30Z,2024-07-08T16:00Z,195,177,high
2024-07-08T16:00Z,2024-07-08T16:30Z,198,190,high
2024-07-08T16:30Z,2024-07-08T17:00Z,202,195,high
2024-07-08T17:00Z,2024-07-08T17:30Z,205,199,high
2024-07-08T17:30Z,2024-07-08T18:00Z,207,201,high
2024-07-08T18:00Z,2024-07-08T18:30Z,210,197,high
2024-07-08T18:30Z,2024-07-08T19:00Z,214,200,high
2024-07-08T19:00Z,2024-07-08T19:30Z,216,194,high
2024-07-08T19:30Z,2024-07-08T20:00Z,230,195,high
2024-07-08T20:00Z,2024-07-08T20:30Z,224,205,high
2024-07-08T20:30Z,2024-07-08T21:00Z,208,196,high
2024-07-08T21:00Z,2024-07-08T21:30Z,189,202,moderate
2024-07-08T21:30Z,2024-07-08T22:00Z,143,180,moderate
2024-07-08T22:00Z,2024-07-08T22:30Z,118,165,moderate
2024-07-08T22:30Z,2024-07-08T23:00Z,99,159,low
2024-07-08T23:00Z,2024-07-08T23:30Z,87,134,low
2024-07-08T23:30Z,2024-07-09T00:00Z,80,107,low
2024-07-09T00:00Z,2024-07-09T00:30Z,70,111,low
2024-07-09T00:30Z,2024-07-09T01:00Z,68,110,low
2024-07-09T01:00Z,2024-07-09T01:30Z,66,109,low
2024-07-09T01:30Z,2024-07-09T02:00Z,65,104,low
2024-07-09T02:00Z,2024-07-09T02:30Z,65,97,low
2024-07-09T02:30Z,2024-07-09T03:00Z,64,95,low
2024-07-09T03:00Z,2024-07-09T03:30Z,60,91,low
2024-07-09T03:30Z,2024-07-09T04:00Z,61,87,low
2024-07-09T04:00Z,2024-07-09T04:30Z,57,84,low
2024-07-09T04:30Z,2024-07-09T05:00Z,57,83,low
2024-07-09T05:00Z,2024-07-09T05:30Z,66,81,low
2024-07-09T05:30Z,2024-07-09T06:00Z,67,81,low
2024-07-09T06:00Z,2024-07-09T06:30Z,69,78,low
2024-07-09T06:30Z,2024-07-09T07:00Z,65,73,low
2024-07-09T07:00Z,2024-07-09T07:30Z,68,71,low
2024-07-09T07:30Z,2024-07-09T08:00Z,76,68,low
2024-07-09T08:00Z,2024-07-09T08:30Z,74,67,low
2024-07-09T08:30Z,2024-07-09T09:00Z,74,67,low
2024-07-09T09:00Z,2024-07-09T09:30Z,78,66,low
2024-07-09T09:30Z,2024-07-09T10:00Z,80,66,low
2024-07-09T10:00Z,2024-07-09T10:30Z,82,56,low
2024-07-09T10:30Z,2024-07-09T11:00Z,77,56,low
2024-07-09T11:00Z,2024-07-09T11:30Z,77,55,low
2024-07-09T11:30Z,2024-07-09T12:00Z,80,75,low
2024-07-09T12:00Z,2024-07-09T12:30Z,81,74,low
2024-07-09T12:30Z,2024-07-09T13:00Z,83,73,low
2024-07-09T13:00Z,2024-07-09T13:30Z,84,78,low
2024-07-09T13:30Z,2024-07-09T14:00Z,83,79,low
2024-07-09T14:00Z,2024-07-09T14:30Z,88,81,low
2024-07-09T14:30Z,2024-07-09T15:00Z,95,84,low
2024-07-09T15:00Z,2024-07-09T15:30Z,102,87,low
2024-07-09T15:30Z,2024-07-09T16:00Z,109,92,low
2024-07-09T16:00Z,2024-07-09T16:30Z,118,96,moderate
2024-07-09T16:30Z,2024-07-09T17:00Z,119,91,moderate
2024-07-09T17:00Z,2024-07-09T17:30Z,124,108,moderate
2024-07-09T17:30Z,2024-07-09T18:00Z,135,120,moderate
2024-07-09T18:00Z,2024-07-09T18:30Z,139,117,moderate
2024-07-09T18:30Z,2024-07-09T19:00Z,146,110,moderate
2024-07-09T19:00Z,2024-07-09T19:30Z,147,116,moderate
2024-07-09T19:30Z,2024-07-09T20:00Z,151,122,moderate
2024-07-09T20:00Z,2024-07-09T20:30Z,143,128,moderate
2024-07-09T20:30Z,2024-07-09T21:00Z,125,125,moderate
2024-07-09T21:00Z,2024-07-09T21:30Z,109,135,low
2024-07-09T21:30Z,2024-07-09T22:00Z,79,130,low
2024-07-09T22:00Z,2024-07-09T22:30Z,65,126,low
2024-07-09T22:30Z,2024-07-09T23:00Z,63,108,low
2024-07-09T23:00Z,2024-07-09T23:30Z,62,78,low
2024-07-09T23:30Z,2024-07-10T00:00Z,62,64,low
2024-07-10T00:00Z,2024-07-10T00:30Z,60,56,low
2024-07-10T00:30Z,2024-07-10T01:00Z,60,57,low
2024-07-10T01:00Z,2024-07-10T01:30Z,58,59,low
2024-07-10T01:30Z,2024-07-10T02:00Z,61,59,low
2024-07-10T02:00Z,2024-07-10T02:30Z,59,58,low
2024-07-10T02:30Z,2024-07-10T03:00Z,61,57,low
2024-07-10T03:00Z,2024-07-10T03:30Z,59,58,low
2024-07-10T03:30Z,2024-07-10T04:00Z,59,56,low
2024-07-10T04:00Z,2024-07-10T04:30Z,59,59,low
2024-07-10T04:30Z,2024-07-10T05:00Z,57,58,low
2024-07-10T05:00Z,2024-07-10T05:30Z,69,58,low
2024-07-10T05:30Z,2024-07-10T06:00Z,83,54,low
2024-07-10T06:00Z,2024-07-10T06:30Z,89,53,low
2024-07-10T06:30Z,2024-07-10T07:00Z,87,62,low
2024-07-10T07:00Z,2024-07-10T07:30Z,82,77,low
2024-07-10T07:30Z,2024-07-10T08:00Z,81,78,low
2024-07-10T08:00Z,2024-07-10T08:30Z,79,77,low
2024-07-10T08:30Z,2024-07-10T09:00Z,77,77,low
2024-07-10T09:00Z,2024-07-10T09:30Z,76,75,low
2024-07-10T09:30Z,2024-07-10T10:00Z,69,75,low
2024-07-10T10:00Z,2024-07-10T10:30Z,62,72,low
2024-07-10T10:30Z,2024-07-10T11:00Z,53,72,low
2024-07-10T11:00Z,2024-07-10T11:30Z,48,67,low
2024-07-10T11:30Z,2024-07-10T12:00Z,46,62,low
2024-07-10T12:00Z,2024-07-10T12:30Z,44,53,low
2024-07-10T12:30Z,2024-07-10T13:00Z,47,49,low
2024-07-10T13:00Z,2024-07-10T13:30Z,49,48,low
2024-07-10T13:30Z,2024-07-10T14:00Z,49,45,low
2024-07-10T14:00Z,2024-07-10T14:30Z,52,45,low
2024-07-10T14:30Z,2024-07-10T15:00Z,63,50,low
2024-07-10T15:00Z,2024-07-10T15:30Z,73,51,low
2024-07-10T15:30Z,2024-07-10T16:00Z,94,55,low
2024-07-10T16:00Z,2024-07-10T16:30Z,108,69,low
2024-07-10T16:30Z,2024-07-10T17:00Z,120,76,moderate
2024-07-10T17:00Z,2024-07-10T17:30Z,129,95,moderate
2024-07-10T17:30Z,2024-07-10T18:00Z,140,115,moderate
2024-07-10T18:00Z,2024-07-10T18:30Z,144,134,moderate
2024-07-10T18:30Z,2024-07-10T19:00Z,149,137,moderate
2024-07-10T19:00Z,2024-07-10T19:30Z,153,139,moderate
2024-07-10T19:30Z,2024-07-10T20:00Z,165,141,moderate
2024-07-10T20:00Z,2024-07-10T20:30Z,165,143,moderate
2024-07-10T20:30Z,2024-07-10T21:00Z,155,141,moderate
2024-07-10T21:00Z,2024-07-10T21:30Z,152,150,moderate
2024-07-10T21:30Z,2024-07-10T22:00Z,126,148,moderate
2024-07-10T22:00Z,2024-07-10T22:30Z,112,143,moderate
2024-07-10T22:30Z,2024-07-10T23:00Z,98,136,low
2024-07-10T23:00Z,2024-07-10T23:30Z,104,117,low
2024-07-10T23:30Z,2024-07-11T00:00Z,105,111,low
2024-07-11T00:00Z,2024-07-11T00:30Z,108,100,low
2024-07-11T00:30Z,2024-07-11T01:00Z,109,101,low
2024-07-11T01:00Z,2024-07-11T01:30Z,108,105,low
2024-07-11T01:30Z,2024-07-11T02:00Z,110,109,moderate
2024-07-11T02:00Z,2024-07-11T02:30Z,112,112,moderate
2024-07-11T02:30Z,2024-07-11T03:00Z,110,114,moderate
2024-07-11T03:00Z,2024-07-11T03:30Z,113,117,moderate
2024-07-11T03:30Z,2024-07-11T04:00Z,116,118,moderate
2024-07-11T04:00Z,2024-07-11T04:30Z,126,119,moderate
2024-07-11T04:30Z,2024-07-11T05:00Z,154,93,moderate
2024-07-11T05:00Z,2024-07-11T05:30Z,163,77,moderate
2024-07-11T05:30Z,2024-07-11T06:00Z,170,131,moderate
2024-07-11T06:00Z,2024-07-11T06:30Z,174,136,moderate
2024-07-11T06:30Z,2024-07-11T07:00Z,166,163,moderate
2024-07-11T07:00Z,2024-07-11T07:30Z,165,163,moderate
2024-07-11T07:30Z,2024-07-11T08:00Z,157,170,moderate
2024-07-11T08:00Z,2024-07-11T08:30Z,155,162,moderate
2024-07-11T08:30Z,2024-07-11T09:00Z,154,159,moderate
2024-07-11T09:00Z,2024-07-11T09:30Z,153,155,moderate
2024-07-11T09:30Z,2024-07-11T10:00Z,145,154,moderate
2024-07-11T10:00Z,2024-07-11T10:30Z,136,146,moderate
2024-07-11T10:30Z,2024-07-11T11:00Z,125,147,moderate
2024-07-11T11:00Z,2024-07-11T11:30Z,113,142,moderate
2024-07-11T11:30Z,2024-07-11T12:00Z,125,138,moderate
2024-07-11T12:00Z,2024-07-11T12:30Z,137,133,moderate
2024-07-11T12:30Z,2024-07-11T13:00Z,141,113,moderate
2024-07-11T13:00Z,2024-07-11T13:30Z,138,111,moderate
2024-07-11T13:30Z,2024-07-11T14:00Z,135,135,moderate
2024-07-11T14:00Z,2024-07-11T14:30Z,136,134,moderate
2024-07-11T14:30Z,2024-07-11T15:00Z,141,137,moderate
2024-07-11T15:00Z,2024-07-11T15:30Z,149,134,moderate
2024-07-11T15:30Z,2024-07-11T16:00Z,163,136,moderate
2024-07-11T16:00Z,2024-07-11T16:30Z,172,142,moderate
2024-07-11T16:30Z,2024-07-11T17:00Z,180,169,moderate
2024-07-11T17:00Z,2024-07-11T17:30Z,186,175,moderate
2024-07-11T17:30Z,2024-07-11T18:00Z,191,182,high
2024-07-11T18:00Z,2024-07-11T18:30Z,196,186,high
2024-07-11T18:30Z,2024-07-11T19:00Z,201,186,high
2024-07-11T19:00Z,2024-07-11T19:30Z,205,186,high
2024-07-11T19:30Z,2024-07-11T20:00Z,208,190,high
2024-07-11T20:00Z,2024-07-11T20:30Z,202,187,high
2024-07-11T20:30Z,2024-07-11T21:00Z,194,195,high
2024-07-11T21:00Z,2024-07-11T21:30Z,184,188,moderate
2024-07-11T21:30Z,2024-07-11T22:00Z,146,186,moderate
2024-07-11T22:00Z,2024-07-11T22:30Z,133,169,moderate
2024-07-11T22:30Z,2024-07-11T23:00Z,123,165,moderate
2024-07-11T23:00Z,2024-07-11T23:30Z,115,160,moderate
2024-07-11T23:30Z,2024-07-12T00:00Z,111,130,moderate
2024-07-12T00:00Z,2024-07-12T00:30Z,106,132,low
2024-07-12T00:30Z,2024-07-12T01:00Z,107,128,low
2024-07-12T01:00Z,2024-07-12T01:30Z,104,124,low
2024-07-12T01:30Z,2024-07-12T02:00Z,104,109,low
2024-07-12T02:00Z,2024-07-12T02:30Z,108,109,low
2024-07-12T02:30Z,2024-07-12T03:00Z,105,107,low
2024-07-12T03:00Z,2024-07-12T03:30Z,105,110,low
2024-07-12T03:30Z,2024-07-12T04:00Z,112,111,moderate
2024-07-12T04:00Z,2024-07-12T04:30Z,116,109,moderate
2024-07-12T04:30Z,2024-07-12T05:00Z,122,103,moderate
2024-07-12T05:00Z,2024-07-12T05:30Z,136,101,moderate
2024-07-12T05:30Z,2024-07-12T06:00Z,147,123,moderate
2024-07-12T06:00Z,2024-07-12T06:30Z,153,125,moderate
2024-07-12T06:30Z,2024-07-12T07:00Z,145,138,moderate
2024-07-12T07:00Z,2024-07-12T07:30Z,138,137,moderate
2024-07-12T07:30Z,2024-07-12T08:00Z,133,151,moderate
2024-07-12T08:00Z,2024-07-12T08:30Z,128,145,moderate
2024-07-12T08:30Z,2024-07-12T09:00Z,126,134,moderate
2024-07-12T09:00Z,2024-07-12T09:30Z,120,128,moderate
2024-07-12T09:30Z,2024-07-12T10:00Z,111,121,moderate
2024-07-12T10:00Z,2024-07-12T10:30Z,111,122,moderate
2024-07-12T10:30Z,2024-07-12T11:00Z,113,123,moderate
2024-07-12T11:00Z,2024-07-12T11:30Z,110,111,moderate
2024-07-12T11:30Z,2024-07-12T12:00Z,105,119,low
2024-07-12T12:00Z,2024-07-12T12:30Z,107,114,low
2024-07-12T12:30Z,2024-07-12T13:00Z,106,110,low
2024-07-12T13:00Z,2024-07-12T13:30Z,103,106,low
2024-07-12T13:30Z,2024-07-12T14:00Z,103,108,low
2024-07-12T14:00Z,2024-07-12T14:30Z,112,107,moderate
2024-07-12T14:30Z,2024-07-12T15:00Z,114,111,moderate
2024-07-12T15:00Z,2024-07-12T15:30Z,122,121,moderate
2024-07-12T15:30Z,2024-07-12T16:00Z,126,124,moderate
2024-07-12T16:00Z,2024-07-12T16:30Z,127,132,moderate
2024-07-12T16:30Z,2024-07-12T17:00Z,130,135,moderate
2024-07-12T17:00Z,2024-07-12T17:30Z,129,139,moderate
2024-07-12T17:30Z,2024-07-12T18:00Z,135,134,moderate
2024-07-12T18:00Z,2024-07-12T18:30Z,135,141,moderate
2024-07-12T18:30Z,2024-07-12T19:00Z,138,140,moderate
2024-07-12T19:00Z,2024-07-12T19:30Z,137,138,moderate
2024-07-12T19:30Z,2024-07-12T20:00Z,140,142,moderate
2024-07-12T20:00Z,2024-07-12T20:30Z,141,141,moderate
2024-07-12T20:30Z,2024-07-12T21:00Z,142,134,moderate
2024-07-12T21:00Z,2024-07-12T21:30Z,124,142,moderate
2024-07-12T21:30Z,2024-07-12T22:00Z,81,141,low
2024-07-12T22:00Z,2024-07-12T22:30Z,74,127,low
2024-07-12T22:30Z,2024-07-12T23:00Z,78,85,low
2024-07-12T23:00Z,2024-07-12T23:30Z,78,91,low
2024-07-12T23:30Z,2024-07-13T00:00Z,73,91,low
2024-07-13T00:00Z,2024-07-13T00:30Z,71,78,low
2024-07-13T00:30Z,2024-07-13T01:00Z,69,77,low
2024-07-13T01:00Z,2024-07-13T01:30Z,66,75,low
2024-07-13T01:30Z,2024-07-13T02:00Z,66,74,low
2024-07-13T02:00Z,2024-07-13T02:30Z,67,71,low
2024-07-13T02:30Z,2024-07-13T03:00Z,66,71,low
2024-07-13T03:00Z,2024-07-13T03:30Z,66,72,low
2024-07-13T03:30Z,2024-07-13T04:00Z,69,72,low
2024-07-13T04:00Z,2024-07-13T04:30Z,71,73,low
2024-07-13T04:30Z,2024-07-13T05:00Z,76,75,low
2024-07-13T05:00Z,2024-07-13T05:30Z,81,74,low
2024-07-13T05:30Z,2024-07-13T06:00Z,71,78,low
2024-07-13T06:00Z,2024-07-13T06:30Z,69,83,low
2024-07-13T06:30Z,2024-07-13T07:00Z,75,76,low
2024-07-13T07:00Z,2024-07-13T07:30Z,82,71,low
2024-07-13T07:30Z,2024-07-13T08:00Z,88,75,low
2024-07-13T08:00Z,2024-07-13T08:30Z,90,85,low
2024-07-13T08:30Z,2024-07-13T09:00Z,91,86,low
2024-07-13T09:00Z,2024-07-13T09:30Z,87,87,low
2024-07-13T09:30Z,2024-07-13T10:00Z,87,91,low
2024-07-13T10:00Z,2024-07-13T10:30Z,88,87,low
2024-07-13T10:30Z,2024-07-13T11:00Z,86,85,low
2024-07-13T11:00Z,2024-07-13T11:30Z,82,88,low
2024-07-13T11:30Z,2024-07-13T12:00Z,79,87,low
2024-07-13T12:00Z,2024-07-13T12:30Z,75,84,low
2024-07-13T12:30Z,2024-07-13T13:00Z,72,80,low
2024-07-13T13:00Z,2024-07-13T13:30Z,71,81,low
2024-07-13T13:30Z,2024-07-13T14:00Z,72,75,low
2024-07-13T14:00Z,2024-07-13T14:30Z,79,77,low
2024-07-13T14:30Z,2024-07-13T15:00Z,88,74,low
2024-07-13T15:00Z,2024-07-13T15:30Z,96,79,low
2024-07-13T15:30Z,2024-07-13T16:00Z,102,86,low
2024-07-13T16:00Z,2024-07-13T16:30Z,109,95,low
2024-07-13T16:30Z,2024-07-13T17:00Z,105,93,low
2024-07-13T17:00Z,2024-07-13T17:30Z,107,103,low
2024-07-13T17:30Z,2024-07-13T18:00Z,112,104,moderate
2024-07-13T18:00Z,2024-07-13T18:30Z,112,113,moderate
2024-07-13T18:30Z,2024-07-13T19:00Z,115,109,moderate
2024-07-13T19:00Z,2024-07-13T19:30Z,111,112,moderate
2024-07-13T19:30Z,2024-07-13T20:00Z,119,111,moderate
2024-07-13T20:00Z,2024-07-13T20:30Z,122,110,moderate
2024-07-13T20:30Z,2024-07-13T21:00Z,118,119,moderate
2024-07-13T21:00Z,2024-07-13T21:30Z,105,122,low
2024-07-13T21:30Z,2024-07-13T22:00Z,81,128,low
2024-07-13T22:00Z,2024-07-13T22:30Z,70,116,low
2024-07-13T22:30Z,2024-07-13T23:00Z,63,90,low
2024-07-13T23:00Z,2024-07-13T23:30Z,62,93,low
2024-07-13T23:30Z,2024-07-14T00:00Z,65,91,low
2024-07-14T00:00Z,2024-07-14T00:30Z,65,64,low
2024-07-14T00:30Z,2024-07-14T01:00Z,68,66,low
2024-07-14T01:00Z,2024-07-14T01:30Z,68,67,low
2024-07-14T01:30Z,2024-07-14T02:00Z,68,69,low
2024-07-14T02:00Z,2024-07-14T02:30Z,66,69,low
2024-07-14T02:30Z,2024-07-14T03:00Z,64,69,low
2024-07-14T03:00Z,2024-07-14T03:30Z,62,68,low
2024-07-14T03:30Z,2024-07-14T04:00Z,62,66,low
2024-07-14T04:00Z,2024-07-14T04:30Z,65,62,low
2024-07-14T04:30Z,2024-07-14T05:00Z,62,66,low
2024-07-14T05:00Z,2024-07-14T05:30Z,72,67,low
2024-07-14T05:30Z,2024-07-14T06:00Z,73,65,low
2024-07-14T06:00Z,2024-07-14T06:30Z,67,70,low
2024-07-14T06:30Z,2024-07-14T07:00Z,56,73,low
2024-07-14T07:00Z,2024-07-14T07:30Z,57,71,low
2024-07-14T07:30Z,2024-07-14T08:00Z,53,59,low
2024-07-14T08:00Z,2024-07-14T08:30Z,47,53,low
2024-07-14T08:30Z,2024-07-14T09:00Z,46,51,low
2024-07-14T09:00Z,2024-07-14T09:30Z,47,47,low
2024-07-14T09:30Z,2024-07-14T10:00Z,51,46,low
2024-07-14T10:00Z,2024-07-14T10:30Z,52,46,low
2024-07-14T10:30Z,2024-07-14T11:00Z,56,50,low
2024-07-14T11:00Z,2024-07-14T11:30Z,60,52,low
2024-07-14T11:30Z,2024-07-14T12:00Z,62,55,low
2024-07-14T12:00Z,2024-07-14T12:30Z,63,60,low
2024-07-14T12:30Z,2024-07-14T13:00Z,64,64,low
2024-07-14T13:00Z,2024-07-14T13:30Z,65,65,low
2024-07-14T13:30Z,2024-07-14T14:00Z,68,66,low
2024-07-14T14:00Z,2024-07-14T14:30Z,75,70,low
2024-07-14T14:30Z,2024-07-14T15:00Z,82,69,low
2024-07-14T15:00Z,2024-07-14T15:30Z,93,76,low
2024-07-14T15:30Z,2024-07-14T16:00Z,99,83,low
2024-07-14T16:00Z,2024-07-14T16:30Z,111,98,moderate
2024-07-14T16:30Z,2024-07-14T17:00Z,118,102,moderate
2024-07-14T17:00Z,2024-07-14T17:30Z,122,118,moderate
2024-07-14T17:30Z,2024-07-14T18:00Z,128,122,moderate
2024-07-14T18:00Z,2024-07-14T18:30Z,132,125,moderate
2024-07-14T18:30Z,2024-07-14T19:00Z,132,134,moderate
2024-07-14T19:00Z,2024-07-14T19:30Z,135,137,moderate
2024-07-14T19:30Z,2024-07-14T20:00Z,145,134,moderate
2024-07-14T20:00Z,2024-07-14T20:30Z,145,135,moderate
2024-07-14T20:30Z,2024-07-14T21:00Z,144,146,moderate
2024-07-14T21:00Z,2024-07-14T21:30Z,142,147,moderate
2024-07-14T21:30Z,2024-07-14T22:00Z,119,151,moderate
2024-07-14T22:00Z,2024-07-14T22:30Z,114,146,moderate
2024-07-14T22:30Z,2024-07-14T23:00Z,110,127,moderate
2024-07-14T23:00Z,2024-07-14T23:30Z,112,127,moderate
2024-07-14T23:30Z,2024-07-15T00:00Z,107,130,low
2024-07-15T00:00Z,2024-07-15T00:30Z,112,120,moderate
2024-07-15T00:30Z,2024-07-15T01:00Z,118,114,moderate
2024-07-15T01:00Z,2024-07-15T01:30Z,120,117,moderate
2024-07-15T01:30Z,2024-07-15T02:00Z,121,127,moderate
2024-07-15T02:00Z,2024-07-15T02:30Z,126,129,moderate
2024-07-15T02:30Z,2024-07-15T03:00Z,127,130,moderate
2024-07-15T03:00Z,2024-07-15T03:30Z,129,131,moderate
2024-07-15T03:30Z,2024-07-15T04:00Z,137,133,moderate
2024-07-15T04:00Z,2024-07-15T04:30Z,142,135,moderate
2024-07-15T04:30Z,2024-07-15T05:00Z,152,141,moderate
2024-07-15T05:00Z,2024-07-15T05:30Z,165,154,moderate
2024-07-15T05:30Z,2024-07-15T06:00Z,184,159,moderate
2024-07-15T06:00Z,2024-07-15T06:30Z,187,161,moderate
2024-07-15T06:30Z,2024-07-15T07:00Z,182,192,moderate
2024-07-15T07:00Z,2024-07-15T07:30Z,179,180,moderate
2024-07-15T07:30Z,2024-07-15T08:00Z,179,179,moderate
2024-07-15T08:00Z,2024-07-15T08:30Z,179,176,moderate
2024-07-15T08:30Z,2024-07-15T09:00Z,176,172,moderate
2024-07-15T09:00Z,2024-07-15T09:30Z,174,173,moderate
2024-07-15T09:30Z,2024-07-15T10:00Z,174,168,moderate
2024-07-15T10:00Z,2024-07-15T10:30Z,172,168,moderate
2024-07-15T10:30Z,2024-07-15T11:00Z,172,164,moderate
2024-07-15T11:00Z,2024-07-15T11:30Z,173,167,moderate
2024-07-15T11:30Z,2024-07-15T12:00Z,175,168,moderate
2024-07-15T12:00Z,2024-07-15T12:30Z,178,165,moderate
2024-07-15T12:30Z,2024-07-15T13:00Z,181,168,moderate
2024-07-15T13:00Z,2024-07-15T13:30Z,190,169,high
2024-07-15T13:30Z,2024-07-15T14:00Z,178,173,moderate
2024-07-15T14:00Z,2024-07-15T14:30Z,186,180,moderate
2024-07-15T14:30Z,2024-07-15T15:00Z,189,175,moderate
2024-07-15T15:00Z,2024-07-15T15:30Z,185,180,moderate
2024-07-15T15:30Z,2024-07-15T16:00Z,187,181,moderate
2024-07-15T16:00Z,2024-07-15T16:30Z,188,180,moderate
2024-07-15T16:30Z,2024-07-15T17:00Z,189,184,moderate
2024-07-15T17:00Z,2024-07-15T17:30Z,193,189,high
2024-07-15T17:30Z,2024-07-15T18:00Z,201,187,high
2024-07-15T18:00Z,2024-07-15T18:30Z,203,197,high
2024-07-15T18:30Z,2024-07-15T19:00Z,204,196,high
2024-07-15T19:00Z,2024-07-15T19:30Z,205,197,high
2024-07-15T19:30Z,2024-07-15T20:00Z,204,199,high
2024-07-15T20:00Z,2024-07-15T20:30Z,195,195,high
2024-07-15T20:30Z,2024-07-15T21:00Z,175,191,moderate
2024-07-15T21:00Z,2024-07-15T21:30Z,166,192,moderate
2024-07-15T21:30Z,2024-07-15T22:00Z,123,173,moderate
2024-07-15T22:00Z,2024-07-15T22:30Z,109,163,low
2024-07-15T22:30Z,2024-07-15T23:00Z,111,125,moderate
2024-07-15T23:00Z,2024-07-15T23:30Z,100,123,low
2024-07-15T23:30Z,2024-07-16T00:00Z,103,115,low
2024-07-16T00:00Z,2024-07-16T00:30Z,96,100,low
2024-07-16T00:30Z,2024-07-16T01:00Z,83,103,low
2024-07-16T01:00Z,2024-07-16T01:30Z,73,104,low
2024-07-16T01:30Z,2024-07-16T02:00Z,77,91,low
2024-07-16T02:00Z,2024-07-16T02:30Z,76,77,low
2024-07-16T02:30Z,2024-07-16T03:00Z,71,78,low
2024-07-16T03:00Z,2024-07-16T03:30Z,73,80,low
2024-07-16T03:30Z,2024-07-16T04:00Z,82,72,low
2024-07-16T04:00Z,2024-07-16T04:30Z,89,74,low
2024-07-16T04:30Z,2024-07-16T05:00Z,115,83,moderate
2024-07-16T05:00Z,2024-07-16T05:30Z,144,93,moderate
2024-07-16T05:30Z,2024-07-16T06:00Z,166,110,moderate
2024-07-16T06:00Z,2024-07-16T06:30Z,170,135,moderate
2024-07-16T06:30Z,2024-07-16T07:00Z,169,159,moderate
2024-07-16T07:00Z,2024-07-16T07:30Z,166,152,moderate
2024-07-16T07:30Z,2024-07-16T08:00Z,165,151,moderate
2024-07-16T08:00Z,2024-07-16T08:30Z,163,159,moderate
2024-07-16T08:30Z,2024-07-16T09:00Z,158,158,moderate
2024-07-16T09:00Z,2024-07-16T09:30Z,155,141,moderate
2024-07-16T09:30Z,2024-07-16T10:00Z,148,142,moderate
2024-07-16T10:00Z,2024-07-16T10:30Z,145,136,moderate
2024-07-16T10:30Z,2024-07-16T11:00Z,138,135,moderate
2024-07-16T11:00Z,2024-07-16T11:30Z,131,128,moderate
2024-07-16T11:30Z,2024-07-16T12:00Z,120,122,moderate
2024-07-16T12:00Z,2024-07-16T12:30Z,117,116,moderate
2024-07-16T12:30Z,2024-07-16T13:00Z,113,109,moderate
2024-07-16T13:00Z,2024-07-16T13:30Z,111,105,moderate
2024-07-16T13:30Z,2024-07-16T14:00Z,108,102,low
2024-07-16T14:00Z,2024-07-16T14:30Z,111,102,moderate
2024-07-16T14:30Z,2024-07-16T15:00Z,118,101,moderate
2024-07-16T15:00Z,2024-07-16T15:30Z,122,106,moderate
2024-07-16T15:30Z,2024-07-16T16:00Z,128,113,moderate
2024-07-16T16:00Z,2024-07-16T16:30Z,135,114,moderate
2024-07-16T16:30Z,2024-07-16T17:00Z,144,119,moderate
2024-07-16T17:00Z,2024-07-16T17:30Z,150,127,moderate
2024-07-16T17:30Z,2024-07-16T18:00Z,156,139,moderate
2024-07-16T18:00Z,2024-07-16T18:30Z,162,146,moderate
2024-07-16T18:30Z,2024-07-16T19:00Z,163,155,moderate
2024-07-16T19:00Z,2024-07-16T19:30Z,173,157,moderate
2024-07-16T19:30Z,2024-07-16T20:00Z,180,160,moderate
2024-07-16T20:00Z,2024-07-16T20:30Z,183,167,moderate
2024-07-16T20:30Z,2024-07-16T21:00Z,187,170,moderate
2024-07-16T21:00Z,2024-07-16T21:30Z,181,166,moderate
2024-07-16T21:30Z,2024-07-16T22:00Z,167,166,moderate
2024-07-16T22:00Z,2024-07-16T22:30Z,156,163,moderate
2024-07-16T22:30Z,2024-07-16T23:00Z,148,157,moderate
2024-07-16T23:00Z,2024-07-16T23:30Z,139,155,moderate
2024-07-16T23:30Z,2024-07-17T00:00Z,133,152,moderate
2024-07-17T00:00Z,2024-07-17T00:30Z,129,128,moderate
2024-07-17T00:30Z,2024-07-17T01:00Z,129,124,moderate
2024-07-17T01:00Z,2024-07-17T01:30Z,128,122,moderate
2024-07-17T01:30Z,2024-07-17T02:00Z,131,120,moderate
2024-07-17T02:00Z,2024-07-17T02:30Z,131,118,moderate
2024-07-17T02:30Z,2024-07-17T03:00Z,135,122,moderate
2024-07-17T03:00Z,2024-07-17T03:30Z,137,121,moderate
2024-07-17T03:30Z,2024-07-17T04:00Z,143,128,moderate
2024-07-17T04:00Z,2024-07-17T04:30Z,153,134,moderate
2024-07-17T04:30Z,2024-07-17T05:00Z,185,139,moderate
2024-07-17T05:00Z,2024-07-17T05:30Z,191,154,high
2024-07-17T05:30Z,2024-07-17T06:00Z,189,179,moderate
2024-07-17T06:00Z,2024-07-17T06:30Z,185,191,moderate
2024-07-17T06:30Z,2024-07-17T07:00Z,172,181,moderate
2024-07-17T07:00Z,2024-07-17T07:30Z,165,172,moderate
2024-07-17T07:30Z,2024-07-17T08:00Z,158,153,moderate
2024-07-17T08:00Z,2024-07-17T08:30Z,148,151,moderate
2024-07-17T08:30Z,2024-07-17T09:00Z,144,143,moderate
2024-07-17T09:00Z,2024-07-17T09:30Z,141,134,moderate
2024-07-17T09:30Z,2024-07-17T10:00Z,134,121,moderate
2024-07-17T10:00Z,2024-07-17T10:30Z,131,131,moderate
2024-07-17T10:30Z,2024-07-17T11:00Z,129,124,moderate
2024-07-17T11:00Z,2024-07-17T11:30Z,131,128,moderate
2024-07-17T11:30Z,2024-07-17T12:00Z,133,121,moderate
2024-07-17T12:00Z,2024-07-17T12:30Z,129,123,moderate
2024-07-17T12:30Z,2024-07-17T13:00Z,130,120,moderate
2024-07-17T13:00Z,2024-07-17T13:30Z,133,121,moderate
2024-07-17T13:30Z,2024-07-17T14:00Z,131,120,moderate
2024-07-17T14:00Z,2024-07-17T14:30Z,136,133,moderate
2024-07-17T14:30Z,2024-07-17T15:00Z,145,129,moderate
2024-07-17T15:00Z,2024-07-17T15:30Z,150,137,moderate
2024-07-17T15:30Z,2024-07-17T16:00Z,161,144,moderate
2024-07-17T16:00Z,2024-07-17T16:30Z,171,147,moderate
2024-07-17T16:30Z,2024-07-17T17:00Z,182,159,moderate
2024-07-17T17:00Z,2024-07-17T17:30Z,187,164,moderate
2024-07-17T17:30Z,2024-07-17T18:00Z,192,182,high
2024-07-17T18:00Z,2024-07-17T18:30Z,196,186,high
2024-07-17T18:30Z,2024-07-17T19:00Z,206,182,high
2024-07-17T19:00Z,2024-07-17T19:30Z,208,183,high
2024-07-17T19:30Z,2024-07-17T20:00Z,220,185,high
2024-07-17T20:00Z,2024-07-17T20:30Z,222,186,high
2024-07-17T20:30Z,2024-07-17T21:00Z,207,194,high
2024-07-17T21:00Z,2024-07-17T21:30Z,193,198,high
2024-07-17T21:30Z,2024-07-17T22:00Z,136,183,moderate
2024-07-17T22:00Z,2024-07-17T22:30Z,119,180,moderate
2024-07-17T22:30Z,2024-07-17T23:00Z,114,137,moderate
2024-07-17T23:00Z,2024-07-17T23:30Z,115,136,moderate
2024-07-17T23:30Z,2024-07-18T00:00Z,113,139,moderate
2024-07-18T00:00Z,2024-07-18T00:30Z,112,115,moderate
2024-07-18T00:30Z,2024-07-18T01:00Z,104,118,low
2024-07-18T01:00Z,2024-07-18T01:30Z,103,114,low
2024-07-18T01:30Z,2024-07-18T02:00Z,100,109,low
2024-07-18T02:00Z,2024-07-18T02:30Z,96,107,low
2024-07-18T02:30Z,2024-07-18T03:00Z,102,105,low
2024-07-18T03:00Z,2024-07-18T03:30Z,102,98,low
2024-07-18T03:30Z,2024-07-18T04:00Z,104,107,low
2024-07-18T04:00Z,2024-07-18T04:30Z,111,105,moderate
2024-07-18T04:30Z,2024-07-18T05:00Z,127,104,moderate
2024-07-18T05:00Z,2024-07-18T05:30Z,130,109,moderate
2024-07-18T05:30Z,2024-07-18T06:00Z,120,128,moderate
2024-07-18T06:00Z,2024-07-18T06:30Z,121,128,moderate
2024-07-18T06:30Z,2024-07-18T07:00Z,117,118,moderate
2024-07-18T07:00Z,2024-07-18T07:30Z,112,114,moderate
2024-07-18T07:30Z,2024-07-18T08:00Z,98,107,low
2024-07-18T08:00Z,2024-07-18T08:30Z,92,100,low
2024-07-18T08:30Z,2024-07-18T09:00Z,84,90,low
2024-07-18T09:00Z,2024-07-18T09:30Z,78,87,low
2024-07-18T09:30Z,2024-07-18T10:00Z,74,82,low
2024-07-18T10:00Z,2024-07-18T10:30Z,73,74,low
2024-07-18T10:30Z,2024-07-18T11:00Z,68,73,low
2024-07-18T11:00Z,2024-07-18T11:30Z,65,72,low
2024-07-18T11:30Z,2024-07-18T12:00Z,64,69,low
2024-07-18T12:00Z,2024-07-18T12:30Z,63,67,low
2024-07-18T12:30Z,2024-07-18T13:00Z,63,64,low
2024-07-18T13:00Z,2024-07-18T13:30Z,67,65,low
2024-07-18T13:30Z,2024-07-18T14:00Z,74,64,low
2024-07-18T14:00Z,2024-07-18T14:30Z,81,69,low
2024-07-18T14:30Z,2024-07-18T15:00Z,93,75,low
2024-07-18T15:00Z,2024-07-18T15:30Z,111,85,moderate
2024-07-18T15:30Z,2024-07-18T16:00Z,141,97,moderate
2024-07-18T16:00Z,2024-07-18T16:30Z,159,121,moderate
2024-07-18T16:30Z,2024-07-18T17:00Z,174,144,moderate
2024-07-18T17:00Z,2024-07-18T17:30Z,178,157,moderate
2024-07-18T17:30Z,2024-07-18T18:00Z,183,171,moderate
2024-07-18T18:00Z,2024-07-18T18:30Z,189,178,moderate
2024-07-18T18:30Z,2024-07-18T19:00Z,200,175,high
2024-07-18T19:00Z,2024-07-18T19:30Z,203,177,high
2024-07-18T19:30Z,2024-07-18T20:00Z,201,188,high
2024-07-18T20:00Z,2024-07-18T20:30Z,204,127,high
2024-07-18T20:30Z,2024-07-18T21:00Z,203,175,high
2024-07-18T21:00Z,2024-07-18T21:30Z,189,179,moderate
2024-07-18T21:30Z,2024-07-18T22:00Z,148,176,moderate
2024-07-18T22:00Z,2024-07-18T22:30Z,138,175,moderate
2024-07-18T22:30Z,2024-07-18T23:00Z,134,143,moderate
2024-07-18T23:00Z,2024-07-18T23:30Z,124,145,moderate
2024-07-18T23:30Z,2024-07-19T00:00Z,112,144,moderate
2024-07-19T00:00Z,2024-07-19T00:30Z,108,118,low
2024-07-19T00:30Z,2024-07-19T01:00Z,103,108,low
2024-07-19T01:00Z,2024-07-19T01:30Z,106,101,low
2024-07-19T01:30Z,2024-07-19T02:00Z,110,100,moderate
2024-07-19T02:00Z,2024-07-19T02:30Z,105,100,low
2024-07-19T02:30Z,2024-07-19T03:00Z,104,105,low
2024-07-19T03:00Z,2024-07-19T03:30Z,102,101,low
2024-07-19T03:30Z,2024-07-19T04:00Z,107,97,low
2024-07-19T04:00Z,2024-07-19T04:30Z,111,96,moderate
2024-07-19T04:30Z,2024-07-19T05:00Z,124,93,moderate
2024-07-19T05:00Z,2024-07-19T05:30Z,131,100,moderate
2024-07-19T05:30Z,2024-07-19T06:00Z,129,111,moderate
2024-07-19T06:00Z,2024-07-19T06:30Z,125,115,moderate
2024-07-19T06:30Z,2024-07-19T07:00Z,119,112,moderate
2024-07-19T07:00Z,2024-07-19T07:30Z,113,106,moderate
2024-07-19T07:30Z,2024-07-19T08:00Z,108,97,low
2024-07-19T08:00Z,2024-07-19T08:30Z,99,93,low
2024-07-19T08:30Z,2024-07-19T09:00Z,87,90,low
2024-07-19T09:00Z,2024-07-19T09:30Z,75,86,low
2024-07-19T09:30Z,2024-07-19T10:00Z,65,72,low
2024-07-19T10:00Z,2024-07-19T10:30Z,57,61,low
2024-07-19T10:30Z,2024-07-19T11:00Z,54,55,low
2024-07-19T11:00Z,2024-07-19T11:30Z,53,48,low
2024-07-19T11:30Z,2024-07-19T12:00Z,51,47,low
2024-07-19T12:00Z,2024-07-19T12:30Z,50,46,low
2024-07-19T12:30Z,2024-07-19T13:00Z,50,46,low
2024-07-19T13:00Z,2024-07-19T13:30Z,49,47,low
2024-07-19T13:30Z,2024-07-19T14:00Z,48,45,low
2024-07-19T14:00Z,2024-07-19T14:30Z,56,44,low
2024-07-19T14:30Z,2024-07-19T15:00Z,68,42,low
2024-07-19T15:00Z,2024-07-19T15:30Z,82,48,low
2024-07-19T15:30Z,2024-07-19T16:00Z,101,57,low
2024-07-19T16:00Z,2024-07-19T16:30Z,117,73,moderate
2024-07-19T16:30Z,2024-07-19T17:00Z,133,94,moderate
2024-07-19T17:00Z,2024-07-19T17:30Z,139,95,moderate
2024-07-19T17:30Z,2024-07-19T18:00Z,148,121,moderate
2024-07-19T18:00Z,2024-07-19T18:30Z,153,133,moderate
2024-07-19T18:30Z,2024-07-19T19:00Z,161,137,moderate
2024-07-19T19:00Z,2024-07-19T19:30Z,161,143,moderate
2024-07-19T19:30Z,2024-07-19T20:00Z,164,149,moderate
2024-07-19T20:00Z,2024-07-19T20:30Z,164,150,moderate
2024-07-19T20:30Z,2024-07-19T21:00Z,160,150,moderate
2024-07-19T21:00Z,2024-07-19T21:30Z,149,152,moderate
2024-07-19T21:30Z,2024-07-19T22:00Z,112,150,moderate
2024-07-19T22:00Z,2024-07-19T22:30Z,101,138,low
2024-07-19T22:30Z,2024-07-19T23:00Z,86,105,low
2024-07-19T23:00Z,2024-07-19T23:30Z,86,109,low
2024-07-19T23:30Z,2024-07-20T00:00Z,87,114,low
2024-07-20T00:00Z,2024-07-20T00:30Z,86,71,low
2024-07-20T00:30Z,2024-07-20T01:00Z,92,76,low
2024-07-20T01:00Z,2024-07-20T01:30Z,93,72,low
2024-07-20T01:30Z,2024-07-20T02:00Z,97,78,low
2024-07-20T02:00Z,2024-07-20T02:30Z,101,78,low
2024-07-20T02:30Z,2024-07-20T03:00Z,100,82,low
2024-07-20T03:00Z,2024-07-20T03:30Z,101,84,low
2024-07-20T03:30Z,2024-07-20T04:00Z,103,85,low
2024-07-20T04:00Z,2024-07-20T04:30Z,103,93,low
2024-07-20T04:30Z,2024-07-20T05:00Z,108,93,low
2024-07-20T05:00Z,2024-07-20T05:30Z,110,94,moderate
2024-07-20T05:30Z,2024-07-20T06:00Z,117,98,moderate
2024-07-20T06:00Z,2024-07-20T06:30Z,119,102,moderate
2024-07-20T06:30Z,2024-07-20T07:00Z,126,109,moderate
2024-07-20T07:00Z,2024-07-20T07:30Z,130,118,moderate
2024-07-20T07:30Z,2024-07-20T08:00Z,130,123,moderate
2024-07-20T08:00Z,2024-07-20T08:30Z,130,129,moderate
2024-07-20T08:30Z,2024-07-20T09:00Z,129,127,moderate
2024-07-20T09:00Z,2024-07-20T09:30Z,127,129,moderate
2024-07-20T09:30Z,2024-07-20T10:00Z,129,126,moderate
2024-07-20T10:00Z,2024-07-20T10:30Z,127,124,moderate
2024-07-20T10:30Z,2024-07-20T11:00Z,125,129,moderate
2024-07-20T11:00Z,2024-07-20T11:30Z,126,129,moderate
2024-07-20T11:30Z,2024-07-20T12:00Z,126,124,moderate
2024-07-20T12:00Z,2024-07-20T12:30Z,126,128,moderate
2024-07-20T12:30Z,2024-07-20T13:00Z,131,129,moderate
2024-07-20T13:00Z,2024-07-20T13:30Z,141,130,moderate
2024-07-20T13:30Z,2024-07-20T14:00Z,140,128,moderate
2024-07-20T14:00Z,2024-07-20T14:30Z,147,134,moderate
2024-07-20T14:30Z,2024-07-20T15:00Z,157,140,moderate
2024-07-20T15:00Z,2024-07-20T15:30Z,164,147,moderate
2024-07-20T15:30Z,2024-07-20T16:00Z,170,159,moderate
2024-07-20T16:00Z,2024-07-20T16:30Z,173,162,moderate
2024-07-20T16:30Z,2024-07-20T17:00Z,176,169,moderate
2024-07-20T17:00Z,2024-07-20T17:30Z,178,172,moderate
2024-07-20T17:30Z,2024-07-20T18:00Z,181,172,moderate
2024-07-20T18:00Z,2024-07-20T18:30Z,181,168,moderate
2024-07-20T18:30Z,2024-07-20T19:00Z,177,173,moderate
2024-07-20T19:00Z,2024-07-20T19:30Z,171,172,moderate
2024-07-20T19:30Z,2024-07-20T20:00Z,170,163,moderate
2024-07-20T20:00Z,2024-07-20T20:30Z,164,164,moderate
2024-07-20T20:30Z,2024-07-20T21:00Z,155,157,moderate
2024-07-20T21:00Z,2024-07-20T21:30Z,141,143,moderate
2024-07-20T21:30Z,2024-07-20T22:00Z,112,129,moderate
2024-07-20T22:00Z,2024-07-20T22:30Z,92,122,low
2024-07-20T22:30Z,2024-07-20T23:00Z,87,99,low
2024-07-20T23:00Z,2024-07-20T23:30Z,86,95,low
2024-07-20T23:30Z,2024-07-21T00:00Z,84,92,low
2024-07-21T00:00Z,2024-07-21T00:30Z,84,72,low
2024-07-21T00:30Z,2024-07-21T01:00Z,86,72,low
2024-07-21T01:00Z,2024-07-21T01:30Z,83,75,low
2024-07-21T01:30Z,2024-07-21T02:00Z,84,76,low
2024-07-21T02:00Z,2024-07-21T02:30Z,87,77,low
2024-07-21T02:30Z,2024-07-21T03:00Z,89,73,low
2024-07-21T03:00Z,2024-07-21T03:30Z,91,77,low
2024-07-21T03:30Z,2024-07-21T04:00Z,91,78,low
2024-07-21T04:00Z,2024-07-21T04:30Z,94,80,low
2024-07-21T04:30Z,2024-07-21T05:00Z,92,81,low
2024-07-21T05:00Z,2024-07-21T05:30Z,91,82,low
2024-07-21T05:30Z,2024-07-21T06:00Z,86,82,low
2024-07-21T06:00Z,2024-07-21T06:30Z,85,79,low
2024-07-21T06:30Z,2024-07-21T07:00Z,82,72,low
2024-07-21T07:00Z,2024-07-21T07:30Z,73,71,low
2024-07-21T07:30Z,2024-07-21T08:00Z,70,71,low
2024-07-21T08:00Z,2024-07-21T08:30Z,66,69,low
2024-07-21T08:30Z,2024-07-21T09:00Z,66,64,low
2024-07-21T09:00Z,2024-07-21T09:30Z,59,63,low
2024-07-21T09:30Z,2024-07-21T10:00Z,65,63,low
2024-07-21T10:00Z,2024-07-21T10:30Z,68,56,low
2024-07-21T10:30Z,2024-07-21T11:00Z,69,60,low
2024-07-21T11:00Z,2024-07-21T11:30Z,68,65,low
2024-07-21T11:30Z,2024-07-21T12:00Z,64,66,low
2024-07-21T12:00Z,2024-07-21T12:30Z,64,64,low
2024-07-21T12:30Z,2024-07-21T13:00Z,67,63,low
2024-07-21T13:00Z,2024-07-21T13:30Z,73,61,low
2024-07-21T13:30Z,2024-07-21T14:00Z,80,66,low
2024-07-21T14:00Z,2024-07-21T14:30Z,87,72,low
2024-07-21T14:30Z,2024-07-21T15:00Z,105,74,low
2024-07-21T15:00Z,2024-07-21T15:30Z,126,92,moderate
2024-07-21T15:30Z,2024-07-21T16:00Z,141,109,moderate
2024-07-21T16:00Z,2024-07-21T16:30Z,150,130,moderate
2024-07-21T16:30Z,2024-07-21T17:00Z,151,144,moderate
2024-07-21T17:00Z,2024-07-21T17:30Z,151,150,moderate
2024-07-21T17:30Z,2024-07-21T18:00Z,161,148,moderate
2024-07-21T18:00Z,2024-07-21T18:30Z,166,154,moderate
2024-07-21T18:30Z,2024-07-21T19:00Z,170,165,moderate
2024-07-21T19:00Z,2024-07-21T19:30Z,174,167,moderate
2024-07-21T19:30Z,2024-07-21T20:00Z,178,168,moderate
2024-07-21T20:00Z,2024-07-21T20:30Z,178,169,moderate
2024-07-21T20:30Z,2024-07-21T21:00Z,179,177,moderate
2024-07-21T21:00Z,2024-07-21T21:30Z,168,168,moderate
2024-07-21T21:30Z,2024-07-21T22:00Z,154,170,moderate
2024-07-21T22:00Z,2024-07-21T22:30Z,142,164,moderate
2024-07-21T22:30Z,2024-07-21T23:00Z,126,152,moderate
2024-07-21T23:00Z,2024-07-21T23:30Z,118,154,moderate
2024-07-21T23:30Z,2024-07-22T00:00Z,117,148,moderate
2024-07-22T00:00Z,2024-07-22T00:30Z,115,121,moderate
2024-07-22T00:30Z,2024-07-22T01:00Z,106,122,low
2024-07-22T01:00Z,2024-07-22T01:30Z,107,120,low
2024-07-22T01:30Z,2024-07-22T02:00Z,104,113,low
2024-07-22T02:00Z,2024-07-22T02:30Z,103,111,low
2024-07-22T02:30Z,2024-07-22T03:00Z,103,109,low
2024-07-22T03:00Z,2024-07-22T03:30Z,100,106,low
2024-07-22T03:30Z,2024-07-22T04:00Z,103,106,low
2024-07-22T04:00Z,2024-07-22T04:30Z,109,103,low
2024-07-22T04:30Z,2024-07-22T05:00Z,123,108,moderate
2024-07-22T05:00Z,2024-07-22T05:30Z,136,113,moderate
2024-07-22T05:30Z,2024-07-22T06:00Z,134,126,moderate
2024-07-22T06:00Z,2024-07-22T06:30Z,138,137,moderate
2024-07-22T06:30Z,2024-07-22T07:00Z,136,139,moderate
2024-07-22T07:00Z,2024-07-22T07:30Z,140,142,moderate
2024-07-22T07:30Z,2024-07-22T08:00Z,139,132,moderate
2024-07-22T08:00Z,2024-07-22T08:30Z,135,132,moderate
2024-07-22T08:30Z,2024-07-22T09:00Z,132,116,moderate
2024-07-22T09:00Z,2024-07-22T09:30Z,129,118,moderate
2024-07-22T09:30Z,2024-07-22T10:00Z,124,115,moderate
2024-07-22T10:00Z,2024-07-22T10:30Z,115,114,moderate
2024-07-22T10:30Z,2024-07-22T11:00Z,104,113,low
2024-07-22T11:00Z,2024-07-22T11:30Z,101,111,low
2024-07-22T11:30Z,2024-07-22T12:00Z,95,103,low
2024-07-22T12:00Z,2024-07-22T12:30Z,88,102,low
2024-07-22T12:30Z,2024-07-22T13:00Z,87,91,low
2024-07-22T13:00Z,2024-07-22T13:30Z,82,87,low
2024-07-22T13:30Z,2024-07-22T14:00Z,84,87,low
2024-07-22T14:00Z,2024-07-22T14:30Z,93,84,low
2024-07-22T14:30Z,2024-07-22T15:00Z,106,85,low
2024-07-22T15:00Z,2024-07-22T15:30Z,115,94,moderate
2024-07-22T15:30Z,2024-07-22T16:00Z,128,109,moderate
2024-07-22T16:00Z,2024-07-22T16:30Z,140,121,moderate
2024-07-22T16:30Z,2024-07-22T17:00Z,141,129,moderate
2024-07-22T17:00Z,2024-07-22T17:30Z,147,144,moderate
2024-07-22T17:30Z,2024-07-22T18:00Z,155,136,moderate
2024-07-22T18:00Z,2024-07-22T18:30Z,165,144,moderate
2024-07-22T18:30Z,2024-07-22T19:00Z,173,148,moderate
2024-07-22T19:00Z,2024-07-22T19:30Z,175,158,moderate
2024-07-22T19:30Z,2024-07-22T20:00Z,180,159,moderate
2024-07-22T20:00Z,2024-07-22T20:30Z,179,170,moderate
2024-07-22T20:30Z,2024-07-22T21:00Z,180,158,moderate
2024-07-22T21:00Z,2024-07-22T21:30Z,177,160,moderate
2024-07-22T21:30Z,2024-07-22T22:00Z,164,157,moderate
2024-07-22T22:00Z,2024-07-22T22:30Z,154,156,moderate
2024-07-22T22:30Z,2024-07-22T23:00Z,143,148,moderate
2024-07-22T23:00Z,2024-07-22T23:30Z,135,143,moderate
2024-07-22T23:30Z,2024-07-23T00:00Z,138,136,moderate
2024-07-23T00:00Z,2024-07-23T00:30Z,138,126,moderate
2024-07-23T00:30Z,2024-07-23T01:00Z,141,126,moderate
2024-07-23T01:00Z,2024-07-23T01:30Z,140,130,moderate
2024-07-23T01:30Z,2024-07-23T02:00Z,137,131,moderate
2024-07-23T02:00Z,2024-07-23T02:30Z,141,138,moderate
2024-07-23T02:30Z,2024-07-23T03:00Z,136,135,moderate
2024-07-23T03:00Z,2024-07-23T03:30Z,138,134,moderate
2024-07-23T03:30Z,2024-07-23T04:00Z,150,125,moderate
2024-07-23T04:00Z,2024-07-23T04:30Z,158,134,moderate
2024-07-23T04:30Z,2024-07-23T05:00Z,172,139,moderate
2024-07-23T05:00Z,2024-07-23T05:30Z,172,138,moderate
2024-07-23T05:30Z,2024-07-23T06:00Z,174,163,moderate
2024-07-23T06:00Z,2024-07-23T06:30Z,174,169,moderate
2024-07-23T06:30Z,2024-07-23T07:00Z,170,176,moderate
2024-07-23T07:00Z,2024-07-23T07:30Z,167,178,moderate
2024-07-23T07:30Z,2024-07-23T08:00Z,162,156,moderate
2024-07-23T08:00Z,2024-07-23T08:30Z,151,156,moderate
2024-07-23T08:30Z,2024-07-23T09:00Z,145,154,moderate
2024-07-23T09:00Z,2024-07-23T09:30Z,141,140,moderate
2024-07-23T09:30Z,2024-07-23T10:00Z,140,147,moderate
2024-07-23T10:00Z,2024-07-23T10:30Z,138,136,moderate
2024-07-23T10:30Z,2024-07-23T11:00Z,136,128,moderate
2024-07-23T11:00Z,2024-07-23T11:30Z,133,128,moderate
2024-07-23T11:30Z,2024-07-23T12:00Z,129,133,moderate
2024-07-23T12:00Z,2024-07-23T12:30Z,128,135,moderate
2024-07-23T12:30Z,2024-07-23T13:00Z,126,122,moderate
2024-07-23T13:00Z,2024-07-23T13:30Z,124,119,moderate
2024-07-23T13:30Z,2024-07-23T14:00Z,123,123,moderate
2024-07-23T14:00Z,2024-07-23T14:30Z,124,119,moderate
2024-07-23T14:30Z,2024-07-23T15:00Z,130,125,moderate
2024-07-23T15:00Z,2024-07-23T15:30Z,140,136,moderate
2024-07-23T15:30Z,2024-07-23T16:00Z,154,136,moderate
2024-07-23T16:00Z,2024-07-23T16:30Z,159,143,moderate
2024-07-23T16:30Z,2024-07-23T17:00Z,168,169,moderate
2024-07-23T17:00Z,2024-07-23T17:30Z,173,183,moderate
2024-07-23T17:30Z,2024-07-23T18:00Z,181,165,moderate
2024-07-23T18:00Z,2024-07-23T18:30Z,188,170,moderate
2024-07-23T18:30Z,2024-07-23T19:00Z,195,173,high
2024-07-23T19:00Z,2024-07-23T19:30Z,200,181,high
2024-07-23T19:30Z,2024-07-23T20:00Z,206,186,high
2024-07-23T20:00Z,2024-07-23T20:30Z,208,198,high
2024-07-23T20:30Z,2024-07-23T21:00Z,211,195,high
2024-07-23T21:00Z,2024-07-23T21:30Z,213,198,high
2024-07-23T21:30Z,2024-07-23T22:00Z,203,194,high
2024-07-23T22:00Z,2024-07-23T22:30Z,196,191,high
2024-07-23T22:30Z,2024-07-23T23:00Z,195,195,high
2024-07-23T23:00Z,2024-07-23T23:30Z,196,187,high
2024-07-23T23:30Z,2024-07-24T00:00Z,195,177,high
2024-07-24T00:00Z,2024-07-24T00:30Z,191,181,high
2024-07-24T00:30Z,2024-07-24T01:00Z,193,199,high
2024-07-24T01:00Z,2024-07-24T01:30Z,193,184,high
2024-07-24T01:30Z,2024-07-24T02:00Z,187,183,moderate
2024-07-24T02:00Z,2024-07-24T02:30Z,188,181,moderate
2024-07-24T02:30Z,2024-07-24T03:00Z,185,185,moderate
2024-07-24T03:00Z,2024-07-24T03:30Z,183,188,moderate
2024-07-24T03:30Z,2024-07-24T04:00Z,190,189,high
2024-07-24T04:00Z,2024-07-24T04:30Z,194,189,high
2024-07-24T04:30Z,2024-07-24T05:00Z,194,188,high
2024-07-24T05:00Z,2024-07-24T05:30Z,201,190,high
2024-07-24T05:30Z,2024-07-24T06:00Z,197,194,high
2024-07-24T06:00Z,2024-07-24T06:30Z,193,194,high
2024-07-24T06:30Z,2024-07-24T07:00Z,189,194,moderate
2024-07-24T07:00Z,2024-07-24T07:30Z,184,185,moderate
2024-07-24T07:30Z,2024-07-24T08:00Z,176,177,moderate
2024-07-24T08:00Z,2024-07-24T08:30Z,170,166,moderate
2024-07-24T08:30Z,2024-07-24T09:00Z,163,162,moderate
2024-07-24T09:00Z,2024-07-24T09:30Z,158,153,moderate
2024-07-24T09:30Z,2024-07-24T10:00Z,156,149,moderate
2024-07-24T10:00Z,2024-07-24T10:30Z,152,145,moderate
2024-07-24T10:30Z,2024-07-24T11:00Z,142,143,moderate
2024-07-24T11:00Z,2024-07-24T11:30Z,137,140,moderate
2024-07-24T11:30Z,2024-07-24T12:00Z,130,139,moderate
2024-07-24T12:00Z,2024-07-24T12:30Z,128,130,moderate
2024-07-24T12:30Z,2024-07-24T13:00Z,124,128,moderate
2024-07-24T13:00Z,2024-07-24T13:30Z,120,119,moderate
2024-07-24T13:30Z,2024-07-24T14:00Z,112,116,moderate
2024-07-24T14:00Z,2024-07-24T14:30Z,109,114,low
2024-07-24T14:30Z,2024-07-24T15:00Z,105,108,low
2024-07-24T15:00Z,2024-07-24T15:30Z,107,110,low
2024-07-24T15:30Z,2024-07-24T16:00Z,114,114,moderate
2024-07-24T16:00Z,2024-07-24T16:30Z,117,106,moderate
2024-07-24T16:30Z,2024-07-24T17:00Z,126,111,moderate
2024-07-24T17:00Z,2024-07-24T17:30Z,127,114,moderate
2024-07-24T17:30Z,2024-07-24T18:00Z,140,123,moderate
2024-07-24T18:00Z,2024-07-24T18:30Z,140,124,moderate
2024-07-24T18:30Z,2024-07-24T19:00Z,148,134,moderate
2024-07-24T19:00Z,2024-07-24T19:30Z,150,138,moderate
2024-07-24T19:30Z,2024-07-24T20:00Z,157,146,moderate
2024-07-24T20:00Z,2024-07-24T20:30Z,158,149,moderate
2024-07-24T20:30Z,2024-07-24T21:00Z,159,158,moderate
2024-07-24T21:00Z,2024-07-24T21:30Z,151,151,moderate
2024-07-24T21:30Z,2024-07-24T22:00Z,101,156,low
2024-07-24T22:00Z,2024-07-24T22:30Z,85,147,low
2024-07-24T22:30Z,2024-07-24T23:00Z,79,101,low
2024-07-24T23:00Z,2024-07-24T23:30Z,76,94,low
2024-07-24T23:30Z,2024-07-25T00:00Z,70,96,low
2024-07-25T00:00Z,2024-07-25T00:30Z,68,71,low
2024-07-25T00:30Z,2024-07-25T01:00Z,71,67,low
2024-07-25T01:00Z,2024-07-25T01:30Z,70,64,low
2024-07-25T01:30Z,2024-07-25T02:00Z,72,64,low
2024-07-25T02:00Z,2024-07-25T02:30Z,75,65,low
2024-07-25T02:30Z,2024-07-25T03:00Z,80,67,low
2024-07-25T03:00Z,2024-07-25T03:30Z,79,69,low
2024-07-25T03:30Z,2024-07-25T04:00Z,73,76,low
2024-07-25T04:00Z,2024-07-25T04:30Z,86,72,low
2024-07-25T04:30Z,2024-07-25T05:00Z,101,64,low
2024-07-25T05:00Z,2024-07-25T05:30Z,105,73,low
2024-07-25T05:30Z,2024-07-25T06:00Z,114,88,moderate
2024-07-25T06:00Z,2024-07-25T06:30Z,125,98,moderate
2024-07-25T06:30Z,2024-07-25T07:00Z,124,112,moderate
2024-07-25T07:00Z,2024-07-25T07:30Z,125,123,moderate
2024-07-25T07:30Z,2024-07-25T08:00Z,125,121,moderate
2024-07-25T08:00Z,2024-07-25T08:30Z,123,128,moderate
2024-07-25T08:30Z,2024-07-25T09:00Z,121,124,moderate
2024-07-25T09:00Z,2024-07-25T09:30Z,120,114,moderate
2024-07-25T09:30Z,2024-07-25T10:00Z,125,124,moderate
2024-07-25T10:00Z,2024-07-25T10:30Z,117,128,moderate
2024-07-25T10:30Z,2024-07-25T11:00Z,118,119,moderate
2024-07-25T11:00Z,2024-07-25T11:30Z,117,118,moderate
2024-07-25T11:30Z,2024-07-25T12:00Z,111,114,moderate
2024-07-25T12:00Z,2024-07-25T12:30Z,114,111,moderate
2024-07-25T12:30Z,2024-07-25T13:00Z,107,113,low
2024-07-25T13:00Z,2024-07-25T13:30Z,109,117,low
2024-07-25T13:30Z,2024-07-25T14:00Z,109,112,low
2024-07-25T14:00Z,2024-07-25T14:30Z,111,111,moderate
2024-07-25T14:30Z,2024-07-25T15:00Z,113,109,moderate
2024-07-25T15:00Z,2024-07-25T15:30Z,119,112,moderate
2024-07-25T15:30Z,2024-07-25T16:00Z,129,116,moderate
2024-07-25T16:00Z,2024-07-25T16:30Z,138,127,moderate
2024-07-25T16:30Z,2024-07-25T17:00Z,134,133,moderate
2024-07-25T17:00Z,2024-07-25T17:30Z,135,132,moderate
2024-07-25T17:30Z,2024-07-25T18:00Z,143,129,moderate
2024-07-25T18:00Z,2024-07-25T18:30Z,146,122,moderate
2024-07-25T18:30Z,2024-07-25T19:00Z,143,120,moderate
2024-07-25T19:00Z,2024-07-25T19:30Z,141,129,moderate
2024-07-25T19:30Z,2024-07-25T20:00Z,133,134,moderate
2024-07-25T20:00Z,2024-07-25T20:30Z,135,132,moderate
2024-07-25T20:30Z,2024-07-25T21:00Z,133,130,moderate
2024-07-25T21:00Z,2024-07-25T21:30Z,122,122,moderate
2024-07-25T21:30Z,2024-07-25T22:00Z,93,120,low
2024-07-25T22:00Z,2024-07-25T22:30Z,92,114,low
2024-07-25T22:30Z,2024-07-25T23:00Z,94,92,low
2024-07-25T23:00Z,2024-07-25T23:30Z,94,91,low
2024-07-25T23:30Z,2024-07-26T00:00Z,88,90,low
2024-07-26T00:00Z,2024-07-26T00:30Z,80,78,low
2024-07-26T00:30Z,2024-07-26T01:00Z,78,79,low
2024-07-26T01:00Z,2024-07-26T01:30Z,79,75,low
2024-07-26T01:30Z,2024-07-26T02:00Z,77,71,low
2024-07-26T02:00Z,2024-07-26T02:30Z,82,71,low
2024-07-26T02:30Z,2024-07-26T03:00Z,81,70,low
2024-07-26T03:00Z,2024-07-26T03:30Z,81,74,low
2024-07-26T03:30Z,2024-07-26T04:00Z,86,73,low
2024-07-26T04:00Z,2024-07-26T04:30Z,99,73,low
2024-07-26T04:30Z,2024-07-26T05:00Z,114,83,moderate
2024-07-26T05:00Z,2024-07-26T05:30Z,128,91,moderate
2024-07-26T05:30Z,2024-07-26T06:00Z,127,103,moderate
2024-07-26T06:00Z,2024-07-26T06:30Z,134,106,moderate
2024-07-26T06:30Z,2024-07-26T07:00Z,118,123,moderate
2024-07-26T07:00Z,2024-07-26T07:30Z,113,114,moderate
2024-07-26T07:30Z,2024-07-26T08:00Z,111,111,moderate
2024-07-26T08:00Z,2024-07-26T08:30Z,105,112,low
2024-07-26T08:30Z,2024-07-26T09:00Z,102,109,low
2024-07-26T09:00Z,2024-07-26T09:30Z,102,103,low
2024-07-26T09:30Z,2024-07-26T10:00Z,102,100,low
2024-07-26T10:00Z,2024-07-26T10:30Z,99,105,low
2024-07-26T10:30Z,2024-07-26T11:00Z,94,102,low
2024-07-26T11:00Z,2024-07-26T11:30Z,89,99,low
2024-07-26T11:30Z,2024-07-26T12:00Z,88,96,low
2024-07-26T12:00Z,2024-07-26T12:30Z,85,90,low
2024-07-26T12:30Z,2024-07-26T13:00Z,83,90,low
2024-07-26T13:00Z,2024-07-26T13:30Z,82,87,low
2024-07-26T13:30Z,2024-07-26T14:00Z,86,82,low
2024-07-26T14:00Z,2024-07-26T14:30Z,90,84,low
2024-07-26T14:30Z,2024-07-26T15:00Z,101,88,low
2024-07-26T15:00Z,2024-07-26T15:30Z,110,97,moderate
2024-07-26T15:30Z,2024-07-26T16:00Z,130,115,moderate
2024-07-26T16:00Z,2024-07-26T16:30Z,146,119,moderate
2024-07-26T16:30Z,2024-07-26T17:00Z,158,147,moderate
2024-07-26T17:00Z,2024-07-26T17:30Z,160,154,moderate
2024-07-26T17:30Z,2024-07-26T18:00Z,164,159,moderate
2024-07-26T18:00Z,2024-07-26T18:30Z,176,167,moderate
2024-07-26T18:30Z,2024-07-26T19:00Z,182,169,moderate
2024-07-26T19:00Z,2024-07-26T19:30Z,185,176,moderate
2024-07-26T19:30Z,2024-07-26T20:00Z,193,190,high
2024-07-26T20:00Z,2024-07-26T20:30Z,191,184,high
2024-07-26T20:30Z,2024-07-26T21:00Z,192,184,high
2024-07-26T21:00Z,2024-07-26T21:30Z,188,173,moderate
2024-07-26T21:30Z,2024-07-26T22:00Z,157,174,moderate
2024-07-26T22:00Z,2024-07-26T22:30Z,153,174,moderate
2024-07-26T22:30Z,2024-07-26T23:00Z,149,158,moderate
2024-07-26T23:00Z,2024-07-26T23:30Z,146,155,moderate
2024-07-26T23:30Z,2024-07-27T00:00Z,146,157,moderate
2024-07-27T00:00Z,2024-07-27T00:30Z,147,143,moderate
2024-07-27T00:30Z,2024-07-27T01:00Z,149,144,moderate
2024-07-27T01:00Z,2024-07-27T01:30Z,154,147,moderate
2024-07-27T01:30Z,2024-07-27T02:00Z,154,147,moderate
2024-07-27T02:00Z,2024-07-27T02:30Z,158,151,moderate
2024-07-27T02:30Z,2024-07-27T03:00Z,162,153,moderate
2024-07-27T03:00Z,2024-07-27T03:30Z,165,156,moderate
2024-07-27T03:30Z,2024-07-27T04:00Z,161,161,moderate
2024-07-27T04:00Z,2024-07-27T04:30Z,162,167,moderate
2024-07-27T04:30Z,2024-07-27T05:00Z,167,169,moderate
2024-07-27T05:00Z,2024-07-27T05:30Z,165,167,moderate
2024-07-27T05:30Z,2024-07-27T06:00Z,164,173,moderate
2024-07-27T06:00Z,2024-07-27T06:30Z,161,164,moderate
2024-07-27T06:30Z,2024-07-27T07:00Z,152,170,moderate
2024-07-27T07:00Z,2024-07-27T07:30Z,143,161,moderate
2024-07-27T07:30Z,2024-07-27T08:00Z,136,149,moderate
2024-07-27T08:00Z,2024-07-27T08:30Z,128,139,moderate
2024-07-27T08:30Z,2024-07-27T09:00Z,122,130,moderate
2024-07-27T09:00Z,2024-07-27T09:30Z,119,123,moderate
2024-07-27T09:30Z,2024-07-27T10:00Z,115,118,moderate
2024-07-27T10:00Z,2024-07-27T10:30Z,113,119,moderate
2024-07-27T10:30Z,2024-07-27T11:00Z,111,115,moderate
2024-07-27T11:00Z,2024-07-27T11:30Z,111,126,moderate
2024-07-27T11:30Z,2024-07-27T12:00Z,110,110,moderate
2024-07-27T12:00Z,2024-07-27T12:30Z,110,115,moderate
2024-07-27T12:30Z,2024-07-27T13:00Z,108,113,low
2024-07-27T13:00Z,2024-07-27T13:30Z,112,116,moderate
2024-07-27T13:30Z,2024-07-27T14:00Z,117,109,moderate
2024-07-27T14:00Z,2024-07-27T14:30Z,122,117,moderate
2024-07-27T14:30Z,2024-07-27T15:00Z,141,125,moderate
2024-07-27T15:00Z,2024-07-27T15:30Z,152,138,moderate
2024-07-27T15:30Z,2024-07-27T16:00Z,160,150,moderate
2024-07-27T16:00Z,2024-07-27T16:30Z,169,171,moderate
2024-07-27T16:30Z,2024-07-27T17:00Z,175,172,moderate
2024-07-27T17:00Z,2024-07-27T17:30Z,183,178,moderate
2024-07-27T17:30Z,2024-07-27T18:00Z,185,184,moderate
2024-07-27T18:00Z,2024-07-27T18:30Z,191,188,high
2024-07-27T18:30Z,2024-07-27T19:00Z,196,191,high
2024-07-27T19:00Z,2024-07-27T19:30Z,202,202,high
2024-07-27T19:30Z,2024-07-27T20:00Z,201,208,high
2024-07-27T20:00Z,2024-07-27T20:30Z,202,213,high
2024-07-27T20:30Z,2024-07-27T21:00Z,198,204,high
2024-07-27T21:00Z,2024-07-27T21:30Z,189,204,moderate
2024-07-27T21:30Z,2024-07-27T22:00Z,175,197,moderate
2024-07-27T22:00Z,2024-07-27T22:30Z,163,176,moderate
2024-07-27T22:30Z,2024-07-27T23:00Z,155,175,moderate
2024-07-27T23:00Z,2024-07-27T23:30Z,147,170,moderate
2024-07-27T23:30Z,2024-07-28T00:00Z,137,166,moderate
2024-07-28T00:00Z,2024-07-28T00:30Z,131,142,moderate
2024-07-28T00:30Z,2024-07-28T01:00Z,126,135,moderate
2024-07-28T01:00Z,2024-07-28T01:30Z,119,132,moderate
2024-07-28T01:30Z,2024-07-28T02:00Z,121,127,moderate
2024-07-28T02:00Z,2024-07-28T02:30Z,121,122,moderate
2024-07-28T02:30Z,2024-07-28T03:00Z,119,119,moderate
2024-07-28T03:00Z,2024-07-28T03:30Z,120,122,moderate
2024-07-28T03:30Z,2024-07-28T04:00Z,118,123,moderate
2024-07-28T04:00Z,2024-07-28T04:30Z,118,128,moderate
2024-07-28T04:30Z,2024-07-28T05:00Z,119,135,moderate
2024-07-28T05:00Z,2024-07-28T05:30Z,115,121,moderate
2024-07-28T05:30Z,2024-07-28T06:00Z,112,127,moderate
2024-07-28T06:00Z,2024-07-28T06:30Z,113,116,moderate
2024-07-28T06:30Z,2024-07-28T07:00Z,117,116,moderate
2024-07-28T07:00Z,2024-07-28T07:30Z,107,115,low
2024-07-28T07:30Z,2024-07-28T08:00Z,98,114,low
2024-07-28T08:00Z,2024-07-28T08:30Z,94,107,low
2024-07-28T08:30Z,2024-07-28T09:00Z,94,90,low
2024-07-28T09:00Z,2024-07-28T09:30Z,88,90,low
2024-07-28T09:30Z,2024-07-28T10:00Z,86,92,low
2024-07-28T10:00Z,2024-07-28T10:30Z,85,86,low
2024-07-28T10:30Z,2024-07-28T11:00Z,82,90,low
2024-07-28T11:00Z,2024-07-28T11:30Z,80,86,low
2024-07-28T11:30Z,2024-07-28T12:00Z,78,89,low
2024-07-28T12:00Z,2024-07-28T12:30Z,80,82,low
2024-07-28T12:30Z,2024-07-28T13:00Z,79,78,low
2024-07-28T13:00Z,2024-07-28T13:30Z,78,81,low
2024-07-28T13:30Z,2024-07-28T14:00Z,68,82,low
2024-07-28T14:00Z,2024-07-28T14:30Z,76,83,low
2024-07-28T14:30Z,2024-07-28T15:00Z,86,75,low
2024-07-28T15:00Z,2024-07-28T15:30Z,93,79,low
2024-07-28T15:30Z,2024-07-28T16:00Z,100,87,low
2024-07-28T16:00Z,2024-07-28T16:30Z,107,99,low
2024-07-28T16:30Z,2024-07-28T17:00Z,112,113,moderate
2024-07-28T17:00Z,2024-07-28T17:30Z,118,121,moderate
2024-07-28T17:30Z,2024-07-28T18:00Z,120,124,moderate
2024-07-28T18:00Z,2024-07-28T18:30Z,126,117,moderate
2024-07-28T18:30Z,2024-07-28T19:00Z,129,119,moderate
2024-07-28T19:00Z,2024-07-28T19:30Z,130,119,moderate
2024-07-28T19:30Z,2024-07-28T20:00Z,133,118,moderate
2024-07-28T20:00Z,2024-07-28T20:30Z,134,129,moderate
2024-07-28T20:30Z,2024-07-28T21:00Z,123,129,moderate
2024-07-28T21:00Z,2024-07-28T21:30Z,113,133,moderate
2024-07-28T21:30Z,2024-07-28T22:00Z,101,117,low
2024-07-28T22:00Z,2024-07-28T22:30Z,92,105,low
2024-07-28T22:30Z,2024-07-28T23:00Z,88,102,low
2024-07-28T23:00Z,2024-07-28T23:30Z,80,100,low
2024-07-28T23:30Z,2024-07-29T00:00Z,75,95,low
2024-07-29T00:00Z,2024-07-29T00:30Z,75,82,low
2024-07-29T00:30Z,2024-07-29T01:00Z,79,76,low
2024-07-29T01:00Z,2024-07-29T01:30Z,80,74,low
2024-07-29T01:30Z,2024-07-29T02:00Z,81,79,low
2024-07-29T02:00Z,2024-07-29T02:30Z,80,83,low
2024-07-29T02:30Z,2024-07-29T03:00Z,78,85,low
2024-07-29T03:00Z,2024-07-29T03:30Z,80,79,low
2024-07-29T03:30Z,2024-07-29T04:00Z,83,81,low
2024-07-29T04:00Z,2024-07-29T04:30Z,90,84,low
2024-07-29T04:30Z,2024-07-29T05:00Z,101,88,low
2024-07-29T05:00Z,2024-07-29T05:30Z,110,87,moderate
2024-07-29T05:30Z,2024-07-29T06:00Z,114,109,moderate
2024-07-29T06:00Z,2024-07-29T06:30Z,115,105,moderate
2024-07-29T06:30Z,2024-07-29T07:00Z,113,114,moderate
2024-07-29T07:00Z,2024-07-29T07:30Z,107,110,low
2024-07-29T07:30Z,2024-07-29T08:00Z,104,106,low
2024-07-29T08:00Z,2024-07-29T08:30Z,95,98,low
2024-07-29T08:30Z,2024-07-29T09:00Z,83,95,low
2024-07-29T09:00Z,2024-07-29T09:30Z,73,89,low
2024-07-29T09:30Z,2024-07-29T10:00Z,65,80,low
2024-07-29T10:00Z,2024-07-29T10:30Z,61,73,low
2024-07-29T10:30Z,2024-07-29T11:00Z,59,60,low
2024-07-29T11:00Z,2024-07-29T11:30Z,57,61,low
2024-07-29T11:30Z,2024-07-29T12:00Z,59,56,low
2024-07-29T12:00Z,2024-07-29T12:30Z,58,55,low
2024-07-29T12:30Z,2024-07-29T13:00Z,57,54,low
2024-07-29T13:00Z,2024-07-29T13:30Z,60,58,low
2024-07-29T13:30Z,2024-07-29T14:00Z,63,57,low
2024-07-29T14:00Z,2024-07-29T14:30Z,68,60,low
2024-07-29T14:30Z,2024-07-29T15:00Z,77,64,low
2024-07-29T15:00Z,2024-07-29T15:30Z,98,75,low
2024-07-29T15:30Z,2024-07-29T16:00Z,116,82,moderate
2024-07-29T16:00Z,2024-07-29T16:30Z,128,100,moderate
2024-07-29T16:30Z,2024-07-29T17:00Z,132,122,moderate
2024-07-29T17:00Z,2024-07-29T17:30Z,138,140,moderate
2024-07-29T17:30Z,2024-07-29T18:00Z,144,151,moderate
2024-07-29T18:00Z,2024-07-29T18:30Z,148,144,moderate
2024-07-29T18:30Z,2024-07-29T19:00Z,150,141,moderate
2024-07-29T19:00Z,2024-07-29T19:30Z,149,135,moderate
2024-07-29T19:30Z,2024-07-29T20:00Z,151,150,moderate
2024-07-29T20:00Z,2024-07-29T20:30Z,152,151,moderate
2024-07-29T20:30Z,2024-07-29T21:00Z,149,150,moderate
2024-07-29T21:00Z,2024-07-29T21:30Z,138,150,moderate
2024-07-29T21:30Z,2024-07-29T22:00Z,118,145,moderate
2024-07-29T22:00Z,2024-07-29T22:30Z,113,135,moderate
2024-07-29T22:30Z,2024-07-29T23:00Z,112,121,moderate
2024-07-29T23:00Z,2024-07-29T23:30Z,112,118,moderate
2024-07-29T23:30Z,2024-07-30T00:00Z,116,121,moderate
2024-07-30T00:00Z,2024-07-30T00:30Z,122,109,moderate
2024-07-30T00:30Z,2024-07-30T01:00Z,126,105,moderate
2024-07-30T01:00Z,2024-07-30T01:30Z,128,117,moderate
2024-07-30T01:30Z,2024-07-30T02:00Z,129,125,moderate
2024-07-30T02:00Z,2024-07-30T02:30Z,128,128,moderate
2024-07-30T02:30Z,2024-07-30T03:00Z,131,131,moderate
2024-07-30T03:00Z,2024-07-30T03:30Z,126,127,moderate
2024-07-30T03:30Z,2024-07-30T04:00Z,127,136,moderate
2024-07-30T04:00Z,2024-07-30T04:30Z,134,126,moderate
2024-07-30T04:30Z,2024-07-30T05:00Z,147,131,moderate
2024-07-30T05:00Z,2024-07-30T05:30Z,148,139,moderate
2024-07-30T05:30Z,2024-07-30T06:00Z,147,166,moderate
2024-07-30T06:00Z,2024-07-30T06:30Z,145,160,moderate
2024-07-30T06:30Z,2024-07-30T07:00Z,140,148,moderate
2024-07-30T07:00Z,2024-07-30T07:30Z,136,141,moderate
2024-07-30T07:30Z,2024-07-30T08:00Z,130,135,moderate
2024-07-30T08:00Z,2024-07-30T08:30Z,124,127,moderate
2024-07-30T08:30Z,2024-07-30T09:00Z,115,121,moderate
2024-07-30T09:00Z,2024-07-30T09:30Z,109,112,low
2024-07-30T09:30Z,2024-07-30T10:00Z,101,108,low
2024-07-30T10:00Z,2024-07-30T10:30Z,97,99,low
2024-07-30T10:30Z,2024-07-30T11:00Z,94,95,low
2024-07-30T11:00Z,2024-07-30T11:30Z,87,96,low
2024-07-30T11:30Z,2024-07-30T12:00Z,83,91,low
2024-07-30T12:00Z,2024-07-30T12:30Z,80,86,low
2024-07-30T12:30Z,2024-07-30T13:00Z,79,84,low
2024-07-30T13:00Z,2024-07-30T13:30Z,81,82,low
2024-07-30T13:30Z,2024-07-30T14:00Z,86,78,low
2024-07-30T14:00Z,2024-07-30T14:30Z,93,81,low
2024-07-30T14:30Z,2024-07-30T15:00Z,100,88,low
2024-07-30T15:00Z,2024-07-30T15:30Z,115,112,moderate
2024-07-30T15:30Z,2024-07-30T16:00Z,139,111,moderate
2024-07-30T16:00Z,2024-07-30T16:30Z,158,131,moderate
2024-07-30T16:30Z,2024-07-30T17:00Z,174,155,moderate
2024-07-30T17:00Z,2024-07-30T17:30Z,177,169,moderate
2024-07-30T17:30Z,2024-07-30T18:00Z,186,182,moderate
2024-07-30T18:00Z,2024-07-30T18:30Z,191,187,high
2024-07-30T18:30Z,2024-07-30T19:00Z,195,191,high
2024-07-30T19:00Z,2024-07-30T19:30Z,199,199,high
2024-07-30T19:30Z,2024-07-30T20:00Z,204,203,high
2024-07-30T20:00Z,2024-07-30T20:30Z,208,208,high
2024-07-30T20:30Z,2024-07-30T21:00Z,208,207,high
2024-07-30T21:00Z,2024-07-30T21:30Z,200,201,high
2024-07-30T21:30Z,2024-07-30T22:00Z,173,198,moderate
2024-07-30T22:00Z,2024-07-30T22:30Z,161,191,moderate
2024-07-30T22:30Z,2024-07-30T23:00Z,150,172,moderate
2024-07-30T23:00Z,2024-07-30T23:30Z,149,167,moderate
2024-07-30T23:30Z,2024-07-31T00:00Z,150,168,moderate
2024-07-31T00:00Z,2024-07-31T00:30Z,152,142,moderate
2024-07-31T00:30Z,2024-07-31T01:00Z,152,151,moderate
2024-07-31T01:00Z,2024-07-31T01:30Z,153,152,moderate
2024-07-31T01:30Z,2024-07-31T02:00Z,156,154,moderate
2024-07-31T02:00Z,2024-07-31T02:30Z,157,155,moderate
2024-07-31T02:30Z,2024-07-31T03:00Z,157,153,moderate
2024-07-31T03:00Z,2024-07-31T03:30Z,154,160,moderate
2024-07-31T03:30Z,2024-07-31T04:00Z,155,160,moderate
2024-07-31T04:00Z,2024-07-31T04:30Z,156,156,moderate
2024-07-31T04:30Z,2024-07-31T05:00Z,161,164,moderate
2024-07-31T05:00Z,2024-07-31T05:30Z,170,170,moderate
2024-07-31T05:30Z,2024-07-31T06:00Z,171,171,moderate
2024-07-31T06:00Z,2024-07-31T06:30Z,173,172,moderate
2024-07-31T06:30Z,2024-07-31T07:00Z,167,173,moderate
2024-07-31T07:00Z,2024-07-31T07:30Z,159,169,moderate
2024-07-31T07:30Z,2024-07-31T08:00Z,150,166,moderate
2024-07-31T08:00Z,2024-07-31T08:30Z,142,157,moderate
2024-07-31T08:30Z,2024-07-31T09:00Z,130,157,moderate
2024-07-31T09:00Z,2024-07-31T09:30Z,126,137,moderate
2024-07-31T09:30Z,2024-07-31T10:00Z,120,122,moderate
2024-07-31T10:00Z,2024-07-31T10:30Z,116,116,moderate
2024-07-31T10:30Z,2024-07-31T11:00Z,112,111,moderate
2024-07-31T11:00Z,2024-07-31T11:30Z,109,117,low
2024-07-31T11:30Z,2024-07-31T12:00Z,108,109,low
2024-07-31T12:00Z,2024-07-31T12:30Z,107,108,low
2024-07-31T12:30Z,2024-07-31T13:00Z,103,109,low
2024-07-31T13:00Z,2024-07-31T13:30Z,106,111,low
2024-07-31T13:30Z,2024-07-31T14:00Z,110,105,moderate
2024-07-31T14:00Z,2024-07-31T14:30Z,117,110,moderate
2024-07-31T14:30Z,2024-07-31T15:00Z,135,118,moderate
2024-07-31T15:00Z,2024-07-31T15:30Z,146,123,moderate
2024-07-31T15:30Z,2024-07-31T16:00Z,160,148,moderate
2024-07-31T16:00Z,2024-07-31T16:30Z,171,159,moderate
2024-07-31T16:30Z,2024-07-31T17:00Z,177,169,moderate
2024-07-31T17:00Z,2024-07-31T17:30Z,183,181,moderate
2024-07-31T17:30Z,2024-07-31T18:00Z,189,178,moderate
2024-07-31T18:00Z,2024-07-31T18:30Z,194,194,high
2024-07-31T18:30Z,2024-07-31T19:00Z,194,189,high
2024-07-31T19:00Z,2024-07-31T19:30Z,197,201,high
2024-07-31T19:30Z,2024-07-31T20:00Z,199,196,high
2024-07-31T20:00Z,2024-07-31T20:30Z,200,205,high
2024-07-31T20:30Z,2024-07-31T21:00Z,203,200,high
2024-07-31T21:00Z,2024-07-31T21:30Z,193,204,high
2024-07-31T21:30Z,2024-07-31T22:00Z,158,188,moderate
2024-07-31T22:00Z,2024-07-31T22:30Z,152,172,moderate
2024-07-31T22:30Z,2024-07-31T23:00Z,151,145,moderate
2024-07-31T23:00Z,2024-07-31T23:30Z,149,140,moderate
2024-07-31T23:30Z,2024-08-01T00:00Z,145,126,moderate
2024-08-01T00:00Z,2024-08-01T00:30Z,148,151,moderate
2024-08-01T00:30Z,2024-08-01T01:00Z,143,142,moderate
2024-08-01T01:00Z,2024-08-01T01:30Z,142,149,moderate
2024-08-01T01:30Z,2024-08-01T02:00Z,143,143,moderate
2024-08-01T02:00Z,2024-08-01T02:30Z,144,142,moderate
2024-08-01T02:30Z,2024-08-01T03:00Z,146,146,moderate
2024-08-01T03:00Z,2024-08-01T03:30Z,143,149,moderate
2024-08-01T03:30Z,2024-08-01T04:00Z,148,148,moderate
2024-08-01T04:00Z,2024-08-01T04:30Z,158,149,moderate
2024-08-01T04:30Z,2024-08-01T05:00Z,171,156,moderate
2024-08-01T05:00Z,2024-08-01T05:30Z,179,173,moderate
2024-08-01T05:30Z,2024-08-01T06:00Z,186,182,moderate
2024-08-01T06:00Z,2024-08-01T06:30Z,181,185,moderate
2024-08-01T06:30Z,2024-08-01T07:00Z,171,191,moderate
2024-08-01T07:00Z,2024-08-01T07:30Z,169,191,moderate
2024-08-01T07:30Z,2024-08-01T08:00Z,169,174,moderate
2024-08-01T08:00Z,2024-08-01T08:30Z,167,167,moderate
2024-08-01T08:30Z,2024-08-01T09:00Z,168,159,moderate
2024-08-01T09:00Z,2024-08-01T09:30Z,165,152,moderate
2024-08-01T09:30Z,2024-08-01T10:00Z,158,150,moderate
2024-08-01T10:00Z,2024-08-01T10:30Z,155,165,moderate
2024-08-01T10:30Z,2024-08-01T11:00Z,153,161,moderate
2024-08-01T11:00Z,2024-08-01T11:30Z,147,144,moderate
2024-08-01T11:30Z,2024-08-01T12:00Z,143,155,moderate
2024-08-01T12:00Z,2024-08-01T12:30Z,142,150,moderate
2024-08-01T12:30Z,2024-08-01T13:00Z,141,143,moderate
2024-08-01T13:00Z,2024-08-01T13:30Z,142,143,moderate
2024-08-01T13:30Z,2024-08-01T14:00Z,142,142,moderate
2024-08-01T14:00Z,2024-08-01T14:30Z,145,142,moderate
2024-08-01T14:30Z,2024-08-01T15:00Z,153,148,moderate
2024-08-01T15:00Z,2024-08-01T15:30Z,162,155,moderate
2024-08-01T15:30Z,2024-08-01T16:00Z,172,166,moderate
2024-08-01T16:00Z,2024-08-01T16:30Z,178,176,moderate
2024-08-01T16:30Z,2024-08-01T17:00Z,181,183,moderate
2024-08-01T17:00Z,2024-08-01T17:30Z,187,195,moderate
2024-08-01T17:30Z,2024-08-01T18:00Z,193,193,high
2024-08-01T18:00Z,2024-08-01T18:30Z,197,197,high
2024-08-01T18:30Z,2024-08-01T19:00Z,200,203,high
2024-08-01T19:00Z,2024-08-01T19:30Z,205,205,high
2024-08-01T19:30Z,2024-08-01T20:00Z,210,210,high
2024-08-01T20:00Z,2024-08-01T20:30Z,206,212,high
2024-08-01T20:30Z,2024-08-01T21:00Z,210,213,high
2024-08-01T21:00Z,2024-08-01T21:30Z,201,204,high
2024-08-01T21:30Z,2024-08-01T22:00Z,175,207,moderate
2024-08-01T22:00Z,2024-08-01T22:30Z,166,194,moderate
2024-08-01T22:30Z,2024-08-01T23:00Z,159,167,moderate
2024-08-01T23:00Z,2024-08-01T23:30Z,152,160,moderate
2024-08-01T23:30Z,2024-08-02T00:00Z,147,157,moderate
2024-08-02T00:00Z,2024-08-02T00:30Z,143,157,moderate
2024-08-02T00:30Z,2024-08-02T01:00Z,141,148,moderate
2024-08-02T01:00Z,2024-08-02T01:30Z,139,150,moderate
2024-08-02T01:30Z,2024-08-02T02:00Z,138,147,moderate
2024-08-02T02:00Z,2024-08-02T02:30Z,136,145,moderate
2024-08-02T02:30Z,2024-08-02T03:00Z,143,139,moderate
2024-08-02T03:00Z,2024-08-02T03:30Z,142,142,moderate
2024-08-02T03:30Z,2024-08-02T04:00Z,144,142,moderate
2024-08-02T04:00Z,2024-08-02T04:30Z,145,147,moderate
2024-08-02T04:30Z,2024-08-02T05:00Z,136,145,moderate
2024-08-02T05:00Z,2024-08-02T05:30Z,134,143,moderate
2024-08-02T05:30Z,2024-08-02T06:00Z,127,137,moderate
2024-08-02T06:00Z,2024-08-02T06:30Z,121,130,moderate
2024-08-02T06:30Z,2024-08-02T07:00Z,120,123,moderate
2024-08-02T07:00Z,2024-08-02T07:30Z,116,111,moderate
2024-08-02T07:30Z,2024-08-02T08:00Z,93,110,low
2024-08-02T08:00Z,2024-08-02T08:30Z,79,108,low
2024-08-02T08:30Z,2024-08-02T09:00Z,62,85,low
2024-08-02T09:00Z,2024-08-02T09:30Z,52,73,low
2024-08-02T09:30Z,2024-08-02T10:00Z,49,61,low
2024-08-02T10:00Z,2024-08-02T10:30Z,47,79,low
2024-08-02T10:30Z,2024-08-02T11:00Z,49,48,low
2024-08-02T11:00Z,2024-08-02T11:30Z,49,45,low
2024-08-02T11:30Z,2024-08-02T12:00Z,48,45,low
2024-08-02T12:00Z,2024-08-02T12:30Z,47,51,low
2024-08-02T12:30Z,2024-08-02T13:00Z,46,48,low
2024-08-02T13:00Z,2024-08-02T13:30Z,47,54,low
2024-08-02T13:30Z,2024-08-02T14:00Z,49,48,low
2024-08-02T14:00Z,2024-08-02T14:30Z,50,50,low
2024-08-02T14:30Z,2024-08-02T15:00Z,53,54,low
2024-08-02T15:00Z,2024-08-02T15:30Z,62,55,low
2024-08-02T15:30Z,2024-08-02T16:00Z,78,59,low
2024-08-02T16:00Z,2024-08-02T16:30Z,93,70,low
2024-08-02T16:30Z,2024-08-02T17:00Z,115,83,moderate
2024-08-02T17:00Z,2024-08-02T17:30Z,124,89,moderate
2024-08-02T17:30Z,2024-08-02T18:00Z,130,123,moderate
2024-08-02T18:00Z,2024-08-02T18:30Z,136,127,moderate
2024-08-02T18:30Z,2024-08-02T19:00Z,137,140,moderate
2024-08-02T19:00Z,2024-08-02T19:30Z,140,135,moderate
2024-08-02T19:30Z,2024-08-02T20:00Z,136,147,moderate
2024-08-02T20:00Z,2024-08-02T20:30Z,135,140,moderate
2024-08-02T20:30Z,2024-08-02T21:00Z,140,136,moderate
2024-08-02T21:00Z,2024-08-02T21:30Z,134,126,moderate
2024-08-02T21:30Z,2024-08-02T22:00Z,111,137,moderate
2024-08-02T22:00Z,2024-08-02T22:30Z,104,129,low
2024-08-02T22:30Z,2024-08-02T23:00Z,108,111,low
2024-08-02T23:00Z,2024-08-02T23:30Z,110,123,moderate
2024-08-02T23:30Z,2024-08-03T00:00Z,112,111,moderate
2024-08-03T00:00Z,2024-08-03T00:30Z,113,108,moderate
2024-08-03T00:30Z,2024-08-03T01:00Z,111,115,moderate
2024-08-03T01:00Z,2024-08-03T01:30Z,105,113,low
2024-08-03T01:30Z,2024-08-03T02:00Z,100,115,low
2024-08-03T02:00Z,2024-08-03T02:30Z,106,105,low
2024-08-03T02:30Z,2024-08-03T03:00Z,105,105,low
2024-08-03T03:00Z,2024-08-03T03:30Z,99,104,low
2024-08-03T03:30Z,2024-08-03T04:00Z,95,109,low
2024-08-03T04:00Z,2024-08-03T04:30Z,95,106,low
2024-08-03T04:30Z,2024-08-03T05:00Z,95,96,low
2024-08-03T05:00Z,2024-08-03T05:30Z,96,102,low
2024-08-03T05:30Z,2024-08-03T06:00Z,99,101,low
2024-08-03T06:00Z,2024-08-03T06:30Z,99,103,low
2024-08-03T06:30Z,2024-08-03T07:00Z,102,103,low
2024-08-03T07:00Z,2024-08-03T07:30Z,99,98,low
2024-08-03T07:30Z,2024-08-03T08:00Z,93,108,low
2024-08-03T08:00Z,2024-08-03T08:30Z,91,94,low
2024-08-03T08:30Z,2024-08-03T09:00Z,86,88,low
2024-08-03T09:00Z,2024-08-03T09:30Z,77,84,low
2024-08-03T09:30Z,2024-08-03T10:00Z,72,76,low
2024-08-03T10:00Z,2024-08-03T10:30Z,66,73,low
2024-08-03T10:30Z,2024-08-03T11:00Z,59,72,low
2024-08-03T11:00Z,2024-08-03T11:30Z,52,66,low
2024-08-03T11:30Z,2024-08-03T12:00Z,49,58,low
2024-08-03T12:00Z,2024-08-03T12:30Z,49,52,low
2024-08-03T12:30Z,2024-08-03T13:00Z,48,47,low
2024-08-03T13:00Z,2024-08-03T13:30Z,48,47,low
2024-08-03T13:30Z,2024-08-03T14:00Z,48,49,low
2024-08-03T14:00Z,2024-08-03T14:30Z,50,49,low
2024-08-03T14:30Z,2024-08-03T15:00Z,52,50,low
2024-08-03T15:00Z,2024-08-03T15:30Z,59,52,low
2024-08-03T15:30Z,2024-08-03T16:00Z,81,57,low
2024-08-03T16:00Z,2024-08-03T16:30Z,95,62,low
2024-08-03T16:30Z,2024-08-03T17:00Z,113,92,moderate
2024-08-03T17:00Z,2024-08-03T17:30Z,124,105,moderate
2024-08-03T17:30Z,2024-08-03T18:00Z,134,122,moderate
2024-08-03T18:00Z,2024-08-03T18:30Z,141,136,moderate
2024-08-03T18:30Z,2024-08-03T19:00Z,147,145,moderate
2024-08-03T19:00Z,2024-08-03T19:30Z,154,145,moderate
2024-08-03T19:30Z,2024-08-03T20:00Z,155,156,moderate
2024-08-03T20:00Z,2024-08-03T20:30Z,156,153,moderate
2024-08-03T20:30Z,2024-08-03T21:00Z,158,151,moderate
2024-08-03T21:00Z,2024-08-03T21:30Z,159,154,moderate
2024-08-03T21:30Z,2024-08-03T22:00Z,151,150,moderate
2024-08-03T22:00Z,2024-08-03T22:30Z,147,153,moderate
2024-08-03T22:30Z,2024-08-03T23:00Z,141,145,moderate
2024-08-03T23:00Z,2024-08-03T23:30Z,132,143,moderate
2024-08-03T23:30Z,2024-08-04T00:00Z,121,137,moderate
2024-08-04T00:00Z,2024-08-04T00:30Z,112,132,moderate
2024-08-04T00:30Z,2024-08-04T01:00Z,105,125,low
2024-08-04T01:00Z,2024-08-04T01:30Z,102,114,low
2024-08-04T01:30Z,2024-08-04T02:00Z,101,107,low
2024-08-04T02:00Z,2024-08-04T02:30Z,101,105,low
2024-08-04T02:30Z,2024-08-04T03:00Z,102,105,low
2024-08-04T03:00Z,2024-08-04T03:30Z,103,65,low
2024-08-04T03:30Z,2024-08-04T04:00Z,96,106,low
2024-08-04T04:00Z,2024-08-04T04:30Z,97,107,low
2024-08-04T04:30Z,2024-08-04T05:00Z,96,100,low
2024-08-04T05:00Z,2024-08-04T05:30Z,95,99,low
2024-08-04T05:30Z,2024-08-04T06:00Z,90,101,low
2024-08-04T06:00Z,2024-08-04T06:30Z,89,99,low
2024-08-04T06:30Z,2024-08-04T07:00Z,88,93,low
2024-08-04T07:00Z,2024-08-04T07:30Z,85,85,low
2024-08-04T07:30Z,2024-08-04T08:00Z,76,82,low
2024-08-04T08:00Z,2024-08-04T08:30Z,68,77,low
2024-08-04T08:30Z,2024-08-04T09:00Z,60,71,low
2024-08-04T09:00Z,2024-08-04T09:30Z,56,63,low
2024-08-04T09:30Z,2024-08-04T10:00Z,55,54,low
2024-08-04T10:00Z,2024-08-04T10:30Z,49,49,low
2024-08-04T10:30Z,2024-08-04T11:00Z,43,49,low
2024-08-04T11:00Z,2024-08-04T11:30Z,41,48,low
2024-08-04T11:30Z,2024-08-04T12:00Z,39,40,low
2024-08-04T12:00Z,2024-08-04T12:30Z,34,39,very low
2024-08-04T12:30Z,2024-08-04T13:00Z,34,39,very low
2024-08-04T13:00Z,2024-08-04T13:30Z,34,34,very low
2024-08-04T13:30Z,2024-08-04T14:00Z,35,32,low
2024-08-04T14:00Z,2024-08-04T14:30Z,33,34,very low
2024-08-04T14:30Z,2024-08-04T15:00Z,33,37,very low
2024-08-04T15:00Z,2024-08-04T15:30Z,36,34,low
2024-08-04T15:30Z,2024-08-04T16:00Z,42,34,low
2024-08-04T16:00Z,2024-08-04T16:30Z,45,35,low
2024-08-04T16:30Z,2024-08-04T17:00Z,55,40,low
2024-08-04T17:00Z,2024-08-04T17:30Z,58,43,low
2024-08-04T17:30Z,2024-08-04T18:00Z,62,50,low
2024-08-04T18:00Z,2024-08-04T18:30Z,64,56,low
2024-08-04T18:30Z,2024-08-04T19:00Z,71,56,low
2024-08-04T19:00Z,2024-08-04T19:30Z,74,58,low
2024-08-04T19:30Z,2024-08-04T20:00Z,81,61,low
2024-08-04T20:00Z,2024-08-04T20:30Z,82,59,low
2024-08-04T20:30Z,2024-08-04T21:00Z,83,66,low
2024-08-04T21:00Z,2024-08-04T21:30Z,80,70,low
2024-08-04T21:30Z,2024-08-04T22:00Z,70,69,low
2024-08-04T22:00Z,2024-08-04T22:30Z,63,68,low
2024-08-04T22:30Z,2024-08-04T23:00Z,61,64,low
2024-08-04T23:00Z,2024-08-04T23:30Z,59,65,low
2024-08-04T23:30Z,2024-08-05T00:00Z,60,63,low
2024-08-05T00:00Z,2024-08-05T00:30Z,60,57,low
2024-08-05T00:30Z,2024-08-05T01:00Z,58,57,low
2024-08-05T01:00Z,2024-08-05T01:30Z,59,59,low
2024-08-05T01:30Z,2024-08-05T02:00Z,60,54,low
2024-08-05T02:00Z,2024-08-05T02:30Z,61,60,low
2024-08-05T02:30Z,2024-08-05T03:00Z,65,58,low
2024-08-05T03:00Z,2024-08-05T03:30Z,65,58,low
2024-08-05T03:30Z,2024-08-05T04:00Z,65,57,low
2024-08-05T04:00Z,2024-08-05T04:30Z,66,58,low
2024-08-05T04:30Z,2024-08-05T05:00Z,62,64,low
2024-08-05T05:00Z,2024-08-05T05:30Z,60,60,low
2024-08-05T05:30Z,2024-08-05T06:00Z,58,59,low
2024-08-05T06:00Z,2024-08-05T06:30Z,60,58,low
2024-08-05T06:30Z,2024-08-05T07:00Z,60,52,low
2024-08-05T07:00Z,2024-08-05T07:30Z,57,55,low
2024-08-05T07:30Z,2024-08-05T08:00Z,56,55,low
2024-08-05T08:00Z,2024-08-05T08:30Z,56,54,low
2024-08-05T08:30Z,2024-08-05T09:00Z,53,51,low
2024-08-05T09:00Z,2024-08-05T09:30Z,47,54,low
2024-08-05T09:30Z,2024-08-05T10:00Z,48,50,low
2024-08-05T10:00Z,2024-08-05T10:30Z,48,46,low
2024-08-05T10:30Z,2024-08-05T11:00Z,49,46,low
2024-08-05T11:00Z,2024-08-05T11:30Z,47,46,low
2024-08-05T11:30Z,2024-08-05T12:00Z,46,46,low
2024-08-05T12:00Z,2024-08-05T12:30Z,46,46,low
2024-08-05T12:30Z,2024-08-05T13:00Z,47,49,low
2024-08-05T13:00Z,2024-08-05T13:30Z,49,51,low
2024-08-05T13:30Z,2024-08-05T14:00Z,52,49,low
2024-08-05T14:00Z,2024-08-05T14:30Z,57,49,low
2024-08-05T14:30Z,2024-08-05T15:00Z,64,51,low
2024-08-05T15:00Z,2024-08-05T15:30Z,73,54,low
2024-08-05T15:30Z,2024-08-05T16:00Z,88,65,low
2024-08-05T16:00Z,2024-08-05T16:30Z,103,71,low
2024-08-05T16:30Z,2024-08-05T17:00Z,120,87,moderate
2024-08-05T17:00Z,2024-08-05T17:30Z,119,92,moderate
2024-08-05T17:30Z,2024-08-05T18:00Z,120,132,moderate
2024-08-05T18:00Z,2024-08-05T18:30Z,122,128,moderate
2024-08-05T18:30Z,2024-08-05T19:00Z,127,129,moderate
2024-08-05T19:00Z,2024-08-05T19:30Z,129,131,moderate
2024-08-05T19:30Z,2024-08-05T20:00Z,132,127,moderate
2024-08-05T20:00Z,2024-08-05T20:30Z,132,112,moderate
2024-08-05T20:30Z,2024-08-05T21:00Z,126,118,moderate
2024-08-05T21:00Z,2024-08-05T21:30Z,111,123,moderate
2024-08-05T21:30Z,2024-08-05T22:00Z,65,126,low
2024-08-05T22:00Z,2024-08-05T22:30Z,59,109,low
2024-08-05T22:30Z,2024-08-05T23:00Z,58,70,low
2024-08-05T23:00Z,2024-08-05T23:30Z,56,69,low
2024-08-05T23:30Z,2024-08-06T00:00Z,56,70,low
2024-08-06T00:00Z,2024-08-06T00:30Z,59,60,low
2024-08-06T00:30Z,2024-08-06T01:00Z,61,60,low
2024-08-06T01:00Z,2024-08-06T01:30Z,61,61,low
2024-08-06T01:30Z,2024-08-06T02:00Z,61,60,low
2024-08-06T02:00Z,2024-08-06T02:30Z,63,62,low
2024-08-06T02:30Z,2024-08-06T03:00Z,63,60,low
2024-08-06T03:00Z,2024-08-06T03:30Z,62,58,low
2024-08-06T03:30Z,2024-08-06T04:00Z,68,65,low
2024-08-06T04:00Z,2024-08-06T04:30Z,80,62,low
2024-08-06T04:30Z,2024-08-06T05:00Z,96,69,low
2024-08-06T05:00Z,2024-08-06T05:30Z,110,86,moderate
2024-08-06T05:30Z,2024-08-06T06:00Z,118,100,moderate
2024-08-06T06:00Z,2024-08-06T06:30Z,120,111,moderate
2024-08-06T06:30Z,2024-08-06T07:00Z,118,120,moderate
2024-08-06T07:00Z,2024-08-06T07:30Z,119,131,moderate
2024-08-06T07:30Z,2024-08-06T08:00Z,120,120,moderate
2024-08-06T08:00Z,2024-08-06T08:30Z,116,112,moderate
2024-08-06T08:30Z,2024-08-06T09:00Z,109,113,low
2024-08-06T09:00Z,2024-08-06T09:30Z,102,101,low
2024-08-06T09:30Z,2024-08-06T10:00Z,96,92,low
2024-08-06T10:00Z,2024-08-06T10:30Z,92,98,low
2024-08-06T10:30Z,2024-08-06T11:00Z,87,87,low
2024-08-06T11:00Z,2024-08-06T11:30Z,84,85,low
2024-08-06T11:30Z,2024-08-06T12:00Z,81,81,low
2024-08-06T12:00Z,2024-08-06T12:30Z,78,78,low
2024-08-06T12:30Z,2024-08-06T13:00Z,73,75,low
2024-08-06T13:00Z,2024-08-06T13:30Z,69,72,low
2024-08-06T13:30Z,2024-08-06T14:00Z,60,67,low
2024-08-06T14:00Z,2024-08-06T14:30Z,60,57,low
2024-08-06T14:30Z,2024-08-06T15:00Z,61,55,low
2024-08-06T15:00Z,2024-08-06T15:30Z,63,53,low
2024-08-06T15:30Z,2024-08-06T16:00Z,73,58,low
2024-08-06T16:00Z,2024-08-06T16:30Z,84,62,low
2024-08-06T16:30Z,2024-08-06T17:00Z,96,77,low
2024-08-06T17:00Z,2024-08-06T17:30Z,105,87,low
2024-08-06T17:30Z,2024-08-06T18:00Z,108,101,low
2024-08-06T18:00Z,2024-08-06T18:30Z,115,112,moderate
2024-08-06T18:30Z,2024-08-06T19:00Z,124,111,moderate
2024-08-06T19:00Z,2024-08-06T19:30Z,125,116,moderate
2024-08-06T19:30Z,2024-08-06T20:00Z,124,114,moderate
2024-08-06T20:00Z,2024-08-06T20:30Z,121,117,moderate
2024-08-06T20:30Z,2024-08-06T21:00Z,113,116,moderate
2024-08-06T21:00Z,2024-08-06T21:30Z,98,110,low
2024-08-06T21:30Z,2024-08-06T22:00Z,66,100,low
2024-08-06T22:00Z,2024-08-06T22:30Z,61,97,low
2024-08-06T22:30Z,2024-08-06T23:00Z,59,95,low
2024-08-06T23:00Z,2024-08-06T23:30Z,57,94,low
2024-08-06T23:30Z,2024-08-07T00:00Z,58,91,low
2024-08-07T00:00Z,2024-08-07T00:30Z,57,90,low
2024-08-07T00:30Z,2024-08-07T01:00Z,57,89,low
2024-08-07T01:00Z,2024-08-07T01:30Z,54,90,low
2024-08-07T01:30Z,2024-08-07T02:00Z,57,88,low
2024-08-07T02:00Z,2024-08-07T02:30Z,57,54,low
2024-08-07T02:30Z,2024-08-07T03:00Z,57,55,low
2024-08-07T03:00Z,2024-08-07T03:30Z,58,56,low
2024-08-07T03:30Z,2024-08-07T04:00Z,58,57,low
2024-08-07T04:00Z,2024-08-07T04:30Z,56,57,low
2024-08-07T04:30Z,2024-08-07T05:00Z,54,57,low
2024-08-07T05:00Z,2024-08-07T05:30Z,62,55,low
2024-08-07T05:30Z,2024-08-07T06:00Z,66,53,low
2024-08-07T06:00Z,2024-08-07T06:30Z,64,58,low
2024-08-07T06:30Z,2024-08-07T07:00Z,64,57,low
2024-08-07T07:00Z,2024-08-07T07:30Z,63,50,low
2024-08-07T07:30Z,2024-08-07T08:00Z,59,55,low
2024-08-07T08:00Z,2024-08-07T08:30Z,55,51,low
2024-08-07T08:30Z,2024-08-07T09:00Z,50,51,low
2024-08-07T09:00Z,2024-08-07T09:30Z,47,36,low
2024-08-07T09:30Z,2024-08-07T10:00Z,46,51,low
2024-08-07T10:00Z,2024-08-07T10:30Z,44,48,low
2024-08-07T10:30Z,2024-08-07T11:00Z,46,45,low
2024-08-07T11:00Z,2024-08-07T11:30Z,46,45,low
2024-08-07T11:30Z,2024-08-07T12:00Z,43,45,low
2024-08-07T12:00Z,2024-08-07T12:30Z,37,45,low
2024-08-07T12:30Z,2024-08-07T13:00Z,43,44,low
2024-08-07T13:00Z,2024-08-07T13:30Z,47,38,low
2024-08-07T13:30Z,2024-08-07T14:00Z,46,41,low
2024-08-07T14:00Z,2024-08-07T14:30Z,47,46,low
2024-08-07T14:30Z,2024-08-07T15:00Z,49,47,low
2024-08-07T15:00Z,2024-08-07T15:30Z,49,50,low
2024-08-07T15:30Z,2024-08-07T16:00Z,55,50,low
2024-08-07T16:00Z,2024-08-07T16:30Z,62,49,low
2024-08-07T16:30Z,2024-08-07T17:00Z,62,55,low
2024-08-07T17:00Z,2024-08-07T17:30Z,60,58,low
2024-08-07T17:30Z,2024-08-07T18:00Z,66,62,low
2024-08-07T18:00Z,2024-08-07T18:30Z,67,62,low
2024-08-07T18:30Z,2024-08-07T19:00Z,74,69,low
2024-08-07T19:00Z,2024-08-07T19:30Z,80,68,low
2024-08-07T19:30Z,2024-08-07T20:00Z,84,72,low
2024-08-07T20:00Z,2024-08-07T20:30Z,84,76,low
2024-08-07T20:30Z,2024-08-07T21:00Z,84,82,low
2024-08-07T21:00Z,2024-08-07T21:30Z,75,81,low
2024-08-07T21:30Z,2024-08-07T22:00Z,69,80,low
2024-08-07T22:00Z,2024-08-07T22:30Z,65,68,low
2024-08-07T22:30Z,2024-08-07T23:00Z,67,72,low
2024-08-07T23:00Z,2024-08-07T23:30Z,62,85,low
2024-08-07T23:30Z,2024-08-08T00:00Z,71,86,low
2024-08-08T00:00Z,2024-08-08T00:30Z,75,63,low
2024-08-08T00:30Z,2024-08-08T01:00Z,74,75,low
2024-08-08T01:00Z,2024-08-08T01:30Z,70,77,low
2024-08-08T01:30Z,2024-08-08T02:00Z,69,78,low
2024-08-08T02:00Z,2024-08-08T02:30Z,71,72,low
2024-08-08T02:30Z,2024-08-08T03:00Z,66,71,low
2024-08-08T03:00Z,2024-08-08T03:30Z,75,72,low
2024-08-08T03:30Z,2024-08-08T04:00Z,75,71,low
2024-08-08T04:00Z,2024-08-08T04:30Z,78,76,low
2024-08-08T04:30Z,2024-08-08T05:00Z,88,80,low
2024-08-08T05:00Z,2024-08-08T05:30Z,97,81,low
2024-08-08T05:30Z,2024-08-08T06:00Z,93,93,low
2024-08-08T06:00Z,2024-08-08T06:30Z,97,93,low
2024-08-08T06:30Z,2024-08-08T07:00Z,96,98,low
2024-08-08T07:00Z,2024-08-08T07:30Z,98,96,low
2024-08-08T07:30Z,2024-08-08T08:00Z,97,96,low
2024-08-08T08:00Z,2024-08-08T08:30Z,95,106,low
2024-08-08T08:30Z,2024-08-08T09:00Z,95,93,low
2024-08-08T09:00Z,2024-08-08T09:30Z,92,96,low
2024-08-08T09:30Z,2024-08-08T10:00Z,86,97,low
2024-08-08T10:00Z,2024-08-08T10:30Z,78,91,low
2024-08-08T10:30Z,2024-08-08T11:00Z,76,95,low
2024-08-08T11:00Z,2024-08-08T11:30Z,71,79,low
2024-08-08T11:30Z,2024-08-08T12:00Z,72,77,low
2024-08-08T12:00Z,2024-08-08T12:30Z,64,76,low
2024-08-08T12:30Z,2024-08-08T13:00Z,63,74,low
2024-08-08T13:00Z,2024-08-08T13:30Z,62,67,low
2024-08-08T13:30Z,2024-08-08T14:00Z,67,64,low
2024-08-08T14:00Z,2024-08-08T14:30Z,71,64,low
2024-08-08T14:30Z,2024-08-08T15:00Z,71,67,low
2024-08-08T15:00Z,2024-08-08T15:30Z,72,70,low
2024-08-08T15:30Z,2024-08-08T16:00Z,73,72,low
2024-08-08T16:00Z,2024-08-08T16:30Z,70,75,low
2024-08-08T16:30Z,2024-08-08T17:00Z,62,74,low
2024-08-08T17:00Z,2024-08-08T17:30Z,63,71,low
2024-08-08T17:30Z,2024-08-08T18:00Z,60,62,low
2024-08-08T18:00Z,2024-08-08T18:30Z,54,63,low
2024-08-08T18:30Z,2024-08-08T19:00Z,52,60,low
2024-08-08T19:00Z,2024-08-08T19:30Z,53,56,low
2024-08-08T19:30Z,2024-08-08T20:00Z,59,52,low
2024-08-08T20:00Z,2024-08-08T20:30Z,50,52,low
2024-08-08T20:30Z,2024-08-08T21:00Z,46,57,low
2024-08-08T21:00Z,2024-08-08T21:30Z,46,52,low
2024-08-08T21:30Z,2024-08-08T22:00Z,50,43,low
2024-08-08T22:00Z,2024-08-08T22:30Z,48,44,low
2024-08-08T22:30Z,2024-08-08T23:00Z,49,47,low
2024-08-08T23:00Z,2024-08-08T23:30Z,48,47,low
2024-08-08T23:30Z,2024-08-09T00:00Z,47,45,low
2024-08-09T00:00Z,2024-08-09T00:30Z,48,46,low
2024-08-09T00:30Z,2024-08-09T01:00Z,48,48,low
2024-08-09T01:00Z,2024-08-09T01:30Z,47,47,low
2024-08-09T01:30Z,2024-08-09T02:00Z,46,47,low
2024-08-09T02:00Z,2024-08-09T02:30Z,48,46,low
2024-08-09T02:30Z,2024-08-09T03:00Z,46,46,low
2024-08-09T03:00Z,2024-08-09T03:30Z,47,44,low
2024-08-09T03:30Z,2024-08-09T04:00Z,47,44,low
2024-08-09T04:00Z,2024-08-09T04:30Z,49,44,low
2024-08-09T04:30Z,2024-08-09T05:00Z,50,48,low
2024-08-09T05:00Z,2024-08-09T05:30Z,56,46,low
2024-08-09T05:30Z,2024-08-09T06:00Z,50,46,low
2024-08-09T06:00Z,2024-08-09T06:30Z,49,49,low
2024-08-09T06:30Z,2024-08-09T07:00Z,40,46,low
2024-08-09T07:00Z,2024-08-09T07:30Z,42,38,low
2024-08-09T07:30Z,2024-08-09T08:00Z,45,35,low
2024-08-09T08:00Z,2024-08-09T08:30Z,43,36,low
2024-08-09T08:30Z,2024-08-09T09:00Z,45,41,low
2024-08-09T09:00Z,2024-08-09T09:30Z,40,41,low
2024-08-09T09:30Z,2024-08-09T10:00Z,38,44,low
2024-08-09T10:00Z,2024-08-09T10:30Z,34,39,very low
2024-08-09T10:30Z,2024-08-09T11:00Z,36,37,low
2024-08-09T11:00Z,2024-08-09T11:30Z,37,33,low
2024-08-09T11:30Z,2024-08-09T12:00Z,41,33,low
2024-08-09T12:00Z,2024-08-09T12:30Z,38,35,low
2024-08-09T12:30Z,2024-08-09T13:00Z,38,38,low
2024-08-09T13:00Z,2024-08-09T13:30Z,41,36,low
2024-08-09T13:30Z,2024-08-09T14:00Z,45,37,low
2024-08-09T14:00Z,2024-08-09T14:30Z,47,39,low
2024-08-09T14:30Z,2024-08-09T15:00Z,48,42,low
2024-08-09T15:00Z,2024-08-09T15:30Z,48,49,low
2024-08-09T15:30Z,2024-08-09T16:00Z,51,47,low
2024-08-09T16:00Z,2024-08-09T16:30Z,56,50,low
2024-08-09T16:30Z,2024-08-09T17:00Z,57,51,low
2024-08-09T17:00Z,2024-08-09T17:30Z,66,57,low
2024-08-09T17:30Z,2024-08-09T18:00Z,68,55,low
2024-08-09T18:00Z,2024-08-09T18:30Z,73,61,low
2024-08-09T18:30Z,2024-08-09T19:00Z,84,64,low
2024-08-09T19:00Z,2024-08-09T19:30Z,91,69,low
2024-08-09T19:30Z,2024-08-09T20:00Z,98,72,low
2024-08-09T20:00Z,2024-08-09T20:30Z,93,74,low
2024-08-09T20:30Z,2024-08-09T21:00Z,83,81,low
2024-08-09T21:00Z,2024-08-09T21:30Z,68,85,low
2024-08-09T21:30Z,2024-08-09T22:00Z,65,81,low
2024-08-09T22:00Z,2024-08-09T22:30Z,58,64,low
2024-08-09T22:30Z,2024-08-09T23:00Z,57,66,low
2024-08-09T23:00Z,2024-08-09T23:30Z,56,66,low
2024-08-09T23:30Z,2024-08-10T00:00Z,57,65,low
2024-08-10T00:00Z,2024-08-10T00:30Z,59,54,low
2024-08-10T00:30Z,2024-08-10T01:00Z,60,55,low
2024-08-10T01:00Z,2024-08-10T01:30Z,60,56,low
2024-08-10T01:30Z,2024-08-10T02:00Z,69,56,low
2024-08-10T02:00Z,2024-08-10T02:30Z,72,60,low
2024-08-10T02:30Z,2024-08-10T03:00Z,64,65,low
2024-08-10T03:00Z,2024-08-10T03:30Z,60,70,low
2024-08-10T03:30Z,2024-08-10T04:00Z,60,65,low
2024-08-10T04:00Z,2024-08-10T04:30Z,59,57,low
2024-08-10T04:30Z,2024-08-10T05:00Z,58,59,low
2024-08-10T05:00Z,2024-08-10T05:30Z,59,57,low
2024-08-10T05:30Z,2024-08-10T06:00Z,64,58,low
2024-08-10T06:00Z,2024-08-10T06:30Z,65,58,low
2024-08-10T06:30Z,2024-08-10T07:00Z,59,63,low
2024-08-10T07:00Z,2024-08-10T07:30Z,60,63,low
2024-08-10T07:30Z,2024-08-10T08:00Z,53,49,low
2024-08-10T08:00Z,2024-08-10T08:30Z,52,49,low
2024-08-10T08:30Z,2024-08-10T09:00Z,50,47,low
2024-08-10T09:00Z,2024-08-10T09:30Z,49,50,low
2024-08-10T09:30Z,2024-08-10T10:00Z,46,45,low
2024-08-10T10:00Z,2024-08-10T10:30Z,41,47,low
2024-08-10T10:30Z,2024-08-10T11:00Z,36,45,low
2024-08-10T11:00Z,2024-08-10T11:30Z,36,39,low
2024-08-10T11:30Z,2024-08-10T12:00Z,39,34,low
2024-08-10T12:00Z,2024-08-10T12:30Z,37,34,low
2024-08-10T12:30Z,2024-08-10T13:00Z,37,36,low
2024-08-10T13:00Z,2024-08-10T13:30Z,35,36,low
2024-08-10T13:30Z,2024-08-10T14:00Z,37,35,low
2024-08-10T14:00Z,2024-08-10T14:30Z,38,35,low
2024-08-10T14:30Z,2024-08-10T15:00Z,44,37,low
2024-08-10T15:00Z,2024-08-10T15:30Z,56,37,low
2024-08-10T15:30Z,2024-08-10T16:00Z,52,40,low
2024-08-10T16:00Z,2024-08-10T16:30Z,64,56,low
2024-08-10T16:30Z,2024-08-10T17:00Z,74,53,low
2024-08-10T17:00Z,2024-08-10T17:30Z,86,66,low
2024-08-10T17:30Z,2024-08-10T18:00Z,99,79,low
2024-08-10T18:00Z,2024-08-10T18:30Z,107,89,low
2024-08-10T18:30Z,2024-08-10T19:00Z,114,103,moderate
2024-08-10T19:00Z,2024-08-10T19:30Z,119,110,moderate
2024-08-10T19:30Z,2024-08-10T20:00Z,120,116,moderate
2024-08-10T20:00Z,2024-08-10T20:30Z,118,116,moderate
2024-08-10T20:30Z,2024-08-10T21:00Z,110,114,moderate
2024-08-10T21:00Z,2024-08-10T21:30Z,109,115,low
2024-08-10T21:30Z,2024-08-10T22:00Z,106,112,low
2024-08-10T22:00Z,2024-08-10T22:30Z,109,114,low
2024-08-10T22:30Z,2024-08-10T23:00Z,108,116,low
2024-08-10T23:00Z,2024-08-10T23:30Z,102,114,low
2024-08-10T23:30Z,2024-08-11T00:00Z,98,116,low
2024-08-11T00:00Z,2024-08-11T00:30Z,99,109,low
2024-08-11T00:30Z,2024-08-11T01:00Z,103,105,low
2024-08-11T01:00Z,2024-08-11T01:30Z,102,102,low
2024-08-11T01:30Z,2024-08-11T02:00Z,105,106,low
2024-08-11T02:00Z,2024-08-11T02:30Z,105,107,low
2024-08-11T02:30Z,2024-08-11T03:00Z,102,106,low
2024-08-11T03:00Z,2024-08-11T03:30Z,99,110,low
2024-08-11T03:30Z,2024-08-11T04:00Z,94,104,low
2024-08-11T04:00Z,2024-08-11T04:30Z,95,102,low
2024-08-11T04:30Z,2024-08-11T05:00Z,96,98,low
2024-08-11T05:00Z,2024-08-11T05:30Z,101,100,low
2024-08-11T05:30Z,2024-08-11T06:00Z,98,98,low
2024-08-11T06:00Z,2024-08-11T06:30Z,96,108,low
2024-08-11T06:30Z,2024-08-11T07:00Z,93,95,low
2024-08-11T07:00Z,2024-08-11T07:30Z,91,89,low
2024-08-11T07:30Z,2024-08-11T08:00Z,84,84,low
2024-08-11T08:00Z,2024-08-11T08:30Z,79,85,low
2024-08-11T08:30Z,2024-08-11T09:00Z,74,75,low
2024-08-11T09:00Z,2024-08-11T09:30Z,71,71,low
2024-08-11T09:30Z,2024-08-11T10:00Z,67,64,low
2024-08-11T10:00Z,2024-08-11T10:30Z,62,63,low
2024-08-11T10:30Z,2024-08-11T11:00Z,59,61,low
2024-08-11T11:00Z,2024-08-11T11:30Z,58,57,low
2024-08-11T11:30Z,2024-08-11T12:00Z,58,54,low
2024-08-11T12:00Z,2024-08-11T12:30Z,52,54,low
2024-08-11T12:30Z,2024-08-11T13:00Z,50,53,low
2024-08-11T13:00Z,2024-08-11T13:30Z,50,49,low
2024-08-11T13:30Z,2024-08-11T14:00Z,51,45,low
2024-08-11T14:00Z,2024-08-11T14:30Z,51,45,low
2024-08-11T14:30Z,2024-08-11T15:00Z,51,46,low
2024-08-11T15:00Z,2024-08-11T15:30Z,53,44,low
2024-08-11T15:30Z,2024-08-11T16:00Z,60,47,low
2024-08-11T16:00Z,2024-08-11T16:30Z,66,46,low
2024-08-11T16:30Z,2024-08-11T17:00Z,73,63,low
2024-08-11T17:00Z,2024-08-11T17:30Z,79,65,low
2024-08-11T17:30Z,2024-08-11T18:00Z,85,70,low
2024-08-11T18:00Z,2024-08-11T18:30Z,87,63,low
2024-08-11T18:30Z,2024-08-11T19:00Z,86,93,low
2024-08-11T19:00Z,2024-08-11T19:30Z,82,77,low
2024-08-11T19:30Z,2024-08-11T20:00Z,76,84,low
2024-08-11T20:00Z,2024-08-11T20:30Z,70,76,low
2024-08-11T20:30Z,2024-08-11T21:00Z,60,81,low
2024-08-11T21:00Z,2024-08-11T21:30Z,55,70,low
2024-08-11T21:30Z,2024-08-11T22:00Z,49,62,low
2024-08-11T22:00Z,2024-08-11T22:30Z,49,57,low
2024-08-11T22:30Z,2024-08-11T23:00Z,52,50,low
2024-08-11T23:00Z,2024-08-11T23:30Z,50,51,low
2024-08-11T23:30Z,2024-08-12T00:00Z,53,52,low
2024-08-12T00:00Z,2024-08-12T00:30Z,52,50,low
2024-08-12T00:30Z,2024-08-12T01:00Z,54,50,low
2024-08-12T01:00Z,2024-08-12T01:30Z,50,51,low
2024-08-12T01:30Z,2024-08-12T02:00Z,45,52,low
2024-08-12T02:00Z,2024-08-12T02:30Z,45,49,low
2024-08-12T02:30Z,2024-08-12T03:00Z,51,44,low
2024-08-12T03:00Z,2024-08-12T03:30Z,51,43,low
2024-08-12T03:30Z,2024-08-12T04:00Z,47,46,low
2024-08-12T04:00Z,2024-08-12T04:30Z,50,48,low
2024-08-12T04:30Z,2024-08-12T05:00Z,58,46,low
2024-08-12T05:00Z,2024-08-12T05:30Z,63,47,low
2024-08-12T05:30Z,2024-08-12T06:00Z,60,57,low
2024-08-12T06:00Z,2024-08-12T06:30Z,61,47,low
2024-08-12T06:30Z,2024-08-12T07:00Z,56,54,low
2024-08-12T07:00Z,2024-08-12T07:30Z,57,51,low
2024-08-12T07:30Z,2024-08-12T08:00Z,52,47,low
2024-08-12T08:00Z,2024-08-12T08:30Z,49,46,low
2024-08-12T08:30Z,2024-08-12T09:00Z,48,46,low
2024-08-12T09:00Z,2024-08-12T09:30Z,49,46,low
2024-08-12T09:30Z,2024-08-12T10:00Z,50,46,low
2024-08-12T10:00Z,2024-08-12T10:30Z,51,45,low
2024-08-12T10:30Z,2024-08-12T11:00Z,50,41,low
2024-08-12T11:00Z,2024-08-12T11:30Z,51,41,low
2024-08-12T11:30Z,2024-08-12T12:00Z,50,41,low
2024-08-12T12:00Z,2024-08-12T12:30Z,49,41,low
2024-08-12T12:30Z,2024-08-12T13:00Z,60,41,low
2024-08-12T13:00Z,2024-08-12T13:30Z,61,40,low
2024-08-12T13:30Z,2024-08-12T14:00Z,58,41,low
2024-08-12T14:00Z,2024-08-12T14:30Z,52,42,low
2024-08-12T14:30Z,2024-08-12T15:00Z,56,41,low
2024-08-12T15:00Z,2024-08-12T15:30Z,73,47,low
2024-08-12T15:30Z,2024-08-12T16:00Z,93,55,low
2024-08-12T16:00Z,2024-08-12T16:30Z,106,70,low
2024-08-12T16:30Z,2024-08-12T17:00Z,114,102,moderate
2024-08-12T17:00Z,2024-08-12T17:30Z,121,109,moderate
2024-08-12T17:30Z,2024-08-12T18:00Z,132,120,moderate
2024-08-12T18:00Z,2024-08-12T18:30Z,140,129,moderate
2024-08-12T18:30Z,2024-08-12T19:00Z,143,140,moderate
2024-08-12T19:00Z,2024-08-12T19:30Z,142,143,moderate
2024-08-12T19:30Z,2024-08-12T20:00Z,130,145,moderate
2024-08-12T20:00Z,2024-08-12T20:30Z,129,141,moderate
2024-08-12T20:30Z,2024-08-12T21:00Z,131,127,moderate
2024-08-12T21:00Z,2024-08-12T21:30Z,115,132,moderate
2024-08-12T21:30Z,2024-08-12T22:00Z,86,132,low
2024-08-12T22:00Z,2024-08-12T22:30Z,68,113,low
2024-08-12T22:30Z,2024-08-12T23:00Z,76,90,low
2024-08-12T23:00Z,2024-08-12T23:30Z,74,85,low
2024-08-12T23:30Z,2024-08-13T00:00Z,70,83,low
2024-08-13T00:00Z,2024-08-13T00:30Z,73,73,low
2024-08-13T00:30Z,2024-08-13T01:00Z,80,68,low
2024-08-13T01:00Z,2024-08-13T01:30Z,86,72,low
2024-08-13T01:30Z,2024-08-13T02:00Z,80,79,low
2024-08-13T02:00Z,2024-08-13T02:30Z,76,86,low
2024-08-13T02:30Z,2024-08-13T03:00Z,73,79,low
2024-08-13T03:00Z,2024-08-13T03:30Z,75,75,low
2024-08-13T03:30Z,2024-08-13T04:00Z,79,70,low
2024-08-13T04:00Z,2024-08-13T04:30Z,78,70,low
2024-08-13T04:30Z,2024-08-13T05:00Z,82,77,low
2024-08-13T05:00Z,2024-08-13T05:30Z,88,73,low
2024-08-13T05:30Z,2024-08-13T06:00Z,88,79,low
2024-08-13T06:00Z,2024-08-13T06:30Z,89,76,low
2024-08-13T06:30Z,2024-08-13T07:00Z,86,80,low
2024-08-13T07:00Z,2024-08-13T07:30Z,81,80,low
2024-08-13T07:30Z,2024-08-13T08:00Z,80,74,low
2024-08-13T08:00Z,2024-08-13T08:30Z,75,67,low
2024-08-13T08:30Z,2024-08-13T09:00Z,65,67,low
2024-08-13T09:00Z,2024-08-13T09:30Z,59,63,low
2024-08-13T09:30Z,2024-08-13T10:00Z,56,55,low
2024-08-13T10:00Z,2024-08-13T10:30Z,53,51,low
2024-08-13T10:30Z,2024-08-13T11:00Z,49,42,low
2024-08-13T11:00Z,2024-08-13T11:30Z,48,41,low
2024-08-13T11:30Z,2024-08-13T12:00Z,52,41,low
2024-08-13T12:00Z,2024-08-13T12:30Z,51,40,low
2024-08-13T12:30Z,2024-08-13T13:00Z,50,42,low
2024-08-13T13:00Z,2024-08-13T13:30Z,55,43,low
2024-08-13T13:30Z,2024-08-13T14:00Z,59,45,low
2024-08-13T14:00Z,2024-08-13T14:30Z,64,48,low
2024-08-13T14:30Z,2024-08-13T15:00Z,73,62,low
2024-08-13T15:00Z,2024-08-13T15:30Z,93,67,low
2024-08-13T15:30Z,2024-08-13T16:00Z,115,73,moderate
2024-08-13T16:00Z,2024-08-13T16:30Z,131,90,moderate
2024-08-13T16:30Z,2024-08-13T17:00Z,142,105,moderate
2024-08-13T17:00Z,2024-08-13T17:30Z,151,108,moderate
2024-08-13T17:30Z,2024-08-13T18:00Z,159,142,moderate
2024-08-13T18:00Z,2024-08-13T18:30Z,162,151,moderate
2024-08-13T18:30Z,2024-08-13T19:00Z,161,144,moderate
2024-08-13T19:00Z,2024-08-13T19:30Z,162,154,moderate
2024-08-13T19:30Z,2024-08-13T20:00Z,165,159,moderate
2024-08-13T20:00Z,2024-08-13T20:30Z,164,159,moderate
2024-08-13T20:30Z,2024-08-13T21:00Z,163,159,moderate
2024-08-13T21:00Z,2024-08-13T21:30Z,146,158,moderate
2024-08-13T21:30Z,2024-08-13T22:00Z,127,158,moderate
2024-08-13T22:00Z,2024-08-13T22:30Z,122,144,moderate
2024-08-13T22:30Z,2024-08-13T23:00Z,109,128,low
2024-08-13T23:00Z,2024-08-13T23:30Z,109,127,low
2024-08-13T23:30Z,2024-08-14T00:00Z,109,128,low
2024-08-14T00:00Z,2024-08-14T00:30Z,111,116,moderate
2024-08-14T00:30Z,2024-08-14T01:00Z,106,120,low
2024-08-14T01:00Z,2024-08-14T01:30Z,98,118,low
2024-08-14T01:30Z,2024-08-14T02:00Z,96,110,low
2024-08-14T02:00Z,2024-08-14T02:30Z,90,103,low
2024-08-14T02:30Z,2024-08-14T03:00Z,89,101,low
2024-08-14T03:00Z,2024-08-14T03:30Z,89,92,low
2024-08-14T03:30Z,2024-08-14T04:00Z,90,92,low
2024-08-14T04:00Z,2024-08-14T04:30Z,94,85,low
2024-08-14T04:30Z,2024-08-14T05:00Z,119,91,moderate
2024-08-14T05:00Z,2024-08-14T05:30Z,136,108,moderate
2024-08-14T05:30Z,2024-08-14T06:00Z,152,132,moderate
2024-08-14T06:00Z,2024-08-14T06:30Z,155,139,moderate
2024-08-14T06:30Z,2024-08-14T07:00Z,153,162,moderate
2024-08-14T07:00Z,2024-08-14T07:30Z,153,159,moderate
2024-08-14T07:30Z,2024-08-14T08:00Z,149,158,moderate
2024-08-14T08:00Z,2024-08-14T08:30Z,147,157,moderate
2024-08-14T08:30Z,2024-08-14T09:00Z,147,152,moderate
2024-08-14T09:00Z,2024-08-14T09:30Z,142,147,moderate
2024-08-14T09:30Z,2024-08-14T10:00Z,132,147,moderate
2024-08-14T10:00Z,2024-08-14T10:30Z,127,146,moderate
2024-08-14T10:30Z,2024-08-14T11:00Z,124,144,moderate
2024-08-14T11:00Z,2024-08-14T11:30Z,124,123,moderate
2024-08-14T11:30Z,2024-08-14T12:00Z,123,122,moderate
2024-08-14T12:00Z,2024-08-14T12:30Z,125,119,moderate
2024-08-14T12:30Z,2024-08-14T13:00Z,127,116,moderate
2024-08-14T13:00Z,2024-08-14T13:30Z,126,119,moderate
2024-08-14T13:30Z,2024-08-14T14:00Z,127,118,moderate
2024-08-14T14:00Z,2024-08-14T14:30Z,128,111,moderate
2024-08-14T14:30Z,2024-08-14T15:00Z,129,122,moderate
2024-08-14T15:00Z,2024-08-14T15:30Z,136,122,moderate
2024-08-14T15:30Z,2024-08-14T16:00Z,142,130,moderate
2024-08-14T16:00Z,2024-08-14T16:30Z,150,140,moderate
2024-08-14T16:30Z,2024-08-14T17:00Z,155,151,moderate
2024-08-14T17:00Z,2024-08-14T17:30Z,160,154,moderate
2024-08-14T17:30Z,2024-08-14T18:00Z,162,163,moderate
2024-08-14T18:00Z,2024-08-14T18:30Z,165,164,moderate
2024-08-14T18:30Z,2024-08-14T19:00Z,167,164,moderate
2024-08-14T19:00Z,2024-08-14T19:30Z,166,155,moderate
2024-08-14T19:30Z,2024-08-14T20:00Z,169,149,moderate
2024-08-14T20:00Z,2024-08-14T20:30Z,157,139,moderate
2024-08-14T20:30Z,2024-08-14T21:00Z,148,132,moderate
2024-08-14T21:00Z,2024-08-14T21:30Z,142,133,moderate
2024-08-14T21:30Z,2024-08-14T22:00Z,115,137,moderate
2024-08-14T22:00Z,2024-08-14T22:30Z,106,133,low
2024-08-14T22:30Z,2024-08-14T23:00Z,103,117,low
2024-08-14T23:00Z,2024-08-14T23:30Z,99,96,low
2024-08-14T23:30Z,2024-08-15T00:00Z,96,86,low
2024-08-15T00:00Z,2024-08-15T00:30Z,93,100,low
2024-08-15T00:30Z,2024-08-15T01:00Z,84,95,low
2024-08-15T01:00Z,2024-08-15T01:30Z,75,94,low
2024-08-15T01:30Z,2024-08-15T02:00Z,74,95,low
2024-08-15T02:00Z,2024-08-15T02:30Z,76,74,low
2024-08-15T02:30Z,2024-08-15T03:00Z,85,74,low
2024-08-15T03:00Z,2024-08-15T03:30Z,77,75,low
2024-08-15T03:30Z,2024-08-15T04:00Z,72,72,low
2024-08-15T04:00Z,2024-08-15T04:30Z,74,78,low
2024-08-15T04:30Z,2024-08-15T05:00Z,64,78,low
2024-08-15T05:00Z,2024-08-15T05:30Z,66,72,low
2024-08-15T05:30Z,2024-08-15T06:00Z,60,67,low
2024-08-15T06:00Z,2024-08-15T06:30Z,61,67,low
2024-08-15T06:30Z,2024-08-15T07:00Z,52,59,low
2024-08-15T07:00Z,2024-08-15T07:30Z,50,56,low
2024-08-15T07:30Z,2024-08-15T08:00Z,45,50,low
2024-08-15T08:00Z,2024-08-15T08:30Z,37,47,low
2024-08-15T08:30Z,2024-08-15T09:00Z,37,43,low
2024-08-15T09:00Z,2024-08-15T09:30Z,37,43,low
2024-08-15T09:30Z,2024-08-15T10:00Z,35,44,low
2024-08-15T10:00Z,2024-08-15T10:30Z,34,43,very low
2024-08-15T10:30Z,2024-08-15T11:00Z,34,51,very low
2024-08-15T11:00Z,2024-08-15T11:30Z,34,28,very low
2024-08-15T11:30Z,2024-08-15T12:00Z,34,38,very low
2024-08-15T12:00Z,2024-08-15T12:30Z,34,35,very low
2024-08-15T12:30Z,2024-08-15T13:00Z,30,28,very low
2024-08-15T13:00Z,2024-08-15T13:30Z,31,33,very low
2024-08-15T13:30Z,2024-08-15T14:00Z,33,27,very low
2024-08-15T14:00Z,2024-08-15T14:30Z,42,28,low
2024-08-15T14:30Z,2024-08-15T15:00Z,44,29,low
2024-08-15T15:00Z,2024-08-15T15:30Z,50,31,low
2024-08-15T15:30Z,2024-08-15T16:00Z,56,33,low
2024-08-15T16:00Z,2024-08-15T16:30Z,60,47,low
2024-08-15T16:30Z,2024-08-15T17:00Z,64,58,low
2024-08-15T17:00Z,2024-08-15T17:30Z,69,62,low
2024-08-15T17:30Z,2024-08-15T18:00Z,75,63,low
2024-08-15T18:00Z,2024-08-15T18:30Z,77,66,low
2024-08-15T18:30Z,2024-08-15T19:00Z,77,69,low
2024-08-15T19:00Z,2024-08-15T19:30Z,80,76,low
2024-08-15T19:30Z,2024-08-15T20:00Z,84,76,low
2024-08-15T20:00Z,2024-08-15T20:30Z,82,73,low
2024-08-15T20:30Z,2024-08-15T21:00Z,85,84,low
2024-08-15T21:00Z,2024-08-15T21:30Z,91,82,low
2024-08-15T21:30Z,2024-08-15T22:00Z,90,86,low
2024-08-15T22:00Z,2024-08-15T22:30Z,85,91,low
2024-08-15T22:30Z,2024-08-15T23:00Z,82,93,low
2024-08-15T23:00Z,2024-08-15T23:30Z,72,95,low
2024-08-15T23:30Z,2024-08-16T00:00Z,66,96,low
2024-08-16T00:00Z,2024-08-16T00:30Z,67,73,low
2024-08-16T00:30Z,2024-08-16T01:00Z,73,68,low
2024-08-16T01:00Z,2024-08-16T01:30Z,77,68,low
2024-08-16T01:30Z,2024-08-16T02:00Z,82,77,low
2024-08-16T02:00Z,2024-08-16T02:30Z,83,79,low
2024-08-16T02:30Z,2024-08-16T03:00Z,76,83,low
2024-08-16T03:00Z,2024-08-16T03:30Z,66,84,low
2024-08-16T03:30Z,2024-08-16T04:00Z,65,80,low
2024-08-16T04:00Z,2024-08-16T04:30Z,79,68,low
2024-08-16T04:30Z,2024-08-16T05:00Z,92,70,low
2024-08-16T05:00Z,2024-08-16T05:30Z,106,77,low
2024-08-16T05:30Z,2024-08-16T06:00Z,112,97,moderate
2024-08-16T06:00Z,2024-08-16T06:30Z,111,106,moderate
2024-08-16T06:30Z,2024-08-16T07:00Z,108,115,low
2024-08-16T07:00Z,2024-08-16T07:30Z,103,103,low
2024-08-16T07:30Z,2024-08-16T08:00Z,94,100,low
2024-08-16T08:00Z,2024-08-16T08:30Z,83,93,low
2024-08-16T08:30Z,2024-08-16T09:00Z,77,84,low
2024-08-16T09:00Z,2024-08-16T09:30Z,69,78,low
2024-08-16T09:30Z,2024-08-16T10:00Z,67,72,low
2024-08-16T10:00Z,2024-08-16T10:30Z,62,63,low
2024-08-16T10:30Z,2024-08-16T11:00Z,61,65,low
2024-08-16T11:00Z,2024-08-16T11:30Z,59,62,low
2024-08-16T11:30Z,2024-08-16T12:00Z,58,53,low
2024-08-16T12:00Z,2024-08-16T12:30Z,57,52,low
2024-08-16T12:30Z,2024-08-16T13:00Z,56,55,low
2024-08-16T13:00Z,2024-08-16T13:30Z,58,55,low
2024-08-16T13:30Z,2024-08-16T14:00Z,64,55,low
2024-08-16T14:00Z,2024-08-16T14:30Z,61,56,low
2024-08-16T14:30Z,2024-08-16T15:00Z,67,66,low
2024-08-16T15:00Z,2024-08-16T15:30Z,74,68,low
2024-08-16T15:30Z,2024-08-16T16:00Z,85,71,low
2024-08-16T16:00Z,2024-08-16T16:30Z,98,79,low
2024-08-16T16:30Z,2024-08-16T17:00Z,117,88,moderate
2024-08-16T17:00Z,2024-08-16T17:30Z,129,89,moderate
2024-08-16T17:30Z,2024-08-16T18:00Z,141,116,moderate
2024-08-16T18:00Z,2024-08-16T18:30Z,149,128,moderate
2024-08-16T18:30Z,2024-08-16T19:00Z,156,139,moderate
2024-08-16T19:00Z,2024-08-16T19:30Z,157,137,moderate
2024-08-16T19:30Z,2024-08-16T20:00Z,160,144,moderate
2024-08-16T20:00Z,2024-08-16T20:30Z,154,143,moderate
2024-08-16T20:30Z,2024-08-16T21:00Z,151,143,moderate
2024-08-16T21:00Z,2024-08-16T21:30Z,147,139,moderate
2024-08-16T21:30Z,2024-08-16T22:00Z,137,143,moderate
2024-08-16T22:00Z,2024-08-16T22:30Z,127,143,moderate
2024-08-16T22:30Z,2024-08-16T23:00Z,119,133,moderate
2024-08-16T23:00Z,2024-08-16T23:30Z,109,135,low
2024-08-16T23:30Z,2024-08-17T00:00Z,94,128,low
2024-08-17T00:00Z,2024-08-17T00:30Z,90,87,low
2024-08-17T00:30Z,2024-08-17T01:00Z,80,95,low
2024-08-17T01:00Z,2024-08-17T01:30Z,83,92,low
2024-08-17T01:30Z,2024-08-17T02:00Z,79,80,low
2024-08-17T02:00Z,2024-08-17T02:30Z,86,80,low
2024-08-17T02:30Z,2024-08-17T03:00Z,84,80,low
2024-08-17T03:00Z,2024-08-17T03:30Z,80,85,low
2024-08-17T03:30Z,2024-08-17T04:00Z,77,83,low
2024-08-17T04:00Z,2024-08-17T04:30Z,78,78,low
2024-08-17T04:30Z,2024-08-17T05:00Z,74,79,low
2024-08-17T05:00Z,2024-08-17T05:30Z,77,77,low
2024-08-17T05:30Z,2024-08-17T06:00Z,70,73,low
2024-08-17T06:00Z,2024-08-17T06:30Z,74,78,low
2024-08-17T06:30Z,2024-08-17T07:00Z,66,77,low
2024-08-17T07:00Z,2024-08-17T07:30Z,62,77,low
2024-08-17T07:30Z,2024-08-17T08:00Z,63,71,low
2024-08-17T08:00Z,2024-08-17T08:30Z,54,65,low
2024-08-17T08:30Z,2024-08-17T09:00Z,61,61,low
2024-08-17T09:00Z,2024-08-17T09:30Z,55,55,low
2024-08-17T09:30Z,2024-08-17T10:00Z,56,57,low
2024-08-17T10:00Z,2024-08-17T10:30Z,56,49,low
2024-08-17T10:30Z,2024-08-17T11:00Z,54,45,low
2024-08-17T11:00Z,2024-08-17T11:30Z,53,48,low
2024-08-17T11:30Z,2024-08-17T12:00Z,53,47,low
2024-08-17T12:00Z,2024-08-17T12:30Z,54,43,low
2024-08-17T12:30Z,2024-08-17T13:00Z,56,42,low
2024-08-17T13:00Z,2024-08-17T13:30Z,55,43,low
2024-08-17T13:30Z,2024-08-17T14:00Z,48,47,low
2024-08-17T14:00Z,2024-08-17T14:30Z,53,46,low
2024-08-17T14:30Z,2024-08-17T15:00Z,55,48,low
2024-08-17T15:00Z,2024-08-17T15:30Z,67,56,low
2024-08-17T15:30Z,2024-08-17T16:00Z,89,63,low
2024-08-17T16:00Z,2024-08-17T16:30Z,101,73,low
2024-08-17T16:30Z,2024-08-17T17:00Z,122,91,moderate
2024-08-17T17:00Z,2024-08-17T17:30Z,129,95,moderate
2024-08-17T17:30Z,2024-08-17T18:00Z,139,117,moderate
2024-08-17T18:00Z,2024-08-17T18:30Z,142,134,moderate
2024-08-17T18:30Z,2024-08-17T19:00Z,155,136,moderate
2024-08-17T19:00Z,2024-08-17T19:30Z,155,139,moderate
2024-08-17T19:30Z,2024-08-17T20:00Z,148,156,moderate
2024-08-17T20:00Z,2024-08-17T20:30Z,142,151,moderate
2024-08-17T20:30Z,2024-08-17T21:00Z,146,146,moderate
2024-08-17T21:00Z,2024-08-17T21:30Z,134,143,moderate
2024-08-17T21:30Z,2024-08-17T22:00Z,97,144,low
2024-08-17T22:00Z,2024-08-17T22:30Z,82,138,low
2024-08-17T22:30Z,2024-08-17T23:00Z,76,97,low
2024-08-17T23:00Z,2024-08-17T23:30Z,72,92,low
2024-08-17T23:30Z,2024-08-18T00:00Z,68,85,low
2024-08-18T00:00Z,2024-08-18T00:30Z,65,67,low
2024-08-18T00:30Z,2024-08-18T01:00Z,66,68,low
2024-08-18T01:00Z,2024-08-18T01:30Z,65,62,low
2024-08-18T01:30Z,2024-08-18T02:00Z,65,64,low
2024-08-18T02:00Z,2024-08-18T02:30Z,72,64,low
2024-08-18T02:30Z,2024-08-18T03:00Z,74,62,low
2024-08-18T03:00Z,2024-08-18T03:30Z,65,72,low
2024-08-18T03:30Z,2024-08-18T04:00Z,68,73,low
2024-08-18T04:00Z,2024-08-18T04:30Z,66,68,low
2024-08-18T04:30Z,2024-08-18T05:00Z,66,64,low
2024-08-18T05:00Z,2024-08-18T05:30Z,70,65,low
2024-08-18T05:30Z,2024-08-18T06:00Z,58,65,low
2024-08-18T06:00Z,2024-08-18T06:30Z,56,65,low
2024-08-18T06:30Z,2024-08-18T07:00Z,54,61,low
2024-08-18T07:00Z,2024-08-18T07:30Z,52,57,low
2024-08-18T07:30Z,2024-08-18T08:00Z,47,52,low
2024-08-18T08:00Z,2024-08-18T08:30Z,43,52,low
2024-08-18T08:30Z,2024-08-18T09:00Z,42,45,low
2024-08-18T09:00Z,2024-08-18T09:30Z,40,42,low
2024-08-18T09:30Z,2024-08-18T10:00Z,42,41,low
2024-08-18T10:00Z,2024-08-18T10:30Z,43,40,low
2024-08-18T10:30Z,2024-08-18T11:00Z,44,44,low
2024-08-18T11:00Z,2024-08-18T11:30Z,42,41,low
2024-08-18T11:30Z,2024-08-18T12:00Z,44,47,low
2024-08-18T12:00Z,2024-08-18T12:30Z,41,38,low
2024-08-18T12:30Z,2024-08-18T13:00Z,38,35,low
2024-08-18T13:00Z,2024-08-18T13:30Z,39,35,low
2024-08-18T13:30Z,2024-08-18T14:00Z,38,37,low
2024-08-18T14:00Z,2024-08-18T14:30Z,40,38,low
2024-08-18T14:30Z,2024-08-18T15:00Z,42,38,low
2024-08-18T15:00Z,2024-08-18T15:30Z,52,41,low
2024-08-18T15:30Z,2024-08-18T16:00Z,70,49,low
2024-08-18T16:00Z,2024-08-18T16:30Z,80,57,low
2024-08-18T16:30Z,2024-08-18T17:00Z,98,59,low
2024-08-18T17:00Z,2024-08-18T17:30Z,108,53,low
2024-08-18T17:30Z,2024-08-18T18:00Z,112,109,moderate
2024-08-18T18:00Z,2024-08-18T18:30Z,117,111,moderate
2024-08-18T18:30Z,2024-08-18T19:00Z,121,117,moderate
2024-08-18T19:00Z,2024-08-18T19:30Z,121,76,moderate
2024-08-18T19:30Z,2024-08-18T20:00Z,121,120,moderate
2024-08-18T20:00Z,2024-08-18T20:30Z,118,116,moderate
2024-08-18T20:30Z,2024-08-18T21:00Z,122,120,moderate
2024-08-18T21:00Z,2024-08-18T21:30Z,115,126,moderate
2024-08-18T21:30Z,2024-08-18T22:00Z,82,121,low
2024-08-18T22:00Z,2024-08-18T22:30Z,78,113,low
2024-08-18T22:30Z,2024-08-18T23:00Z,78,82,low
2024-08-18T23:00Z,2024-08-18T23:30Z,79,77,low
2024-08-18T23:30Z,2024-08-19T00:00Z,80,77,low
2024-08-19T00:00Z,2024-08-19T00:30Z,80,77,low
2024-08-19T00:30Z,2024-08-19T01:00Z,81,76,low
2024-08-19T01:00Z,2024-08-19T01:30Z,81,79,low
2024-08-19T01:30Z,2024-08-19T02:00Z,79,81,low
2024-08-19T02:00Z,2024-08-19T02:30Z,81,80,low
2024-08-19T02:30Z,2024-08-19T03:00Z,84,79,low
2024-08-19T03:00Z,2024-08-19T03:30Z,91,80,low
2024-08-19T03:30Z,2024-08-19T04:00Z,99,80,low
2024-08-19T04:00Z,2024-08-19T04:30Z,100,78,low
2024-08-19T04:30Z,2024-08-19T05:00Z,110,78,moderate
2024-08-19T05:00Z,2024-08-19T05:30Z,113,78,moderate
2024-08-19T05:30Z,2024-08-19T06:00Z,121,97,moderate
2024-08-19T06:00Z,2024-08-19T06:30Z,121,92,moderate
2024-08-19T06:30Z,2024-08-19T07:00Z,114,91,moderate
2024-08-19T07:00Z,2024-08-19T07:30Z,115,88,moderate
2024-08-19T07:30Z,2024-08-19T08:00Z,112,107,moderate
2024-08-19T08:00Z,2024-08-19T08:30Z,103,94,low
2024-08-19T08:30Z,2024-08-19T09:00Z,87,111,low
2024-08-19T09:00Z,2024-08-19T09:30Z,78,103,low
2024-08-19T09:30Z,2024-08-19T10:00Z,68,84,low
2024-08-19T10:00Z,2024-08-19T10:30Z,63,77,low
2024-08-19T10:30Z,2024-08-19T11:00Z,60,66,low
2024-08-19T11:00Z,2024-08-19T11:30Z,58,64,low
2024-08-19T11:30Z,2024-08-19T12:00Z,60,63,low
2024-08-19T12:00Z,2024-08-19T12:30Z,57,60,low
2024-08-19T12:30Z,2024-08-19T13:00Z,53,62,low
2024-08-19T13:00Z,2024-08-19T13:30Z,53,56,low
2024-08-19T13:30Z,2024-08-19T14:00Z,50,52,low
2024-08-19T14:00Z,2024-08-19T14:30Z,47,50,low
2024-08-19T14:30Z,2024-08-19T15:00Z,46,46,low
2024-08-19T15:00Z,2024-08-19T15:30Z,54,45,low
2024-08-19T15:30Z,2024-08-19T16:00Z,61,45,low
2024-08-19T16:00Z,2024-08-19T16:30Z,66,56,low
2024-08-19T16:30Z,2024-08-19T17:00Z,68,63,low
2024-08-19T17:00Z,2024-08-19T17:30Z,67,62,low
2024-08-19T17:30Z,2024-08-19T18:00Z,74,68,low
2024-08-19T18:00Z,2024-08-19T18:30Z,80,66,low
2024-08-19T18:30Z,2024-08-19T19:00Z,78,70,low
2024-08-19T19:00Z,2024-08-19T19:30Z,78,72,low
2024-08-19T19:30Z,2024-08-19T20:00Z,80,72,low
2024-08-19T20:00Z,2024-08-19T20:30Z,72,73,low
2024-08-19T20:30Z,2024-08-19T21:00Z,63,77,low
2024-08-19T21:00Z,2024-08-19T21:30Z,61,71,low
2024-08-19T21:30Z,2024-08-19T22:00Z,71,59,low
2024-08-19T22:00Z,2024-08-19T22:30Z,71,58,low
2024-08-19T22:30Z,2024-08-19T23:00Z,70,69,low
2024-08-19T23:00Z,2024-08-19T23:30Z,68,72,low
2024-08-19T23:30Z,2024-08-20T00:00Z,48,69,low
2024-08-20T00:00Z,2024-08-20T00:30Z,43,63,low
2024-08-20T00:30Z,2024-08-20T01:00Z,41,49,low
2024-08-20T01:00Z,2024-08-20T01:30Z,42,42,low
2024-08-20T01:30Z,2024-08-20T02:00Z,47,42,low
2024-08-20T02:00Z,2024-08-20T02:30Z,42,37,low
2024-08-20T02:30Z,2024-08-20T03:00Z,45,45,low
2024-08-20T03:00Z,2024-08-20T03:30Z,53,41,low
2024-08-20T03:30Z,2024-08-20T04:00Z,55,45,low
2024-08-20T04:00Z,2024-08-20T04:30Z,54,52,low
2024-08-20T04:30Z,2024-08-20T05:00Z,52,54,low
2024-08-20T05:00Z,2024-08-20T05:30Z,58,54,low
2024-08-20T05:30Z,2024-08-20T06:00Z,53,54,low
2024-08-20T06:00Z,2024-08-20T06:30Z,57,53,low
2024-08-20T06:30Z,2024-08-20T07:00Z,56,49,low
2024-08-20T07:00Z,2024-08-20T07:30Z,48,48,low
2024-08-20T07:30Z,2024-08-20T08:00Z,40,46,low
2024-08-20T08:00Z,2024-08-20T08:30Z,39,46,low
2024-08-20T08:30Z,2024-08-20T09:00Z,44,35,low
2024-08-20T09:00Z,2024-08-20T09:30Z,41,32,low
2024-08-20T09:30Z,2024-08-20T10:00Z,40,41,low
2024-08-20T10:00Z,2024-08-20T10:30Z,35,43,low
2024-08-20T10:30Z,2024-08-20T11:00Z,28,37,very low
2024-08-20T11:00Z,2024-08-20T11:30Z,27,32,very low
2024-08-20T11:30Z,2024-08-20T12:00Z,26,31,very low
2024-08-20T12:00Z,2024-08-20T12:30Z,26,25,very low
2024-08-20T12:30Z,2024-08-20T13:00Z,27,25,very low
2024-08-20T13:00Z,2024-08-20T13:30Z,28,25,very low
2024-08-20T13:30Z,2024-08-20T14:00Z,33,26,very low
2024-08-20T14:00Z,2024-08-20T14:30Z,42,26,low
2024-08-20T14:30Z,2024-08-20T15:00Z,46,26,low
2024-08-20T15:00Z,2024-08-20T15:30Z,55,38,low
2024-08-20T15:30Z,2024-08-20T16:00Z,60,45,low
2024-08-20T16:00Z,2024-08-20T16:30Z,64,53,low
2024-08-20T16:30Z,2024-08-20T17:00Z,68,65,low
2024-08-20T17:00Z,2024-08-20T17:30Z,73,70,low
2024-08-20T17:30Z,2024-08-20T18:00Z,78,70,low
2024-08-20T18:00Z,2024-08-20T18:30Z,80,78,low
2024-08-20T18:30Z,2024-08-20T19:00Z,72,77,low
2024-08-20T19:00Z,2024-08-20T19:30Z,71,79,low
2024-08-20T19:30Z,2024-08-20T20:00Z,71,71,low
2024-08-20T20:00Z,2024-08-20T20:30Z,55,65,low
2024-08-20T20:30Z,2024-08-20T21:00Z,54,67,low
2024-08-20T21:00Z,2024-08-20T21:30Z,51,56,low
2024-08-20T21:30Z,2024-08-20T22:00Z,52,52,low
2024-08-20T22:00Z,2024-08-20T22:30Z,50,47,low
2024-08-20T22:30Z,2024-08-20T23:00Z,54,44,low
2024-08-20T23:00Z,2024-08-20T23:30Z,59,42,low
2024-08-20T23:30Z,2024-08-21T00:00Z,67,41,low
2024-08-21T00:00Z,2024-08-21T00:30Z,68,57,low
2024-08-21T00:30Z,2024-08-21T01:00Z,59,58,low
2024-08-21T01:00Z,2024-08-21T01:30Z,59,64,low
2024-08-21T01:30Z,2024-08-21T02:00Z,59,58,low
2024-08-21T02:00Z,2024-08-21T02:30Z,55,58,low
2024-08-21T02:30Z,2024-08-21T03:00Z,56,57,low
2024-08-21T03:00Z,2024-08-21T03:30Z,57,56,low
2024-08-21T03:30Z,2024-08-21T04:00Z,50,54,low
2024-08-21T04:00Z,2024-08-21T04:30Z,58,56,low
2024-08-21T04:30Z,2024-08-21T05:00Z,52,51,low
2024-08-21T05:00Z,2024-08-21T05:30Z,53,51,low
2024-08-21T05:30Z,2024-08-21T06:00Z,56,48,low
2024-08-21T06:00Z,2024-08-21T06:30Z,53,45,low
2024-08-21T06:30Z,2024-08-21T07:00Z,43,40,low
2024-08-21T07:00Z,2024-08-21T07:30Z,38,40,low
2024-08-21T07:30Z,2024-08-21T08:00Z,33,38,very low
2024-08-21T08:00Z,2024-08-21T08:30Z,32,41,very low
2024-08-21T08:30Z,2024-08-21T09:00Z,30,37,very low
2024-08-21T09:00Z,2024-08-21T09:30Z,29,32,very low
2024-08-21T09:30Z,2024-08-21T10:00Z,30,32,very low
2024-08-21T10:00Z,2024-08-21T10:30Z,29,30,very low
2024-08-21T10:30Z,2024-08-21T11:00Z,32,31,very low
2024-08-21T11:00Z,2024-08-21T11:30Z,35,30,low
2024-08-21T11:30Z,2024-08-21T12:00Z,45,31,low
2024-08-21T12:00Z,2024-08-21T12:30Z,45,34,low
2024-08-21T12:30Z,2024-08-21T13:00Z,49,40,low
2024-08-21T13:00Z,2024-08-21T13:30Z,55,43,low
2024-08-21T13:30Z,2024-08-21T14:00Z,57,48,low
2024-08-21T14:00Z,2024-08-21T14:30Z,58,55,low
2024-08-21T14:30Z,2024-08-21T15:00Z,58,53,low
2024-08-21T15:00Z,2024-08-21T15:30Z,55,54,low
2024-08-21T15:30Z,2024-08-21T16:00Z,60,55,low
2024-08-21T16:00Z,2024-08-21T16:30Z,65,55,low
2024-08-21T16:30Z,2024-08-21T17:00Z,69,58,low
2024-08-21T17:00Z,2024-08-21T17:30Z,73,59,low
2024-08-21T17:30Z,2024-08-21T18:00Z,79,71,low
2024-08-21T18:00Z,2024-08-21T18:30Z,83,72,low
2024-08-21T18:30Z,2024-08-21T19:00Z,85,77,low
2024-08-21T19:00Z,2024-08-21T19:30Z,87,78,low
2024-08-21T19:30Z,2024-08-21T20:00Z,90,78,low
2024-08-21T20:00Z,2024-08-21T20:30Z,80,77,low
2024-08-21T20:30Z,2024-08-21T21:00Z,83,86,low
2024-08-21T21:00Z,2024-08-21T21:30Z,81,77,low
2024-08-21T21:30Z,2024-08-21T22:00Z,89,79,low
2024-08-21T22:00Z,2024-08-21T22:30Z,81,79,low
2024-08-21T22:30Z,2024-08-21T23:00Z,81,77,low
2024-08-21T23:00Z,2024-08-21T23:30Z,70,71,low
2024-08-21T23:30Z,2024-08-22T00:00Z,72,68,low
2024-08-22T00:00Z,2024-08-22T00:30Z,67,66,low
2024-08-22T00:30Z,2024-08-22T01:00Z,65,71,low
2024-08-22T01:00Z,2024-08-22T01:30Z,65,64,low
2024-08-22T01:30Z,2024-08-22T02:00Z,65,61,low
2024-08-22T02:00Z,2024-08-22T02:30Z,60,62,low
2024-08-22T02:30Z,2024-08-22T03:00Z,59,63,low
2024-08-22T03:00Z,2024-08-22T03:30Z,57,58,low
2024-08-22T03:30Z,2024-08-22T04:00Z,58,55,low
2024-08-22T04:00Z,2024-08-22T04:30Z,59,56,low
2024-08-22T04:30Z,2024-08-22T05:00Z,59,56,low
2024-08-22T05:00Z,2024-08-22T05:30Z,64,56,low
2024-08-22T05:30Z,2024-08-22T06:00Z,56,57,low
2024-08-22T06:00Z,2024-08-22T06:30Z,57,60,low
2024-08-22T06:30Z,2024-08-22T07:00Z,49,52,low
2024-08-22T07:00Z,2024-08-22T07:30Z,48,51,low
2024-08-22T07:30Z,2024-08-22T08:00Z,42,44,low
2024-08-22T08:00Z,2024-08-22T08:30Z,43,41,low
2024-08-22T08:30Z,2024-08-22T09:00Z,40,39,low
2024-08-22T09:00Z,2024-08-22T09:30Z,37,40,low
2024-08-22T09:30Z,2024-08-22T10:00Z,40,38,low
2024-08-22T10:00Z,2024-08-22T10:30Z,44,35,low
2024-08-22T10:30Z,2024-08-22T11:00Z,43,37,low
2024-08-22T11:00Z,2024-08-22T11:30Z,41,39,low
2024-08-22T11:30Z,2024-08-22T12:00Z,43,40,low
2024-08-22T12:00Z,2024-08-22T12:30Z,39,41,low
2024-08-22T12:30Z,2024-08-22T13:00Z,45,39,low
2024-08-22T13:00Z,2024-08-22T13:30Z,46,37,low
2024-08-22T13:30Z,2024-08-22T14:00Z,38,42,low
2024-08-22T14:00Z,2024-08-22T14:30Z,41,46,low
2024-08-22T14:30Z,2024-08-22T15:00Z,44,39,low
2024-08-22T15:00Z,2024-08-22T15:30Z,52,40,low
2024-08-22T15:30Z,2024-08-22T16:00Z,62,41,low
2024-08-22T16:00Z,2024-08-22T16:30Z,68,56,low
2024-08-22T16:30Z,2024-08-22T17:00Z,87,60,low
2024-08-22T17:00Z,2024-08-22T17:30Z,102,66,low
2024-08-22T17:30Z,2024-08-22T18:00Z,107,89,low
2024-08-22T18:00Z,2024-08-22T18:30Z,113,100,moderate
2024-08-22T18:30Z,2024-08-22T19:00Z,106,100,low
2024-08-22T19:00Z,2024-08-22T19:30Z,99,107,low
2024-08-22T19:30Z,2024-08-22T20:00Z,91,106,low
2024-08-22T20:00Z,2024-08-22T20:30Z,79,96,low
2024-08-22T20:30Z,2024-08-22T21:00Z,76,89,low
2024-08-22T21:00Z,2024-08-22T21:30Z,70,82,low
2024-08-22T21:30Z,2024-08-22T22:00Z,63,75,low
2024-08-22T22:00Z,2024-08-22T22:30Z,63,69,low
2024-08-22T22:30Z,2024-08-22T23:00Z,63,61,low
2024-08-22T23:00Z,2024-08-22T23:30Z,61,61,low
2024-08-22T23:30Z,2024-08-23T00:00Z,64,64,low
2024-08-23T00:00Z,2024-08-23T00:30Z,68,58,low
2024-08-23T00:30Z,2024-08-23T01:00Z,67,59,low
2024-08-23T01:00Z,2024-08-23T01:30Z,60,67,low
2024-08-23T01:30Z,2024-08-23T02:00Z,57,67,low
2024-08-23T02:00Z,2024-08-23T02:30Z,55,55,low
2024-08-23T02:30Z,2024-08-23T03:00Z,53,59,low
2024-08-23T03:00Z,2024-08-23T03:30Z,53,52,low
2024-08-23T03:30Z,2024-08-23T04:00Z,54,57,low
2024-08-23T04:00Z,2024-08-23T04:30Z,52,56,low
2024-08-23T04:30Z,2024-08-23T05:00Z,52,55,low
2024-08-23T05:00Z,2024-08-23T05:30Z,54,53,low
2024-08-23T05:30Z,2024-08-23T06:00Z,45,53,low
2024-08-23T06:00Z,2024-08-23T06:30Z,41,48,low
2024-08-23T06:30Z,2024-08-23T07:00Z,38,42,low
2024-08-23T07:00Z,2024-08-23T07:30Z,34,41,very low
2024-08-23T07:30Z,2024-08-23T08:00Z,36,35,low
2024-08-23T08:00Z,2024-08-23T08:30Z,38,31,low
2024-08-23T08:30Z,2024-08-23T09:00Z,37,28,low
2024-08-23T09:00Z,2024-08-23T09:30Z,34,26,very low
2024-08-23T09:30Z,2024-08-23T10:00Z,29,30,very low
2024-08-23T10:00Z,2024-08-23T10:30Z,30,27,very low
2024-08-23T10:30Z,2024-08-23T11:00Z,25,26,very low
2024-08-23T11:00Z,2024-08-23T11:30Z,25,24,very low
2024-08-23T11:30Z,2024-08-23T12:00Z,30,22,very low
2024-08-23T12:00Z,2024-08-23T12:30Z,31,23,very low
2024-08-23T12:30Z,2024-08-23T13:00Z,32,25,very low
2024-08-23T13:00Z,2024-08-23T13:30Z,33,25,very low
2024-08-23T13:30Z,2024-08-23T14:00Z,32,27,very low
2024-08-23T14:00Z,2024-08-23T14:30Z,32,28,very low
2024-08-23T14:30Z,2024-08-23T15:00Z,34,30,very low
2024-08-23T15:00Z,2024-08-23T15:30Z,41,32,low
2024-08-23T15:30Z,2024-08-23T16:00Z,45,32,low
2024-08-23T16:00Z,2024-08-23T16:30Z,58,40,low
2024-08-23T16:30Z,2024-08-23T17:00Z,76,49,low
2024-08-23T17:00Z,2024-08-23T17:30Z,91,58,low
2024-08-23T17:30Z,2024-08-23T18:00Z,95,74,low
2024-08-23T18:00Z,2024-08-23T18:30Z,100,87,low
2024-08-23T18:30Z,2024-08-23T19:00Z,102,93,low
2024-08-23T19:00Z,2024-08-23T19:30Z,101,92,low
2024-08-23T19:30Z,2024-08-23T20:00Z,101,95,low
2024-08-23T20:00Z,2024-08-23T20:30Z,90,95,low
2024-08-23T20:30Z,2024-08-23T21:00Z,82,99,low
2024-08-23T21:00Z,2024-08-23T21:30Z,72,87,low
2024-08-23T21:30Z,2024-08-23T22:00Z,66,79,low
2024-08-23T22:00Z,2024-08-23T22:30Z,59,73,low
2024-08-23T22:30Z,2024-08-23T23:00Z,59,68,low
2024-08-23T23:00Z,2024-08-23T23:30Z,56,66,low
2024-08-23T23:30Z,2024-08-24T00:00Z,60,64,low
2024-08-24T00:00Z,2024-08-24T00:30Z,58,57,low
2024-08-24T00:30Z,2024-08-24T01:00Z,55,57,low
2024-08-24T01:00Z,2024-08-24T01:30Z,55,58,low
2024-08-24T01:30Z,2024-08-24T02:00Z,56,53,low
2024-08-24T02:00Z,2024-08-24T02:30Z,56,56,low
2024-08-24T02:30Z,2024-08-24T03:00Z,54,57,low
2024-08-24T03:00Z,2024-08-24T03:30Z,55,59,low
2024-08-24T03:30Z,2024-08-24T04:00Z,56,57,low
2024-08-24T04:00Z,2024-08-24T04:30Z,55,58,low
2024-08-24T04:30Z,2024-08-24T05:00Z,57,59,low
2024-08-24T05:00Z,2024-08-24T05:30Z,61,63,low
2024-08-24T05:30Z,2024-08-24T06:00Z,56,57,low
2024-08-24T06:00Z,2024-08-24T06:30Z,55,57,low
2024-08-24T06:30Z,2024-08-24T07:00Z,54,57,low
2024-08-24T07:00Z,2024-08-24T07:30Z,58,57,low
2024-08-24T07:30Z,2024-08-24T08:00Z,64,51,low
2024-08-24T08:00Z,2024-08-24T08:30Z,67,62,low
2024-08-24T08:30Z,2024-08-24T09:00Z,70,56,low
2024-08-24T09:00Z,2024-08-24T09:30Z,66,57,low
2024-08-24T09:30Z,2024-08-24T10:00Z,56,67,low
2024-08-24T10:00Z,2024-08-24T10:30Z,54,61,low
2024-08-24T10:30Z,2024-08-24T11:00Z,54,58,low
2024-08-24T11:00Z,2024-08-24T11:30Z,49,57,low
2024-08-24T11:30Z,2024-08-24T12:00Z,45,54,low
2024-08-24T12:00Z,2024-08-24T12:30Z,42,51,low
2024-08-24T12:30Z,2024-08-24T13:00Z,40,48,low
2024-08-24T13:00Z,2024-08-24T13:30Z,38,43,low
2024-08-24T13:30Z,2024-08-24T14:00Z,39,40,low
2024-08-24T14:00Z,2024-08-24T14:30Z,37,37,low
2024-08-24T14:30Z,2024-08-24T15:00Z,38,36,low
2024-08-24T15:00Z,2024-08-24T15:30Z,40,37,low
2024-08-24T15:30Z,2024-08-24T16:00Z,49,39,low
2024-08-24T16:00Z,2024-08-24T16:30Z,49,41,low
2024-08-24T16:30Z,2024-08-24T17:00Z,57,44,low
2024-08-24T17:00Z,2024-08-24T17:30Z,60,45,low
2024-08-24T17:30Z,2024-08-24T18:00Z,61,48,low
2024-08-24T18:00Z,2024-08-24T18:30Z,61,43,low
2024-08-24T18:30Z,2024-08-24T19:00Z,64,58,low
2024-08-24T19:00Z,2024-08-24T19:30Z,57,56,low
2024-08-24T19:30Z,2024-08-24T20:00Z,50,60,low
2024-08-24T20:00Z,2024-08-24T20:30Z,46,57,low
2024-08-24T20:30Z,2024-08-24T21:00Z,52,50,low
2024-08-24T21:00Z,2024-08-24T21:30Z,48,44,low
2024-08-24T21:30Z,2024-08-24T22:00Z,56,50,low
2024-08-24T22:00Z,2024-08-24T22:30Z,52,46,low
2024-08-24T22:30Z,2024-08-24T23:00Z,55,54,low
2024-08-24T23:00Z,2024-08-24T23:30Z,56,54,low
2024-08-24T23:30Z,2024-08-25T00:00Z,54,53,low
2024-08-25T00:00Z,2024-08-25T00:30Z,51,53,low
2024-08-25T00:30Z,2024-08-25T01:00Z,52,54,low
2024-08-25T01:00Z,2024-08-25T01:30Z,50,48,low
2024-08-25T01:30Z,2024-08-25T02:00Z,51,49,low
2024-08-25T02:00Z,2024-08-25T02:30Z,53,48,low
2024-08-25T02:30Z,2024-08-25T03:00Z,54,50,low
2024-08-25T03:00Z,2024-08-25T03:30Z,54,49,low
2024-08-25T03:30Z,2024-08-25T04:00Z,54,49,low
2024-08-25T04:00Z,2024-08-25T04:30Z,56,50,low
2024-08-25T04:30Z,2024-08-25T05:00Z,59,53,low
2024-08-25T05:00Z,2024-08-25T05:30Z,58,51,low
2024-08-25T05:30Z,2024-08-25T06:00Z,54,55,low
2024-08-25T06:00Z,2024-08-25T06:30Z,56,57,low
2024-08-25T06:30Z,2024-08-25T07:00Z,53,52,low
2024-08-25T07:00Z,2024-08-25T07:30Z,50,49,low
2024-08-25T07:30Z,2024-08-25T08:00Z,46,47,low
2024-08-25T08:00Z,2024-08-25T08:30Z,44,42,low
2024-08-25T08:30Z,2024-08-25T09:00Z,44,43,low
2024-08-25T09:00Z,2024-08-25T09:30Z,40,41,low
2024-08-25T09:30Z,2024-08-25T10:00Z,40,40,low
2024-08-25T10:00Z,2024-08-25T10:30Z,40,36,low
2024-08-25T10:30Z,2024-08-25T11:00Z,38,38,low
2024-08-25T11:00Z,2024-08-25T11:30Z,38,39,low
2024-08-25T11:30Z,2024-08-25T12:00Z,39,37,low
2024-08-25T12:00Z,2024-08-25T12:30Z,39,36,low
2024-08-25T12:30Z,2024-08-25T13:00Z,39,38,low
2024-08-25T13:00Z,2024-08-25T13:30Z,45,37,low
2024-08-25T13:30Z,2024-08-25T14:00Z,49,36,low
2024-08-25T14:00Z,2024-08-25T14:30Z,36,39,low
2024-08-25T14:30Z,2024-08-25T15:00Z,43,38,low
2024-08-25T15:00Z,2024-08-25T15:30Z,47,38,low
2024-08-25T15:30Z,2024-08-25T16:00Z,36,40,low
2024-08-25T16:00Z,2024-08-25T16:30Z,45,48,low
2024-08-25T16:30Z,2024-08-25T17:00Z,44,38,low
2024-08-25T17:00Z,2024-08-25T17:30Z,40,47,low
2024-08-25T17:30Z,2024-08-25T18:00Z,42,49,low
2024-08-25T18:00Z,2024-08-25T18:30Z,49,39,low
2024-08-25T18:30Z,2024-08-25T19:00Z,54,40,low
2024-08-25T19:00Z,2024-08-25T19:30Z,57,45,low
2024-08-25T19:30Z,2024-08-25T20:00Z,59,45,low
2024-08-25T20:00Z,2024-08-25T20:30Z,57,47,low
2024-08-25T20:30Z,2024-08-25T21:00Z,55,48,low
2024-08-25T21:00Z,2024-08-25T21:30Z,56,51,low
2024-08-25T21:30Z,2024-08-25T22:00Z,53,50,low
2024-08-25T22:00Z,2024-08-25T22:30Z,58,49,low
2024-08-25T22:30Z,2024-08-25T23:00Z,62,47,low
2024-08-25T23:00Z,2024-08-25T23:30Z,61,47,low
2024-08-25T23:30Z,2024-08-26T00:00Z,69,46,low
2024-08-26T00:00Z,2024-08-26T00:30Z,67,58,low
2024-08-26T00:30Z,2024-08-26T01:00Z,60,62,low
2024-08-26T01:00Z,2024-08-26T01:30Z,59,62,low
2024-08-26T01:30Z,2024-08-26T02:00Z,61,59,low
2024-08-26T02:00Z,2024-08-26T02:30Z,62,60,low
2024-08-26T02:30Z,2024-08-26T03:00Z,63,59,low
2024-08-26T03:00Z,2024-08-26T03:30Z,62,60,low
2024-08-26T03:30Z,2024-08-26T04:00Z,66,60,low
2024-08-26T04:00Z,2024-08-26T04:30Z,62,61,low
2024-08-26T04:30Z,2024-08-26T05:00Z,55,60,low
2024-08-26T05:00Z,2024-08-26T05:30Z,59,39,low
2024-08-26T05:30Z,2024-08-26T06:00Z,61,56,low
2024-08-26T06:00Z,2024-08-26T06:30Z,61,54,low
2024-08-26T06:30Z,2024-08-26T07:00Z,55,51,low
2024-08-26T07:00Z,2024-08-26T07:30Z,52,51,low
2024-08-26T07:30Z,2024-08-26T08:00Z,46,47,low
2024-08-26T08:00Z,2024-08-26T08:30Z,43,45,low
2024-08-26T08:30Z,2024-08-26T09:00Z,50,41,low
2024-08-26T09:00Z,2024-08-26T09:30Z,53,38,low
2024-08-26T09:30Z,2024-08-26T10:00Z,52,37,low
2024-08-26T10:00Z,2024-08-26T10:30Z,51,34,low
2024-08-26T10:30Z,2024-08-26T11:00Z,46,40,low
2024-08-26T11:00Z,2024-08-26T11:30Z,46,37,low
2024-08-26T11:30Z,2024-08-26T12:00Z,46,36,low
2024-08-26T12:00Z,2024-08-26T12:30Z,48,36,low
2024-08-26T12:30Z,2024-08-26T13:00Z,48,34,low
2024-08-26T13:00Z,2024-08-26T13:30Z,47,35,low
2024-08-26T13:30Z,2024-08-26T14:00Z,41,35,low
2024-08-26T14:00Z,2024-08-26T14:30Z,50,36,low
2024-08-26T14:30Z,2024-08-26T15:00Z,63,41,low
2024-08-26T15:00Z,2024-08-26T15:30Z,77,51,low
2024-08-26T15:30Z,2024-08-26T16:00Z,100,66,low
2024-08-26T16:00Z,2024-08-26T16:30Z,114,79,moderate
2024-08-26T16:30Z,2024-08-26T17:00Z,135,102,moderate
2024-08-26T17:00Z,2024-08-26T17:30Z,142,110,moderate
2024-08-26T17:30Z,2024-08-26T18:00Z,146,138,moderate
2024-08-26T18:00Z,2024-08-26T18:30Z,152,135,moderate
2024-08-26T18:30Z,2024-08-26T19:00Z,151,137,moderate
2024-08-26T19:00Z,2024-08-26T19:30Z,149,145,moderate
2024-08-26T19:30Z,2024-08-26T20:00Z,155,143,moderate
2024-08-26T20:00Z,2024-08-26T20:30Z,150,146,moderate
2024-08-26T20:30Z,2024-08-26T21:00Z,149,147,moderate
2024-08-26T21:00Z,2024-08-26T21:30Z,132,141,moderate
2024-08-26T21:30Z,2024-08-26T22:00Z,101,144,low
2024-08-26T22:00Z,2024-08-26T22:30Z,89,127,low
2024-08-26T22:30Z,2024-08-26T23:00Z,88,98,low
2024-08-26T23:00Z,2024-08-26T23:30Z,84,93,low
2024-08-26T23:30Z,2024-08-27T00:00Z,84,86,low
2024-08-27T00:00Z,2024-08-27T00:30Z,90,79,low
2024-08-27T00:30Z,2024-08-27T01:00Z,94,80,low
2024-08-27T01:00Z,2024-08-27T01:30Z,89,81,low
2024-08-27T01:30Z,2024-08-27T02:00Z,88,89,low
2024-08-27T02:00Z,2024-08-27T02:30Z,91,85,low
2024-08-27T02:30Z,2024-08-27T03:00Z,97,82,low
2024-08-27T03:00Z,2024-08-27T03:30Z,98,84,low
2024-08-27T03:30Z,2024-08-27T04:00Z,95,92,low
2024-08-27T04:00Z,2024-08-27T04:30Z,96,96,low
2024-08-27T04:30Z,2024-08-27T05:00Z,94,96,low
2024-08-27T05:00Z,2024-08-27T05:30Z,92,80,low
2024-08-27T05:30Z,2024-08-27T06:00Z,93,90,low
2024-08-27T06:00Z,2024-08-27T06:30Z,94,85,low
2024-08-27T06:30Z,2024-08-27T07:00Z,93,88,low
2024-08-27T07:00Z,2024-08-27T07:30Z,94,84,low
2024-08-27T07:30Z,2024-08-27T08:00Z,94,81,low
2024-08-27T08:00Z,2024-08-27T08:30Z,87,84,low
2024-08-27T08:30Z,2024-08-27T09:00Z,78,83,low
2024-08-27T09:00Z,2024-08-27T09:30Z,72,81,low
2024-08-27T09:30Z,2024-08-27T10:00Z,61,73,low
2024-08-27T10:00Z,2024-08-27T10:30Z,58,69,low
2024-08-27T10:30Z,2024-08-27T11:00Z,54,57,low
2024-08-27T11:00Z,2024-08-27T11:30Z,51,55,low
2024-08-27T11:30Z,2024-08-27T12:00Z,52,50,low
2024-08-27T12:00Z,2024-08-27T12:30Z,54,48,low
2024-08-27T12:30Z,2024-08-27T13:00Z,61,47,low
2024-08-27T13:00Z,2024-08-27T13:30Z,61,49,low
2024-08-27T13:30Z,2024-08-27T14:00Z,54,57,low
2024-08-27T14:00Z,2024-08-27T14:30Z,61,61,low
2024-08-27T14:30Z,2024-08-27T15:00Z,75,54,low
2024-08-27T15:00Z,2024-08-27T15:30Z,93,60,low
2024-08-27T15:30Z,2024-08-27T16:00Z,112,78,moderate
2024-08-27T16:00Z,2024-08-27T16:30Z,128,90,moderate
2024-08-27T16:30Z,2024-08-27T17:00Z,137,110,moderate
2024-08-27T17:00Z,2024-08-27T17:30Z,142,123,moderate
2024-08-27T17:30Z,2024-08-27T18:00Z,148,139,moderate
2024-08-27T18:00Z,2024-08-27T18:30Z,152,135,moderate
2024-08-27T18:30Z,2024-08-27T19:00Z,150,144,moderate
2024-08-27T19:00Z,2024-08-27T19:30Z,148,142,moderate
2024-08-27T19:30Z,2024-08-27T20:00Z,138,143,moderate
2024-08-27T20:00Z,2024-08-27T20:30Z,130,142,moderate
2024-08-27T20:30Z,2024-08-27T21:00Z,121,133,moderate
2024-08-27T21:00Z,2024-08-27T21:30Z,106,126,low
2024-08-27T21:30Z,2024-08-27T22:00Z,79,115,low
2024-08-27T22:00Z,2024-08-27T22:30Z,67,99,low
2024-08-27T22:30Z,2024-08-27T23:00Z,66,79,low
2024-08-27T23:00Z,2024-08-27T23:30Z,66,79,low
2024-08-27T23:30Z,2024-08-28T00:00Z,67,76,low
2024-08-28T00:00Z,2024-08-28T00:30Z,73,64,low
2024-08-28T00:30Z,2024-08-28T01:00Z,79,63,low
2024-08-28T01:00Z,2024-08-28T01:30Z,82,70,low
2024-08-28T01:30Z,2024-08-28T02:00Z,78,75,low
2024-08-28T02:00Z,2024-08-28T02:30Z,82,80,low
2024-08-28T02:30Z,2024-08-28T03:00Z,84,84,low
2024-08-28T03:00Z,2024-08-28T03:30Z,86,81,low
2024-08-28T03:30Z,2024-08-28T04:00Z,97,85,low
2024-08-28T04:00Z,2024-08-28T04:30Z,109,85,low
2024-08-28T04:30Z,2024-08-28T05:00Z,126,96,moderate
2024-08-28T05:00Z,2024-08-28T05:30Z,135,92,moderate
2024-08-28T05:30Z,2024-08-28T06:00Z,139,123,moderate
2024-08-28T06:00Z,2024-08-28T06:30Z,142,125,moderate
2024-08-28T06:30Z,2024-08-28T07:00Z,134,124,moderate
2024-08-28T07:00Z,2024-08-28T07:30Z,137,129,moderate
2024-08-28T07:30Z,2024-08-28T08:00Z,145,121,moderate
2024-08-28T08:00Z,2024-08-28T08:30Z,144,124,moderate
2024-08-28T08:30Z,2024-08-28T09:00Z,135,123,moderate
2024-08-28T09:00Z,2024-08-28T09:30Z,129,119,moderate
2024-08-28T09:30Z,2024-08-28T10:00Z,122,113,moderate
2024-08-28T10:00Z,2024-08-28T10:30Z,114,113,moderate
2024-08-28T10:30Z,2024-08-28T11:00Z,107,105,low
2024-08-28T11:00Z,2024-08-28T11:30Z,102,98,low
2024-08-28T11:30Z,2024-08-28T12:00Z,92,93,low
2024-08-28T12:00Z,2024-08-28T12:30Z,93,88,low
2024-08-28T12:30Z,2024-08-28T13:00Z,99,85,low
2024-08-28T13:00Z,2024-08-28T13:30Z,100,86,low
2024-08-28T13:30Z,2024-08-28T14:00Z,92,92,low
2024-08-28T14:00Z,2024-08-28T14:30Z,102,90,low
2024-08-28T14:30Z,2024-08-28T15:00Z,122,79,moderate
2024-08-28T15:00Z,2024-08-28T15:30Z,139,89,moderate
2024-08-28T15:30Z,2024-08-28T16:00Z,157,118,moderate
2024-08-28T16:00Z,2024-08-28T16:30Z,171,138,moderate
2024-08-28T16:30Z,2024-08-28T17:00Z,175,163,moderate
2024-08-28T17:00Z,2024-08-28T17:30Z,183,172,moderate
2024-08-28T17:30Z,2024-08-28T18:00Z,188,177,moderate
2024-08-28T18:00Z,2024-08-28T18:30Z,194,177,high
2024-08-28T18:30Z,2024-08-28T19:00Z,198,199,high
2024-08-28T19:00Z,2024-08-28T19:30Z,200,206,high
2024-08-28T19:30Z,2024-08-28T20:00Z,206,196,high
2024-08-28T20:00Z,2024-08-28T20:30Z,203,178,high
2024-08-28T20:30Z,2024-08-28T21:00Z,185,184,moderate
2024-08-28T21:00Z,2024-08-28T21:30Z,169,170,moderate
2024-08-28T21:30Z,2024-08-28T22:00Z,134,168,moderate
2024-08-28T22:00Z,2024-08-28T22:30Z,115,148,moderate
2024-08-28T22:30Z,2024-08-28T23:00Z,115,121,moderate
2024-08-28T23:00Z,2024-08-28T23:30Z,115,113,moderate
2024-08-28T23:30Z,2024-08-29T00:00Z,105,109,low
2024-08-29T00:00Z,2024-08-29T00:30Z,97,101,low
2024-08-29T00:30Z,2024-08-29T01:00Z,100,91,low
2024-08-29T01:00Z,2024-08-29T01:30Z,103,85,low
2024-08-29T01:30Z,2024-08-29T02:00Z,111,98,moderate
2024-08-29T02:00Z,2024-08-29T02:30Z,112,96,moderate
2024-08-29T02:30Z,2024-08-29T03:00Z,115,97,moderate
2024-08-29T03:00Z,2024-08-29T03:30Z,121,96,moderate
2024-08-29T03:30Z,2024-08-29T04:00Z,135,109,moderate
2024-08-29T04:00Z,2024-08-29T04:30Z,143,103,moderate
2024-08-29T04:30Z,2024-08-29T05:00Z,152,119,moderate
2024-08-29T05:00Z,2024-08-29T05:30Z,158,21,moderate
2024-08-29T05:30Z,2024-08-29T06:00Z,158,131,moderate
2024-08-29T06:00Z,2024-08-29T06:30Z,160,137,moderate
2024-08-29T06:30Z,2024-08-29T07:00Z,142,137,moderate
2024-08-29T07:00Z,2024-08-29T07:30Z,138,138,moderate
2024-08-29T07:30Z,2024-08-29T08:00Z,124,123,moderate
2024-08-29T08:00Z,2024-08-29T08:30Z,107,117,low
2024-08-29T08:30Z,2024-08-29T09:00Z,98,110,low
2024-08-29T09:00Z,2024-08-29T09:30Z,92,93,low
2024-08-29T09:30Z,2024-08-29T10:00Z,87,85,low
2024-08-29T10:00Z,2024-08-29T10:30Z,83,79,low
2024-08-29T10:30Z,2024-08-29T11:00Z,78,78,low
2024-08-29T11:00Z,2024-08-29T11:30Z,74,74,low
2024-08-29T11:30Z,2024-08-29T12:00Z,70,69,low
2024-08-29T12:00Z,2024-08-29T12:30Z,66,66,low
2024-08-29T12:30Z,2024-08-29T13:00Z,79,66,low
2024-08-29T13:00Z,2024-08-29T13:30Z,79,64,low
2024-08-29T13:30Z,2024-08-29T14:00Z,88,82,low
2024-08-29T14:00Z,2024-08-29T14:30Z,100,80,low
2024-08-29T14:30Z,2024-08-29T15:00Z,128,88,moderate
2024-08-29T15:00Z,2024-08-29T15:30Z,143,103,moderate
2024-08-29T15:30Z,2024-08-29T16:00Z,167,130,moderate
2024-08-29T16:00Z,2024-08-29T16:30Z,176,144,moderate
2024-08-29T16:30Z,2024-08-29T17:00Z,179,152,moderate
2024-08-29T17:00Z,2024-08-29T17:30Z,185,174,moderate
2024-08-29T17:30Z,2024-08-29T18:00Z,192,181,high
2024-08-29T18:00Z,2024-08-29T18:30Z,198,180,high
2024-08-29T18:30Z,2024-08-29T19:00Z,207,186,high
2024-08-29T19:00Z,2024-08-29T19:30Z,212,186,high
2024-08-29T19:30Z,2024-08-29T20:00Z,218,188,high
2024-08-29T20:00Z,2024-08-29T20:30Z,220,194,high
2024-08-29T20:30Z,2024-08-29T21:00Z,214,192,high
2024-08-29T21:00Z,2024-08-29T21:30Z,203,188,high
2024-08-29T21:30Z,2024-08-29T22:00Z,177,189,moderate
2024-08-29T22:00Z,2024-08-29T22:30Z,169,187,moderate
2024-08-29T22:30Z,2024-08-29T23:00Z,164,169,moderate
2024-08-29T23:00Z,2024-08-29T23:30Z,161,166,moderate
2024-08-29T23:30Z,2024-08-30T00:00Z,160,161,moderate
2024-08-30T00:00Z,2024-08-30T00:30Z,156,157,moderate
2024-08-30T00:30Z,2024-08-30T01:00Z,149,155,moderate
2024-08-30T01:00Z,2024-08-30T01:30Z,148,157,moderate
2024-08-30T01:30Z,2024-08-30T02:00Z,143,147,moderate
2024-08-30T02:00Z,2024-08-30T02:30Z,142,149,moderate
2024-08-30T02:30Z,2024-08-30T03:00Z,146,142,moderate
2024-08-30T03:00Z,2024-08-30T03:30Z,149,147,moderate
2024-08-30T03:30Z,2024-08-30T04:00Z,161,144,moderate
2024-08-30T04:00Z,2024-08-30T04:30Z,165,147,moderate
2024-08-30T04:30Z,2024-08-30T05:00Z,173,157,moderate
2024-08-30T05:00Z,2024-08-30T05:30Z,180,164,moderate
2024-08-30T05:30Z,2024-08-30T06:00Z,182,179,moderate
2024-08-30T06:00Z,2024-08-30T06:30Z,179,179,moderate
2024-08-30T06:30Z,2024-08-30T07:00Z,170,198,moderate
2024-08-30T07:00Z,2024-08-30T07:30Z,167,181,moderate
2024-08-30T07:30Z,2024-08-30T08:00Z,150,175,moderate
2024-08-30T08:00Z,2024-08-30T08:30Z,138,159,moderate
2024-08-30T08:30Z,2024-08-30T09:00Z,136,151,moderate
2024-08-30T09:00Z,2024-08-30T09:30Z,125,137,moderate
2024-08-30T09:30Z,2024-08-30T10:00Z,117,133,moderate
2024-08-30T10:00Z,2024-08-30T10:30Z,116,126,moderate
2024-08-30T10:30Z,2024-08-30T11:00Z,110,120,moderate
2024-08-30T11:00Z,2024-08-30T11:30Z,110,125,moderate
2024-08-30T11:30Z,2024-08-30T12:00Z,105,116,low
2024-08-30T12:00Z,2024-08-30T12:30Z,107,112,low
2024-08-30T12:30Z,2024-08-30T13:00Z,111,110,moderate
2024-08-30T13:00Z,2024-08-30T13:30Z,115,116,moderate
2024-08-30T13:30Z,2024-08-30T14:00Z,124,122,moderate
2024-08-30T14:00Z,2024-08-30T14:30Z,127,121,moderate
2024-08-30T14:30Z,2024-08-30T15:00Z,136,125,moderate
2024-08-30T15:00Z,2024-08-30T15:30Z,151,138,moderate
2024-08-30T15:30Z,2024-08-30T16:00Z,167,144,moderate
2024-08-30T16:00Z,2024-08-30T16:30Z,177,156,moderate
2024-08-30T16:30Z,2024-08-30T17:00Z,181,173,moderate
2024-08-30T17:00Z,2024-08-30T17:30Z,187,182,moderate
2024-08-30T17:30Z,2024-08-30T18:00Z,192,187,high
2024-08-30T18:00Z,2024-08-30T18:30Z,198,191,high
2024-08-30T18:30Z,2024-08-30T19:00Z,197,194,high
2024-08-30T19:00Z,2024-08-30T19:30Z,199,203,high
2024-08-30T19:30Z,2024-08-30T20:00Z,190,200,high
2024-08-30T20:00Z,2024-08-30T20:30Z,178,197,moderate
2024-08-30T20:30Z,2024-08-30T21:00Z,173,194,moderate
2024-08-30T21:00Z,2024-08-30T21:30Z,161,175,moderate
2024-08-30T21:30Z,2024-08-30T22:00Z,132,170,moderate
2024-08-30T22:00Z,2024-08-30T22:30Z,124,156,moderate
2024-08-30T22:30Z,2024-08-30T23:00Z,112,124,moderate
2024-08-30T23:00Z,2024-08-30T23:30Z,101,120,low
2024-08-30T23:30Z,2024-08-31T00:00Z,95,111,low
2024-08-31T00:00Z,2024-08-31T00:30Z,90,112,low
2024-08-31T00:30Z,2024-08-31T01:00Z,79,97,low
2024-08-31T01:00Z,2024-08-31T01:30Z,73,90,low
2024-08-31T01:30Z,2024-08-31T02:00Z,73,81,low
2024-08-31T02:00Z,2024-08-31T02:30Z,71,75,low
2024-08-31T02:30Z,2024-08-31T03:00Z,74,75,low
2024-08-31T03:00Z,2024-08-31T03:30Z,77,75,low
2024-08-31T03:30Z,2024-08-31T04:00Z,81,75,low
2024-08-31T04:00Z,2024-08-31T04:30Z,83,78,low
2024-08-31T04:30Z,2024-08-31T05:00Z,84,85,low
2024-08-31T05:00Z,2024-08-31T05:30Z,85,86,low
2024-08-31T05:30Z,2024-08-31T06:00Z,89,87,low
2024-08-31T06:00Z,2024-08-31T06:30Z,84,86,low
2024-08-31T06:30Z,2024-08-31T07:00Z,79,94,low
2024-08-31T07:00Z,2024-08-31T07:30Z,72,86,low
2024-08-31T07:30Z,2024-08-31T08:00Z,69,82,low
2024-08-31T08:00Z,2024-08-31T08:30Z,65,76,low
2024-08-31T08:30Z,2024-08-31T09:00Z,66,70,low
2024-08-31T09:00Z,2024-08-31T09:30Z,62,58,low
2024-08-31T09:30Z,2024-08-31T10:00Z,60,68,low
2024-08-31T10:00Z,2024-08-31T10:30Z,50,65,low
2024-08-31T10:30Z,2024-08-31T11:00Z,49,67,low
2024-08-31T11:00Z,2024-08-31T11:30Z,49,54,low
2024-08-31T11:30Z,2024-08-31T12:00Z,47,52,low
2024-08-31T12:00Z,2024-08-31T12:30Z,47,52,low
2024-08-31T12:30Z,2024-08-31T13:00Z,45,52,low
2024-08-31T13:00Z,2024-08-31T13:30Z,47,50,low
2024-08-31T13:30Z,2024-08-31T14:00Z,46,49,low
2024-08-31T14:00Z,2024-08-31T14:30Z,48,51,low
2024-08-31T14:30Z,2024-08-31T15:00Z,47,49,low
2024-08-31T15:00Z,2024-08-31T15:30Z,60,50,low
2024-08-31T15:30Z,2024-08-31T16:00Z,75,48,low
2024-08-31T16:00Z,2024-08-31T16:30Z,82,47,low
2024-08-31T16:30Z,2024-08-31T17:00Z,91,49,low
2024-08-31T17:00Z,2024-08-31T17:30Z,91,50,low
2024-08-31T17:30Z,2024-08-31T18:00Z,90,55,low
2024-08-31T18:00Z,2024-08-31T18:30Z,89,59,low
2024-08-31T18:30Z,2024-08-31T19:00Z,87,83,low
2024-08-31T19:00Z,2024-08-31T19:30Z,81,78,low
2024-08-31T19:30Z,2024-08-31T20:00Z,73,80,low
2024-08-31T20:00Z,2024-08-31T20:30Z,65,82,low
2024-08-31T20:30Z,2024-08-31T21:00Z,62,71,low
2024-08-31T21:00Z,2024-08-31T21:30Z,63,62,low
2024-08-31T21:30Z,2024-08-31T22:00Z,68,56,low
2024-08-31T22:00Z,2024-08-31T22:30Z,64,59,low
2024-08-31T22:30Z,2024-08-31T23:00Z,67,57,low
2024-08-31T23:00Z,2024-08-31T23:30Z,64,61,low
2024-08-31T23:30Z,2024-09-01T00:00Z,66,60,low
2024-09-01T00:00Z,2024-09-01T00:30Z,69,60,low
2024-09-01T00:30Z,2024-09-01T01:00Z,74,65,low
2024-09-01T01:00Z,2024-09-01T01:30Z,75,67,low
2024-09-01T01:30Z,2024-09-01T02:00Z,73,76,low
2024-09-01T02:00Z,2024-09-01T02:30Z,73,74,low
2024-09-01T02:30Z,2024-09-01T03:00Z,74,75,low
2024-09-01T03:00Z,2024-09-01T03:30Z,66,72,low
2024-09-01T03:30Z,2024-09-01T04:00Z,64,72,low
2024-09-01T04:00Z,2024-09-01T04:30Z,62,66,low
2024-09-01T04:30Z,2024-09-01T05:00Z,60,64,low
2024-09-01T05:00Z,2024-09-01T05:30Z,61,61,low
2024-09-01T05:30Z,2024-09-01T06:00Z,61,59,low
2024-09-01T06:00Z,2024-09-01T06:30Z,59,58,low
2024-09-01T06:30Z,2024-09-01T07:00Z,54,60,low
2024-09-01T07:00Z,2024-09-01T07:30Z,51,56,low
2024-09-01T07:30Z,2024-09-01T08:00Z,45,50,low
2024-09-01T08:00Z,2024-09-01T08:30Z,44,47,low
2024-09-01T08:30Z,2024-09-01T09:00Z,46,42,low
2024-09-01T09:00Z,2024-09-01T09:30Z,45,40,low
2024-09-01T09:30Z,2024-09-01T10:00Z,50,40,low
2024-09-01T10:00Z,2024-09-01T10:30Z,48,39,low
2024-09-01T10:30Z,2024-09-01T11:00Z,47,40,low
2024-09-01T11:00Z,2024-09-01T11:30Z,45,38,low
2024-09-01T11:30Z,2024-09-01T12:00Z,46,37,low
2024-09-01T12:00Z,2024-09-01T12:30Z,47,35,low
2024-09-01T12:30Z,2024-09-01T13:00Z,51,39,low
2024-09-01T13:00Z,2024-09-01T13:30Z,52,36,low
2024-09-01T13:30Z,2024-09-01T14:00Z,56,39,low
2024-09-01T14:00Z,2024-09-01T14:30Z,64,41,low
2024-09-01T14:30Z,2024-09-01T15:00Z,77,43,low
2024-09-01T15:00Z,2024-09-01T15:30Z,95,54,low
2024-09-01T15:30Z,2024-09-01T16:00Z,109,68,low
2024-09-01T16:00Z,2024-09-01T16:30Z,119,84,moderate
2024-09-01T16:30Z,2024-09-01T17:00Z,127,105,moderate
2024-09-01T17:00Z,2024-09-01T17:30Z,139,118,moderate
2024-09-01T17:30Z,2024-09-01T18:00Z,140,131,moderate
2024-09-01T18:00Z,2024-09-01T18:30Z,143,135,moderate
2024-09-01T18:30Z,2024-09-01T19:00Z,142,140,moderate
2024-09-01T19:00Z,2024-09-01T19:30Z,142,133,moderate
2024-09-01T19:30Z,2024-09-01T20:00Z,147,139,moderate
2024-09-01T20:00Z,2024-09-01T20:30Z,151,129,moderate
2024-09-01T20:30Z,2024-09-01T21:00Z,147,137,moderate
2024-09-01T21:00Z,2024-09-01T21:30Z,134,146,moderate
2024-09-01T21:30Z,2024-09-01T22:00Z,129,146,moderate
2024-09-01T22:00Z,2024-09-01T22:30Z,130,136,moderate
2024-09-01T22:30Z,2024-09-01T23:00Z,126,120,moderate
2024-09-01T23:00Z,2024-09-01T23:30Z,125,116,moderate
2024-09-01T23:30Z,2024-09-02T00:00Z,125,122,moderate
2024-09-02T00:00Z,2024-09-02T00:30Z,120,126,moderate
2024-09-02T00:30Z,2024-09-02T01:00Z,118,129,moderate
2024-09-02T01:00Z,2024-09-02T01:30Z,121,116,moderate
2024-09-02T01:30Z,2024-09-02T02:00Z,117,114,moderate
2024-09-02T02:00Z,2024-09-02T02:30Z,121,119,moderate
2024-09-02T02:30Z,2024-09-02T03:00Z,136,114,moderate
2024-09-02T03:00Z,2024-09-02T03:30Z,142,118,moderate
2024-09-02T03:30Z,2024-09-02T04:00Z,167,132,moderate
2024-09-02T04:00Z,2024-09-02T04:30Z,182,138,moderate
2024-09-02T04:30Z,2024-09-02T05:00Z,206,160,high
2024-09-02T05:00Z,2024-09-02T05:30Z,211,173,high
2024-09-02T05:30Z,2024-09-02T06:00Z,212,195,high
2024-09-02T06:00Z,2024-09-02T06:30Z,217,209,high
2024-09-02T06:30Z,2024-09-02T07:00Z,196,203,high
2024-09-02T07:00Z,2024-09-02T07:30Z,197,206,high
2024-09-02T07:30Z,2024-09-02T08:00Z,198,186,high
2024-09-02T08:00Z,2024-09-02T08:30Z,195,187,high
2024-09-02T08:30Z,2024-09-02T09:00Z,194,192,high
2024-09-02T09:00Z,2024-09-02T09:30Z,193,194,high
2024-09-02T09:30Z,2024-09-02T10:00Z,192,188,high
2024-09-02T10:00Z,2024-09-02T10:30Z,192,185,high
2024-09-02T10:30Z,2024-09-02T11:00Z,187,181,moderate
2024-09-02T11:00Z,2024-09-02T11:30Z,183,188,moderate
2024-09-02T11:30Z,2024-09-02T12:00Z,179,181,moderate
2024-09-02T12:00Z,2024-09-02T12:30Z,173,177,moderate
2024-09-02T12:30Z,2024-09-02T13:00Z,169,169,moderate
2024-09-02T13:00Z,2024-09-02T13:30Z,164,179,moderate
2024-09-02T13:30Z,2024-09-02T14:00Z,158,157,moderate
2024-09-02T14:00Z,2024-09-02T14:30Z,157,155,moderate
2024-09-02T14:30Z,2024-09-02T15:00Z,169,144,moderate
2024-09-02T15:00Z,2024-09-02T15:30Z,166,155,moderate
2024-09-02T15:30Z,2024-09-02T16:00Z,171,167,moderate
2024-09-02T16:00Z,2024-09-02T16:30Z,175,165,moderate
2024-09-02T16:30Z,2024-09-02T17:00Z,184,170,moderate
2024-09-02T17:00Z,2024-09-02T17:30Z,182,169,moderate
2024-09-02T17:30Z,2024-09-02T18:00Z,180,176,moderate
2024-09-02T18:00Z,2024-09-02T18:30Z,181,182,moderate
2024-09-02T18:30Z,2024-09-02T19:00Z,183,172,moderate
2024-09-02T19:00Z,2024-09-02T19:30Z,183,173,moderate
2024-09-02T19:30Z,2024-09-02T20:00Z,177,174,moderate
2024-09-02T20:00Z,2024-09-02T20:30Z,172,171,moderate
2024-09-02T20:30Z,2024-09-02T21:00Z,173,168,moderate
2024-09-02T21:00Z,2024-09-02T21:30Z,174,160,moderate
2024-09-02T21:30Z,2024-09-02T22:00Z,171,162,moderate
2024-09-02T22:00Z,2024-09-02T22:30Z,170,175,moderate
2024-09-02T22:30Z,2024-09-02T23:00Z,170,159,moderate
2024-09-02T23:00Z,2024-09-02T23:30Z,167,159,moderate
2024-09-02T23:30Z,2024-09-03T00:00Z,161,158,moderate
2024-09-03T00:00Z,2024-09-03T00:30Z,163,164,moderate
2024-09-03T00:30Z,2024-09-03T01:00Z,158,163,moderate
2024-09-03T01:00Z,2024-09-03T01:30Z,161,164,moderate
2024-09-03T01:30Z,2024-09-03T02:00Z,158,160,moderate
2024-09-03T02:00Z,2024-09-03T02:30Z,158,161,moderate
2024-09-03T02:30Z,2024-09-03T03:00Z,160,158,moderate
2024-09-03T03:00Z,2024-09-03T03:30Z,160,158,moderate
2024-09-03T03:30Z,2024-09-03T04:00Z,163,166,moderate
2024-09-03T04:00Z,2024-09-03T04:30Z,171,165,moderate
2024-09-03T04:30Z,2024-09-03T05:00Z,189,166,moderate
2024-09-03T05:00Z,2024-09-03T05:30Z,199,180,high
2024-09-03T05:30Z,2024-09-03T06:00Z,200,188,high
2024-09-03T06:00Z,2024-09-03T06:30Z,201,199,high
2024-09-03T06:30Z,2024-09-03T07:00Z,197,194,high
2024-09-03T07:00Z,2024-09-03T07:30Z,200,191,high
2024-09-03T07:30Z,2024-09-03T08:00Z,194,188,high
2024-09-03T08:00Z,2024-09-03T08:30Z,187,185,moderate
2024-09-03T08:30Z,2024-09-03T09:00Z,187,185,moderate
2024-09-03T09:00Z,2024-09-03T09:30Z,180,182,moderate
2024-09-03T09:30Z,2024-09-03T10:00Z,170,182,moderate
2024-09-03T10:00Z,2024-09-03T10:30Z,168,180,moderate
2024-09-03T10:30Z,2024-09-03T11:00Z,163,166,moderate
2024-09-03T11:00Z,2024-09-03T11:30Z,155,161,moderate
2024-09-03T11:30Z,2024-09-03T12:00Z,152,145,moderate
2024-09-03T12:00Z,2024-09-03T12:30Z,152,148,moderate
2024-09-03T12:30Z,2024-09-03T13:00Z,162,140,moderate
2024-09-03T13:00Z,2024-09-03T13:30Z,162,147,moderate
2024-09-03T13:30Z,2024-09-03T14:00Z,168,156,moderate
2024-09-03T14:00Z,2024-09-03T14:30Z,176,156,moderate
2024-09-03T14:30Z,2024-09-03T15:00Z,181,170,moderate
2024-09-03T15:00Z,2024-09-03T15:30Z,192,188,high
2024-09-03T15:30Z,2024-09-03T16:00Z,202,182,high
2024-09-03T16:00Z,2024-09-03T16:30Z,208,193,high
2024-09-03T16:30Z,2024-09-03T17:00Z,214,207,high
2024-09-03T17:00Z,2024-09-03T17:30Z,221,212,high
2024-09-03T17:30Z,2024-09-03T18:00Z,224,222,high
2024-09-03T18:00Z,2024-09-03T18:30Z,227,229,high
2024-09-03T18:30Z,2024-09-03T19:00Z,229,228,high
2024-09-03T19:00Z,2024-09-03T19:30Z,230,233,high
2024-09-03T19:30Z,2024-09-03T20:00Z,237,232,high
2024-09-03T20:00Z,2024-09-03T20:30Z,235,231,high
2024-09-03T20:30Z,2024-09-03T21:00Z,242,234,high
2024-09-03T21:00Z,2024-09-03T21:30Z,232,229,high
2024-09-03T21:30Z,2024-09-03T22:00Z,205,230,high
2024-09-03T22:00Z,2024-09-03T22:30Z,193,226,high
2024-09-03T22:30Z,2024-09-03T23:00Z,195,196,high
2024-09-03T23:00Z,2024-09-03T23:30Z,198,190,high
2024-09-03T23:30Z,2024-09-04T00:00Z,199,189,high
2024-09-04T00:00Z,2024-09-04T00:30Z,196,191,high
2024-09-04T00:30Z,2024-09-04T01:00Z,190,199,high
2024-09-04T01:00Z,2024-09-04T01:30Z,187,194,moderate
2024-09-04T01:30Z,2024-09-04T02:00Z,186,191,moderate
2024-09-04T02:00Z,2024-09-04T02:30Z,186,188,moderate
2024-09-04T02:30Z,2024-09-04T03:00Z,192,188,high
2024-09-04T03:00Z,2024-09-04T03:30Z,191,193,high
2024-09-04T03:30Z,2024-09-04T04:00Z,200,190,high
2024-09-04T04:00Z,2024-09-04T04:30Z,211,193,high
2024-09-04T04:30Z,2024-09-04T05:00Z,225,203,high
2024-09-04T05:00Z,2024-09-04T05:30Z,230,212,high
2024-09-04T05:30Z,2024-09-04T06:00Z,233,226,high
2024-09-04T06:00Z,2024-09-04T06:30Z,226,216,high
2024-09-04T06:30Z,2024-09-04T07:00Z,224,220,high
2024-09-04T07:00Z,2024-09-04T07:30Z,216,210,high
2024-09-04T07:30Z,2024-09-04T08:00Z,208,209,high
2024-09-04T08:00Z,2024-09-04T08:30Z,200,204,high
2024-09-04T08:30Z,2024-09-04T09:00Z,193,193,high
2024-09-04T09:00Z,2024-09-04T09:30Z,186,183,moderate
2024-09-04T09:30Z,2024-09-04T10:00Z,188,184,moderate
2024-09-04T10:00Z,2024-09-04T10:30Z,190,179,high
2024-09-04T10:30Z,2024-09-04T11:00Z,186,176,moderate
2024-09-04T11:00Z,2024-09-04T11:30Z,187,189,moderate
2024-09-04T11:30Z,2024-09-04T12:00Z,189,184,moderate
2024-09-04T12:00Z,2024-09-04T12:30Z,185,182,moderate
2024-09-04T12:30Z,2024-09-04T13:00Z,184,185,moderate
2024-09-04T13:00Z,2024-09-04T13:30Z,190,185,high
2024-09-04T13:30Z,2024-09-04T14:00Z,196,188,high
2024-09-04T14:00Z,2024-09-04T14:30Z,203,189,high
2024-09-04T14:30Z,2024-09-04T15:00Z,206,194,high
2024-09-04T15:00Z,2024-09-04T15:30Z,214,200,high
2024-09-04T15:30Z,2024-09-04T16:00Z,220,202,high
2024-09-04T16:00Z,2024-09-04T16:30Z,222,210,high
2024-09-04T16:30Z,2024-09-04T17:00Z,213,220,high
2024-09-04T17:00Z,2024-09-04T17:30Z,219,220,high
2024-09-04T17:30Z,2024-09-04T18:00Z,217,217,high
2024-09-04T18:00Z,2024-09-04T18:30Z,220,220,high
2024-09-04T18:30Z,2024-09-04T19:00Z,235,219,high
2024-09-04T19:00Z,2024-09-04T19:30Z,236,223,high
2024-09-04T19:30Z,2024-09-04T20:00Z,225,224,high
2024-09-04T20:00Z,2024-09-04T20:30Z,206,226,high
2024-09-04T20:30Z,2024-09-04T21:00Z,191,219,high
2024-09-04T21:00Z,2024-09-04T21:30Z,175,197,moderate
2024-09-04T21:30Z,2024-09-04T22:00Z,128,182,moderate
2024-09-04T22:00Z,2024-09-04T22:30Z,108,164,low
2024-09-04T22:30Z,2024-09-04T23:00Z,95,127,low
2024-09-04T23:00Z,2024-09-04T23:30Z,90,122,low
2024-09-04T23:30Z,2024-09-05T00:00Z,88,116,low
2024-09-05T00:00Z,2024-09-05T00:30Z,81,98,low
2024-09-05T00:30Z,2024-09-05T01:00Z,80,90,low
2024-09-05T01:00Z,2024-09-05T01:30Z,76,87,low
2024-09-05T01:30Z,2024-09-05T02:00Z,80,81,low
2024-09-05T02:00Z,2024-09-05T02:30Z,77,79,low
2024-09-05T02:30Z,2024-09-05T03:00Z,75,83,low
2024-09-05T03:00Z,2024-09-05T03:30Z,70,79,low
2024-09-05T03:30Z,2024-09-05T04:00Z,69,76,low
2024-09-05T04:00Z,2024-09-05T04:30Z,66,72,low
2024-09-05T04:30Z,2024-09-05T05:00Z,72,72,low
2024-09-05T05:00Z,2024-09-05T05:30Z,83,66,low
2024-09-05T05:30Z,2024-09-05T06:00Z,93,70,low
2024-09-05T06:00Z,2024-09-05T06:30Z,91,69,low
2024-09-05T06:30Z,2024-09-05T07:00Z,78,91,low
2024-09-05T07:00Z,2024-09-05T07:30Z,73,88,low
2024-09-05T07:30Z,2024-09-05T08:00Z,71,83,low
2024-09-05T08:00Z,2024-09-05T08:30Z,71,78,low
2024-09-05T08:30Z,2024-09-05T09:00Z,70,77,low
2024-09-05T09:00Z,2024-09-05T09:30Z,67,78,low
2024-09-05T09:30Z,2024-09-05T10:00Z,68,77,low
2024-09-05T10:00Z,2024-09-05T10:30Z,65,73,low
2024-09-05T10:30Z,2024-09-05T11:00Z,62,72,low
2024-09-05T11:00Z,2024-09-05T11:30Z,62,73,low
2024-09-05T11:30Z,2024-09-05T12:00Z,66,67,low
2024-09-05T12:00Z,2024-09-05T12:30Z,61,66,low
2024-09-05T12:30Z,2024-09-05T13:00Z,57,66,low
2024-09-05T13:00Z,2024-09-05T13:30Z,56,63,low
2024-09-05T13:30Z,2024-09-05T14:00Z,56,61,low
2024-09-05T14:00Z,2024-09-05T14:30Z,58,62,low
2024-09-05T14:30Z,2024-09-05T15:00Z,64,60,low
2024-09-05T15:00Z,2024-09-05T15:30Z,74,59,low
2024-09-05T15:30Z,2024-09-05T16:00Z,84,64,low
2024-09-05T16:00Z,2024-09-05T16:30Z,86,74,low
2024-09-05T16:30Z,2024-09-05T17:00Z,100,80,low
2024-09-05T17:00Z,2024-09-05T17:30Z,103,88,low
2024-09-05T17:30Z,2024-09-05T18:00Z,106,96,low
2024-09-05T18:00Z,2024-09-05T18:30Z,108,105,low
2024-09-05T18:30Z,2024-09-05T19:00Z,96,100,low
2024-09-05T19:00Z,2024-09-05T19:30Z,92,102,low
2024-09-05T19:30Z,2024-09-05T20:00Z,92,95,low
2024-09-05T20:00Z,2024-09-05T20:30Z,83,94,low
2024-09-05T20:30Z,2024-09-05T21:00Z,70,96,low
2024-09-05T21:00Z,2024-09-05T21:30Z,67,84,low
2024-09-05T21:30Z,2024-09-05T22:00Z,66,70,low
2024-09-05T22:00Z,2024-09-05T22:30Z,66,67,low
2024-09-05T22:30Z,2024-09-05T23:00Z,64,63,low
2024-09-05T23:00Z,2024-09-05T23:30Z,64,59,low
2024-09-05T23:30Z,2024-09-06T00:00Z,67,58,low
2024-09-06T00:00Z,2024-09-06T00:30Z,68,61,low
2024-09-06T00:30Z,2024-09-06T01:00Z,65,61,low
2024-09-06T01:00Z,2024-09-06T01:30Z,64,63,low
2024-09-06T01:30Z,2024-09-06T02:00Z,66,62,low
2024-09-06T02:00Z,2024-09-06T02:30Z,66,60,low
2024-09-06T02:30Z,2024-09-06T03:00Z,65,59,low
2024-09-06T03:00Z,2024-09-06T03:30Z,71,60,low
2024-09-06T03:30Z,2024-09-06T04:00Z,82,60,low
2024-09-06T04:00Z,2024-09-06T04:30Z,88,70,low
2024-09-06T04:30Z,2024-09-06T05:00Z,99,80,low
2024-09-06T05:00Z,2024-09-06T05:30Z,104,86,low
2024-09-06T05:30Z,2024-09-06T06:00Z,115,99,moderate
2024-09-06T06:00Z,2024-09-06T06:30Z,119,99,moderate
2024-09-06T06:30Z,2024-09-06T07:00Z,114,109,moderate
2024-09-06T07:00Z,2024-09-06T07:30Z,113,108,moderate
2024-09-06T07:30Z,2024-09-06T08:00Z,115,104,moderate
2024-09-06T08:00Z,2024-09-06T08:30Z,113,103,moderate
2024-09-06T08:30Z,2024-09-06T09:00Z,112,103,moderate
2024-09-06T09:00Z,2024-09-06T09:30Z,108,101,low
2024-09-06T09:30Z,2024-09-06T10:00Z,106,104,low
2024-09-06T10:00Z,2024-09-06T10:30Z,103,95,low
2024-09-06T10:30Z,2024-09-06T11:00Z,101,95,low
2024-09-06T11:00Z,2024-09-06T11:30Z,101,88,low
2024-09-06T11:30Z,2024-09-06T12:00Z,93,93,low
2024-09-06T12:00Z,2024-09-06T12:30Z,92,99,low
2024-09-06T12:30Z,2024-09-06T13:00Z,97,91,low
2024-09-06T13:00Z,2024-09-06T13:30Z,101,94,low
2024-09-06T13:30Z,2024-09-06T14:00Z,112,98,moderate
2024-09-06T14:00Z,2024-09-06T14:30Z,116,105,moderate
2024-09-06T14:30Z,2024-09-06T15:00Z,119,118,moderate
2024-09-06T15:00Z,2024-09-06T15:30Z,134,123,moderate
2024-09-06T15:30Z,2024-09-06T16:00Z,142,126,moderate
2024-09-06T16:00Z,2024-09-06T16:30Z,145,148,moderate
2024-09-06T16:30Z,2024-09-06T17:00Z,147,152,moderate
2024-09-06T17:00Z,2024-09-06T17:30Z,154,153,moderate
2024-09-06T17:30Z,2024-09-06T18:00Z,159,150,moderate
2024-09-06T18:00Z,2024-09-06T18:30Z,157,156,moderate
2024-09-06T18:30Z,2024-09-06T19:00Z,154,161,moderate
2024-09-06T19:00Z,2024-09-06T19:30Z,156,160,moderate
2024-09-06T19:30Z,2024-09-06T20:00Z,162,149,moderate
2024-09-06T20:00Z,2024-09-06T20:30Z,162,155,moderate
2024-09-06T20:30Z,2024-09-06T21:00Z,160,161,moderate
2024-09-06T21:00Z,2024-09-06T21:30Z,156,154,moderate
2024-09-06T21:30Z,2024-09-06T22:00Z,136,156,moderate
2024-09-06T22:00Z,2024-09-06T22:30Z,134,157,moderate
2024-09-06T22:30Z,2024-09-06T23:00Z,131,146,moderate
2024-09-06T23:00Z,2024-09-06T23:30Z,125,150,moderate
2024-09-06T23:30Z,2024-09-07T00:00Z,127,155,moderate
2024-09-07T00:00Z,2024-09-07T00:30Z,122,125,moderate
2024-09-07T00:30Z,2024-09-07T01:00Z,112,133,moderate
2024-09-07T01:00Z,2024-09-07T01:30Z,116,124,moderate
2024-09-07T01:30Z,2024-09-07T02:00Z,118,117,moderate
2024-09-07T02:00Z,2024-09-07T02:30Z,126,118,moderate
2024-09-07T02:30Z,2024-09-07T03:00Z,122,126,moderate
2024-09-07T03:00Z,2024-09-07T03:30Z,123,136,moderate
2024-09-07T03:30Z,2024-09-07T04:00Z,130,133,moderate
2024-09-07T04:00Z,2024-09-07T04:30Z,131,129,moderate
2024-09-07T04:30Z,2024-09-07T05:00Z,137,140,moderate
2024-09-07T05:00Z,2024-09-07T05:30Z,141,139,moderate
2024-09-07T05:30Z,2024-09-07T06:00Z,151,146,moderate
2024-09-07T06:00Z,2024-09-07T06:30Z,156,154,moderate
2024-09-07T06:30Z,2024-09-07T07:00Z,155,161,moderate
2024-09-07T07:00Z,2024-09-07T07:30Z,153,165,moderate
2024-09-07T07:30Z,2024-09-07T08:00Z,158,166,moderate
2024-09-07T08:00Z,2024-09-07T08:30Z,158,164,moderate
2024-09-07T08:30Z,2024-09-07T09:00Z,156,162,moderate
2024-09-07T09:00Z,2024-09-07T09:30Z,154,160,moderate
2024-09-07T09:30Z,2024-09-07T10:00Z,154,160,moderate
2024-09-07T10:00Z,2024-09-07T10:30Z,156,158,moderate
2024-09-07T10:30Z,2024-09-07T11:00Z,157,160,moderate
2024-09-07T11:00Z,2024-09-07T11:30Z,154,160,moderate
2024-09-07T11:30Z,2024-09-07T12:00Z,154,165,moderate
2024-09-07T12:00Z,2024-09-07T12:30Z,155,160,moderate
2024-09-07T12:30Z,2024-09-07T13:00Z,158,158,moderate
2024-09-07T13:00Z,2024-09-07T13:30Z,159,166,moderate
2024-09-07T13:30Z,2024-09-07T14:00Z,158,170,moderate
2024-09-07T14:00Z,2024-09-07T14:30Z,163,170,moderate
2024-09-07T14:30Z,2024-09-07T15:00Z,170,179,moderate
2024-09-07T15:00Z,2024-09-07T15:30Z,175,180,moderate
2024-09-07T15:30Z,2024-09-07T16:00Z,176,179,moderate
2024-09-07T16:00Z,2024-09-07T16:30Z,185,183,moderate
2024-09-07T16:30Z,2024-09-07T17:00Z,192,186,high
2024-09-07T17:00Z,2024-09-07T17:30Z,197,186,high
2024-09-07T17:30Z,2024-09-07T18:00Z,194,193,high
2024-09-07T18:00Z,2024-09-07T18:30Z,196,195,high
2024-09-07T18:30Z,2024-09-07T19:00Z,191,195,high
2024-09-07T19:00Z,2024-09-07T19:30Z,192,199,high
2024-09-07T19:30Z,2024-09-07T20:00Z,190,193,high
2024-09-07T20:00Z,2024-09-07T20:30Z,187,198,moderate
2024-09-07T20:30Z,2024-09-07T21:00Z,171,190,moderate
2024-09-07T21:00Z,2024-09-07T21:30Z,161,183,moderate
2024-09-07T21:30Z,2024-09-07T22:00Z,148,179,moderate
2024-09-07T22:00Z,2024-09-07T22:30Z,141,105,moderate
2024-09-07T22:30Z,2024-09-07T23:00Z,131,150,moderate
2024-09-07T23:00Z,2024-09-07T23:30Z,125,150,moderate
2024-09-07T23:30Z,2024-09-08T00:00Z,117,148,moderate
2024-09-08T00:00Z,2024-09-08T00:30Z,113,121,moderate
2024-09-08T00:30Z,2024-09-08T01:00Z,106,121,low
2024-09-08T01:00Z,2024-09-08T01:30Z,96,113,low
2024-09-08T01:30Z,2024-09-08T02:00Z,92,110,low
2024-09-08T02:00Z,2024-09-08T02:30Z,91,101,low
2024-09-08T02:30Z,2024-09-08T03:00Z,94,98,low
2024-09-08T03:00Z,2024-09-08T03:30Z,92,99,low
2024-09-08T03:30Z,2024-09-08T04:00Z,88,99,low
2024-09-08T04:00Z,2024-09-08T04:30Z,91,101,low
2024-09-08T04:30Z,2024-09-08T05:00Z,90,95,low
2024-09-08T05:00Z,2024-09-08T05:30Z,93,99,low
2024-09-08T05:30Z,2024-09-08T06:00Z,99,97,low
2024-09-08T06:00Z,2024-09-08T06:30Z,108,101,low
2024-09-08T06:30Z,2024-09-08T07:00Z,116,106,moderate
2024-09-08T07:00Z,2024-09-08T07:30Z,115,114,moderate
2024-09-08T07:30Z,2024-09-08T08:00Z,114,124,moderate
2024-09-08T08:00Z,2024-09-08T08:30Z,116,115,moderate
2024-09-08T08:30Z,2024-09-08T09:00Z,115,115,moderate
2024-09-08T09:00Z,2024-09-08T09:30Z,107,114,low
2024-09-08T09:30Z,2024-09-08T10:00Z,108,113,low
2024-09-08T10:00Z,2024-09-08T10:30Z,106,99,low
2024-09-08T10:30Z,2024-09-08T11:00Z,103,109,low
2024-09-08T11:00Z,2024-09-08T11:30Z,95,102,low
2024-09-08T11:30Z,2024-09-08T12:00Z,91,103,low
2024-09-08T12:00Z,2024-09-08T12:30Z,87,94,low
2024-09-08T12:30Z,2024-09-08T13:00Z,83,95,low
2024-09-08T13:00Z,2024-09-08T13:30Z,82,83,low
2024-09-08T13:30Z,2024-09-08T14:00Z,83,86,low
2024-09-08T14:00Z,2024-09-08T14:30Z,81,83,low
2024-09-08T14:30Z,2024-09-08T15:00Z,90,84,low
2024-09-08T15:00Z,2024-09-08T15:30Z,100,82,low
2024-09-08T15:30Z,2024-09-08T16:00Z,110,88,moderate
2024-09-08T16:00Z,2024-09-08T16:30Z,111,98,moderate
2024-09-08T16:30Z,2024-09-08T17:00Z,116,119,moderate
2024-09-08T17:00Z,2024-09-08T17:30Z,117,116,moderate
2024-09-08T17:30Z,2024-09-08T18:00Z,118,118,moderate
2024-09-08T18:00Z,2024-09-08T18:30Z,120,119,moderate
2024-09-08T18:30Z,2024-09-08T19:00Z,122,120,moderate
2024-09-08T19:00Z,2024-09-08T19:30Z,121,121,moderate
2024-09-08T19:30Z,2024-09-08T20:00Z,113,122,moderate
2024-09-08T20:00Z,2024-09-08T20:30Z,107,123,low
2024-09-08T20:30Z,2024-09-08T21:00Z,97,109,low
2024-09-08T21:00Z,2024-09-08T21:30Z,84,101,low
2024-09-08T21:30Z,2024-09-08T22:00Z,72,100,low
2024-09-08T22:00Z,2024-09-08T22:30Z,68,82,low
2024-09-08T22:30Z,2024-09-08T23:00Z,65,72,low
2024-09-08T23:00Z,2024-09-08T23:30Z,65,72,low
2024-09-08T23:30Z,2024-09-09T00:00Z,66,73,low
2024-09-09T00:00Z,2024-09-09T00:30Z,65,66,low
2024-09-09T00:30Z,2024-09-09T01:00Z,64,65,low
2024-09-09T01:00Z,2024-09-09T01:30Z,64,64,low
2024-09-09T01:30Z,2024-09-09T02:00Z,63,64,low
2024-09-09T02:00Z,2024-09-09T02:30Z,62,63,low
2024-09-09T02:30Z,2024-09-09T03:00Z,62,67,low
2024-09-09T03:00Z,2024-09-09T03:30Z,62,62,low
2024-09-09T03:30Z,2024-09-09T04:00Z,66,62,low
2024-09-09T04:00Z,2024-09-09T04:30Z,69,62,low
2024-09-09T04:30Z,2024-09-09T05:00Z,95,62,low
2024-09-09T05:00Z,2024-09-09T05:30Z,101,70,low
2024-09-09T05:30Z,2024-09-09T06:00Z,111,94,moderate
2024-09-09T06:00Z,2024-09-09T06:30Z,115,97,moderate
2024-09-09T06:30Z,2024-09-09T07:00Z,108,104,low
2024-09-09T07:00Z,2024-09-09T07:30Z,99,100,low
2024-09-09T07:30Z,2024-09-09T08:00Z,91,101,low
2024-09-09T08:00Z,2024-09-09T08:30Z,91,90,low
2024-09-09T08:30Z,2024-09-09T09:00Z,95,86,low
2024-09-09T09:00Z,2024-09-09T09:30Z,86,89,low
2024-09-09T09:30Z,2024-09-09T10:00Z,73,94,low
2024-09-09T10:00Z,2024-09-09T10:30Z,70,91,low
2024-09-09T10:30Z,2024-09-09T11:00Z,63,71,low
2024-09-09T11:00Z,2024-09-09T11:30Z,58,69,low
2024-09-09T11:30Z,2024-09-09T12:00Z,62,64,low
2024-09-09T12:00Z,2024-09-09T12:30Z,62,57,low
2024-09-09T12:30Z,2024-09-09T13:00Z,65,60,low
2024-09-09T13:00Z,2024-09-09T13:30Z,64,62,low
2024-09-09T13:30Z,2024-09-09T14:00Z,65,64,low
2024-09-09T14:00Z,2024-09-09T14:30Z,76,68,low
2024-09-09T14:30Z,2024-09-09T15:00Z,92,68,low
2024-09-09T15:00Z,2024-09-09T15:30Z,105,77,low
2024-09-09T15:30Z,2024-09-09T16:00Z,105,101,low
2024-09-09T16:00Z,2024-09-09T16:30Z,107,116,low
2024-09-09T16:30Z,2024-09-09T17:00Z,112,112,moderate
2024-09-09T17:00Z,2024-09-09T17:30Z,114,116,moderate
2024-09-09T17:30Z,2024-09-09T18:00Z,115,130,moderate
2024-09-09T18:00Z,2024-09-09T18:30Z,117,135,moderate
2024-09-09T18:30Z,2024-09-09T19:00Z,116,119,moderate
2024-09-09T19:00Z,2024-09-09T19:30Z,109,117,low
2024-09-09T19:30Z,2024-09-09T20:00Z,93,99,low
2024-09-09T20:00Z,2024-09-09T20:30Z,70,101,low
2024-09-09T20:30Z,2024-09-09T21:00Z,65,91,low
2024-09-09T21:00Z,2024-09-09T21:30Z,60,75,low
2024-09-09T21:30Z,2024-09-09T22:00Z,73,61,low
2024-09-09T22:00Z,2024-09-09T22:30Z,69,56,low
2024-09-09T22:30Z,2024-09-09T23:00Z,71,68,low
2024-09-09T23:00Z,2024-09-09T23:30Z,70,66,low
2024-09-09T23:30Z,2024-09-10T00:00Z,65,64,low
2024-09-10T00:00Z,2024-09-10T00:30Z,62,68,low
2024-09-10T00:30Z,2024-09-10T01:00Z,63,60,low
2024-09-10T01:00Z,2024-09-10T01:30Z,60,58,low
2024-09-10T01:30Z,2024-09-10T02:00Z,65,58,low
2024-09-10T02:00Z,2024-09-10T02:30Z,66,56,low
2024-09-10T02:30Z,2024-09-10T03:00Z,69,57,low
2024-09-10T03:00Z,2024-09-10T03:30Z,73,59,low
2024-09-10T03:30Z,2024-09-10T04:00Z,74,60,low
2024-09-10T04:00Z,2024-09-10T04:30Z,80,67,low
2024-09-10T04:30Z,2024-09-10T05:00Z,77,67,low
2024-09-10T05:00Z,2024-09-10T05:30Z,86,73,low
2024-09-10T05:30Z,2024-09-10T06:00Z,89,71,low
2024-09-10T06:00Z,2024-09-10T06:30Z,91,76,low
2024-09-10T06:30Z,2024-09-10T07:00Z,77,79,low
2024-09-10T07:00Z,2024-09-10T07:30Z,83,76,low
2024-09-10T07:30Z,2024-09-10T08:00Z,80,69,low
2024-09-10T08:00Z,2024-09-10T08:30Z,78,79,low
2024-09-10T08:30Z,2024-09-10T09:00Z,71,69,low
2024-09-10T09:00Z,2024-09-10T09:30Z,68,71,low
2024-09-10T09:30Z,2024-09-10T10:00Z,66,70,low
2024-09-10T10:00Z,2024-09-10T10:30Z,65,64,low
2024-09-10T10:30Z,2024-09-10T11:00Z,65,65,low
2024-09-10T11:00Z,2024-09-10T11:30Z,65,60,low
2024-09-10T11:30Z,2024-09-10T12:00Z,67,56,low
2024-09-10T12:00Z,2024-09-10T12:30Z,69,63,low
2024-09-10T12:30Z,2024-09-10T13:00Z,69,64,low
2024-09-10T13:00Z,2024-09-10T13:30Z,68,69,low
2024-09-10T13:30Z,2024-09-10T14:00Z,69,66,low
2024-09-10T14:00Z,2024-09-10T14:30Z,74,66,low
2024-09-10T14:30Z,2024-09-10T15:00Z,74,65,low
2024-09-10T15:00Z,2024-09-10T15:30Z,74,68,low
2024-09-10T15:30Z,2024-09-10T16:00Z,71,73,low
2024-09-10T16:00Z,2024-09-10T16:30Z,77,72,low
2024-09-10T16:30Z,2024-09-10T17:00Z,77,66,low
2024-09-10T17:00Z,2024-09-10T17:30Z,77,77,low
2024-09-10T17:30Z,2024-09-10T18:00Z,75,77,low
2024-09-10T18:00Z,2024-09-10T18:30Z,78,79,low
2024-09-10T18:30Z,2024-09-10T19:00Z,74,78,low
2024-09-10T19:00Z,2024-09-10T19:30Z,57,75,low
2024-09-10T19:30Z,2024-09-10T20:00Z,52,74,low
2024-09-10T20:00Z,2024-09-10T20:30Z,49,59,low
2024-09-10T20:30Z,2024-09-10T21:00Z,54,53,low
2024-09-10T21:00Z,2024-09-10T21:30Z,52,48,low
2024-09-10T21:30Z,2024-09-10T22:00Z,51,54,low
2024-09-10T22:00Z,2024-09-10T22:30Z,44,54,low
2024-09-10T22:30Z,2024-09-10T23:00Z,48,51,low
2024-09-10T23:00Z,2024-09-10T23:30Z,50,52,low
2024-09-10T23:30Z,2024-09-11T00:00Z,49,54,low
2024-09-11T00:00Z,2024-09-11T00:30Z,45,50,low
2024-09-11T00:30Z,2024-09-11T01:00Z,44,50,low
2024-09-11T01:00Z,2024-09-11T01:30Z,43,45,low
2024-09-11T01:30Z,2024-09-11T02:00Z,46,45,low
2024-09-11T02:00Z,2024-09-11T02:30Z,45,45,low
2024-09-11T02:30Z,2024-09-11T03:00Z,45,48,low
2024-09-11T03:00Z,2024-09-11T03:30Z,46,48,low
2024-09-11T03:30Z,2024-09-11T04:00Z,46,46,low
2024-09-11T04:00Z,2024-09-11T04:30Z,49,48,low
2024-09-11T04:30Z,2024-09-11T05:00Z,55,48,low
2024-09-11T05:00Z,2024-09-11T05:30Z,64,50,low
2024-09-11T05:30Z,2024-09-11T06:00Z,62,57,low
2024-09-11T06:00Z,2024-09-11T06:30Z,69,55,low
2024-09-11T06:30Z,2024-09-11T07:00Z,64,60,low
2024-09-11T07:00Z,2024-09-11T07:30Z,55,57,low
2024-09-11T07:30Z,2024-09-11T08:00Z,57,58,low
2024-09-11T08:00Z,2024-09-11T08:30Z,51,56,low
2024-09-11T08:30Z,2024-09-11T09:00Z,57,49,low
2024-09-11T09:00Z,2024-09-11T09:30Z,54,48,low
2024-09-11T09:30Z,2024-09-11T10:00Z,52,50,low
2024-09-11T10:00Z,2024-09-11T10:30Z,51,49,low
2024-09-11T10:30Z,2024-09-11T11:00Z,45,45,low
2024-09-11T11:00Z,2024-09-11T11:30Z,46,44,low
2024-09-11T11:30Z,2024-09-11T12:00Z,48,39,low
2024-09-11T12:00Z,2024-09-11T12:30Z,48,39,low
2024-09-11T12:30Z,2024-09-11T13:00Z,40,40,low
2024-09-11T13:00Z,2024-09-11T13:30Z,40,41,low
2024-09-11T13:30Z,2024-09-11T14:00Z,46,43,low
2024-09-11T14:00Z,2024-09-11T14:30Z,53,45,low
2024-09-11T14:30Z,2024-09-11T15:00Z,60,41,low
2024-09-11T15:00Z,2024-09-11T15:30Z,71,44,low
2024-09-11T15:30Z,2024-09-11T16:00Z,85,57,low
2024-09-11T16:00Z,2024-09-11T16:30Z,103,59,low
2024-09-11T16:30Z,2024-09-11T17:00Z,114,88,moderate
2024-09-11T17:00Z,2024-09-11T17:30Z,122,99,moderate
2024-09-11T17:30Z,2024-09-11T18:00Z,120,123,moderate
2024-09-11T18:00Z,2024-09-11T18:30Z,127,122,moderate
2024-09-11T18:30Z,2024-09-11T19:00Z,131,120,moderate
2024-09-11T19:00Z,2024-09-11T19:30Z,132,122,moderate
2024-09-11T19:30Z,2024-09-11T20:00Z,132,136,moderate
2024-09-11T20:00Z,2024-09-11T20:30Z,121,132,moderate
2024-09-11T20:30Z,2024-09-11T21:00Z,103,137,low
2024-09-11T21:00Z,2024-09-11T21:30Z,88,138,low
2024-09-11T21:30Z,2024-09-11T22:00Z,71,109,low
2024-09-11T22:00Z,2024-09-11T22:30Z,60,108,low
2024-09-11T22:30Z,2024-09-11T23:00Z,66,72,low
2024-09-11T23:00Z,2024-09-11T23:30Z,68,75,low
2024-09-11T23:30Z,2024-09-12T00:00Z,64,74,low
2024-09-12T00:00Z,2024-09-12T00:30Z,64,79,low
2024-09-12T00:30Z,2024-09-12T01:00Z,67,65,low
2024-09-12T01:00Z,2024-09-12T01:30Z,65,66,low
2024-09-12T01:30Z,2024-09-12T02:00Z,65,70,low
2024-09-12T02:00Z,2024-09-12T02:30Z,67,73,low
2024-09-12T02:30Z,2024-09-12T03:00Z,74,69,low
2024-09-12T03:00Z,2024-09-12T03:30Z,74,70,low
2024-09-12T03:30Z,2024-09-12T04:00Z,90,76,low
2024-09-12T04:00Z,2024-09-12T04:30Z,108,78,low
2024-09-12T04:30Z,2024-09-12T05:00Z,123,95,moderate
2024-09-12T05:00Z,2024-09-12T05:30Z,128,96,moderate
2024-09-12T05:30Z,2024-09-12T06:00Z,132,125,moderate
2024-09-12T06:00Z,2024-09-12T06:30Z,131,125,moderate
2024-09-12T06:30Z,2024-09-12T07:00Z,123,126,moderate
2024-09-12T07:00Z,2024-09-12T07:30Z,122,121,moderate
2024-09-12T07:30Z,2024-09-12T08:00Z,117,116,moderate
2024-09-12T08:00Z,2024-09-12T08:30Z,108,113,low
2024-09-12T08:30Z,2024-09-12T09:00Z,98,112,low
2024-09-12T09:00Z,2024-09-12T09:30Z,93,110,low
2024-09-12T09:30Z,2024-09-12T10:00Z,89,98,low
2024-09-12T10:00Z,2024-09-12T10:30Z,87,93,low
2024-09-12T10:30Z,2024-09-12T11:00Z,89,91,low
2024-09-12T11:00Z,2024-09-12T11:30Z,91,87,low
2024-09-12T11:30Z,2024-09-12T12:00Z,92,87,low
2024-09-12T12:00Z,2024-09-12T12:30Z,90,94,low
2024-09-12T12:30Z,2024-09-12T13:00Z,90,84,low
2024-09-12T13:00Z,2024-09-12T13:30Z,91,84,low
2024-09-12T13:30Z,2024-09-12T14:00Z,98,87,low
2024-09-12T14:00Z,2024-09-12T14:30Z,104,95,low
2024-09-12T14:30Z,2024-09-12T15:00Z,109,97,low
2024-09-12T15:00Z,2024-09-12T15:30Z,123,102,moderate
2024-09-12T15:30Z,2024-09-12T16:00Z,142,110,moderate
2024-09-12T16:00Z,2024-09-12T16:30Z,153,131,moderate
2024-09-12T16:30Z,2024-09-12T17:00Z,162,154,moderate
2024-09-12T17:00Z,2024-09-12T17:30Z,172,177,moderate
2024-09-12T17:30Z,2024-09-12T18:00Z,178,175,moderate
2024-09-12T18:00Z,2024-09-12T18:30Z,177,194,moderate
2024-09-12T18:30Z,2024-09-12T19:00Z,168,171,moderate
2024-09-12T19:00Z,2024-09-12T19:30Z,164,166,moderate
2024-09-12T19:30Z,2024-09-12T20:00Z,165,168,moderate
2024-09-12T20:00Z,2024-09-12T20:30Z,158,162,moderate
2024-09-12T20:30Z,2024-09-12T21:00Z,142,161,moderate
2024-09-12T21:00Z,2024-09-12T21:30Z,134,156,moderate
2024-09-12T21:30Z,2024-09-12T22:00Z,108,160,low
2024-09-12T22:00Z,2024-09-12T22:30Z,102,138,low
2024-09-12T22:30Z,2024-09-12T23:00Z,98,129,low
2024-09-12T23:00Z,2024-09-12T23:30Z,98,121,low
2024-09-12T23:30Z,2024-09-13T00:00Z,93,121,low
2024-09-13T00:00Z,2024-09-13T00:30Z,92,99,low
2024-09-13T00:30Z,2024-09-13T01:00Z,92,97,low
2024-09-13T01:00Z,2024-09-13T01:30Z,95,96,low
2024-09-13T01:30Z,2024-09-13T02:00Z,95,91,low
2024-09-13T02:00Z,2024-09-13T02:30Z,96,100,low
2024-09-13T02:30Z,2024-09-13T03:00Z,98,99,low
2024-09-13T03:00Z,2024-09-13T03:30Z,101,103,low
2024-09-13T03:30Z,2024-09-13T04:00Z,124,104,moderate
2024-09-13T04:00Z,2024-09-13T04:30Z,139,108,moderate
2024-09-13T04:30Z,2024-09-13T05:00Z,156,125,moderate
2024-09-13T05:00Z,2024-09-13T05:30Z,158,135,moderate
2024-09-13T05:30Z,2024-09-13T06:00Z,163,152,moderate
2024-09-13T06:00Z,2024-09-13T06:30Z,166,155,moderate
2024-09-13T06:30Z,2024-09-13T07:00Z,162,170,moderate
2024-09-13T07:00Z,2024-09-13T07:30Z,152,179,moderate
2024-09-13T07:30Z,2024-09-13T08:00Z,148,164,moderate
2024-09-13T08:00Z,2024-09-13T08:30Z,140,151,moderate
2024-09-13T08:30Z,2024-09-13T09:00Z,129,150,moderate
2024-09-13T09:00Z,2024-09-13T09:30Z,121,142,moderate
2024-09-13T09:30Z,2024-09-13T10:00Z,116,133,moderate
2024-09-13T10:00Z,2024-09-13T10:30Z,115,127,moderate
2024-09-13T10:30Z,2024-09-13T11:00Z,113,123,moderate
2024-09-13T11:00Z,2024-09-13T11:30Z,113,128,moderate
2024-09-13T11:30Z,2024-09-13T12:00Z,113,124,moderate
2024-09-13T12:00Z,2024-09-13T12:30Z,113,126,moderate
2024-09-13T12:30Z,2024-09-13T13:00Z,116,125,moderate
2024-09-13T13:00Z,2024-09-13T13:30Z,113,126,moderate
2024-09-13T13:30Z,2024-09-13T14:00Z,114,128,moderate
2024-09-13T14:00Z,2024-09-13T14:30Z,120,126,moderate
2024-09-13T14:30Z,2024-09-13T15:00Z,133,127,moderate
2024-09-13T15:00Z,2024-09-13T15:30Z,150,136,moderate
2024-09-13T15:30Z,2024-09-13T16:00Z,161,147,moderate
2024-09-13T16:00Z,2024-09-13T16:30Z,170,168,moderate
2024-09-13T16:30Z,2024-09-13T17:00Z,181,176,moderate
2024-09-13T17:00Z,2024-09-13T17:30Z,182,179,moderate
2024-09-13T17:30Z,2024-09-13T18:00Z,181,184,moderate
2024-09-13T18:00Z,2024-09-13T18:30Z,177,182,moderate
2024-09-13T18:30Z,2024-09-13T19:00Z,171,179,moderate
2024-09-13T19:00Z,2024-09-13T19:30Z,162,177,moderate
2024-09-13T19:30Z,2024-09-13T20:00Z,153,174,moderate
2024-09-13T20:00Z,2024-09-13T20:30Z,143,162,moderate
2024-09-13T20:30Z,2024-09-13T21:00Z,134,151,moderate
2024-09-13T21:00Z,2024-09-13T21:30Z,130,141,moderate
2024-09-13T21:30Z,2024-09-13T22:00Z,113,127,moderate
2024-09-13T22:00Z,2024-09-13T22:30Z,108,121,low
2024-09-13T22:30Z,2024-09-13T23:00Z,97,112,low
2024-09-13T23:00Z,2024-09-13T23:30Z,86,107,low
2024-09-13T23:30Z,2024-09-14T00:00Z,85,103,low
2024-09-14T00:00Z,2024-09-14T00:30Z,86,85,low
2024-09-14T00:30Z,2024-09-14T01:00Z,89,88,low
2024-09-14T01:00Z,2024-09-14T01:30Z,84,89,low
2024-09-14T01:30Z,2024-09-14T02:00Z,80,91,low
2024-09-14T02:00Z,2024-09-14T02:30Z,80,88,low
2024-09-14T02:30Z,2024-09-14T03:00Z,83,80,low
2024-09-14T03:00Z,2024-09-14T03:30Z,81,81,low
2024-09-14T03:30Z,2024-09-14T04:00Z,73,87,low
2024-09-14T04:00Z,2024-09-14T04:30Z,70,84,low
2024-09-14T04:30Z,2024-09-14T05:00Z,74,78,low
2024-09-14T05:00Z,2024-09-14T05:30Z,84,71,low
2024-09-14T05:30Z,2024-09-14T06:00Z,90,75,low
2024-09-14T06:00Z,2024-09-14T06:30Z,89,79,low
2024-09-14T06:30Z,2024-09-14T07:00Z,86,84,low
2024-09-14T07:00Z,2024-09-14T07:30Z,79,82,low
2024-09-14T07:30Z,2024-09-14T08:00Z,64,76,low
2024-09-14T08:00Z,2024-09-14T08:30Z,48,62,low
2024-09-14T08:30Z,2024-09-14T09:00Z,45,63,low
2024-09-14T09:00Z,2024-09-14T09:30Z,41,45,low
2024-09-14T09:30Z,2024-09-14T10:00Z,38,43,low
2024-09-14T10:00Z,2024-09-14T10:30Z,39,44,low
2024-09-14T10:30Z,2024-09-14T11:00Z,40,38,low
2024-09-14T11:00Z,2024-09-14T11:30Z,38,37,low
2024-09-14T11:30Z,2024-09-14T12:00Z,46,38,low
2024-09-14T12:00Z,2024-09-14T12:30Z,43,35,low
2024-09-14T12:30Z,2024-09-14T13:00Z,36,48,low
2024-09-14T13:00Z,2024-09-14T13:30Z,36,45,low
2024-09-14T13:30Z,2024-09-14T14:00Z,40,39,low
2024-09-14T14:00Z,2024-09-14T14:30Z,52,40,low
2024-09-14T14:30Z,2024-09-14T15:00Z,57,42,low
2024-09-14T15:00Z,2024-09-14T15:30Z,68,55,low
2024-09-14T15:30Z,2024-09-14T16:00Z,75,59,low
2024-09-14T16:00Z,2024-09-14T16:30Z,89,69,low
2024-09-14T16:30Z,2024-09-14T17:00Z,92,79,low
2024-09-14T17:00Z,2024-09-14T17:30Z,106,93,low
2024-09-14T17:30Z,2024-09-14T18:00Z,109,93,low
2024-09-14T18:00Z,2024-09-14T18:30Z,112,106,moderate
2024-09-14T18:30Z,2024-09-14T19:00Z,104,107,low
2024-09-14T19:00Z,2024-09-14T19:30Z,100,107,low
2024-09-14T19:30Z,2024-09-14T20:00Z,101,104,low
2024-09-14T20:00Z,2024-09-14T20:30Z,98,104,low
2024-09-14T20:30Z,2024-09-14T21:00Z,100,101,low
2024-09-14T21:00Z,2024-09-14T21:30Z,93,99,low
2024-09-14T21:30Z,2024-09-14T22:00Z,95,104,low
2024-09-14T22:00Z,2024-09-14T22:30Z,95,91,low
2024-09-14T22:30Z,2024-09-14T23:00Z,91,85,low
2024-09-14T23:00Z,2024-09-14T23:30Z,89,85,low
2024-09-14T23:30Z,2024-09-15T00:00Z,89,85,low
2024-09-15T00:00Z,2024-09-15T00:30Z,84,87,low
2024-09-15T00:30Z,2024-09-15T01:00Z,79,97,low
2024-09-15T01:00Z,2024-09-15T01:30Z,75,89,low
2024-09-15T01:30Z,2024-09-15T02:00Z,68,80,low
2024-09-15T02:00Z,2024-09-15T02:30Z,67,85,low
2024-09-15T02:30Z,2024-09-15T03:00Z,66,75,low
2024-09-15T03:00Z,2024-09-15T03:30Z,62,70,low
2024-09-15T03:30Z,2024-09-15T04:00Z,59,71,low
2024-09-15T04:00Z,2024-09-15T04:30Z,59,67,low
2024-09-15T04:30Z,2024-09-15T05:00Z,63,64,low
2024-09-15T05:00Z,2024-09-15T05:30Z,66,63,low
2024-09-15T05:30Z,2024-09-15T06:00Z,67,67,low
2024-09-15T06:00Z,2024-09-15T06:30Z,71,67,low
2024-09-15T06:30Z,2024-09-15T07:00Z,79,69,low
2024-09-15T07:00Z,2024-09-15T07:30Z,77,67,low
2024-09-15T07:30Z,2024-09-15T08:00Z,80,72,low
2024-09-15T08:00Z,2024-09-15T08:30Z,70,69,low
2024-09-15T08:30Z,2024-09-15T09:00Z,70,78,low
2024-09-15T09:00Z,2024-09-15T09:30Z,66,63,low
2024-09-15T09:30Z,2024-09-15T10:00Z,69,65,low
2024-09-15T10:00Z,2024-09-15T10:30Z,70,58,low
2024-09-15T10:30Z,2024-09-15T11:00Z,70,61,low
2024-09-15T11:00Z,2024-09-15T11:30Z,74,63,low
2024-09-15T11:30Z,2024-09-15T12:00Z,76,64,low
2024-09-15T12:00Z,2024-09-15T12:30Z,80,68,low
2024-09-15T12:30Z,2024-09-15T13:00Z,86,70,low
2024-09-15T13:00Z,2024-09-15T13:30Z,88,76,low
2024-09-15T13:30Z,2024-09-15T14:00Z,100,81,low
2024-09-15T14:00Z,2024-09-15T14:30Z,106,83,low
2024-09-15T14:30Z,2024-09-15T15:00Z,119,96,moderate
2024-09-15T15:00Z,2024-09-15T15:30Z,132,111,moderate
2024-09-15T15:30Z,2024-09-15T16:00Z,140,121,moderate
2024-09-15T16:00Z,2024-09-15T16:30Z,141,157,moderate
2024-09-15T16:30Z,2024-09-15T17:00Z,137,159,moderate
2024-09-15T17:00Z,2024-09-15T17:30Z,147,147,moderate
2024-09-15T17:30Z,2024-09-15T18:00Z,155,166,moderate
2024-09-15T18:00Z,2024-09-15T18:30Z,159,151,moderate
2024-09-15T18:30Z,2024-09-15T19:00Z,157,159,moderate
2024-09-15T19:00Z,2024-09-15T19:30Z,157,149,moderate
2024-09-15T19:30Z,2024-09-15T20:00Z,153,154,moderate
2024-09-15T20:00Z,2024-09-15T20:30Z,143,148,moderate
2024-09-15T20:30Z,2024-09-15T21:00Z,124,142,moderate
2024-09-15T21:00Z,2024-09-15T21:30Z,119,132,moderate
2024-09-15T21:30Z,2024-09-15T22:00Z,108,131,low
2024-09-15T22:00Z,2024-09-15T22:30Z,107,130,low
2024-09-15T22:30Z,2024-09-15T23:00Z,110,132,moderate
2024-09-15T23:00Z,2024-09-15T23:30Z,117,129,moderate
2024-09-15T23:30Z,2024-09-16T00:00Z,116,140,moderate
2024-09-16T00:00Z,2024-09-16T00:30Z,119,143,moderate
2024-09-16T00:30Z,2024-09-16T01:00Z,118,144,moderate
2024-09-16T01:00Z,2024-09-16T01:30Z,115,146,moderate
2024-09-16T01:30Z,2024-09-16T02:00Z,115,145,moderate
2024-09-16T02:00Z,2024-09-16T02:30Z,112,149,moderate
2024-09-16T02:30Z,2024-09-16T03:00Z,117,150,moderate
2024-09-16T03:00Z,2024-09-16T03:30Z,125,151,moderate
2024-09-16T03:30Z,2024-09-16T04:00Z,148,155,moderate
2024-09-16T04:00Z,2024-09-16T04:30Z,163,155,moderate
2024-09-16T04:30Z,2024-09-16T05:00Z,186,163,moderate
2024-09-16T05:00Z,2024-09-16T05:30Z,195,178,high
2024-09-16T05:30Z,2024-09-16T06:00Z,202,194,high
2024-09-16T06:00Z,2024-09-16T06:30Z,208,196,high
2024-09-16T06:30Z,2024-09-16T07:00Z,201,186,high
2024-09-16T07:00Z,2024-09-16T07:30Z,193,176,high
2024-09-16T07:30Z,2024-09-16T08:00Z,181,170,moderate
2024-09-16T08:00Z,2024-09-16T08:30Z,171,163,moderate
2024-09-16T08:30Z,2024-09-16T09:00Z,164,156,moderate
2024-09-16T09:00Z,2024-09-16T09:30Z,154,171,moderate
2024-09-16T09:30Z,2024-09-16T10:00Z,146,163,moderate
2024-09-16T10:00Z,2024-09-16T10:30Z,141,155,moderate
2024-09-16T10:30Z,2024-09-16T11:00Z,137,147,moderate
2024-09-16T11:00Z,2024-09-16T11:30Z,128,145,moderate
2024-09-16T11:30Z,2024-09-16T12:00Z,129,140,moderate
2024-09-16T12:00Z,2024-09-16T12:30Z,125,137,moderate
2024-09-16T12:30Z,2024-09-16T13:00Z,126,136,moderate
2024-09-16T13:00Z,2024-09-16T13:30Z,126,131,moderate
2024-09-16T13:30Z,2024-09-16T14:00Z,129,137,moderate
2024-09-16T14:00Z,2024-09-16T14:30Z,135,141,moderate
2024-09-16T14:30Z,2024-09-16T15:00Z,158,143,moderate
2024-09-16T15:00Z,2024-09-16T15:30Z,158,156,moderate
2024-09-16T15:30Z,2024-09-16T16:00Z,162,167,moderate
2024-09-16T16:00Z,2024-09-16T16:30Z,167,176,moderate
2024-09-16T16:30Z,2024-09-16T17:00Z,178,177,moderate
2024-09-16T17:00Z,2024-09-16T17:30Z,185,178,moderate
2024-09-16T17:30Z,2024-09-16T18:00Z,193,179,high
2024-09-16T18:00Z,2024-09-16T18:30Z,196,185,high
2024-09-16T18:30Z,2024-09-16T19:00Z,188,193,moderate
2024-09-16T19:00Z,2024-09-16T19:30Z,188,192,moderate
2024-09-16T19:30Z,2024-09-16T20:00Z,187,196,moderate
2024-09-16T20:00Z,2024-09-16T20:30Z,176,186,moderate
2024-09-16T20:30Z,2024-09-16T21:00Z,166,183,moderate
2024-09-16T21:00Z,2024-09-16T21:30Z,152,176,moderate
2024-09-16T21:30Z,2024-09-16T22:00Z,125,163,moderate
2024-09-16T22:00Z,2024-09-16T22:30Z,116,155,moderate
2024-09-16T22:30Z,2024-09-16T23:00Z,113,136,moderate
2024-09-16T23:00Z,2024-09-16T23:30Z,111,134,moderate
2024-09-16T23:30Z,2024-09-17T00:00Z,112,135,moderate
2024-09-17T00:00Z,2024-09-17T00:30Z,110,119,moderate
2024-09-17T00:30Z,2024-09-17T01:00Z,105,116,low
2024-09-17T01:00Z,2024-09-17T01:30Z,103,111,low
2024-09-17T01:30Z,2024-09-17T02:00Z,102,122,low
2024-09-17T02:00Z,2024-09-17T02:30Z,108,111,low
2024-09-17T02:30Z,2024-09-17T03:00Z,105,103,low
2024-09-17T03:00Z,2024-09-17T03:30Z,107,111,low
2024-09-17T03:30Z,2024-09-17T04:00Z,131,113,moderate
2024-09-17T04:00Z,2024-09-17T04:30Z,141,115,moderate
2024-09-17T04:30Z,2024-09-17T05:00Z,164,139,moderate
2024-09-17T05:00Z,2024-09-17T05:30Z,173,155,moderate
2024-09-17T05:30Z,2024-09-17T06:00Z,180,178,moderate
2024-09-17T06:00Z,2024-09-17T06:30Z,179,166,moderate
2024-09-17T06:30Z,2024-09-17T07:00Z,170,171,moderate
2024-09-17T07:00Z,2024-09-17T07:30Z,165,168,moderate
2024-09-17T07:30Z,2024-09-17T08:00Z,156,171,moderate
2024-09-17T08:00Z,2024-09-17T08:30Z,142,164,moderate
2024-09-17T08:30Z,2024-09-17T09:00Z,127,152,moderate
2024-09-17T09:00Z,2024-09-17T09:30Z,117,140,moderate
2024-09-17T09:30Z,2024-09-17T10:00Z,110,127,moderate
2024-09-17T10:00Z,2024-09-17T10:30Z,103,115,low
2024-09-17T10:30Z,2024-09-17T11:00Z,97,110,low
2024-09-17T11:00Z,2024-09-17T11:30Z,97,106,low
2024-09-17T11:30Z,2024-09-17T12:00Z,95,95,low
2024-09-17T12:00Z,2024-09-17T12:30Z,94,93,low
2024-09-17T12:30Z,2024-09-17T13:00Z,94,97,low
2024-09-17T13:00Z,2024-09-17T13:30Z,96,95,low
2024-09-17T13:30Z,2024-09-17T14:00Z,104,97,low
2024-09-17T14:00Z,2024-09-17T14:30Z,115,104,moderate
2024-09-17T14:30Z,2024-09-17T15:00Z,131,114,moderate
2024-09-17T15:00Z,2024-09-17T15:30Z,154,138,moderate
2024-09-17T15:30Z,2024-09-17T16:00Z,169,158,moderate
2024-09-17T16:00Z,2024-09-17T16:30Z,173,165,moderate
2024-09-17T16:30Z,2024-09-17T17:00Z,179,186,moderate
2024-09-17T17:00Z,2024-09-17T17:30Z,188,181,moderate
2024-09-17T17:30Z,2024-09-17T18:00Z,194,187,high
2024-09-17T18:00Z,2024-09-17T18:30Z,193,190,high
2024-09-17T18:30Z,2024-09-17T19:00Z,194,194,high
2024-09-17T19:00Z,2024-09-17T19:30Z,190,193,high
2024-09-17T19:30Z,2024-09-17T20:00Z,180,188,moderate
2024-09-17T20:00Z,2024-09-17T20:30Z,167,189,moderate
2024-09-17T20:30Z,2024-09-17T21:00Z,151,168,moderate
2024-09-17T21:00Z,2024-09-17T21:30Z,128,163,moderate
2024-09-17T21:30Z,2024-09-17T22:00Z,110,133,moderate
2024-09-17T22:00Z,2024-09-17T22:30Z,100,127,low
2024-09-17T22:30Z,2024-09-17T23:00Z,99,114,low
2024-09-17T23:00Z,2024-09-17T23:30Z,98,109,low
2024-09-17T23:30Z,2024-09-18T00:00Z,99,103,low
2024-09-18T00:00Z,2024-09-18T00:30Z,105,103,low
2024-09-18T00:30Z,2024-09-18T01:00Z,103,100,low
2024-09-18T01:00Z,2024-09-18T01:30Z,101,105,low
2024-09-18T01:30Z,2024-09-18T02:00Z,96,108,low
2024-09-18T02:00Z,2024-09-18T02:30Z,93,104,low
2024-09-18T02:30Z,2024-09-18T03:00Z,87,95,low
2024-09-18T03:00Z,2024-09-18T03:30Z,93,96,low
2024-09-18T03:30Z,2024-09-18T04:00Z,121,91,moderate
2024-09-18T04:00Z,2024-09-18T04:30Z,138,96,moderate
2024-09-18T04:30Z,2024-09-18T05:00Z,163,126,moderate
2024-09-18T05:00Z,2024-09-18T05:30Z,166,138,moderate
2024-09-18T05:30Z,2024-09-18T06:00Z,164,178,moderate
2024-09-18T06:00Z,2024-09-18T06:30Z,169,164,moderate
2024-09-18T06:30Z,2024-09-18T07:00Z,167,154,moderate
2024-09-18T07:00Z,2024-09-18T07:30Z,166,159,moderate
2024-09-18T07:30Z,2024-09-18T08:00Z,161,156,moderate
2024-09-18T08:00Z,2024-09-18T08:30Z,155,152,moderate
2024-09-18T08:30Z,2024-09-18T09:00Z,144,144,moderate
2024-09-18T09:00Z,2024-09-18T09:30Z,136,144,moderate
2024-09-18T09:30Z,2024-09-18T10:00Z,128,152,moderate
2024-09-18T10:00Z,2024-09-18T10:30Z,114,136,moderate
2024-09-18T10:30Z,2024-09-18T11:00Z,108,125,low
2024-09-18T11:00Z,2024-09-18T11:30Z,103,112,low
2024-09-18T11:30Z,2024-09-18T12:00Z,99,105,low
2024-09-18T12:00Z,2024-09-18T12:30Z,94,95,low
2024-09-18T12:30Z,2024-09-18T13:00Z,89,94,low
2024-09-18T13:00Z,2024-09-18T13:30Z,91,89,low
2024-09-18T13:30Z,2024-09-18T14:00Z,94,85,low
2024-09-18T14:00Z,2024-09-18T14:30Z,99,87,low
2024-09-18T14:30Z,2024-09-18T15:00Z,115,92,moderate
2024-09-18T15:00Z,2024-09-18T15:30Z,129,107,moderate
2024-09-18T15:30Z,2024-09-18T16:00Z,142,124,moderate
2024-09-18T16:00Z,2024-09-18T16:30Z,157,134,moderate
2024-09-18T16:30Z,2024-09-18T17:00Z,167,158,moderate
2024-09-18T17:00Z,2024-09-18T17:30Z,175,158,moderate
2024-09-18T17:30Z,2024-09-18T18:00Z,178,165,moderate
2024-09-18T18:00Z,2024-09-18T18:30Z,176,180,moderate
2024-09-18T18:30Z,2024-09-18T19:00Z,175,169,moderate
2024-09-18T19:00Z,2024-09-18T19:30Z,171,164,moderate
2024-09-18T19:30Z,2024-09-18T20:00Z,163,147,moderate
2024-09-18T20:00Z,2024-09-18T20:30Z,147,163,moderate
2024-09-18T20:30Z,2024-09-18T21:00Z,131,137,moderate
2024-09-18T21:00Z,2024-09-18T21:30Z,115,153,moderate
2024-09-18T21:30Z,2024-09-18T22:00Z,105,140,low
2024-09-18T22:00Z,2024-09-18T22:30Z,103,118,low
2024-09-18T22:30Z,2024-09-18T23:00Z,98,107,low
2024-09-18T23:00Z,2024-09-18T23:30Z,99,105,low
2024-09-18T23:30Z,2024-09-19T00:00Z,103,104,low
2024-09-19T00:00Z,2024-09-19T00:30Z,107,103,low
2024-09-19T00:30Z,2024-09-19T01:00Z,107,105,low
2024-09-19T01:00Z,2024-09-19T01:30Z,108,109,low
2024-09-19T01:30Z,2024-09-19T02:00Z,111,107,moderate
2024-09-19T02:00Z,2024-09-19T02:30Z,110,109,moderate
2024-09-19T02:30Z,2024-09-19T03:00Z,115,113,moderate
2024-09-19T03:00Z,2024-09-19T03:30Z,121,114,moderate
2024-09-19T03:30Z,2024-09-19T04:00Z,151,121,moderate
2024-09-19T04:00Z,2024-09-19T04:30Z,168,127,moderate
2024-09-19T04:30Z,2024-09-19T05:00Z,191,154,high
2024-09-19T05:00Z,2024-09-19T05:30Z,196,149,high
2024-09-19T05:30Z,2024-09-19T06:00Z,192,197,high
2024-09-19T06:00Z,2024-09-19T06:30Z,192,192,high
2024-09-19T06:30Z,2024-09-19T07:00Z,187,195,moderate
2024-09-19T07:00Z,2024-09-19T07:30Z,184,179,moderate
2024-09-19T07:30Z,2024-09-19T08:00Z,181,178,moderate
2024-09-19T08:00Z,2024-09-19T08:30Z,176,169,moderate
2024-09-19T08:30Z,2024-09-19T09:00Z,171,167,moderate
2024-09-19T09:00Z,2024-09-19T09:30Z,161,156,moderate
2024-09-19T09:30Z,2024-09-19T10:00Z,151,155,moderate
2024-09-19T10:00Z,2024-09-19T10:30Z,138,151,moderate
2024-09-19T10:30Z,2024-09-19T11:00Z,135,143,moderate
2024-09-19T11:00Z,2024-09-19T11:30Z,128,130,moderate
2024-09-19T11:30Z,2024-09-19T12:00Z,121,126,moderate
2024-09-19T12:00Z,2024-09-19T12:30Z,116,111,moderate
2024-09-19T12:30Z,2024-09-19T13:00Z,118,114,moderate
2024-09-19T13:00Z,2024-09-19T13:30Z,121,113,moderate
2024-09-19T13:30Z,2024-09-19T14:00Z,125,113,moderate
2024-09-19T14:00Z,2024-09-19T14:30Z,138,130,moderate
2024-09-19T14:30Z,2024-09-19T15:00Z,150,129,moderate
2024-09-19T15:00Z,2024-09-19T15:30Z,162,140,moderate
2024-09-19T15:30Z,2024-09-19T16:00Z,172,148,moderate
2024-09-19T16:00Z,2024-09-19T16:30Z,180,170,moderate
2024-09-19T16:30Z,2024-09-19T17:00Z,185,174,moderate
2024-09-19T17:00Z,2024-09-19T17:30Z,189,188,moderate
2024-09-19T17:30Z,2024-09-19T18:00Z,193,195,high
2024-09-19T18:00Z,2024-09-19T18:30Z,190,200,high
2024-09-19T18:30Z,2024-09-19T19:00Z,182,187,moderate
2024-09-19T19:00Z,2024-09-19T19:30Z,172,181,moderate
2024-09-19T19:30Z,2024-09-19T20:00Z,163,179,moderate
2024-09-19T20:00Z,2024-09-19T20:30Z,151,176,moderate
2024-09-19T20:30Z,2024-09-19T21:00Z,136,158,moderate
2024-09-19T21:00Z,2024-09-19T21:30Z,124,142,moderate
2024-09-19T21:30Z,2024-09-19T22:00Z,106,138,low
2024-09-19T22:00Z,2024-09-19T22:30Z,101,142,low
2024-09-19T22:30Z,2024-09-19T23:00Z,101,117,low
2024-09-19T23:00Z,2024-09-19T23:30Z,103,116,low
2024-09-19T23:30Z,2024-09-20T00:00Z,105,110,low
2024-09-20T00:00Z,2024-09-20T00:30Z,107,109,low
2024-09-20T00:30Z,2024-09-20T01:00Z,113,107,moderate
2024-09-20T01:00Z,2024-09-20T01:30Z,112,108,moderate
2024-09-20T01:30Z,2024-09-20T02:00Z,112,116,moderate
2024-09-20T02:00Z,2024-09-20T02:30Z,107,114,low
2024-09-20T02:30Z,2024-09-20T03:00Z,101,116,low
2024-09-20T03:00Z,2024-09-20T03:30Z,93,113,low
2024-09-20T03:30Z,2024-09-20T04:00Z,102,99,low
2024-09-20T04:00Z,2024-09-20T04:30Z,116,96,moderate
2024-09-20T04:30Z,2024-09-20T05:00Z,146,108,moderate
2024-09-20T05:00Z,2024-09-20T05:30Z,156,111,moderate
2024-09-20T05:30Z,2024-09-20T06:00Z,153,147,moderate
2024-09-20T06:00Z,2024-09-20T06:30Z,158,158,moderate
2024-09-20T06:30Z,2024-09-20T07:00Z,157,150,moderate
2024-09-20T07:00Z,2024-09-20T07:30Z,154,144,moderate
2024-09-20T07:30Z,2024-09-20T08:00Z,152,152,moderate
2024-09-20T08:00Z,2024-09-20T08:30Z,146,155,moderate
2024-09-20T08:30Z,2024-09-20T09:00Z,138,151,moderate
2024-09-20T09:00Z,2024-09-20T09:30Z,133,141,moderate
2024-09-20T09:30Z,2024-09-20T10:00Z,125,140,moderate
2024-09-20T10:00Z,2024-09-20T10:30Z,121,131,moderate
2024-09-20T10:30Z,2024-09-20T11:00Z,115,120,moderate
2024-09-20T11:00Z,2024-09-20T11:30Z,114,114,moderate
2024-09-20T11:30Z,2024-09-20T12:00Z,113,95,moderate
2024-09-20T12:00Z,2024-09-20T12:30Z,112,98,moderate
2024-09-20T12:30Z,2024-09-20T13:00Z,108,112,low
2024-09-20T13:00Z,2024-09-20T13:30Z,107,108,low
2024-09-20T13:30Z,2024-09-20T14:00Z,103,110,low
2024-09-20T14:00Z,2024-09-20T14:30Z,100,111,low
2024-09-20T14:30Z,2024-09-20T15:00Z,101,110,low
2024-09-20T15:00Z,2024-09-20T15:30Z,107,101,low
2024-09-20T15:30Z,2024-09-20T16:00Z,118,114,moderate
2024-09-20T16:00Z,2024-09-20T16:30Z,122,123,moderate
2024-09-20T16:30Z,2024-09-20T17:00Z,130,124,moderate
2024-09-20T17:00Z,2024-09-20T17:30Z,135,119,moderate
2024-09-20T17:30Z,2024-09-20T18:00Z,135,130,moderate
2024-09-20T18:00Z,2024-09-20T18:30Z,133,130,moderate
2024-09-20T18:30Z,2024-09-20T19:00Z,133,137,moderate
2024-09-20T19:00Z,2024-09-20T19:30Z,127,136,moderate
2024-09-20T19:30Z,2024-09-20T20:00Z,119,130,moderate
2024-09-20T20:00Z,2024-09-20T20:30Z,121,118,moderate
2024-09-20T20:30Z,2024-09-20T21:00Z,102,113,low
2024-09-20T21:00Z,2024-09-20T21:30Z,93,129,low
2024-09-20T21:30Z,2024-09-20T22:00Z,80,108,low
2024-09-20T22:00Z,2024-09-20T22:30Z,82,97,low
2024-09-20T22:30Z,2024-09-20T23:00Z,81,83,low
2024-09-20T23:00Z,2024-09-20T23:30Z,83,85,low
2024-09-20T23:30Z,2024-09-21T00:00Z,86,87,low
2024-09-21T00:00Z,2024-09-21T00:30Z,88,81,low
2024-09-21T00:30Z,2024-09-21T01:00Z,85,81,low
2024-09-21T01:00Z,2024-09-21T01:30Z,87,81,low
2024-09-21T01:30Z,2024-09-21T02:00Z,87,81,low
2024-09-21T02:00Z,2024-09-21T02:30Z,85,81,low
2024-09-21T02:30Z,2024-09-21T03:00Z,83,83,low
2024-09-21T03:00Z,2024-09-21T03:30Z,83,83,low
2024-09-21T03:30Z,2024-09-21T04:00Z,85,86,low
2024-09-21T04:00Z,2024-09-21T04:30Z,90,84,low
2024-09-21T04:30Z,2024-09-21T05:00Z,106,83,low
2024-09-21T05:00Z,2024-09-21T05:30Z,118,91,moderate
2024-09-21T05:30Z,2024-09-21T06:00Z,120,104,moderate
2024-09-21T06:00Z,2024-09-21T06:30Z,132,112,moderate
2024-09-21T06:30Z,2024-09-21T07:00Z,144,115,moderate
2024-09-21T07:00Z,2024-09-21T07:30Z,140,125,moderate
2024-09-21T07:30Z,2024-09-21T08:00Z,136,122,moderate
2024-09-21T08:00Z,2024-09-21T08:30Z,134,126,moderate
2024-09-21T08:30Z,2024-09-21T09:00Z,135,121,moderate
2024-09-21T09:00Z,2024-09-21T09:30Z,131,122,moderate
2024-09-21T09:30Z,2024-09-21T10:00Z,126,124,moderate
2024-09-21T10:00Z,2024-09-21T10:30Z,122,118,moderate
2024-09-21T10:30Z,2024-09-21T11:00Z,120,119,moderate
2024-09-21T11:00Z,2024-09-21T11:30Z,117,116,moderate
2024-09-21T11:30Z,2024-09-21T12:00Z,114,111,moderate
2024-09-21T12:00Z,2024-09-21T12:30Z,113,113,moderate
2024-09-21T12:30Z,2024-09-21T13:00Z,112,114,moderate
2024-09-21T13:00Z,2024-09-21T13:30Z,112,113,moderate
2024-09-21T13:30Z,2024-09-21T14:00Z,110,112,moderate
2024-09-21T14:00Z,2024-09-21T14:30Z,115,113,moderate
2024-09-21T14:30Z,2024-09-21T15:00Z,124,108,moderate
2024-09-21T15:00Z,2024-09-21T15:30Z,141,109,moderate
2024-09-21T15:30Z,2024-09-21T16:00Z,153,137,moderate
2024-09-21T16:00Z,2024-09-21T16:30Z,156,152,moderate
2024-09-21T16:30Z,2024-09-21T17:00Z,163,172,moderate
2024-09-21T17:00Z,2024-09-21T17:30Z,168,177,moderate
2024-09-21T17:30Z,2024-09-21T18:00Z,169,160,moderate
2024-09-21T18:00Z,2024-09-21T18:30Z,170,161,moderate
2024-09-21T18:30Z,2024-09-21T19:00Z,173,167,moderate
2024-09-21T19:00Z,2024-09-21T19:30Z,166,169,moderate
2024-09-21T19:30Z,2024-09-21T20:00Z,156,166,moderate
2024-09-21T20:00Z,2024-09-21T20:30Z,148,185,moderate
2024-09-21T20:30Z,2024-09-21T21:00Z,135,154,moderate
2024-09-21T21:00Z,2024-09-21T21:30Z,119,150,moderate
2024-09-21T21:30Z,2024-09-21T22:00Z,105,141,low
2024-09-21T22:00Z,2024-09-21T22:30Z,102,125,low
2024-09-21T22:30Z,2024-09-21T23:00Z,104,109,low
2024-09-21T23:00Z,2024-09-21T23:30Z,102,106,low
2024-09-21T23:30Z,2024-09-22T00:00Z,101,107,low
2024-09-22T00:00Z,2024-09-22T00:30Z,101,101,low
2024-09-22T00:30Z,2024-09-22T01:00Z,99,105,low
2024-09-22T01:00Z,2024-09-22T01:30Z,100,98,low
2024-09-22T01:30Z,2024-09-22T02:00Z,100,97,low
2024-09-22T02:00Z,2024-09-22T02:30Z,101,105,low
2024-09-22T02:30Z,2024-09-22T03:00Z,104,99,low
2024-09-22T03:00Z,2024-09-22T03:30Z,103,97,low
2024-09-22T03:30Z,2024-09-22T04:00Z,106,100,low
2024-09-22T04:00Z,2024-09-22T04:30Z,103,104,low
2024-09-22T04:30Z,2024-09-22T05:00Z,103,111,low
2024-09-22T05:00Z,2024-09-22T05:30Z,112,113,moderate
2024-09-22T05:30Z,2024-09-22T06:00Z,122,105,moderate
2024-09-22T06:00Z,2024-09-22T06:30Z,130,104,moderate
2024-09-22T06:30Z,2024-09-22T07:00Z,138,126,moderate
2024-09-22T07:00Z,2024-09-22T07:30Z,140,132,moderate
2024-09-22T07:30Z,2024-09-22T08:00Z,150,131,moderate
2024-09-22T08:00Z,2024-09-22T08:30Z,158,139,moderate
2024-09-22T08:30Z,2024-09-22T09:00Z,161,151,moderate
2024-09-22T09:00Z,2024-09-22T09:30Z,160,176,moderate
2024-09-22T09:30Z,2024-09-22T10:00Z,162,166,moderate
2024-09-22T10:00Z,2024-09-22T10:30Z,162,167,moderate
2024-09-22T10:30Z,2024-09-22T11:00Z,165,165,moderate
2024-09-22T11:00Z,2024-09-22T11:30Z,163,163,moderate
2024-09-22T11:30Z,2024-09-22T12:00Z,164,165,moderate
2024-09-22T12:00Z,2024-09-22T12:30Z,167,163,moderate
2024-09-22T12:30Z,2024-09-22T13:00Z,169,169,moderate
2024-09-22T13:00Z,2024-09-22T13:30Z,173,167,moderate
2024-09-22T13:30Z,2024-09-22T14:00Z,177,170,moderate
2024-09-22T14:00Z,2024-09-22T14:30Z,182,173,moderate
2024-09-22T14:30Z,2024-09-22T15:00Z,187,177,moderate
2024-09-22T15:00Z,2024-09-22T15:30Z,198,201,high
2024-09-22T15:30Z,2024-09-22T16:00Z,198,196,high
2024-09-22T16:00Z,2024-09-22T16:30Z,199,200,high
2024-09-22T16:30Z,2024-09-22T17:00Z,202,200,high
2024-09-22T17:00Z,2024-09-22T17:30Z,206,204,high
2024-09-22T17:30Z,2024-09-22T18:00Z,206,202,high
2024-09-22T18:00Z,2024-09-22T18:30Z,206,205,high
2024-09-22T18:30Z,2024-09-22T19:00Z,206,207,high
2024-09-22T19:00Z,2024-09-22T19:30Z,204,203,high
2024-09-22T19:30Z,2024-09-22T20:00Z,194,208,high
2024-09-22T20:00Z,2024-09-22T20:30Z,188,190,moderate
2024-09-22T20:30Z,2024-09-22T21:00Z,186,188,moderate
2024-09-22T21:00Z,2024-09-22T21:30Z,176,186,moderate
2024-09-22T21:30Z,2024-09-22T22:00Z,157,181,moderate
2024-09-22T22:00Z,2024-09-22T22:30Z,148,186,moderate
2024-09-22T22:30Z,2024-09-22T23:00Z,145,166,moderate
2024-09-22T23:00Z,2024-09-22T23:30Z,144,163,moderate
2024-09-22T23:30Z,2024-09-23T00:00Z,143,158,moderate
2024-09-23T00:00Z,2024-09-23T00:30Z,143,146,moderate
2024-09-23T00:30Z,2024-09-23T01:00Z,142,143,moderate
2024-09-23T01:00Z,2024-09-23T01:30Z,140,150,moderate
2024-09-23T01:30Z,2024-09-23T02:00Z,143,145,moderate
2024-09-23T02:00Z,2024-09-23T02:30Z,142,146,moderate
2024-09-23T02:30Z,2024-09-23T03:00Z,141,148,moderate
2024-09-23T03:00Z,2024-09-23T03:30Z,143,146,moderate
2024-09-23T03:30Z,2024-09-23T04:00Z,149,145,moderate
2024-09-23T04:00Z,2024-09-23T04:30Z,161,152,moderate
2024-09-23T04:30Z,2024-09-23T05:00Z,177,167,moderate
2024-09-23T05:00Z,2024-09-23T05:30Z,184,174,moderate
2024-09-23T05:30Z,2024-09-23T06:00Z,197,193,high
2024-09-23T06:00Z,2024-09-23T06:30Z,200,188,high
2024-09-23T06:30Z,2024-09-23T07:00Z,204,207,high
2024-09-23T07:00Z,2024-09-23T07:30Z,204,202,high
2024-09-23T07:30Z,2024-09-23T08:00Z,203,205,high
2024-09-23T08:00Z,2024-09-23T08:30Z,201,207,high
2024-09-23T08:30Z,2024-09-23T09:00Z,201,204,high
2024-09-23T09:00Z,2024-09-23T09:30Z,202,200,high
2024-09-23T09:30Z,2024-09-23T10:00Z,201,201,high
2024-09-23T10:00Z,2024-09-23T10:30Z,202,203,high
2024-09-23T10:30Z,2024-09-23T11:00Z,201,201,high
2024-09-23T11:00Z,2024-09-23T11:30Z,198,205,high
2024-09-23T11:30Z,2024-09-23T12:00Z,197,203,high
2024-09-23T12:00Z,2024-09-23T12:30Z,198,202,high
2024-09-23T12:30Z,2024-09-23T13:00Z,196,199,high
2024-09-23T13:00Z,2024-09-23T13:30Z,197,202,high
2024-09-23T13:30Z,2024-09-23T14:00Z,200,199,high
2024-09-23T14:00Z,2024-09-23T14:30Z,204,196,high
2024-09-23T14:30Z,2024-09-23T15:00Z,204,201,high
2024-09-23T15:00Z,2024-09-23T15:30Z,202,207,high
2024-09-23T15:30Z,2024-09-23T16:00Z,195,215,high
2024-09-23T16:00Z,2024-09-23T16:30Z,196,208,high
2024-09-23T16:30Z,2024-09-23T17:00Z,202,199,high
2024-09-23T17:00Z,2024-09-23T17:30Z,208,202,high
2024-09-23T17:30Z,2024-09-23T18:00Z,211,207,high
2024-09-23T18:00Z,2024-09-23T18:30Z,206,210,high
2024-09-23T18:30Z,2024-09-23T19:00Z,204,212,high
2024-09-23T19:00Z,2024-09-23T19:30Z,194,207,high
2024-09-23T19:30Z,2024-09-23T20:00Z,186,207,moderate
2024-09-23T20:00Z,2024-09-23T20:30Z,178,195,moderate
2024-09-23T20:30Z,2024-09-23T21:00Z,167,176,moderate
2024-09-23T21:00Z,2024-09-23T21:30Z,149,173,moderate
2024-09-23T21:30Z,2024-09-23T22:00Z,128,163,moderate
2024-09-23T22:00Z,2024-09-23T22:30Z,120,146,moderate
2024-09-23T22:30Z,2024-09-23T23:00Z,120,136,moderate
2024-09-23T23:00Z,2024-09-23T23:30Z,125,137,moderate
2024-09-23T23:30Z,2024-09-24T00:00Z,128,134,moderate
2024-09-24T00:00Z,2024-09-24T00:30Z,129,127,moderate
2024-09-24T00:30Z,2024-09-24T01:00Z,122,129,moderate
2024-09-24T01:00Z,2024-09-24T01:30Z,123,133,moderate
2024-09-24T01:30Z,2024-09-24T02:00Z,125,125,moderate
2024-09-24T02:00Z,2024-09-24T02:30Z,119,123,moderate
2024-09-24T02:30Z,2024-09-24T03:00Z,118,124,moderate
2024-09-24T03:00Z,2024-09-24T03:30Z,111,118,moderate
2024-09-24T03:30Z,2024-09-24T04:00Z,112,120,moderate
2024-09-24T04:00Z,2024-09-24T04:30Z,128,116,moderate
2024-09-24T04:30Z,2024-09-24T05:00Z,148,114,moderate
2024-09-24T05:00Z,2024-09-24T05:30Z,163,133,moderate
2024-09-24T05:30Z,2024-09-24T06:00Z,175,154,moderate
2024-09-24T06:00Z,2024-09-24T06:30Z,178,174,moderate
2024-09-24T06:30Z,2024-09-24T07:00Z,180,176,moderate
2024-09-24T07:00Z,2024-09-24T07:30Z,177,169,moderate
2024-09-24T07:30Z,2024-09-24T08:00Z,174,182,moderate
2024-09-24T08:00Z,2024-09-24T08:30Z,169,176,moderate
2024-09-24T08:30Z,2024-09-24T09:00Z,158,174,moderate
2024-09-24T09:00Z,2024-09-24T09:30Z,152,166,moderate
2024-09-24T09:30Z,2024-09-24T10:00Z,150,163,moderate
2024-09-24T10:00Z,2024-09-24T10:30Z,145,156,moderate
2024-09-24T10:30Z,2024-09-24T11:00Z,144,151,moderate
2024-09-24T11:00Z,2024-09-24T11:30Z,143,146,moderate
2024-09-24T11:30Z,2024-09-24T12:00Z,141,146,moderate
2024-09-24T12:00Z,2024-09-24T12:30Z,142,137,moderate
2024-09-24T12:30Z,2024-09-24T13:00Z,141,142,moderate
2024-09-24T13:00Z,2024-09-24T13:30Z,143,144,moderate
2024-09-24T13:30Z,2024-09-24T14:00Z,150,140,moderate
2024-09-24T14:00Z,2024-09-24T14:30Z,155,148,moderate
2024-09-24T14:30Z,2024-09-24T15:00Z,160,159,moderate
2024-09-24T15:00Z,2024-09-24T15:30Z,165,165,moderate
2024-09-24T15:30Z,2024-09-24T16:00Z,168,164,moderate
2024-09-24T16:00Z,2024-09-24T16:30Z,166,167,moderate
2024-09-24T16:30Z,2024-09-24T17:00Z,166,179,moderate
2024-09-24T17:00Z,2024-09-24T17:30Z,168,180,moderate
2024-09-24T17:30Z,2024-09-24T18:00Z,172,172,moderate
2024-09-24T18:00Z,2024-09-24T18:30Z,172,169,moderate
2024-09-24T18:30Z,2024-09-24T19:00Z,170,169,moderate
2024-09-24T19:00Z,2024-09-24T19:30Z,158,161,moderate
2024-09-24T19:30Z,2024-09-24T20:00Z,145,172,moderate
2024-09-24T20:00Z,2024-09-24T20:30Z,136,148,moderate
2024-09-24T20:30Z,2024-09-24T21:00Z,122,144,moderate
2024-09-24T21:00Z,2024-09-24T21:30Z,110,131,moderate
2024-09-24T21:30Z,2024-09-24T22:00Z,103,138,low
2024-09-24T22:00Z,2024-09-24T22:30Z,102,114,low
2024-09-24T22:30Z,2024-09-24T23:00Z,102,104,low
2024-09-24T23:00Z,2024-09-24T23:30Z,100,106,low
2024-09-24T23:30Z,2024-09-25T00:00Z,97,112,low
2024-09-25T00:00Z,2024-09-25T00:30Z,95,98,low
2024-09-25T00:30Z,2024-09-25T01:00Z,99,95,low
2024-09-25T01:00Z,2024-09-25T01:30Z,105,95,low
2024-09-25T01:30Z,2024-09-25T02:00Z,110,93,moderate
2024-09-25T02:00Z,2024-09-25T02:30Z,116,100,moderate
2024-09-25T02:30Z,2024-09-25T03:00Z,116,102,moderate
2024-09-25T03:00Z,2024-09-25T03:30Z,125,109,moderate
2024-09-25T03:30Z,2024-09-25T04:00Z,131,127,moderate
2024-09-25T04:00Z,2024-09-25T04:30Z,152,132,moderate
2024-09-25T04:30Z,2024-09-25T05:00Z,182,150,moderate
2024-09-25T05:00Z,2024-09-25T05:30Z,205,178,high
2024-09-25T05:30Z,2024-09-25T06:00Z,226,202,high
2024-09-25T06:00Z,2024-09-25T06:30Z,230,193,high
2024-09-25T06:30Z,2024-09-25T07:00Z,232,232,high
2024-09-25T07:00Z,2024-09-25T07:30Z,231,233,high
2024-09-25T07:30Z,2024-09-25T08:00Z,232,234,high
2024-09-25T08:00Z,2024-09-25T08:30Z,229,237,high
2024-09-25T08:30Z,2024-09-25T09:00Z,213,237,high
2024-09-25T09:00Z,2024-09-25T09:30Z,218,232,high
2024-09-25T09:30Z,2024-09-25T10:00Z,216,218,high
2024-09-25T10:00Z,2024-09-25T10:30Z,218,222,high
2024-09-25T10:30Z,2024-09-25T11:00Z,215,217,high
2024-09-25T11:00Z,2024-09-25T11:30Z,215,215,high
2024-09-25T11:30Z,2024-09-25T12:00Z,214,213,high
2024-09-25T12:00Z,2024-09-25T12:30Z,213,211,high
2024-09-25T12:30Z,2024-09-25T13:00Z,214,212,high
2024-09-25T13:00Z,2024-09-25T13:30Z,208,207,high
2024-09-25T13:30Z,2024-09-25T14:00Z,210,212,high
2024-09-25T14:00Z,2024-09-25T14:30Z,210,210,high
2024-09-25T14:30Z,2024-09-25T15:00Z,210,210,high
2024-09-25T15:00Z,2024-09-25T15:30Z,207,210,high
2024-09-25T15:30Z,2024-09-25T16:00Z,205,205,high
2024-09-25T16:00Z,2024-09-25T16:30Z,209,204,high
2024-09-25T16:30Z,2024-09-25T17:00Z,205,201,high
2024-09-25T17:00Z,2024-09-25T17:30Z,200,200,high
2024-09-25T17:30Z,2024-09-25T18:00Z,192,195,high
2024-09-25T18:00Z,2024-09-25T18:30Z,185,193,moderate
2024-09-25T18:30Z,2024-09-25T19:00Z,172,179,moderate
2024-09-25T19:00Z,2024-09-25T19:30Z,162,170,moderate
2024-09-25T19:30Z,2024-09-25T20:00Z,142,149,moderate
2024-09-25T20:00Z,2024-09-25T20:30Z,120,154,moderate
2024-09-25T20:30Z,2024-09-25T21:00Z,104,147,low
2024-09-25T21:00Z,2024-09-25T21:30Z,94,128,low
2024-09-25T21:30Z,2024-09-25T22:00Z,81,117,low
2024-09-25T22:00Z,2024-09-25T22:30Z,76,99,low
2024-09-25T22:30Z,2024-09-25T23:00Z,73,91,low
2024-09-25T23:00Z,2024-09-25T23:30Z,72,90,low
2024-09-25T23:30Z,2024-09-26T00:00Z,72,93,low
2024-09-26T00:00Z,2024-09-26T00:30Z,78,96,low
2024-09-26T00:30Z,2024-09-26T01:00Z,88,75,low
2024-09-26T01:00Z,2024-09-26T01:30Z,88,83,low
2024-09-26T01:30Z,2024-09-26T02:00Z,82,88,low
2024-09-26T02:00Z,2024-09-26T02:30Z,83,95,low
2024-09-26T02:30Z,2024-09-26T03:00Z,84,84,low
2024-09-26T03:00Z,2024-09-26T03:30Z,86,86,low
2024-09-26T03:30Z,2024-09-26T04:00Z,89,84,low
2024-09-26T04:00Z,2024-09-26T04:30Z,93,90,low
2024-09-26T04:30Z,2024-09-26T05:00Z,116,94,moderate
2024-09-26T05:00Z,2024-09-26T05:30Z,127,100,moderate
2024-09-26T05:30Z,2024-09-26T06:00Z,132,111,moderate
2024-09-26T06:00Z,2024-09-26T06:30Z,134,127,moderate
2024-09-26T06:30Z,2024-09-26T07:00Z,130,130,moderate
2024-09-26T07:00Z,2024-09-26T07:30Z,121,127,moderate
2024-09-26T07:30Z,2024-09-26T08:00Z,115,134,moderate
2024-09-26T08:00Z,2024-09-26T08:30Z,102,126,low
2024-09-26T08:30Z,2024-09-26T09:00Z,99,119,low
2024-09-26T09:00Z,2024-09-26T09:30Z,94,115,low
2024-09-26T09:30Z,2024-09-26T10:00Z,94,108,low
2024-09-26T10:00Z,2024-09-26T10:30Z,93,103,low
2024-09-26T10:30Z,2024-09-26T11:00Z,94,105,low
2024-09-26T11:00Z,2024-09-26T11:30Z,95,100,low
2024-09-26T11:30Z,2024-09-26T12:00Z,91,106,low
2024-09-26T12:00Z,2024-09-26T12:30Z,86,109,low
2024-09-26T12:30Z,2024-09-26T13:00Z,86,104,low
2024-09-26T13:00Z,2024-09-26T13:30Z,90,105,low
2024-09-26T13:30Z,2024-09-26T14:00Z,93,99,low
2024-09-26T14:00Z,2024-09-26T14:30Z,97,99,low
2024-09-26T14:30Z,2024-09-26T15:00Z,99,101,low
2024-09-26T15:00Z,2024-09-26T15:30Z,105,108,low
2024-09-26T15:30Z,2024-09-26T16:00Z,115,108,moderate
2024-09-26T16:00Z,2024-09-26T16:30Z,119,109,moderate
2024-09-26T16:30Z,2024-09-26T17:00Z,124,114,moderate
2024-09-26T17:00Z,2024-09-26T17:30Z,125,118,moderate
2024-09-26T17:30Z,2024-09-26T18:00Z,123,119,moderate
2024-09-26T18:00Z,2024-09-26T18:30Z,119,115,moderate
2024-09-26T18:30Z,2024-09-26T19:00Z,109,116,low
2024-09-26T19:00Z,2024-09-26T19:30Z,97,123,low
2024-09-26T19:30Z,2024-09-26T20:00Z,84,114,low
2024-09-26T20:00Z,2024-09-26T20:30Z,77,103,low
2024-09-26T20:30Z,2024-09-26T21:00Z,70,87,low
2024-09-26T21:00Z,2024-09-26T21:30Z,58,79,low
2024-09-26T21:30Z,2024-09-26T22:00Z,52,73,low
2024-09-26T22:00Z,2024-09-26T22:30Z,49,61,low
2024-09-26T22:30Z,2024-09-26T23:00Z,51,58,low
2024-09-26T23:00Z,2024-09-26T23:30Z,50,58,low
2024-09-26T23:30Z,2024-09-27T00:00Z,52,57,low
2024-09-27T00:00Z,2024-09-27T00:30Z,51,52,low
2024-09-27T00:30Z,2024-09-27T01:00Z,63,55,low
2024-09-27T01:00Z,2024-09-27T01:30Z,60,58,low
2024-09-27T01:30Z,2024-09-27T02:00Z,64,63,low
2024-09-27T02:00Z,2024-09-27T02:30Z,56,61,low
2024-09-27T02:30Z,2024-09-27T03:00Z,44,67,low
2024-09-27T03:00Z,2024-09-27T03:30Z,44,60,low
2024-09-27T03:30Z,2024-09-27T04:00Z,45,48,low
2024-09-27T04:00Z,2024-09-27T04:30Z,49,47,low
2024-09-27T04:30Z,2024-09-27T05:00Z,49,52,low
2024-09-27T05:00Z,2024-09-27T05:30Z,58,55,low
2024-09-27T05:30Z,2024-09-27T06:00Z,56,58,low
2024-09-27T06:00Z,2024-09-27T06:30Z,65,58,low
2024-09-27T06:30Z,2024-09-27T07:00Z,68,59,low
2024-09-27T07:00Z,2024-09-27T07:30Z,69,60,low
2024-09-27T07:30Z,2024-09-27T08:00Z,68,66,low
2024-09-27T08:00Z,2024-09-27T08:30Z,67,66,low
2024-09-27T08:30Z,2024-09-27T09:00Z,63,59,low
2024-09-27T09:00Z,2024-09-27T09:30Z,58,70,low
2024-09-27T09:30Z,2024-09-27T10:00Z,53,165,low
2024-09-27T10:00Z,2024-09-27T10:30Z,50,55,low
2024-09-27T10:30Z,2024-09-27T11:00Z,50,54,low
2024-09-27T11:00Z,2024-09-27T11:30Z,45,55,low
2024-09-27T11:30Z,2024-09-27T12:00Z,42,50,low
2024-09-27T12:00Z,2024-09-27T12:30Z,41,46,low
2024-09-27T12:30Z,2024-09-27T13:00Z,43,43,low
2024-09-27T13:00Z,2024-09-27T13:30Z,42,40,low
2024-09-27T13:30Z,2024-09-27T14:00Z,41,44,low
2024-09-27T14:00Z,2024-09-27T14:30Z,47,44,low
2024-09-27T14:30Z,2024-09-27T15:00Z,53,43,low
2024-09-27T15:00Z,2024-09-27T15:30Z,65,47,low
2024-09-27T15:30Z,2024-09-27T16:00Z,80,53,low
2024-09-27T16:00Z,2024-09-27T16:30Z,94,62,low
2024-09-27T16:30Z,2024-09-27T17:00Z,102,79,low
2024-09-27T17:00Z,2024-09-27T17:30Z,109,92,low
2024-09-27T17:30Z,2024-09-27T18:00Z,112,98,moderate
2024-09-27T18:00Z,2024-09-27T18:30Z,111,102,moderate
2024-09-27T18:30Z,2024-09-27T19:00Z,108,100,low
2024-09-27T19:00Z,2024-09-27T19:30Z,107,101,low
2024-09-27T19:30Z,2024-09-27T20:00Z,102,106,low
2024-09-27T20:00Z,2024-09-27T20:30Z,89,104,low
2024-09-27T20:30Z,2024-09-27T21:00Z,73,105,low
2024-09-27T21:00Z,2024-09-27T21:30Z,68,89,low
2024-09-27T21:30Z,2024-09-27T22:00Z,56,73,low
2024-09-27T22:00Z,2024-09-27T22:30Z,53,66,low
2024-09-27T22:30Z,2024-09-27T23:00Z,52,59,low
2024-09-27T23:00Z,2024-09-27T23:30Z,51,59,low
2024-09-27T23:30Z,2024-09-28T00:00Z,54,60,low
2024-09-28T00:00Z,2024-09-28T00:30Z,55,49,low
2024-09-28T00:30Z,2024-09-28T01:00Z,59,49,low
2024-09-28T01:00Z,2024-09-28T01:30Z,59,50,low
2024-09-28T01:30Z,2024-09-28T02:00Z,61,54,low
2024-09-28T02:00Z,2024-09-28T02:30Z,62,56,low
2024-09-28T02:30Z,2024-09-28T03:00Z,62,62,low
2024-09-28T03:00Z,2024-09-28T03:30Z,64,65,low
2024-09-28T03:30Z,2024-09-28T04:00Z,68,64,low
2024-09-28T04:00Z,2024-09-28T04:30Z,74,60,low
2024-09-28T04:30Z,2024-09-28T05:00Z,86,69,low
2024-09-28T05:00Z,2024-09-28T05:30Z,105,73,low
2024-09-28T05:30Z,2024-09-28T06:00Z,122,91,moderate
2024-09-28T06:00Z,2024-09-28T06:30Z,133,52,moderate
2024-09-28T06:30Z,2024-09-28T07:00Z,140,104,moderate
2024-09-28T07:00Z,2024-09-28T07:30Z,138,122,moderate
2024-09-28T07:30Z,2024-09-28T08:00Z,137,127,moderate
2024-09-28T08:00Z,2024-09-28T08:30Z,132,124,moderate
2024-09-28T08:30Z,2024-09-28T09:00Z,128,117,moderate
2024-09-28T09:00Z,2024-09-28T09:30Z,130,121,moderate
2024-09-28T09:30Z,2024-09-28T10:00Z,128,109,moderate
2024-09-28T10:00Z,2024-09-28T10:30Z,127,115,moderate
2024-09-28T10:30Z,2024-09-28T11:00Z,125,114,moderate
2024-09-28T11:00Z,2024-09-28T11:30Z,121,113,moderate
2024-09-28T11:30Z,2024-09-28T12:00Z,120,115,moderate
2024-09-28T12:00Z,2024-09-28T12:30Z,120,117,moderate
2024-09-28T12:30Z,2024-09-28T13:00Z,124,111,moderate
2024-09-28T13:00Z,2024-09-28T13:30Z,128,110,moderate
2024-09-28T13:30Z,2024-09-28T14:00Z,136,117,moderate
2024-09-28T14:00Z,2024-09-28T14:30Z,150,120,moderate
2024-09-28T14:30Z,2024-09-28T15:00Z,162,130,moderate
2024-09-28T15:00Z,2024-09-28T15:30Z,184,165,moderate
2024-09-28T15:30Z,2024-09-28T16:00Z,200,164,high
2024-09-28T16:00Z,2024-09-28T16:30Z,212,188,high
2024-09-28T16:30Z,2024-09-28T17:00Z,217,207,high
2024-09-28T17:00Z,2024-09-28T17:30Z,220,214,high
2024-09-28T17:30Z,2024-09-28T18:00Z,217,216,high
2024-09-28T18:00Z,2024-09-28T18:30Z,216,211,high
2024-09-28T18:30Z,2024-09-28T19:00Z,214,208,high
2024-09-28T19:00Z,2024-09-28T19:30Z,212,211,high
2024-09-28T19:30Z,2024-09-28T20:00Z,207,206,high
2024-09-28T20:00Z,2024-09-28T20:30Z,201,197,high
2024-09-28T20:30Z,2024-09-28T21:00Z,192,195,high
2024-09-28T21:00Z,2024-09-28T21:30Z,180,180,moderate
2024-09-28T21:30Z,2024-09-28T22:00Z,164,169,moderate
2024-09-28T22:00Z,2024-09-28T22:30Z,154,151,moderate
2024-09-28T22:30Z,2024-09-28T23:00Z,147,145,moderate
2024-09-28T23:00Z,2024-09-28T23:30Z,141,136,moderate
2024-09-28T23:30Z,2024-09-29T00:00Z,133,132,moderate
2024-09-29T00:00Z,2024-09-29T00:30Z,123,130,moderate
2024-09-29T00:30Z,2024-09-29T01:00Z,118,128,moderate
2024-09-29T01:00Z,2024-09-29T01:30Z,113,124,moderate
2024-09-29T01:30Z,2024-09-29T02:00Z,107,117,low
2024-09-29T02:00Z,2024-09-29T02:30Z,106,114,low
2024-09-29T02:30Z,2024-09-29T03:00Z,103,102,low
2024-09-29T03:00Z,2024-09-29T03:30Z,103,102,low
2024-09-29T03:30Z,2024-09-29T04:00Z,106,102,low
2024-09-29T04:00Z,2024-09-29T04:30Z,99,104,low
2024-09-29T04:30Z,2024-09-29T05:00Z,102,115,low
2024-09-29T05:00Z,2024-09-29T05:30Z,103,119,low
2024-09-29T05:30Z,2024-09-29T06:00Z,102,109,low
2024-09-29T06:00Z,2024-09-29T06:30Z,110,110,moderate
2024-09-29T06:30Z,2024-09-29T07:00Z,113,113,moderate
2024-09-29T07:00Z,2024-09-29T07:30Z,114,111,moderate
2024-09-29T07:30Z,2024-09-29T08:00Z,112,112,moderate
2024-09-29T08:00Z,2024-09-29T08:30Z,105,111,low
2024-09-29T08:30Z,2024-09-29T09:00Z,99,109,low
2024-09-29T09:00Z,2024-09-29T09:30Z,95,102,low
2024-09-29T09:30Z,2024-09-29T10:00Z,93,94,low
2024-09-29T10:00Z,2024-09-29T10:30Z,88,91,low
2024-09-29T10:30Z,2024-09-29T11:00Z,86,92,low
2024-09-29T11:00Z,2024-09-29T11:30Z,82,88,low
2024-09-29T11:30Z,2024-09-29T12:00Z,81,82,low
2024-09-29T12:00Z,2024-09-29T12:30Z,79,73,low
2024-09-29T12:30Z,2024-09-29T13:00Z,75,80,low
2024-09-29T13:00Z,2024-09-29T13:30Z,71,79,low
2024-09-29T13:30Z,2024-09-29T14:00Z,73,75,low
2024-09-29T14:00Z,2024-09-29T14:30Z,69,74,low
2024-09-29T14:30Z,2024-09-29T15:00Z,77,71,low
2024-09-29T15:00Z,2024-09-29T15:30Z,83,72,low
2024-09-29T15:30Z,2024-09-29T16:00Z,87,70,low
2024-09-29T16:00Z,2024-09-29T16:30Z,92,71,low
2024-09-29T16:30Z,2024-09-29T17:00Z,101,77,low
2024-09-29T17:00Z,2024-09-29T17:30Z,101,76,low
2024-09-29T17:30Z,2024-09-29T18:00Z,90,81,low
2024-09-29T18:00Z,2024-09-29T18:30Z,81,77,low
2024-09-29T18:30Z,2024-09-29T19:00Z,63,80,low
2024-09-29T19:00Z,2024-09-29T19:30Z,55,74,low
2024-09-29T19:30Z,2024-09-29T20:00Z,54,60,low
2024-09-29T20:00Z,2024-09-29T20:30Z,56,57,low
2024-09-29T20:30Z,2024-09-29T21:00Z,57,47,low
2024-09-29T21:00Z,2024-09-29T21:30Z,54,46,low
2024-09-29T21:30Z,2024-09-29T22:00Z,57,51,low
2024-09-29T22:00Z,2024-09-29T22:30Z,52,52,low
2024-09-29T22:30Z,2024-09-29T23:00Z,51,49,low
2024-09-29T23:00Z,2024-09-29T23:30Z,53,51,low
2024-09-29T23:30Z,2024-09-30T00:00Z,51,53,low
2024-09-30T00:00Z,2024-09-30T00:30Z,55,55,low
2024-09-30T00:30Z,2024-09-30T01:00Z,60,44,low
2024-09-30T01:00Z,2024-09-30T01:30Z,58,46,low
2024-09-30T01:30Z,2024-09-30T02:00Z,59,49,low
2024-09-30T02:00Z,2024-09-30T02:30Z,58,51,low
2024-09-30T02:30Z,2024-09-30T03:00Z,58,49,low
2024-09-30T03:00Z,2024-09-30T03:30Z,59,49,low
2024-09-30T03:30Z,2024-09-30T04:00Z,57,49,low
2024-09-30T04:00Z,2024-09-30T04:30Z,60,50,low
2024-09-30T04:30Z,2024-09-30T05:00Z,63,51,low
2024-09-30T05:00Z,2024-09-30T05:30Z,71,58,low
2024-09-30T05:30Z,2024-09-30T06:00Z,78,57,low
2024-09-30T06:00Z,2024-09-30T06:30Z,94,59,low
2024-09-30T06:30Z,2024-09-30T07:00Z,101,72,low
2024-09-30T07:00Z,2024-09-30T07:30Z,107,70,low
2024-09-30T07:30Z,2024-09-30T08:00Z,113,95,moderate
2024-09-30T08:00Z,2024-09-30T08:30Z,116,94,moderate
2024-09-30T08:30Z,2024-09-30T09:00Z,117,101,moderate
2024-09-30T09:00Z,2024-09-30T09:30Z,121,100,moderate
2024-09-30T09:30Z,2024-09-30T10:00Z,122,107,moderate
2024-09-30T10:00Z,2024-09-30T10:30Z,124,110,moderate
2024-09-30T10:30Z,2024-09-30T11:00Z,126,118,moderate
2024-09-30T11:00Z,2024-09-30T11:30Z,126,114,moderate
2024-09-30T11:30Z,2024-09-30T12:00Z,126,116,moderate
2024-09-30T12:00Z,2024-09-30T12:30Z,125,112,moderate
2024-09-30T12:30Z,2024-09-30T13:00Z,125,114,moderate
2024-09-30T13:00Z,2024-09-30T13:30Z,120,112,moderate
2024-09-30T13:30Z,2024-09-30T14:00Z,117,108,moderate
2024-09-30T14:00Z,2024-09-30T14:30Z,114,106,moderate
2024-09-30T14:30Z,2024-09-30T15:00Z,118,105,moderate
2024-09-30T15:00Z,2024-09-30T15:30Z,120,117,moderate
2024-09-30T15:30Z,2024-09-30T16:00Z,123,120,moderate
2024-09-30T16:00Z,2024-09-30T16:30Z,129,116,moderate
2024-09-30T16:30Z,2024-09-30T17:00Z,134,125,moderate
2024-09-30T17:00Z,2024-09-30T17:30Z,133,125,moderate
2024-09-30T17:30Z,2024-09-30T18:00Z,130,129,moderate
2024-09-30T18:00Z,2024-09-30T18:30Z,127,127,moderate
2024-09-30T18:30Z,2024-09-30T19:00Z,121,119,moderate
2024-09-30T19:00Z,2024-09-30T19:30Z,112,115,moderate
2024-09-30T19:30Z,2024-09-30T20:00Z,100,96,low
2024-09-30T20:00Z,2024-09-30T20:30Z,82,103,low
2024-09-30T20:30Z,2024-09-30T21:00Z,70,96,low
2024-09-30T21:00Z,2024-09-30T21:30Z,64,77,low
2024-09-30T21:30Z,2024-09-30T22:00Z,63,61,low
2024-09-30T22:00Z,2024-09-30T22:30Z,61,56,low
2024-09-30T22:30Z,2024-09-30T23:00Z,59,54,low
2024-09-30T23:00Z,2024-09-30T23:30Z,59,54,low
2024-09-30T23:30Z,2024-10-01T00:00Z,59,55,low
2024-10-01T00:00Z,2024-10-01T00:30Z,60,52,low
2024-10-01T00:30Z,2024-10-01T01:00Z,57,53,low
2024-10-01T01:00Z,2024-10-01T01:30Z,58,54,low
2024-10-01T01:30Z,2024-10-01T02:00Z,56,53,low
2024-10-01T02:00Z,2024-10-01T02:30Z,55,52,low
2024-10-01T02:30Z,2024-10-01T03:00Z,53,51,low
2024-10-01T03:00Z,2024-10-01T03:30Z,52,53,low
2024-10-01T03:30Z,2024-10-01T04:00Z,59,52,low
2024-10-01T04:00Z,2024-10-01T04:30Z,66,51,low
2024-10-01T04:30Z,2024-10-01T05:00Z,86,56,low
2024-10-01T05:00Z,2024-10-01T05:30Z,103,59,low
2024-10-01T05:30Z,2024-10-01T06:00Z,118,79,moderate
2024-10-01T06:00Z,2024-10-01T06:30Z,119,100,moderate
2024-10-01T06:30Z,2024-10-01T07:00Z,116,113,moderate
2024-10-01T07:00Z,2024-10-01T07:30Z,119,108,moderate
2024-10-01T07:30Z,2024-10-01T08:00Z,123,96,moderate
2024-10-01T08:00Z,2024-10-01T08:30Z,121,108,moderate
2024-10-01T08:30Z,2024-10-01T09:00Z,118,102,moderate
2024-10-01T09:00Z,2024-10-01T09:30Z,115,96,moderate
2024-10-01T09:30Z,2024-10-01T10:00Z,108,108,low
2024-10-01T10:00Z,2024-10-01T10:30Z,106,98,low
2024-10-01T10:30Z,2024-10-01T11:00Z,100,98,low
2024-10-01T11:00Z,2024-10-01T11:30Z,102,90,low
2024-10-01T11:30Z,2024-10-01T12:00Z,101,95,low
2024-10-01T12:00Z,2024-10-01T12:30Z,99,89,low
2024-10-01T12:30Z,2024-10-01T13:00Z,97,88,low
2024-10-01T13:00Z,2024-10-01T13:30Z,98,89,low
2024-10-01T13:30Z,2024-10-01T14:00Z,101,89,low
2024-10-01T14:00Z,2024-10-01T14:30Z,99,92,low
2024-10-01T14:30Z,2024-10-01T15:00Z,105,94,low
2024-10-01T15:00Z,2024-10-01T15:30Z,109,99,low
2024-10-01T15:30Z,2024-10-01T16:00Z,116,108,moderate
2024-10-01T16:00Z,2024-10-01T16:30Z,118,112,moderate
2024-10-01T16:30Z,2024-10-01T17:00Z,125,116,moderate
2024-10-01T17:00Z,2024-10-01T17:30Z,130,121,moderate
2024-10-01T17:30Z,2024-10-01T18:00Z,129,122,moderate
2024-10-01T18:00Z,2024-10-01T18:30Z,127,126,moderate
2024-10-01T18:30Z,2024-10-01T19:00Z,126,114,moderate
2024-10-01T19:00Z,2024-10-01T19:30Z,120,122,moderate
2024-10-01T19:30Z,2024-10-01T20:00Z,109,121,low
2024-10-01T20:00Z,2024-10-01T20:30Z,95,110,low
2024-10-01T20:30Z,2024-10-01T21:00Z,74,107,low
2024-10-01T21:00Z,2024-10-01T21:30Z,68,63,low
2024-10-01T21:30Z,2024-10-01T22:00Z,58,71,low
2024-10-01T22:00Z,2024-10-01T22:30Z,52,63,low
2024-10-01T22:30Z,2024-10-01T23:00Z,54,60,low
2024-10-01T23:00Z,2024-10-01T23:30Z,52,62,low
2024-10-01T23:30Z,2024-10-02T00:00Z,52,64,low
2024-10-02T00:00Z,2024-10-02T00:30Z,54,53,low
2024-10-02T00:30Z,2024-10-02T01:00Z,55,55,low
2024-10-02T01:00Z,2024-10-02T01:30Z,56,55,low
2024-10-02T01:30Z,2024-10-02T02:00Z,56,55,low
2024-10-02T02:00Z,2024-10-02T02:30Z,57,57,low
2024-10-02T02:30Z,2024-10-02T03:00Z,59,58,low
2024-10-02T03:00Z,2024-10-02T03:30Z,62,60,low
2024-10-02T03:30Z,2024-10-02T04:00Z,72,62,low
2024-10-02T04:00Z,2024-10-02T04:30Z,89,65,low
2024-10-02T04:30Z,2024-10-02T05:00Z,110,72,moderate
2024-10-02T05:00Z,2024-10-02T05:30Z,127,96,moderate
2024-10-02T05:30Z,2024-10-02T06:00Z,132,105,moderate
2024-10-02T06:00Z,2024-10-02T06:30Z,135,148,moderate
2024-10-02T06:30Z,2024-10-02T07:00Z,133,140,moderate
2024-10-02T07:00Z,2024-10-02T07:30Z,135,136,moderate
2024-10-02T07:30Z,2024-10-02T08:00Z,132,135,moderate
2024-10-02T08:00Z,2024-10-02T08:30Z,128,134,moderate
2024-10-02T08:30Z,2024-10-02T09:00Z,125,125,moderate
2024-10-02T09:00Z,2024-10-02T09:30Z,120,115,moderate
2024-10-02T09:30Z,2024-10-02T10:00Z,121,129,moderate
2024-10-02T10:00Z,2024-10-02T10:30Z,118,125,moderate
2024-10-02T10:30Z,2024-10-02T11:00Z,117,126,moderate
2024-10-02T11:00Z,2024-10-02T11:30Z,116,122,moderate
2024-10-02T11:30Z,2024-10-02T12:00Z,118,115,moderate
2024-10-02T12:00Z,2024-10-02T12:30Z,117,113,moderate
2024-10-02T12:30Z,2024-10-02T13:00Z,118,119,moderate
2024-10-02T13:00Z,2024-10-02T13:30Z,121,121,moderate
2024-10-02T13:30Z,2024-10-02T14:00Z,127,122,moderate
2024-10-02T14:00Z,2024-10-02T14:30Z,139,130,moderate
2024-10-02T14:30Z,2024-10-02T15:00Z,145,134,moderate
2024-10-02T15:00Z,2024-10-02T15:30Z,156,142,moderate
2024-10-02T15:30Z,2024-10-02T16:00Z,162,146,moderate
2024-10-02T16:00Z,2024-10-02T16:30Z,164,151,moderate
2024-10-02T16:30Z,2024-10-02T17:00Z,171,170,moderate
2024-10-02T17:00Z,2024-10-02T17:30Z,174,174,moderate
2024-10-02T17:30Z,2024-10-02T18:00Z,171,172,moderate
2024-10-02T18:00Z,2024-10-02T18:30Z,173,172,moderate
2024-10-02T18:30Z,2024-10-02T19:00Z,169,162,moderate
2024-10-02T19:00Z,2024-10-02T19:30Z,164,163,moderate
2024-10-02T19:30Z,2024-10-02T20:00Z,153,161,moderate
2024-10-02T20:00Z,2024-10-02T20:30Z,144,159,moderate
2024-10-02T20:30Z,2024-10-02T21:00Z,127,148,moderate
2024-10-02T21:00Z,2024-10-02T21:30Z,119,156,moderate
2024-10-02T21:30Z,2024-10-02T22:00Z,104,121,low
2024-10-02T22:00Z,2024-10-02T22:30Z,102,116,low
2024-10-02T22:30Z,2024-10-02T23:00Z,106,109,low
2024-10-02T23:00Z,2024-10-02T23:30Z,109,109,low
2024-10-02T23:30Z,2024-10-03T00:00Z,121,116,moderate
2024-10-03T00:00Z,2024-10-03T00:30Z,125,114,moderate
2024-10-03T00:30Z,2024-10-03T01:00Z,123,117,moderate
2024-10-03T01:00Z,2024-10-03T01:30Z,124,127,moderate
2024-10-03T01:30Z,2024-10-03T02:00Z,122,117,moderate
2024-10-03T02:00Z,2024-10-03T02:30Z,122,121,moderate
2024-10-03T02:30Z,2024-10-03T03:00Z,134,121,moderate
2024-10-03T03:00Z,2024-10-03T03:30Z,126,119,moderate
2024-10-03T03:30Z,2024-10-03T04:00Z,126,120,moderate
2024-10-03T04:00Z,2024-10-03T04:30Z,146,125,moderate
2024-10-03T04:30Z,2024-10-03T05:00Z,170,118,moderate
2024-10-03T05:00Z,2024-10-03T05:30Z,189,150,moderate
2024-10-03T05:30Z,2024-10-03T06:00Z,200,173,high
2024-10-03T06:00Z,2024-10-03T06:30Z,204,60,high
2024-10-03T06:30Z,2024-10-03T07:00Z,209,190,high
2024-10-03T07:00Z,2024-10-03T07:30Z,203,200,high
2024-10-03T07:30Z,2024-10-03T08:00Z,194,198,high
2024-10-03T08:00Z,2024-10-03T08:30Z,183,194,moderate
2024-10-03T08:30Z,2024-10-03T09:00Z,169,183,moderate
2024-10-03T09:00Z,2024-10-03T09:30Z,159,172,moderate
2024-10-03T09:30Z,2024-10-03T10:00Z,148,157,moderate
2024-10-03T10:00Z,2024-10-03T10:30Z,142,151,moderate
2024-10-03T10:30Z,2024-10-03T11:00Z,140,136,moderate
2024-10-03T11:00Z,2024-10-03T11:30Z,143,121,moderate
2024-10-03T11:30Z,2024-10-03T12:00Z,143,136,moderate
2024-10-03T12:00Z,2024-10-03T12:30Z,147,138,moderate
2024-10-03T12:30Z,2024-10-03T13:00Z,151,147,moderate
2024-10-03T13:00Z,2024-10-03T13:30Z,155,147,moderate
2024-10-03T13:30Z,2024-10-03T14:00Z,160,150,moderate
2024-10-03T14:00Z,2024-10-03T14:30Z,171,171,moderate
2024-10-03T14:30Z,2024-10-03T15:00Z,181,166,moderate
2024-10-03T15:00Z,2024-10-03T15:30Z,190,176,high
2024-10-03T15:30Z,2024-10-03T16:00Z,201,190,high
2024-10-03T16:00Z,2024-10-03T16:30Z,208,196,high
2024-10-03T16:30Z,2024-10-03T17:00Z,212,202,high
2024-10-03T17:00Z,2024-10-03T17:30Z,219,207,high
2024-10-03T17:30Z,2024-10-03T18:00Z,219,207,high
2024-10-03T18:00Z,2024-10-03T18:30Z,220,206,high
2024-10-03T18:30Z,2024-10-03T19:00Z,214,208,high
2024-10-03T19:00Z,2024-10-03T19:30Z,206,200,high
2024-10-03T19:30Z,2024-10-03T20:00Z,193,203,high
2024-10-03T20:00Z,2024-10-03T20:30Z,180,196,moderate
2024-10-03T20:30Z,2024-10-03T21:00Z,158,172,moderate
2024-10-03T21:00Z,2024-10-03T21:30Z,140,166,moderate
2024-10-03T21:30Z,2024-10-03T22:00Z,123,153,moderate
2024-10-03T22:00Z,2024-10-03T22:30Z,106,130,low
2024-10-03T22:30Z,2024-10-03T23:00Z,100,117,low
2024-10-03T23:00Z,2024-10-03T23:30Z,101,118,low
2024-10-03T23:30Z,2024-10-04T00:00Z,98,115,low
2024-10-04T00:00Z,2024-10-04T00:30Z,100,93,low
2024-10-04T00:30Z,2024-10-04T01:00Z,101,91,low
2024-10-04T01:00Z,2024-10-04T01:30Z,98,91,low
2024-10-04T01:30Z,2024-10-04T02:00Z,96,92,low
2024-10-04T02:00Z,2024-10-04T02:30Z,98,90,low
2024-10-04T02:30Z,2024-10-04T03:00Z,106,86,low
2024-10-04T03:00Z,2024-10-04T03:30Z,107,105,low
2024-10-04T03:30Z,2024-10-04T04:00Z,125,102,moderate
2024-10-04T04:00Z,2024-10-04T04:30Z,136,102,moderate
2024-10-04T04:30Z,2024-10-04T05:00Z,164,121,moderate
2024-10-04T05:00Z,2024-10-04T05:30Z,174,132,moderate
2024-10-04T05:30Z,2024-10-04T06:00Z,175,154,moderate
2024-10-04T06:00Z,2024-10-04T06:30Z,177,145,moderate
2024-10-04T06:30Z,2024-10-04T07:00Z,178,170,moderate
2024-10-04T07:00Z,2024-10-04T07:30Z,177,168,moderate
2024-10-04T07:30Z,2024-10-04T08:00Z,169,163,moderate
2024-10-04T08:00Z,2024-10-04T08:30Z,151,162,moderate
2024-10-04T08:30Z,2024-10-04T09:00Z,133,152,moderate
2024-10-04T09:00Z,2024-10-04T09:30Z,123,132,moderate
2024-10-04T09:30Z,2024-10-04T10:00Z,111,121,moderate
2024-10-04T10:00Z,2024-10-04T10:30Z,101,114,low
2024-10-04T10:30Z,2024-10-04T11:00Z,102,105,low
2024-10-04T11:00Z,2024-10-04T11:30Z,104,113,low
2024-10-04T11:30Z,2024-10-04T12:00Z,101,105,low
2024-10-04T12:00Z,2024-10-04T12:30Z,101,103,low
2024-10-04T12:30Z,2024-10-04T13:00Z,104,97,low
2024-10-04T13:00Z,2024-10-04T13:30Z,108,97,low
2024-10-04T13:30Z,2024-10-04T14:00Z,109,95,low
2024-10-04T14:00Z,2024-10-04T14:30Z,117,102,moderate
2024-10-04T14:30Z,2024-10-04T15:00Z,127,111,moderate
2024-10-04T15:00Z,2024-10-04T15:30Z,143,115,moderate
2024-10-04T15:30Z,2024-10-04T16:00Z,154,127,moderate
2024-10-04T16:00Z,2024-10-04T16:30Z,161,139,moderate
2024-10-04T16:30Z,2024-10-04T17:00Z,161,150,moderate
2024-10-04T17:00Z,2024-10-04T17:30Z,163,158,moderate
2024-10-04T17:30Z,2024-10-04T18:00Z,164,159,moderate
2024-10-04T18:00Z,2024-10-04T18:30Z,161,154,moderate
2024-10-04T18:30Z,2024-10-04T19:00Z,152,151,moderate
2024-10-04T19:00Z,2024-10-04T19:30Z,143,151,moderate
2024-10-04T19:30Z,2024-10-04T20:00Z,142,138,moderate
2024-10-04T20:00Z,2024-10-04T20:30Z,131,128,moderate
2024-10-04T20:30Z,2024-10-04T21:00Z,117,135,moderate
2024-10-04T21:00Z,2024-10-04T21:30Z,107,118,low
2024-10-04T21:30Z,2024-10-04T22:00Z,81,100,low
2024-10-04T22:00Z,2024-10-04T22:30Z,74,96,low
2024-10-04T22:30Z,2024-10-04T23:00Z,72,76,low
2024-10-04T23:00Z,2024-10-04T23:30Z,69,74,low
2024-10-04T23:30Z,2024-10-05T00:00Z,65,74,low
2024-10-05T00:00Z,2024-10-05T00:30Z,67,62,low
2024-10-05T00:30Z,2024-10-05T01:00Z,66,64,low
2024-10-05T01:00Z,2024-10-05T01:30Z,66,62,low
2024-10-05T01:30Z,2024-10-05T02:00Z,64,62,low
2024-10-05T02:00Z,2024-10-05T02:30Z,66,65,low
2024-10-05T02:30Z,2024-10-05T03:00Z,68,62,low
2024-10-05T03:00Z,2024-10-05T03:30Z,65,65,low
2024-10-05T03:30Z,2024-10-05T04:00Z,66,66,low
2024-10-05T04:00Z,2024-10-05T04:30Z,67,64,low
2024-10-05T04:30Z,2024-10-05T05:00Z,68,67,low
2024-10-05T05:00Z,2024-10-05T05:30Z,72,66,low
2024-10-05T05:30Z,2024-10-05T06:00Z,76,66,low
2024-10-05T06:00Z,2024-10-05T06:30Z,82,74,low
2024-10-05T06:30Z,2024-10-05T07:00Z,92,73,low
2024-10-05T07:00Z,2024-10-05T07:30Z,89,73,low
2024-10-05T07:30Z,2024-10-05T08:00Z,86,86,low
2024-10-05T08:00Z,2024-10-05T08:30Z,79,83,low
2024-10-05T08:30Z,2024-10-05T09:00Z,69,77,low
2024-10-05T09:00Z,2024-10-05T09:30Z,60,71,low
2024-10-05T09:30Z,2024-10-05T10:00Z,51,66,low
2024-10-05T10:00Z,2024-10-05T10:30Z,45,59,low
2024-10-05T10:30Z,2024-10-05T11:00Z,44,54,low
2024-10-05T11:00Z,2024-10-05T11:30Z,43,48,low
2024-10-05T11:30Z,2024-10-05T12:00Z,40,47,low
2024-10-05T12:00Z,2024-10-05T12:30Z,37,47,low
2024-10-05T12:30Z,2024-10-05T13:00Z,35,47,low
2024-10-05T13:00Z,2024-10-05T13:30Z,35,41,low
2024-10-05T13:30Z,2024-10-05T14:00Z,34,38,very low
2024-10-05T14:00Z,2024-10-05T14:30Z,43,34,low
2024-10-05T14:30Z,2024-10-05T15:00Z,59,30,low
2024-10-05T15:00Z,2024-10-05T15:30Z,71,40,low
2024-10-05T15:30Z,2024-10-05T16:00Z,91,60,low
2024-10-05T16:00Z,2024-10-05T16:30Z,100,75,low
2024-10-05T16:30Z,2024-10-05T17:00Z,98,96,low
2024-10-05T17:00Z,2024-10-05T17:30Z,99,94,low
2024-10-05T17:30Z,2024-10-05T18:00Z,90,91,low
2024-10-05T18:00Z,2024-10-05T18:30Z,82,88,low
2024-10-05T18:30Z,2024-10-05T19:00Z,82,83,low
2024-10-05T19:00Z,2024-10-05T19:30Z,72,72,low
2024-10-05T19:30Z,2024-10-05T20:00Z,57,70,low
2024-10-05T20:00Z,2024-10-05T20:30Z,51,63,low
2024-10-05T20:30Z,2024-10-05T21:00Z,49,58,low
2024-10-05T21:00Z,2024-10-05T21:30Z,46,47,low
2024-10-05T21:30Z,2024-10-05T22:00Z,47,45,low
2024-10-05T22:00Z,2024-10-05T22:30Z,45,43,low
2024-10-05T22:30Z,2024-10-05T23:00Z,50,44,low
2024-10-05T23:00Z,2024-10-05T23:30Z,49,42,low
2024-10-05T23:30Z,2024-10-06T00:00Z,46,39,low
2024-10-06T00:00Z,2024-10-06T00:30Z,51,48,low
2024-10-06T00:30Z,2024-10-06T01:00Z,48,46,low
2024-10-06T01:00Z,2024-10-06T01:30Z,47,50,low
2024-10-06T01:30Z,2024-10-06T02:00Z,48,49,low
2024-10-06T02:00Z,2024-10-06T02:30Z,50,49,low
2024-10-06T02:30Z,2024-10-06T03:00Z,51,49,low
2024-10-06T03:00Z,2024-10-06T03:30Z,50,50,low
2024-10-06T03:30Z,2024-10-06T04:00Z,50,51,low
2024-10-06T04:00Z,2024-10-06T04:30Z,52,50,low
2024-10-06T04:30Z,2024-10-06T05:00Z,50,49,low
2024-10-06T05:00Z,2024-10-06T05:30Z,53,52,low
2024-10-06T05:30Z,2024-10-06T06:00Z,52,54,low
2024-10-06T06:00Z,2024-10-06T06:30Z,54,59,low
2024-10-06T06:30Z,2024-10-06T07:00Z,57,61,low
2024-10-06T07:00Z,2024-10-06T07:30Z,59,57,low
2024-10-06T07:30Z,2024-10-06T08:00Z,65,62,low
2024-10-06T08:00Z,2024-10-06T08:30Z,66,59,low
2024-10-06T08:30Z,2024-10-06T09:00Z,68,58,low
2024-10-06T09:00Z,2024-10-06T09:30Z,67,61,low
2024-10-06T09:30Z,2024-10-06T10:00Z,68,64,low
2024-10-06T10:00Z,2024-10-06T10:30Z,68,65,low
2024-10-06T10:30Z,2024-10-06T11:00Z,70,65,low
2024-10-06T11:00Z,2024-10-06T11:30Z,76,68,low
2024-10-06T11:30Z,2024-10-06T12:00Z,79,72,low
2024-10-06T12:00Z,2024-10-06T12:30Z,83,79,low
2024-10-06T12:30Z,2024-10-06T13:00Z,87,79,low
2024-10-06T13:00Z,2024-10-06T13:30Z,92,86,low
2024-10-06T13:30Z,2024-10-06T14:00Z,100,86,low
2024-10-06T14:00Z,2024-10-06T14:30Z,108,95,low
2024-10-06T14:30Z,2024-10-06T15:00Z,122,99,moderate
2024-10-06T15:00Z,2024-10-06T15:30Z,126,109,moderate
2024-10-06T15:30Z,2024-10-06T16:00Z,128,113,moderate
2024-10-06T16:00Z,2024-10-06T16:30Z,131,130,moderate
2024-10-06T16:30Z,2024-10-06T17:00Z,134,140,moderate
2024-10-06T17:00Z,2024-10-06T17:30Z,139,133,moderate
2024-10-06T17:30Z,2024-10-06T18:00Z,143,136,moderate
2024-10-06T18:00Z,2024-10-06T18:30Z,142,137,moderate
2024-10-06T18:30Z,2024-10-06T19:00Z,141,136,moderate
2024-10-06T19:00Z,2024-10-06T19:30Z,137,130,moderate
2024-10-06T19:30Z,2024-10-06T20:00Z,129,123,moderate
2024-10-06T20:00Z,2024-10-06T20:30Z,116,122,moderate
2024-10-06T20:30Z,2024-10-06T21:00Z,99,116,low
2024-10-06T21:00Z,2024-10-06T21:30Z,88,108,low
2024-10-06T21:30Z,2024-10-06T22:00Z,77,100,low
2024-10-06T22:00Z,2024-10-06T22:30Z,71,70,low
2024-10-06T22:30Z,2024-10-06T23:00Z,68,69,low
2024-10-06T23:00Z,2024-10-06T23:30Z,69,65,low
2024-10-06T23:30Z,2024-10-07T00:00Z,70,66,low
2024-10-07T00:00Z,2024-10-07T00:30Z,70,63,low
2024-10-07T00:30Z,2024-10-07T01:00Z,70,64,low
2024-10-07T01:00Z,2024-10-07T01:30Z,73,61,low
2024-10-07T01:30Z,2024-10-07T02:00Z,72,61,low
2024-10-07T02:00Z,2024-10-07T02:30Z,73,62,low
2024-10-07T02:30Z,2024-10-07T03:00Z,70,64,low
2024-10-07T03:00Z,2024-10-07T03:30Z,70,68,low
2024-10-07T03:30Z,2024-10-07T04:00Z,74,68,low
2024-10-07T04:00Z,2024-10-07T04:30Z,75,69,low
2024-10-07T04:30Z,2024-10-07T05:00Z,98,78,low
2024-10-07T05:00Z,2024-10-07T05:30Z,113,76,moderate
2024-10-07T05:30Z,2024-10-07T06:00Z,142,80,moderate
2024-10-07T06:00Z,2024-10-07T06:30Z,152,119,moderate
2024-10-07T06:30Z,2024-10-07T07:00Z,154,115,moderate
2024-10-07T07:00Z,2024-10-07T07:30Z,150,145,moderate
2024-10-07T07:30Z,2024-10-07T08:00Z,148,141,moderate
2024-10-07T08:00Z,2024-10-07T08:30Z,142,142,moderate
2024-10-07T08:30Z,2024-10-07T09:00Z,138,135,moderate
2024-10-07T09:00Z,2024-10-07T09:30Z,131,130,moderate
2024-10-07T09:30Z,2024-10-07T10:00Z,121,131,moderate
2024-10-07T10:00Z,2024-10-07T10:30Z,117,126,moderate
2024-10-07T10:30Z,2024-10-07T11:00Z,117,124,moderate
2024-10-07T11:00Z,2024-10-07T11:30Z,116,106,moderate
2024-10-07T11:30Z,2024-10-07T12:00Z,114,104,moderate
2024-10-07T12:00Z,2024-10-07T12:30Z,117,114,moderate
2024-10-07T12:30Z,2024-10-07T13:00Z,121,116,moderate
2024-10-07T13:00Z,2024-10-07T13:30Z,125,118,moderate
2024-10-07T13:30Z,2024-10-07T14:00Z,148,123,moderate
2024-10-07T14:00Z,2024-10-07T14:30Z,166,131,moderate
2024-10-07T14:30Z,2024-10-07T15:00Z,190,143,high
2024-10-07T15:00Z,2024-10-07T15:30Z,200,176,high
2024-10-07T15:30Z,2024-10-07T16:00Z,210,189,high
2024-10-07T16:00Z,2024-10-07T16:30Z,216,209,high
2024-10-07T16:30Z,2024-10-07T17:00Z,220,214,high
2024-10-07T17:00Z,2024-10-07T17:30Z,220,210,high
2024-10-07T17:30Z,2024-10-07T18:00Z,213,208,high
2024-10-07T18:00Z,2024-10-07T18:30Z,211,212,high
2024-10-07T18:30Z,2024-10-07T19:00Z,203,209,high
2024-10-07T19:00Z,2024-10-07T19:30Z,197,204,high
2024-10-07T19:30Z,2024-10-07T20:00Z,190,193,high
2024-10-07T20:00Z,2024-10-07T20:30Z,184,188,moderate
2024-10-07T20:30Z,2024-10-07T21:00Z,167,177,moderate
2024-10-07T21:00Z,2024-10-07T21:30Z,159,173,moderate
2024-10-07T21:30Z,2024-10-07T22:00Z,138,163,moderate
2024-10-07T22:00Z,2024-10-07T22:30Z,128,155,moderate
2024-10-07T22:30Z,2024-10-07T23:00Z,117,154,moderate
2024-10-07T23:00Z,2024-10-07T23:30Z,114,141,moderate
2024-10-07T23:30Z,2024-10-08T00:00Z,110,142,moderate
2024-10-08T00:00Z,2024-10-08T00:30Z,109,115,low
2024-10-08T00:30Z,2024-10-08T01:00Z,111,117,moderate
2024-10-08T01:00Z,2024-10-08T01:30Z,111,109,moderate
2024-10-08T01:30Z,2024-10-08T02:00Z,102,110,low
2024-10-08T02:00Z,2024-10-08T02:30Z,103,110,low
2024-10-08T02:30Z,2024-10-08T03:00Z,104,108,low
2024-10-08T03:00Z,2024-10-08T03:30Z,105,100,low
2024-10-08T03:30Z,2024-10-08T04:00Z,102,99,low
2024-10-08T04:00Z,2024-10-08T04:30Z,105,105,low
2024-10-08T04:30Z,2024-10-08T05:00Z,119,113,moderate
2024-10-08T05:00Z,2024-10-08T05:30Z,144,111,moderate
2024-10-08T05:30Z,2024-10-08T06:00Z,158,123,moderate
2024-10-08T06:00Z,2024-10-08T06:30Z,164,144,moderate
2024-10-08T06:30Z,2024-10-08T07:00Z,161,149,moderate
2024-10-08T07:00Z,2024-10-08T07:30Z,157,147,moderate
2024-10-08T07:30Z,2024-10-08T08:00Z,159,145,moderate
2024-10-08T08:00Z,2024-10-08T08:30Z,161,156,moderate
2024-10-08T08:30Z,2024-10-08T09:00Z,153,150,moderate
2024-10-08T09:00Z,2024-10-08T09:30Z,146,154,moderate
2024-10-08T09:30Z,2024-10-08T10:00Z,146,150,moderate
2024-10-08T10:00Z,2024-10-08T10:30Z,141,148,moderate
2024-10-08T10:30Z,2024-10-08T11:00Z,130,142,moderate
2024-10-08T11:00Z,2024-10-08T11:30Z,131,138,moderate
2024-10-08T11:30Z,2024-10-08T12:00Z,132,135,moderate
2024-10-08T12:00Z,2024-10-08T12:30Z,129,132,moderate
2024-10-08T12:30Z,2024-10-08T13:00Z,133,129,moderate
2024-10-08T13:00Z,2024-10-08T13:30Z,131,128,moderate
2024-10-08T13:30Z,2024-10-08T14:00Z,137,124,moderate
2024-10-08T14:00Z,2024-10-08T14:30Z,145,130,moderate
2024-10-08T14:30Z,2024-10-08T15:00Z,156,140,moderate
2024-10-08T15:00Z,2024-10-08T15:30Z,164,150,moderate
2024-10-08T15:30Z,2024-10-08T16:00Z,170,151,moderate
2024-10-08T16:00Z,2024-10-08T16:30Z,171,165,moderate
2024-10-08T16:30Z,2024-10-08T17:00Z,172,165,moderate
2024-10-08T17:00Z,2024-10-08T17:30Z,174,166,moderate
2024-10-08T17:30Z,2024-10-08T18:00Z,164,166,moderate
2024-10-08T18:00Z,2024-10-08T18:30Z,153,161,moderate
2024-10-08T18:30Z,2024-10-08T19:00Z,138,153,moderate
2024-10-08T19:00Z,2024-10-08T19:30Z,125,142,moderate
2024-10-08T19:30Z,2024-10-08T20:00Z,110,142,moderate
2024-10-08T20:00Z,2024-10-08T20:30Z,97,131,low
2024-10-08T20:30Z,2024-10-08T21:00Z,91,123,low
2024-10-08T21:00Z,2024-10-08T21:30Z,89,97,low
2024-10-08T21:30Z,2024-10-08T22:00Z,78,101,low
2024-10-08T22:00Z,2024-10-08T22:30Z,81,90,low
2024-10-08T22:30Z,2024-10-08T23:00Z,75,89,low
2024-10-08T23:00Z,2024-10-08T23:30Z,71,81,low
2024-10-08T23:30Z,2024-10-09T00:00Z,80,85,low
2024-10-09T00:00Z,2024-10-09T00:30Z,80,72,low
2024-10-09T00:30Z,2024-10-09T01:00Z,81,72,low
2024-10-09T01:00Z,2024-10-09T01:30Z,83,82,low
2024-10-09T01:30Z,2024-10-09T02:00Z,82,84,low
2024-10-09T02:00Z,2024-10-09T02:30Z,84,82,low
2024-10-09T02:30Z,2024-10-09T03:00Z,84,83,low
2024-10-09T03:00Z,2024-10-09T03:30Z,83,78,low
2024-10-09T03:30Z,2024-10-09T04:00Z,85,74,low
2024-10-09T04:00Z,2024-10-09T04:30Z,90,78,low
2024-10-09T04:30Z,2024-10-09T05:00Z,109,84,low
2024-10-09T05:00Z,2024-10-09T05:30Z,127,90,moderate
2024-10-09T05:30Z,2024-10-09T06:00Z,142,100,moderate
2024-10-09T06:00Z,2024-10-09T06:30Z,141,117,moderate
2024-10-09T06:30Z,2024-10-09T07:00Z,143,151,moderate
2024-10-09T07:00Z,2024-10-09T07:30Z,143,150,moderate
2024-10-09T07:30Z,2024-10-09T08:00Z,143,156,moderate
2024-10-09T08:00Z,2024-10-09T08:30Z,140,149,moderate
2024-10-09T08:30Z,2024-10-09T09:00Z,137,142,moderate
2024-10-09T09:00Z,2024-10-09T09:30Z,135,145,moderate
2024-10-09T09:30Z,2024-10-09T10:00Z,133,148,moderate
2024-10-09T10:00Z,2024-10-09T10:30Z,134,144,moderate
2024-10-09T10:30Z,2024-10-09T11:00Z,130,141,moderate
2024-10-09T11:00Z,2024-10-09T11:30Z,128,136,moderate
2024-10-09T11:30Z,2024-10-09T12:00Z,128,133,moderate
2024-10-09T12:00Z,2024-10-09T12:30Z,128,136,moderate
2024-10-09T12:30Z,2024-10-09T13:00Z,128,133,moderate
2024-10-09T13:00Z,2024-10-09T13:30Z,132,140,moderate
2024-10-09T13:30Z,2024-10-09T14:00Z,132,139,moderate
2024-10-09T14:00Z,2024-10-09T14:30Z,135,144,moderate
2024-10-09T14:30Z,2024-10-09T15:00Z,137,146,moderate
2024-10-09T15:00Z,2024-10-09T15:30Z,135,148,moderate
2024-10-09T15:30Z,2024-10-09T16:00Z,141,145,moderate
2024-10-09T16:00Z,2024-10-09T16:30Z,138,136,moderate
2024-10-09T16:30Z,2024-10-09T17:00Z,129,136,moderate
2024-10-09T17:00Z,2024-10-09T17:30Z,122,132,moderate
2024-10-09T17:30Z,2024-10-09T18:00Z,113,124,moderate
2024-10-09T18:00Z,2024-10-09T18:30Z,104,122,low
2024-10-09T18:30Z,2024-10-09T19:00Z,88,107,low
2024-10-09T19:00Z,2024-10-09T19:30Z,73,110,low
2024-10-09T19:30Z,2024-10-09T20:00Z,61,92,low
2024-10-09T20:00Z,2024-10-09T20:30Z,51,77,low
2024-10-09T20:30Z,2024-10-09T21:00Z,52,66,low
2024-10-09T21:00Z,2024-10-09T21:30Z,55,57,low
2024-10-09T21:30Z,2024-10-09T22:00Z,64,53,low
2024-10-09T22:00Z,2024-10-09T22:30Z,56,54,low
2024-10-09T22:30Z,2024-10-09T23:00Z,48,62,low
2024-10-09T23:00Z,2024-10-09T23:30Z,49,58,low
2024-10-09T23:30Z,2024-10-10T00:00Z,50,60,low
2024-10-10T00:00Z,2024-10-10T00:30Z,51,49,low
2024-10-10T00:30Z,2024-10-10T01:00Z,51,50,low
2024-10-10T01:00Z,2024-10-10T01:30Z,56,52,low
2024-10-10T01:30Z,2024-10-10T02:00Z,67,50,low
2024-10-10T02:00Z,2024-10-10T02:30Z,68,50,low
2024-10-10T02:30Z,2024-10-10T03:00Z,61,55,low
2024-10-10T03:00Z,2024-10-10T03:30Z,56,92,low
2024-10-10T03:30Z,2024-10-10T04:00Z,65,56,low
2024-10-10T04:00Z,2024-10-10T04:30Z,64,52,low
2024-10-10T04:30Z,2024-10-10T05:00Z,74,61,low
2024-10-10T05:00Z,2024-10-10T05:30Z,91,67,low
2024-10-10T05:30Z,2024-10-10T06:00Z,111,73,moderate
2024-10-10T06:00Z,2024-10-10T06:30Z,120,90,moderate
2024-10-10T06:30Z,2024-10-10T07:00Z,126,96,moderate
2024-10-10T07:00Z,2024-10-10T07:30Z,126,96,moderate
2024-10-10T07:30Z,2024-10-10T08:00Z,125,101,moderate
2024-10-10T08:00Z,2024-10-10T08:30Z,125,102,moderate
2024-10-10T08:30Z,2024-10-10T09:00Z,126,109,moderate
2024-10-10T09:00Z,2024-10-10T09:30Z,129,112,moderate
2024-10-10T09:30Z,2024-10-10T10:00Z,129,129,moderate
2024-10-10T10:00Z,2024-10-10T10:30Z,127,129,moderate
2024-10-10T10:30Z,2024-10-10T11:00Z,122,120,moderate
2024-10-10T11:00Z,2024-10-10T11:30Z,118,121,moderate
2024-10-10T11:30Z,2024-10-10T12:00Z,121,119,moderate
2024-10-10T12:00Z,2024-10-10T12:30Z,122,117,moderate
2024-10-10T12:30Z,2024-10-10T13:00Z,122,117,moderate
2024-10-10T13:00Z,2024-10-10T13:30Z,131,120,moderate
2024-10-10T13:30Z,2024-10-10T14:00Z,139,123,moderate
2024-10-10T14:00Z,2024-10-10T14:30Z,151,132,moderate
2024-10-10T14:30Z,2024-10-10T15:00Z,160,142,moderate
2024-10-10T15:00Z,2024-10-10T15:30Z,167,154,moderate
2024-10-10T15:30Z,2024-10-10T16:00Z,172,170,moderate
2024-10-10T16:00Z,2024-10-10T16:30Z,174,174,moderate
2024-10-10T16:30Z,2024-10-10T17:00Z,180,173,moderate
2024-10-10T17:00Z,2024-10-10T17:30Z,186,176,moderate
2024-10-10T17:30Z,2024-10-10T18:00Z,185,176,moderate
2024-10-10T18:00Z,2024-10-10T18:30Z,181,181,moderate
2024-10-10T18:30Z,2024-10-10T19:00Z,184,180,moderate
2024-10-10T19:00Z,2024-10-10T19:30Z,184,167,moderate
2024-10-10T19:30Z,2024-10-10T20:00Z,172,178,moderate
2024-10-10T20:00Z,2024-10-10T20:30Z,164,167,moderate
2024-10-10T20:30Z,2024-10-10T21:00Z,154,156,moderate
2024-10-10T21:00Z,2024-10-10T21:30Z,148,140,moderate
2024-10-10T21:30Z,2024-10-10T22:00Z,133,138,moderate
2024-10-10T22:00Z,2024-10-10T22:30Z,119,130,moderate
2024-10-10T22:30Z,2024-10-10T23:00Z,113,122,moderate
2024-10-10T23:00Z,2024-10-10T23:30Z,113,121,moderate
2024-10-10T23:30Z,2024-10-11T00:00Z,113,119,moderate
2024-10-11T00:00Z,2024-10-11T00:30Z,109,105,low
2024-10-11T00:30Z,2024-10-11T01:00Z,113,107,moderate
2024-10-11T01:00Z,2024-10-11T01:30Z,107,103,low
2024-10-11T01:30Z,2024-10-11T02:00Z,102,105,low
2024-10-11T02:00Z,2024-10-11T02:30Z,102,105,low
2024-10-11T02:30Z,2024-10-11T03:00Z,102,104,low
2024-10-11T03:00Z,2024-10-11T03:30Z,105,103,low
2024-10-11T03:30Z,2024-10-11T04:00Z,117,104,moderate
2024-10-11T04:00Z,2024-10-11T04:30Z,130,108,moderate
2024-10-11T04:30Z,2024-10-11T05:00Z,148,118,moderate
2024-10-11T05:00Z,2024-10-11T05:30Z,175,130,moderate
2024-10-11T05:30Z,2024-10-11T06:00Z,181,146,moderate
2024-10-11T06:00Z,2024-10-11T06:30Z,184,176,moderate
2024-10-11T06:30Z,2024-10-11T07:00Z,183,190,moderate
2024-10-11T07:00Z,2024-10-11T07:30Z,180,190,moderate
2024-10-11T07:30Z,2024-10-11T08:00Z,175,187,moderate
2024-10-11T08:00Z,2024-10-11T08:30Z,165,171,moderate
2024-10-11T08:30Z,2024-10-11T09:00Z,153,161,moderate
2024-10-11T09:00Z,2024-10-11T09:30Z,143,155,moderate
2024-10-11T09:30Z,2024-10-11T10:00Z,136,146,moderate
2024-10-11T10:00Z,2024-10-11T10:30Z,129,137,moderate
2024-10-11T10:30Z,2024-10-11T11:00Z,122,135,moderate
2024-10-11T11:00Z,2024-10-11T11:30Z,118,128,moderate
2024-10-11T11:30Z,2024-10-11T12:00Z,121,126,moderate
2024-10-11T12:00Z,2024-10-11T12:30Z,124,118,moderate
2024-10-11T12:30Z,2024-10-11T13:00Z,129,120,moderate
2024-10-11T13:00Z,2024-10-11T13:30Z,136,130,moderate
2024-10-11T13:30Z,2024-10-11T14:00Z,151,130,moderate
2024-10-11T14:00Z,2024-10-11T14:30Z,167,135,moderate
2024-10-11T14:30Z,2024-10-11T15:00Z,177,152,moderate
2024-10-11T15:00Z,2024-10-11T15:30Z,190,172,high
2024-10-11T15:30Z,2024-10-11T16:00Z,203,186,high
2024-10-11T16:00Z,2024-10-11T16:30Z,208,198,high
2024-10-11T16:30Z,2024-10-11T17:00Z,214,209,high
2024-10-11T17:00Z,2024-10-11T17:30Z,216,204,high
2024-10-11T17:30Z,2024-10-11T18:00Z,215,211,high
2024-10-11T18:00Z,2024-10-11T18:30Z,211,205,high
2024-10-11T18:30Z,2024-10-11T19:00Z,206,201,high
2024-10-11T19:00Z,2024-10-11T19:30Z,196,196,high
2024-10-11T19:30Z,2024-10-11T20:00Z,180,187,moderate
2024-10-11T20:00Z,2024-10-11T20:30Z,168,178,moderate
2024-10-11T20:30Z,2024-10-11T21:00Z,155,175,moderate
2024-10-11T21:00Z,2024-10-11T21:30Z,146,170,moderate
2024-10-11T21:30Z,2024-10-11T22:00Z,124,160,moderate
2024-10-11T22:00Z,2024-10-11T22:30Z,119,147,moderate
2024-10-11T22:30Z,2024-10-11T23:00Z,119,121,moderate
2024-10-11T23:00Z,2024-10-11T23:30Z,116,122,moderate
2024-10-11T23:30Z,2024-10-12T00:00Z,116,123,moderate
2024-10-12T00:00Z,2024-10-12T00:30Z,110,109,moderate
2024-10-12T00:30Z,2024-10-12T01:00Z,111,109,moderate
2024-10-12T01:00Z,2024-10-12T01:30Z,105,102,low
2024-10-12T01:30Z,2024-10-12T02:00Z,101,102,low
2024-10-12T02:00Z,2024-10-12T02:30Z,95,97,low
2024-10-12T02:30Z,2024-10-12T03:00Z,90,94,low
2024-10-12T03:00Z,2024-10-12T03:30Z,85,86,low
2024-10-12T03:30Z,2024-10-12T04:00Z,75,79,low
2024-10-12T04:00Z,2024-10-12T04:30Z,74,77,low
2024-10-12T04:30Z,2024-10-12T05:00Z,77,70,low
2024-10-12T05:00Z,2024-10-12T05:30Z,84,71,low
2024-10-12T05:30Z,2024-10-12T06:00Z,98,73,low
2024-10-12T06:00Z,2024-10-12T06:30Z,107,78,low
2024-10-12T06:30Z,2024-10-12T07:00Z,118,90,moderate
2024-10-12T07:00Z,2024-10-12T07:30Z,120,102,moderate
2024-10-12T07:30Z,2024-10-12T08:00Z,121,107,moderate
2024-10-12T08:00Z,2024-10-12T08:30Z,116,115,moderate
2024-10-12T08:30Z,2024-10-12T09:00Z,115,113,moderate
2024-10-12T09:00Z,2024-10-12T09:30Z,104,110,low
2024-10-12T09:30Z,2024-10-12T10:00Z,86,110,low
2024-10-12T10:00Z,2024-10-12T10:30Z,75,108,low
2024-10-12T10:30Z,2024-10-12T11:00Z,73,90,low
2024-10-12T11:00Z,2024-10-12T11:30Z,65,77,low
2024-10-12T11:30Z,2024-10-12T12:00Z,65,73,low
2024-10-12T12:00Z,2024-10-12T12:30Z,61,74,low
2024-10-12T12:30Z,2024-10-12T13:00Z,56,74,low
2024-10-12T13:00Z,2024-10-12T13:30Z,55,61,low
2024-10-12T13:30Z,2024-10-12T14:00Z,51,53,low
2024-10-12T14:00Z,2024-10-12T14:30Z,54,61,low
2024-10-12T14:30Z,2024-10-12T15:00Z,61,54,low
2024-10-12T15:00Z,2024-10-12T15:30Z,66,56,low
2024-10-12T15:30Z,2024-10-12T16:00Z,73,64,low
2024-10-12T16:00Z,2024-10-12T16:30Z,73,66,low
2024-10-12T16:30Z,2024-10-12T17:00Z,89,83,low
2024-10-12T17:00Z,2024-10-12T17:30Z,92,82,low
2024-10-12T17:30Z,2024-10-12T18:00Z,92,91,low
2024-10-12T18:00Z,2024-10-12T18:30Z,89,94,low
2024-10-12T18:30Z,2024-10-12T19:00Z,76,100,low
2024-10-12T19:00Z,2024-10-12T19:30Z,68,93,low
2024-10-12T19:30Z,2024-10-12T20:00Z,69,84,low
2024-10-12T20:00Z,2024-10-12T20:30Z,63,74,low
2024-10-12T20:30Z,2024-10-12T21:00Z,61,67,low
2024-10-12T21:00Z,2024-10-12T21:30Z,59,44,low
2024-10-12T21:30Z,2024-10-12T22:00Z,59,51,low
2024-10-12T22:00Z,2024-10-12T22:30Z,54,53,low
2024-10-12T22:30Z,2024-10-12T23:00Z,53,58,low
2024-10-12T23:00Z,2024-10-12T23:30Z,51,62,low
2024-10-12T23:30Z,2024-10-13T00:00Z,50,64,low
2024-10-13T00:00Z,2024-10-13T00:30Z,54,54,low
2024-10-13T00:30Z,2024-10-13T01:00Z,54,52,low
2024-10-13T01:00Z,2024-10-13T01:30Z,55,56,low
2024-10-13T01:30Z,2024-10-13T02:00Z,54,57,low
2024-10-13T02:00Z,2024-10-13T02:30Z,55,59,low
2024-10-13T02:30Z,2024-10-13T03:00Z,55,56,low
2024-10-13T03:00Z,2024-10-13T03:30Z,56,58,low
2024-10-13T03:30Z,2024-10-13T04:00Z,61,56,low
2024-10-13T04:00Z,2024-10-13T04:30Z,62,57,low
2024-10-13T04:30Z,2024-10-13T05:00Z,74,59,low
2024-10-13T05:00Z,2024-10-13T05:30Z,81,66,low
2024-10-13T05:30Z,2024-10-13T06:00Z,92,77,low
2024-10-13T06:00Z,2024-10-13T06:30Z,114,82,moderate
2024-10-13T06:30Z,2024-10-13T07:00Z,127,99,moderate
2024-10-13T07:00Z,2024-10-13T07:30Z,137,115,moderate
2024-10-13T07:30Z,2024-10-13T08:00Z,154,128,moderate
2024-10-13T08:00Z,2024-10-13T08:30Z,167,145,moderate
2024-10-13T08:30Z,2024-10-13T09:00Z,173,154,moderate
2024-10-13T09:00Z,2024-10-13T09:30Z,179,171,moderate
2024-10-13T09:30Z,2024-10-13T10:00Z,184,182,moderate
2024-10-13T10:00Z,2024-10-13T10:30Z,187,182,moderate
2024-10-13T10:30Z,2024-10-13T11:00Z,184,185,moderate
2024-10-13T11:00Z,2024-10-13T11:30Z,189,197,moderate
2024-10-13T11:30Z,2024-10-13T12:00Z,197,196,high
2024-10-13T12:00Z,2024-10-13T12:30Z,201,196,high
2024-10-13T12:30Z,2024-10-13T13:00Z,210,210,high
2024-10-13T13:00Z,2024-10-13T13:30Z,217,209,high
2024-10-13T13:30Z,2024-10-13T14:00Z,225,220,high
2024-10-13T14:00Z,2024-10-13T14:30Z,232,224,high
2024-10-13T14:30Z,2024-10-13T15:00Z,239,235,high
2024-10-13T15:00Z,2024-10-13T15:30Z,241,239,high
2024-10-13T15:30Z,2024-10-13T16:00Z,247,242,high
2024-10-13T16:00Z,2024-10-13T16:30Z,251,241,high
2024-10-13T16:30Z,2024-10-13T17:00Z,247,242,high
2024-10-13T17:00Z,2024-10-13T17:30Z,247,254,high
2024-10-13T17:30Z,2024-10-13T18:00Z,249,246,high
2024-10-13T18:00Z,2024-10-13T18:30Z,251,245,high
2024-10-13T18:30Z,2024-10-13T19:00Z,254,246,high
2024-10-13T19:00Z,2024-10-13T19:30Z,253,244,high
2024-10-13T19:30Z,2024-10-13T20:00Z,242,247,high
2024-10-13T20:00Z,2024-10-13T20:30Z,231,241,high
2024-10-13T20:30Z,2024-10-13T21:00Z,214,223,high
2024-10-13T21:00Z,2024-10-13T21:30Z,201,211,high
2024-10-13T21:30Z,2024-10-13T22:00Z,185,191,moderate
2024-10-13T22:00Z,2024-10-13T22:30Z,172,174,moderate
2024-10-13T22:30Z,2024-10-13T23:00Z,168,166,moderate
2024-10-13T23:00Z,2024-10-13T23:30Z,167,161,moderate
2024-10-13T23:30Z,2024-10-14T00:00Z,170,154,moderate
2024-10-14T00:00Z,2024-10-14T00:30Z,172,157,moderate
2024-10-14T00:30Z,2024-10-14T01:00Z,171,159,moderate
2024-10-14T01:00Z,2024-10-14T01:30Z,168,176,moderate
2024-10-14T01:30Z,2024-10-14T02:00Z,168,179,moderate
2024-10-14T02:00Z,2024-10-14T02:30Z,167,163,moderate
2024-10-14T02:30Z,2024-10-14T03:00Z,168,163,moderate
2024-10-14T03:00Z,2024-10-14T03:30Z,167,163,moderate
2024-10-14T03:30Z,2024-10-14T04:00Z,173,165,moderate
2024-10-14T04:00Z,2024-10-14T04:30Z,190,170,high
2024-10-14T04:30Z,2024-10-14T05:00Z,226,184,high
2024-10-14T05:00Z,2024-10-14T05:30Z,240,216,high
2024-10-14T05:30Z,2024-10-14T06:00Z,246,236,high
2024-10-14T06:00Z,2024-10-14T06:30Z,247,249,high
2024-10-14T06:30Z,2024-10-14T07:00Z,252,246,high
2024-10-14T07:00Z,2024-10-14T07:30Z,248,250,high
2024-10-14T07:30Z,2024-10-14T08:00Z,243,252,high
2024-10-14T08:00Z,2024-10-14T08:30Z,242,247,high
2024-10-14T08:30Z,2024-10-14T09:00Z,240,241,high
2024-10-14T09:00Z,2024-10-14T09:30Z,239,240,high
2024-10-14T09:30Z,2024-10-14T10:00Z,237,240,high
2024-10-14T10:00Z,2024-10-14T10:30Z,234,241,high
2024-10-14T10:30Z,2024-10-14T11:00Z,232,237,high
2024-10-14T11:00Z,2024-10-14T11:30Z,233,232,high
2024-10-14T11:30Z,2024-10-14T12:00Z,231,230,high
2024-10-14T12:00Z,2024-10-14T12:30Z,235,233,high
2024-10-14T12:30Z,2024-10-14T13:00Z,239,234,high
2024-10-14T13:00Z,2024-10-14T13:30Z,245,236,high
2024-10-14T13:30Z,2024-10-14T14:00Z,243,243,high
2024-10-14T14:00Z,2024-10-14T14:30Z,243,247,high
2024-10-14T14:30Z,2024-10-14T15:00Z,242,243,high
2024-10-14T15:00Z,2024-10-14T15:30Z,245,245,high
2024-10-14T15:30Z,2024-10-14T16:00Z,249,247,high
2024-10-14T16:00Z,2024-10-14T16:30Z,251,252,high
2024-10-14T16:30Z,2024-10-14T17:00Z,251,253,high
2024-10-14T17:00Z,2024-10-14T17:30Z,252,252,high
2024-10-14T17:30Z,2024-10-14T18:00Z,248,250,high
2024-10-14T18:00Z,2024-10-14T18:30Z,247,249,high
2024-10-14T18:30Z,2024-10-14T19:00Z,250,247,high
2024-10-14T19:00Z,2024-10-14T19:30Z,246,252,high
2024-10-14T19:30Z,2024-10-14T20:00Z,239,247,high
2024-10-14T20:00Z,2024-10-14T20:30Z,225,234,high
2024-10-14T20:30Z,2024-10-14T21:00Z,211,222,high
2024-10-14T21:00Z,2024-10-14T21:30Z,190,222,high
2024-10-14T21:30Z,2024-10-14T22:00Z,167,214,moderate
2024-10-14T22:00Z,2024-10-14T22:30Z,147,207,moderate
2024-10-14T22:30Z,2024-10-14T23:00Z,137,167,moderate
2024-10-14T23:00Z,2024-10-14T23:30Z,131,174,moderate
2024-10-14T23:30Z,2024-10-15T00:00Z,127,169,moderate
2024-10-15T00:00Z,2024-10-15T00:30Z,123,142,moderate
2024-10-15T00:30Z,2024-10-15T01:00Z,111,140,moderate
2024-10-15T01:00Z,2024-10-15T01:30Z,105,138,low
2024-10-15T01:30Z,2024-10-15T02:00Z,104,128,low
2024-10-15T02:00Z,2024-10-15T02:30Z,104,112,low
2024-10-15T02:30Z,2024-10-15T03:00Z,105,104,low
2024-10-15T03:00Z,2024-10-15T03:30Z,103,105,low
2024-10-15T03:30Z,2024-10-15T04:00Z,117,109,moderate
2024-10-15T04:00Z,2024-10-15T04:30Z,129,111,moderate
2024-10-15T04:30Z,2024-10-15T05:00Z,157,123,moderate
2024-10-15T05:00Z,2024-10-15T05:30Z,164,131,moderate
2024-10-15T05:30Z,2024-10-15T06:00Z,161,159,moderate
2024-10-15T06:00Z,2024-10-15T06:30Z,166,163,moderate
2024-10-15T06:30Z,2024-10-15T07:00Z,169,165,moderate
2024-10-15T07:00Z,2024-10-15T07:30Z,167,159,moderate
2024-10-15T07:30Z,2024-10-15T08:00Z,155,162,moderate
2024-10-15T08:00Z,2024-10-15T08:30Z,154,160,moderate
2024-10-15T08:30Z,2024-10-15T09:00Z,153,157,moderate
2024-10-15T09:00Z,2024-10-15T09:30Z,145,157,moderate
2024-10-15T09:30Z,2024-10-15T10:00Z,139,156,moderate
2024-10-15T10:00Z,2024-10-15T10:30Z,136,151,moderate
2024-10-15T10:30Z,2024-10-15T11:00Z,135,145,moderate
2024-10-15T11:00Z,2024-10-15T11:30Z,133,141,moderate
2024-10-15T11:30Z,2024-10-15T12:00Z,133,142,moderate
2024-10-15T12:00Z,2024-10-15T12:30Z,133,137,moderate
2024-10-15T12:30Z,2024-10-15T13:00Z,135,135,moderate
2024-10-15T13:00Z,2024-10-15T13:30Z,135,134,moderate
2024-10-15T13:30Z,2024-10-15T14:00Z,135,132,moderate
2024-10-15T14:00Z,2024-10-15T14:30Z,137,135,moderate
2024-10-15T14:30Z,2024-10-15T15:00Z,144,134,moderate
2024-10-15T15:00Z,2024-10-15T15:30Z,149,134,moderate
2024-10-15T15:30Z,2024-10-15T16:00Z,152,140,moderate
2024-10-15T16:00Z,2024-10-15T16:30Z,154,148,moderate
2024-10-15T16:30Z,2024-10-15T17:00Z,155,152,moderate
2024-10-15T17:00Z,2024-10-15T17:30Z,152,162,moderate
2024-10-15T17:30Z,2024-10-15T18:00Z,144,148,moderate
2024-10-15T18:00Z,2024-10-15T18:30Z,134,147,moderate
2024-10-15T18:30Z,2024-10-15T19:00Z,118,141,moderate
2024-10-15T19:00Z,2024-10-15T19:30Z,102,134,low
2024-10-15T19:30Z,2024-10-15T20:00Z,89,116,low
2024-10-15T20:00Z,2024-10-15T20:30Z,79,98,low
2024-10-15T20:30Z,2024-10-15T21:00Z,71,84,low
2024-10-15T21:00Z,2024-10-15T21:30Z,69,74,low
2024-10-15T21:30Z,2024-10-15T22:00Z,67,62,low
2024-10-15T22:00Z,2024-10-15T22:30Z,63,62,low
2024-10-15T22:30Z,2024-10-15T23:00Z,68,65,low
2024-10-15T23:00Z,2024-10-15T23:30Z,62,62,low
2024-10-15T23:30Z,2024-10-16T00:00Z,61,63,low
2024-10-16T00:00Z,2024-10-16T00:30Z,61,63,low
2024-10-16T00:30Z,2024-10-16T01:00Z,64,61,low
2024-10-16T01:00Z,2024-10-16T01:30Z,64,62,low
2024-10-16T01:30Z,2024-10-16T02:00Z,63,60,low
2024-10-16T02:00Z,2024-10-16T02:30Z,63,64,low
2024-10-16T02:30Z,2024-10-16T03:00Z,65,64,low
2024-10-16T03:00Z,2024-10-16T03:30Z,66,65,low
2024-10-16T03:30Z,2024-10-16T04:00Z,69,65,low
2024-10-16T04:00Z,2024-10-16T04:30Z,73,64,low
2024-10-16T04:30Z,2024-10-16T05:00Z,79,67,low
2024-10-16T05:00Z,2024-10-16T05:30Z,87,84,low
2024-10-16T05:30Z,2024-10-16T06:00Z,101,85,low
2024-10-16T06:00Z,2024-10-16T06:30Z,111,80,moderate
2024-10-16T06:30Z,2024-10-16T07:00Z,117,84,moderate
2024-10-16T07:00Z,2024-10-16T07:30Z,122,90,moderate
2024-10-16T07:30Z,2024-10-16T08:00Z,127,103,moderate
2024-10-16T08:00Z,2024-10-16T08:30Z,131,119,moderate
2024-10-16T08:30Z,2024-10-16T09:00Z,134,113,moderate
2024-10-16T09:00Z,2024-10-16T09:30Z,138,115,moderate
2024-10-16T09:30Z,2024-10-16T10:00Z,144,121,moderate
2024-10-16T10:00Z,2024-10-16T10:30Z,149,137,moderate
2024-10-16T10:30Z,2024-10-16T11:00Z,151,142,moderate
2024-10-16T11:00Z,2024-10-16T11:30Z,157,143,moderate
2024-10-16T11:30Z,2024-10-16T12:00Z,156,151,moderate
2024-10-16T12:00Z,2024-10-16T12:30Z,157,154,moderate
2024-10-16T12:30Z,2024-10-16T13:00Z,164,156,moderate
2024-10-16T13:00Z,2024-10-16T13:30Z,166,154,moderate
2024-10-16T13:30Z,2024-10-16T14:00Z,166,161,moderate
2024-10-16T14:00Z,2024-10-16T14:30Z,174,163,moderate
2024-10-16T14:30Z,2024-10-16T15:00Z,179,168,moderate
2024-10-16T15:00Z,2024-10-16T15:30Z,183,173,moderate
2024-10-16T15:30Z,2024-10-16T16:00Z,185,178,moderate
2024-10-16T16:00Z,2024-10-16T16:30Z,185,180,moderate
2024-10-16T16:30Z,2024-10-16T17:00Z,185,181,moderate
2024-10-16T17:00Z,2024-10-16T17:30Z,185,182,moderate
2024-10-16T17:30Z,2024-10-16T18:00Z,184,178,moderate
2024-10-16T18:00Z,2024-10-16T18:30Z,176,176,moderate
2024-10-16T18:30Z,2024-10-16T19:00Z,170,174,moderate
2024-10-16T19:00Z,2024-10-16T19:30Z,165,169,moderate
2024-10-16T19:30Z,2024-10-16T20:00Z,157,157,moderate
2024-10-16T20:00Z,2024-10-16T20:30Z,148,160,moderate
2024-10-16T20:30Z,2024-10-16T21:00Z,138,141,moderate
2024-10-16T21:00Z,2024-10-16T21:30Z,132,126,moderate
2024-10-16T21:30Z,2024-10-16T22:00Z,125,115,moderate
2024-10-16T22:00Z,2024-10-16T22:30Z,120,107,moderate
2024-10-16T22:30Z,2024-10-16T23:00Z,119,104,moderate
2024-10-16T23:00Z,2024-10-16T23:30Z,115,106,moderate
2024-10-16T23:30Z,2024-10-17T00:00Z,116,105,moderate
2024-10-17T00:00Z,2024-10-17T00:30Z,115,101,moderate
2024-10-17T00:30Z,2024-10-17T01:00Z,115,100,moderate
2024-10-17T01:00Z,2024-10-17T01:30Z,113,102,moderate
2024-10-17T01:30Z,2024-10-17T02:00Z,112,98,moderate
2024-10-17T02:00Z,2024-10-17T02:30Z,114,102,moderate
2024-10-17T02:30Z,2024-10-17T03:00Z,120,96,moderate
2024-10-17T03:00Z,2024-10-17T03:30Z,126,99,moderate
2024-10-17T03:30Z,2024-10-17T04:00Z,130,105,moderate
2024-10-17T04:00Z,2024-10-17T04:30Z,140,113,moderate
2024-10-17T04:30Z,2024-10-17T05:00Z,159,119,moderate
2024-10-17T05:00Z,2024-10-17T05:30Z,177,146,moderate
2024-10-17T05:30Z,2024-10-17T06:00Z,196,159,high
2024-10-17T06:00Z,2024-10-17T06:30Z,194,155,high
2024-10-17T06:30Z,2024-10-17T07:00Z,192,178,high
2024-10-17T07:00Z,2024-10-17T07:30Z,189,186,moderate
2024-10-17T07:30Z,2024-10-17T08:00Z,181,188,moderate
2024-10-17T08:00Z,2024-10-17T08:30Z,172,173,moderate
2024-10-17T08:30Z,2024-10-17T09:00Z,165,168,moderate
2024-10-17T09:00Z,2024-10-17T09:30Z,155,155,moderate
2024-10-17T09:30Z,2024-10-17T10:00Z,144,147,moderate
2024-10-17T10:00Z,2024-10-17T10:30Z,140,139,moderate
2024-10-17T10:30Z,2024-10-17T11:00Z,134,136,moderate
2024-10-17T11:00Z,2024-10-17T11:30Z,134,130,moderate
2024-10-17T11:30Z,2024-10-17T12:00Z,137,127,moderate
2024-10-17T12:00Z,2024-10-17T12:30Z,136,129,moderate
2024-10-17T12:30Z,2024-10-17T13:00Z,128,134,moderate
2024-10-17T13:00Z,2024-10-17T13:30Z,132,145,moderate
2024-10-17T13:30Z,2024-10-17T14:00Z,147,137,moderate
2024-10-17T14:00Z,2024-10-17T14:30Z,159,135,moderate
2024-10-17T14:30Z,2024-10-17T15:00Z,162,142,moderate
2024-10-17T15:00Z,2024-10-17T15:30Z,181,165,moderate
2024-10-17T15:30Z,2024-10-17T16:00Z,201,177,high
2024-10-17T16:00Z,2024-10-17T16:30Z,210,190,high
2024-10-17T16:30Z,2024-10-17T17:00Z,220,205,high
2024-10-17T17:00Z,2024-10-17T17:30Z,222,199,high
2024-10-17T17:30Z,2024-10-17T18:00Z,221,217,high
2024-10-17T18:00Z,2024-10-17T18:30Z,221,219,high
2024-10-17T18:30Z,2024-10-17T19:00Z,222,215,high
2024-10-17T19:00Z,2024-10-17T19:30Z,217,214,high
2024-10-17T19:30Z,2024-10-17T20:00Z,212,211,high
2024-10-17T20:00Z,2024-10-17T20:30Z,207,195,high
2024-10-17T20:30Z,2024-10-17T21:00Z,204,197,high
2024-10-17T21:00Z,2024-10-17T21:30Z,197,183,high
2024-10-17T21:30Z,2024-10-17T22:00Z,178,181,moderate
2024-10-17T22:00Z,2024-10-17T22:30Z,173,167,moderate
2024-10-17T22:30Z,2024-10-17T23:00Z,168,152,moderate
2024-10-17T23:00Z,2024-10-17T23:30Z,160,154,moderate
2024-10-17T23:30Z,2024-10-18T00:00Z,156,148,moderate
2024-10-18T00:00Z,2024-10-18T00:30Z,157,141,moderate
2024-10-18T00:30Z,2024-10-18T01:00Z,166,145,moderate
2024-10-18T01:00Z,2024-10-18T01:30Z,170,147,moderate
2024-10-18T01:30Z,2024-10-18T02:00Z,165,162,moderate
2024-10-18T02:00Z,2024-10-18T02:30Z,159,157,moderate
2024-10-18T02:30Z,2024-10-18T03:00Z,149,152,moderate
2024-10-18T03:00Z,2024-10-18T03:30Z,143,146,moderate
2024-10-18T03:30Z,2024-10-18T04:00Z,158,138,moderate
2024-10-18T04:00Z,2024-10-18T04:30Z,159,136,moderate
2024-10-18T04:30Z,2024-10-18T05:00Z,184,163,moderate
2024-10-18T05:00Z,2024-10-18T05:30Z,190,186,high
2024-10-18T05:30Z,2024-10-18T06:00Z,199,186,high
2024-10-18T06:00Z,2024-10-18T06:30Z,202,182,high
2024-10-18T06:30Z,2024-10-18T07:00Z,197,194,high
2024-10-18T07:00Z,2024-10-18T07:30Z,190,184,high
2024-10-18T07:30Z,2024-10-18T08:00Z,177,187,moderate
2024-10-18T08:00Z,2024-10-18T08:30Z,167,182,moderate
2024-10-18T08:30Z,2024-10-18T09:00Z,161,174,moderate
2024-10-18T09:00Z,2024-10-18T09:30Z,152,160,moderate
2024-10-18T09:30Z,2024-10-18T10:00Z,140,154,moderate
2024-10-18T10:00Z,2024-10-18T10:30Z,135,140,moderate
2024-10-18T10:30Z,2024-10-18T11:00Z,128,127,moderate
2024-10-18T11:00Z,2024-10-18T11:30Z,125,123,moderate
2024-10-18T11:30Z,2024-10-18T12:00Z,128,121,moderate
2024-10-18T12:00Z,2024-10-18T12:30Z,125,118,moderate
2024-10-18T12:30Z,2024-10-18T13:00Z,127,124,moderate
2024-10-18T13:00Z,2024-10-18T13:30Z,133,120,moderate
2024-10-18T13:30Z,2024-10-18T14:00Z,142,118,moderate
2024-10-18T14:00Z,2024-10-18T14:30Z,148,130,moderate
2024-10-18T14:30Z,2024-10-18T15:00Z,155,153,moderate
2024-10-18T15:00Z,2024-10-18T15:30Z,164,152,moderate
2024-10-18T15:30Z,2024-10-18T16:00Z,164,157,moderate
2024-10-18T16:00Z,2024-10-18T16:30Z,165,159,moderate
2024-10-18T16:30Z,2024-10-18T17:00Z,172,158,moderate
2024-10-18T17:00Z,2024-10-18T17:30Z,167,156,moderate
2024-10-18T17:30Z,2024-10-18T18:00Z,153,158,moderate
2024-10-18T18:00Z,2024-10-18T18:30Z,140,158,moderate
2024-10-18T18:30Z,2024-10-18T19:00Z,130,141,moderate
2024-10-18T19:00Z,2024-10-18T19:30Z,118,130,moderate
2024-10-18T19:30Z,2024-10-18T20:00Z,106,104,low
2024-10-18T20:00Z,2024-10-18T20:30Z,102,92,low
2024-10-18T20:30Z,2024-10-18T21:00Z,99,95,low
2024-10-18T21:00Z,2024-10-18T21:30Z,101,94,low
2024-10-18T21:30Z,2024-10-18T22:00Z,89,91,low
2024-10-18T22:00Z,2024-10-18T22:30Z,82,88,low
2024-10-18T22:30Z,2024-10-18T23:00Z,67,92,low
2024-10-18T23:00Z,2024-10-18T23:30Z,69,91,low
2024-10-18T23:30Z,2024-10-19T00:00Z,72,91,low
2024-10-19T00:00Z,2024-10-19T00:30Z,71,68,low
2024-10-19T00:30Z,2024-10-19T01:00Z,76,74,low
2024-10-19T01:00Z,2024-10-19T01:30Z,77,70,low
2024-10-19T01:30Z,2024-10-19T02:00Z,72,72,low
2024-10-19T02:00Z,2024-10-19T02:30Z,70,71,low
2024-10-19T02:30Z,2024-10-19T03:00Z,76,74,low
2024-10-19T03:00Z,2024-10-19T03:30Z,76,72,low
2024-10-19T03:30Z,2024-10-19T04:00Z,79,73,low
2024-10-19T04:00Z,2024-10-19T04:30Z,81,78,low
2024-10-19T04:30Z,2024-10-19T05:00Z,91,81,low
2024-10-19T05:00Z,2024-10-19T05:30Z,102,92,low
2024-10-19T05:30Z,2024-10-19T06:00Z,124,91,moderate
2024-10-19T06:00Z,2024-10-19T06:30Z,139,117,moderate
2024-10-19T06:30Z,2024-10-19T07:00Z,154,122,moderate
2024-10-19T07:00Z,2024-10-19T07:30Z,151,129,moderate
2024-10-19T07:30Z,2024-10-19T08:00Z,153,149,moderate
2024-10-19T08:00Z,2024-10-19T08:30Z,146,159,moderate
2024-10-19T08:30Z,2024-10-19T09:00Z,141,159,moderate
2024-10-19T09:00Z,2024-10-19T09:30Z,132,148,moderate
2024-10-19T09:30Z,2024-10-19T10:00Z,123,144,moderate
2024-10-19T10:00Z,2024-10-19T10:30Z,114,138,moderate
2024-10-19T10:30Z,2024-10-19T11:00Z,105,128,low
2024-10-19T11:00Z,2024-10-19T11:30Z,105,118,low
2024-10-19T11:30Z,2024-10-19T12:00Z,97,109,low
2024-10-19T12:00Z,2024-10-19T12:30Z,92,109,low
2024-10-19T12:30Z,2024-10-19T13:00Z,96,107,low
2024-10-19T13:00Z,2024-10-19T13:30Z,95,95,low
2024-10-19T13:30Z,2024-10-19T14:00Z,103,85,low
2024-10-19T14:00Z,2024-10-19T14:30Z,129,93,moderate
2024-10-19T14:30Z,2024-10-19T15:00Z,151,113,moderate
2024-10-19T15:00Z,2024-10-19T15:30Z,177,143,moderate
2024-10-19T15:30Z,2024-10-19T16:00Z,190,170,high
2024-10-19T16:00Z,2024-10-19T16:30Z,207,203,high
2024-10-19T16:30Z,2024-10-19T17:00Z,220,216,high
2024-10-19T17:00Z,2024-10-19T17:30Z,222,223,high
2024-10-19T17:30Z,2024-10-19T18:00Z,219,227,high
2024-10-19T18:00Z,2024-10-19T18:30Z,213,222,high
2024-10-19T18:30Z,2024-10-19T19:00Z,213,224,high
2024-10-19T19:00Z,2024-10-19T19:30Z,211,218,high
2024-10-19T19:30Z,2024-10-19T20:00Z,206,215,high
2024-10-19T20:00Z,2024-10-19T20:30Z,196,204,high
2024-10-19T20:30Z,2024-10-19T21:00Z,185,190,moderate
2024-10-19T21:00Z,2024-10-19T21:30Z,159,196,moderate
2024-10-19T21:30Z,2024-10-19T22:00Z,127,159,moderate
2024-10-19T22:00Z,2024-10-19T22:30Z,114,148,moderate
2024-10-19T22:30Z,2024-10-19T23:00Z,104,126,low
2024-10-19T23:00Z,2024-10-19T23:30Z,97,119,low
2024-10-19T23:30Z,2024-10-20T00:00Z,89,108,low
2024-10-20T00:00Z,2024-10-20T00:30Z,91,100,low
2024-10-20T00:30Z,2024-10-20T01:00Z,87,92,low
2024-10-20T01:00Z,2024-10-20T01:30Z,80,87,low
2024-10-20T01:30Z,2024-10-20T02:00Z,87,85,low
2024-10-20T02:00Z,2024-10-20T02:30Z,87,83,low
2024-10-20T02:30Z,2024-10-20T03:00Z,91,81,low
2024-10-20T03:00Z,2024-10-20T03:30Z,93,84,low
2024-10-20T03:30Z,2024-10-20T04:00Z,95,87,low
2024-10-20T04:00Z,2024-10-20T04:30Z,90,91,low
2024-10-20T04:30Z,2024-10-20T05:00Z,84,94,low
2024-10-20T05:00Z,2024-10-20T05:30Z,82,93,low
2024-10-20T05:30Z,2024-10-20T06:00Z,81,93,low
2024-10-20T06:00Z,2024-10-20T06:30Z,83,81,low
2024-10-20T06:30Z,2024-10-20T07:00Z,84,79,low
2024-10-20T07:00Z,2024-10-20T07:30Z,84,75,low
2024-10-20T07:30Z,2024-10-20T08:00Z,82,77,low
2024-10-20T08:00Z,2024-10-20T08:30Z,79,76,low
2024-10-20T08:30Z,2024-10-20T09:00Z,75,74,low
2024-10-20T09:00Z,2024-10-20T09:30Z,74,72,low
2024-10-20T09:30Z,2024-10-20T10:00Z,71,71,low
2024-10-20T10:00Z,2024-10-20T10:30Z,69,75,low
2024-10-20T10:30Z,2024-10-20T11:00Z,69,69,low
2024-10-20T11:00Z,2024-10-20T11:30Z,69,68,low
2024-10-20T11:30Z,2024-10-20T12:00Z,66,66,low
2024-10-20T12:00Z,2024-10-20T12:30Z,63,71,low
2024-10-20T12:30Z,2024-10-20T13:00Z,62,69,low
2024-10-20T13:00Z,2024-10-20T13:30Z,55,64,low
2024-10-20T13:30Z,2024-10-20T14:00Z,56,62,low
2024-10-20T14:00Z,2024-10-20T14:30Z,58,56,low
2024-10-20T14:30Z,2024-10-20T15:00Z,62,54,low
2024-10-20T15:00Z,2024-10-20T15:30Z,69,57,low
2024-10-20T15:30Z,2024-10-20T16:00Z,82,57,low
2024-10-20T16:00Z,2024-10-20T16:30Z,91,63,low
2024-10-20T16:30Z,2024-10-20T17:00Z,95,72,low
2024-10-20T17:00Z,2024-10-20T17:30Z,94,75,low
2024-10-20T17:30Z,2024-10-20T18:00Z,91,76,low
2024-10-20T18:00Z,2024-10-20T18:30Z,83,71,low
2024-10-20T18:30Z,2024-10-20T19:00Z,80,65,low
2024-10-20T19:00Z,2024-10-20T19:30Z,79,63,low
2024-10-20T19:30Z,2024-10-20T20:00Z,79,54,low
2024-10-20T20:00Z,2024-10-20T20:30Z,73,65,low
2024-10-20T20:30Z,2024-10-20T21:00Z,71,68,low
2024-10-20T21:00Z,2024-10-20T21:30Z,65,60,low
2024-10-20T21:30Z,2024-10-20T22:00Z,69,66,low
2024-10-20T22:00Z,2024-10-20T22:30Z,68,58,low
2024-10-20T22:30Z,2024-10-20T23:00Z,73,65,low
2024-10-20T23:00Z,2024-10-20T23:30Z,74,61,low
2024-10-20T23:30Z,2024-10-21T00:00Z,71,59,low
2024-10-21T00:00Z,2024-10-21T00:30Z,67,69,low
2024-10-21T00:30Z,2024-10-21T01:00Z,64,69,low
2024-10-21T01:00Z,2024-10-21T01:30Z,64,64,low
2024-10-21T01:30Z,2024-10-21T02:00Z,65,57,low
2024-10-21T02:00Z,2024-10-21T02:30Z,67,64,low
2024-10-21T02:30Z,2024-10-21T03:00Z,70,64,low
2024-10-21T03:00Z,2024-10-21T03:30Z,70,66,low
2024-10-21T03:30Z,2024-10-21T04:00Z,68,70,low
2024-10-21T04:00Z,2024-10-21T04:30Z,72,70,low
2024-10-21T04:30Z,2024-10-21T05:00Z,82,68,low
2024-10-21T05:00Z,2024-10-21T05:30Z,94,79,low
2024-10-21T05:30Z,2024-10-21T06:00Z,100,88,low
2024-10-21T06:00Z,2024-10-21T06:30Z,109,96,low
2024-10-21T06:30Z,2024-10-21T07:00Z,119,104,moderate
2024-10-21T07:00Z,2024-10-21T07:30Z,122,109,moderate
2024-10-21T07:30Z,2024-10-21T08:00Z,119,110,moderate
2024-10-21T08:00Z,2024-10-21T08:30Z,118,113,moderate
2024-10-21T08:30Z,2024-10-21T09:00Z,115,110,moderate
2024-10-21T09:00Z,2024-10-21T09:30Z,111,109,moderate
2024-10-21T09:30Z,2024-10-21T10:00Z,111,112,moderate
2024-10-21T10:00Z,2024-10-21T10:30Z,111,102,moderate
2024-10-21T10:30Z,2024-10-21T11:00Z,109,100,low
2024-10-21T11:00Z,2024-10-21T11:30Z,108,103,low
2024-10-21T11:30Z,2024-10-21T12:00Z,112,105,moderate
2024-10-21T12:00Z,2024-10-21T12:30Z,114,109,moderate
2024-10-21T12:30Z,2024-10-21T13:00Z,116,106,moderate
2024-10-21T13:00Z,2024-10-21T13:30Z,121,113,moderate
2024-10-21T13:30Z,2024-10-21T14:00Z,135,115,moderate
2024-10-21T14:00Z,2024-10-21T14:30Z,146,124,moderate
2024-10-21T14:30Z,2024-10-21T15:00Z,158,122,moderate
2024-10-21T15:00Z,2024-10-21T15:30Z,161,147,moderate
2024-10-21T15:30Z,2024-10-21T16:00Z,163,159,moderate
2024-10-21T16:00Z,2024-10-21T16:30Z,169,166,moderate
2024-10-21T16:30Z,2024-10-21T17:00Z,179,171,moderate
2024-10-21T17:00Z,2024-10-21T17:30Z,178,174,moderate
2024-10-21T17:30Z,2024-10-21T18:00Z,172,176,moderate
2024-10-21T18:00Z,2024-10-21T18:30Z,169,170,moderate
2024-10-21T18:30Z,2024-10-21T19:00Z,164,163,moderate
2024-10-21T19:00Z,2024-10-21T19:30Z,161,164,moderate
2024-10-21T19:30Z,2024-10-21T20:00Z,148,151,moderate
2024-10-21T20:00Z,2024-10-21T20:30Z,135,157,moderate
2024-10-21T20:30Z,2024-10-21T21:00Z,115,143,moderate
2024-10-21T21:00Z,2024-10-21T21:30Z,104,142,low
2024-10-21T21:30Z,2024-10-21T22:00Z,95,119,low
2024-10-21T22:00Z,2024-10-21T22:30Z,87,105,low
2024-10-21T22:30Z,2024-10-21T23:00Z,86,97,low
2024-10-21T23:00Z,2024-10-21T23:30Z,84,80,low
2024-10-21T23:30Z,2024-10-22T00:00Z,86,94,low
2024-10-22T00:00Z,2024-10-22T00:30Z,85,81,low
2024-10-22T00:30Z,2024-10-22T01:00Z,81,85,low
2024-10-22T01:00Z,2024-10-22T01:30Z,77,82,low
2024-10-22T01:30Z,2024-10-22T02:00Z,77,80,low
2024-10-22T02:00Z,2024-10-22T02:30Z,76,78,low
2024-10-22T02:30Z,2024-10-22T03:00Z,81,76,low
2024-10-22T03:00Z,2024-10-22T03:30Z,83,74,low
2024-10-22T03:30Z,2024-10-22T04:00Z,92,79,low
2024-10-22T04:00Z,2024-10-22T04:30Z,110,84,moderate
2024-10-22T04:30Z,2024-10-22T05:00Z,143,88,moderate
2024-10-22T05:00Z,2024-10-22T05:30Z,157,130,moderate
2024-10-22T05:30Z,2024-10-22T06:00Z,162,152,moderate
2024-10-22T06:00Z,2024-10-22T06:30Z,166,162,moderate
2024-10-22T06:30Z,2024-10-22T07:00Z,173,164,moderate
2024-10-22T07:00Z,2024-10-22T07:30Z,175,159,moderate
2024-10-22T07:30Z,2024-10-22T08:00Z,168,161,moderate
2024-10-22T08:00Z,2024-10-22T08:30Z,159,169,moderate
2024-10-22T08:30Z,2024-10-22T09:00Z,152,161,moderate
2024-10-22T09:00Z,2024-10-22T09:30Z,142,156,moderate
2024-10-22T09:30Z,2024-10-22T10:00Z,136,147,moderate
2024-10-22T10:00Z,2024-10-22T10:30Z,131,139,moderate
2024-10-22T10:30Z,2024-10-22T11:00Z,129,136,moderate
2024-10-22T11:00Z,2024-10-22T11:30Z,128,134,moderate
2024-10-22T11:30Z,2024-10-22T12:00Z,133,131,moderate
2024-10-22T12:00Z,2024-10-22T12:30Z,136,133,moderate
2024-10-22T12:30Z,2024-10-22T13:00Z,139,135,moderate
2024-10-22T13:00Z,2024-10-22T13:30Z,145,144,moderate
2024-10-22T13:30Z,2024-10-22T14:00Z,155,145,moderate
2024-10-22T14:00Z,2024-10-22T14:30Z,163,157,moderate
2024-10-22T14:30Z,2024-10-22T15:00Z,180,170,moderate
2024-10-22T15:00Z,2024-10-22T15:30Z,196,168,high
2024-10-22T15:30Z,2024-10-22T16:00Z,215,192,high
2024-10-22T16:00Z,2024-10-22T16:30Z,226,207,high
2024-10-22T16:30Z,2024-10-22T17:00Z,233,218,high
2024-10-22T17:00Z,2024-10-22T17:30Z,234,229,high
2024-10-22T17:30Z,2024-10-22T18:00Z,234,233,high
2024-10-22T18:00Z,2024-10-22T18:30Z,235,232,high
2024-10-22T18:30Z,2024-10-22T19:00Z,233,231,high
2024-10-22T19:00Z,2024-10-22T19:30Z,233,236,high
2024-10-22T19:30Z,2024-10-22T20:00Z,227,231,high
2024-10-22T20:00Z,2024-10-22T20:30Z,213,227,high
2024-10-22T20:30Z,2024-10-22T21:00Z,201,217,high
2024-10-22T21:00Z,2024-10-22T21:30Z,193,202,high
2024-10-22T21:30Z,2024-10-22T22:00Z,179,186,moderate
2024-10-22T22:00Z,2024-10-22T22:30Z,170,170,moderate
2024-10-22T22:30Z,2024-10-22T23:00Z,166,160,moderate
2024-10-22T23:00Z,2024-10-22T23:30Z,164,159,moderate
2024-10-22T23:30Z,2024-10-23T00:00Z,168,155,moderate
2024-10-23T00:00Z,2024-10-23T00:30Z,165,160,moderate
2024-10-23T00:30Z,2024-10-23T01:00Z,162,161,moderate
2024-10-23T01:00Z,2024-10-23T01:30Z,160,159,moderate
2024-10-23T01:30Z,2024-10-23T02:00Z,156,158,moderate
2024-10-23T02:00Z,2024-10-23T02:30Z,151,156,moderate
2024-10-23T02:30Z,2024-10-23T03:00Z,143,152,moderate
2024-10-23T03:00Z,2024-10-23T03:30Z,145,151,moderate
2024-10-23T03:30Z,2024-10-23T04:00Z,165,149,moderate
2024-10-23T04:00Z,2024-10-23T04:30Z,185,158,moderate
2024-10-23T04:30Z,2024-10-23T05:00Z,210,179,high
2024-10-23T05:00Z,2024-10-23T05:30Z,216,199,high
2024-10-23T05:30Z,2024-10-23T06:00Z,212,215,high
2024-10-23T06:00Z,2024-10-23T06:30Z,211,217,high
2024-10-23T06:30Z,2024-10-23T07:00Z,212,220,high
2024-10-23T07:00Z,2024-10-23T07:30Z,213,202,high
2024-10-23T07:30Z,2024-10-23T08:00Z,213,205,high
2024-10-23T08:00Z,2024-10-23T08:30Z,207,212,high
2024-10-23T08:30Z,2024-10-23T09:00Z,197,210,high
2024-10-23T09:00Z,2024-10-23T09:30Z,187,195,moderate
2024-10-23T09:30Z,2024-10-23T10:00Z,182,188,moderate
2024-10-23T10:00Z,2024-10-23T10:30Z,177,179,moderate
2024-10-23T10:30Z,2024-10-23T11:00Z,167,176,moderate
2024-10-23T11:00Z,2024-10-23T11:30Z,163,174,moderate
2024-10-23T11:30Z,2024-10-23T12:00Z,157,168,moderate
2024-10-23T12:00Z,2024-10-23T12:30Z,157,162,moderate
2024-10-23T12:30Z,2024-10-23T13:00Z,157,158,moderate
2024-10-23T13:00Z,2024-10-23T13:30Z,164,157,moderate
2024-10-23T13:30Z,2024-10-23T14:00Z,172,152,moderate
2024-10-23T14:00Z,2024-10-23T14:30Z,177,161,moderate
2024-10-23T14:30Z,2024-10-23T15:00Z,183,182,moderate
2024-10-23T15:00Z,2024-10-23T15:30Z,190,187,high
2024-10-23T15:30Z,2024-10-23T16:00Z,191,182,high
2024-10-23T16:00Z,2024-10-23T16:30Z,198,191,high
2024-10-23T16:30Z,2024-10-23T17:00Z,202,188,high
2024-10-23T17:00Z,2024-10-23T17:30Z,200,187,high
2024-10-23T17:30Z,2024-10-23T18:00Z,195,192,high
2024-10-23T18:00Z,2024-10-23T18:30Z,184,187,moderate
2024-10-23T18:30Z,2024-10-23T19:00Z,169,182,moderate
2024-10-23T19:00Z,2024-10-23T19:30Z,149,166,moderate
2024-10-23T19:30Z,2024-10-23T20:00Z,129,147,moderate
2024-10-23T20:00Z,2024-10-23T20:30Z,115,117,moderate
2024-10-23T20:30Z,2024-10-23T21:00Z,112,99,moderate
2024-10-23T21:00Z,2024-10-23T21:30Z,106,83,low
2024-10-23T21:30Z,2024-10-23T22:00Z,93,85,low
2024-10-23T22:00Z,2024-10-23T22:30Z,92,76,low
2024-10-23T22:30Z,2024-10-23T23:00Z,95,79,low
2024-10-23T23:00Z,2024-10-23T23:30Z,89,83,low
2024-10-23T23:30Z,2024-10-24T00:00Z,82,80,low
2024-10-24T00:00Z,2024-10-24T00:30Z,85,73,low
2024-10-24T00:30Z,2024-10-24T01:00Z,89,73,low
2024-10-24T01:00Z,2024-10-24T01:30Z,86,70,low
2024-10-24T01:30Z,2024-10-24T02:00Z,91,82,low
2024-10-24T02:00Z,2024-10-24T02:30Z,94,79,low
2024-10-24T02:30Z,2024-10-24T03:00Z,99,80,low
2024-10-24T03:00Z,2024-10-24T03:30Z,101,84,low
2024-10-24T03:30Z,2024-10-24T04:00Z,104,90,low
2024-10-24T04:00Z,2024-10-24T04:30Z,107,92,low
2024-10-24T04:30Z,2024-10-24T05:00Z,123,102,moderate
2024-10-24T05:00Z,2024-10-24T05:30Z,130,115,moderate
2024-10-24T05:30Z,2024-10-24T06:00Z,136,108,moderate
2024-10-24T06:00Z,2024-10-24T06:30Z,136,115,moderate
2024-10-24T06:30Z,2024-10-24T07:00Z,132,125,moderate
2024-10-24T07:00Z,2024-10-24T07:30Z,133,117,moderate
2024-10-24T07:30Z,2024-10-24T08:00Z,131,118,moderate
2024-10-24T08:00Z,2024-10-24T08:30Z,123,111,moderate
2024-10-24T08:30Z,2024-10-24T09:00Z,118,117,moderate
2024-10-24T09:00Z,2024-10-24T09:30Z,111,108,moderate
2024-10-24T09:30Z,2024-10-24T10:00Z,111,104,moderate
2024-10-24T10:00Z,2024-10-24T10:30Z,105,98,low
2024-10-24T10:30Z,2024-10-24T11:00Z,102,97,low
2024-10-24T11:00Z,2024-10-24T11:30Z,98,96,low
2024-10-24T11:30Z,2024-10-24T12:00Z,96,93,low
2024-10-24T12:00Z,2024-10-24T12:30Z,101,87,low
2024-10-24T12:30Z,2024-10-24T13:00Z,104,86,low
2024-10-24T13:00Z,2024-10-24T13:30Z,111,90,moderate
2024-10-24T13:30Z,2024-10-24T14:00Z,117,97,moderate
2024-10-24T14:00Z,2024-10-24T14:30Z,123,108,moderate
2024-10-24T14:30Z,2024-10-24T15:00Z,139,125,moderate
2024-10-24T15:00Z,2024-10-24T15:30Z,150,125,moderate
2024-10-24T15:30Z,2024-10-24T16:00Z,150,144,moderate
2024-10-24T16:00Z,2024-10-24T16:30Z,153,148,moderate
2024-10-24T16:30Z,2024-10-24T17:00Z,163,147,moderate
2024-10-24T17:00Z,2024-10-24T17:30Z,169,150,moderate
2024-10-24T17:30Z,2024-10-24T18:00Z,169,158,moderate
2024-10-24T18:00Z,2024-10-24T18:30Z,165,158,moderate
2024-10-24T18:30Z,2024-10-24T19:00Z,151,169,moderate
2024-10-24T19:00Z,2024-10-24T19:30Z,148,160,moderate
2024-10-24T19:30Z,2024-10-24T20:00Z,139,145,moderate
2024-10-24T20:00Z,2024-10-24T20:30Z,134,134,moderate
2024-10-24T20:30Z,2024-10-24T21:00Z,129,130,moderate
2024-10-24T21:00Z,2024-10-24T21:30Z,123,108,moderate
2024-10-24T21:30Z,2024-10-24T22:00Z,122,104,moderate
2024-10-24T22:00Z,2024-10-24T22:30Z,118,125,moderate
2024-10-24T22:30Z,2024-10-24T23:00Z,125,105,moderate
2024-10-24T23:00Z,2024-10-24T23:30Z,132,105,moderate
2024-10-24T23:30Z,2024-10-25T00:00Z,140,110,moderate
2024-10-25T00:00Z,2024-10-25T00:30Z,145,130,moderate
2024-10-25T00:30Z,2024-10-25T01:00Z,145,139,moderate
2024-10-25T01:00Z,2024-10-25T01:30Z,144,142,moderate
2024-10-25T01:30Z,2024-10-25T02:00Z,151,143,moderate
2024-10-25T02:00Z,2024-10-25T02:30Z,157,145,moderate
2024-10-25T02:30Z,2024-10-25T03:00Z,162,152,moderate
2024-10-25T03:00Z,2024-10-25T03:30Z,165,150,moderate
2024-10-25T03:30Z,2024-10-25T04:00Z,170,152,moderate
2024-10-25T04:00Z,2024-10-25T04:30Z,186,195,moderate
2024-10-25T04:30Z,2024-10-25T05:00Z,214,172,high
2024-10-25T05:00Z,2024-10-25T05:30Z,228,211,high
2024-10-25T05:30Z,2024-10-25T06:00Z,226,229,high
2024-10-25T06:00Z,2024-10-25T06:30Z,225,235,high
2024-10-25T06:30Z,2024-10-25T07:00Z,235,232,high
2024-10-25T07:00Z,2024-10-25T07:30Z,235,219,high
2024-10-25T07:30Z,2024-10-25T08:00Z,234,230,high
2024-10-25T08:00Z,2024-10-25T08:30Z,232,233,high
2024-10-25T08:30Z,2024-10-25T09:00Z,230,228,high
2024-10-25T09:00Z,2024-10-25T09:30Z,227,230,high
2024-10-25T09:30Z,2024-10-25T10:00Z,223,224,high
2024-10-25T10:00Z,2024-10-25T10:30Z,218,225,high
2024-10-25T10:30Z,2024-10-25T11:00Z,215,219,high
2024-10-25T11:00Z,2024-10-25T11:30Z,212,218,high
2024-10-25T11:30Z,2024-10-25T12:00Z,210,215,high
2024-10-25T12:00Z,2024-10-25T12:30Z,208,210,high
2024-10-25T12:30Z,2024-10-25T13:00Z,210,214,high
2024-10-25T13:00Z,2024-10-25T13:30Z,217,209,high
2024-10-25T13:30Z,2024-10-25T14:00Z,214,203,high
2024-10-25T14:00Z,2024-10-25T14:30Z,217,214,high
2024-10-25T14:30Z,2024-10-25T15:00Z,218,219,high
2024-10-25T15:00Z,2024-10-25T15:30Z,222,218,high
2024-10-25T15:30Z,2024-10-25T16:00Z,225,218,high
2024-10-25T16:00Z,2024-10-25T16:30Z,228,228,high
2024-10-25T16:30Z,2024-10-25T17:00Z,230,221,high
2024-10-25T17:00Z,2024-10-25T17:30Z,228,224,high
2024-10-25T17:30Z,2024-10-25T18:00Z,230,232,high
2024-10-25T18:00Z,2024-10-25T18:30Z,232,229,high
2024-10-25T18:30Z,2024-10-25T19:00Z,230,229,high
2024-10-25T19:00Z,2024-10-25T19:30Z,225,225,high
2024-10-25T19:30Z,2024-10-25T20:00Z,219,223,high
2024-10-25T20:00Z,2024-10-25T20:30Z,210,220,high
2024-10-25T20:30Z,2024-10-25T21:00Z,202,211,high
2024-10-25T21:00Z,2024-10-25T21:30Z,190,199,high
2024-10-25T21:30Z,2024-10-25T22:00Z,170,180,moderate
2024-10-25T22:00Z,2024-10-25T22:30Z,167,164,moderate
2024-10-25T22:30Z,2024-10-25T23:00Z,162,150,moderate
2024-10-25T23:00Z,2024-10-25T23:30Z,155,150,moderate
2024-10-25T23:30Z,2024-10-26T00:00Z,153,150,moderate
2024-10-26T00:00Z,2024-10-26T00:30Z,156,148,moderate
2024-10-26T00:30Z,2024-10-26T01:00Z,158,142,moderate
2024-10-26T01:00Z,2024-10-26T01:30Z,157,149,moderate
2024-10-26T01:30Z,2024-10-26T02:00Z,151,149,moderate
2024-10-26T02:00Z,2024-10-26T02:30Z,152,150,moderate
2024-10-26T02:30Z,2024-10-26T03:00Z,154,153,moderate
2024-10-26T03:00Z,2024-10-26T03:30Z,153,152,moderate
2024-10-26T03:30Z,2024-10-26T04:00Z,161,161,moderate
2024-10-26T04:00Z,2024-10-26T04:30Z,158,157,moderate
2024-10-26T04:30Z,2024-10-26T05:00Z,165,160,moderate
2024-10-26T05:00Z,2024-10-26T05:30Z,169,170,moderate
2024-10-26T05:30Z,2024-10-26T06:00Z,170,165,moderate
2024-10-26T06:00Z,2024-10-26T06:30Z,175,171,moderate
2024-10-26T06:30Z,2024-10-26T07:00Z,183,173,moderate
2024-10-26T07:00Z,2024-10-26T07:30Z,182,163,moderate
2024-10-26T07:30Z,2024-10-26T08:00Z,179,171,moderate
2024-10-26T08:00Z,2024-10-26T08:30Z,175,182,moderate
2024-10-26T08:30Z,2024-10-26T09:00Z,167,175,moderate
2024-10-26T09:00Z,2024-10-26T09:30Z,158,172,moderate
2024-10-26T09:30Z,2024-10-26T10:00Z,148,161,moderate
2024-10-26T10:00Z,2024-10-26T10:30Z,139,144,moderate
2024-10-26T10:30Z,2024-10-26T11:00Z,130,131,moderate
2024-10-26T11:00Z,2024-10-26T11:30Z,128,126,moderate
2024-10-26T11:30Z,2024-10-26T12:00Z,134,118,moderate
2024-10-26T12:00Z,2024-10-26T12:30Z,133,109,moderate
2024-10-26T12:30Z,2024-10-26T13:00Z,132,116,moderate
2024-10-26T13:00Z,2024-10-26T13:30Z,134,122,moderate
2024-10-26T13:30Z,2024-10-26T14:00Z,140,126,moderate
2024-10-26T14:00Z,2024-10-26T14:30Z,141,128,moderate
2024-10-26T14:30Z,2024-10-26T15:00Z,142,125,moderate
2024-10-26T15:00Z,2024-10-26T15:30Z,151,137,moderate
2024-10-26T15:30Z,2024-10-26T16:00Z,158,155,moderate
2024-10-26T16:00Z,2024-10-26T16:30Z,163,166,moderate
2024-10-26T16:30Z,2024-10-26T17:00Z,170,164,moderate
2024-10-26T17:00Z,2024-10-26T17:30Z,166,157,moderate
2024-10-26T17:30Z,2024-10-26T18:00Z,164,166,moderate
2024-10-26T18:00Z,2024-10-26T18:30Z,167,153,moderate
2024-10-26T18:30Z,2024-10-26T19:00Z,166,162,moderate
2024-10-26T19:00Z,2024-10-26T19:30Z,156,138,moderate
2024-10-26T19:30Z,2024-10-26T20:00Z,140,133,moderate
2024-10-26T20:00Z,2024-10-26T20:30Z,129,124,moderate
2024-10-26T20:30Z,2024-10-26T21:00Z,118,116,moderate
2024-10-26T21:00Z,2024-10-26T21:30Z,110,113,moderate
2024-10-26T21:30Z,2024-10-26T22:00Z,103,97,low
2024-10-26T22:00Z,2024-10-26T22:30Z,96,97,low
2024-10-26T22:30Z,2024-10-26T23:00Z,92,95,low
2024-10-26T23:00Z,2024-10-26T23:30Z,88,97,low
2024-10-26T23:30Z,2024-10-27T00:00Z,85,86,low
2024-10-27T00:00Z,2024-10-27T00:30Z,81,82,low
2024-10-27T00:30Z,2024-10-27T01:00Z,82,80,low
2024-10-27T01:00Z,2024-10-27T01:30Z,82,79,low
2024-10-27T01:30Z,2024-10-27T02:00Z,87,81,low
2024-10-27T02:00Z,2024-10-27T02:30Z,84,80,low
2024-10-27T02:30Z,2024-10-27T03:00Z,83,87,low
2024-10-27T03:00Z,2024-10-27T03:30Z,85,87,low
2024-10-27T03:30Z,2024-10-27T04:00Z,81,86,low
2024-10-27T04:00Z,2024-10-27T04:30Z,83,85,low
2024-10-27T04:30Z,2024-10-27T05:00Z,86,88,low
2024-10-27T05:00Z,2024-10-27T05:30Z,89,90,low
2024-10-27T05:30Z,2024-10-27T06:00Z,102,86,low
2024-10-27T06:00Z,2024-10-27T06:30Z,109,88,low
2024-10-27T06:30Z,2024-10-27T07:00Z,123,101,moderate
2024-10-27T07:00Z,2024-10-27T07:30Z,135,110,moderate
2024-10-27T07:30Z,2024-10-27T08:00Z,138,116,moderate
2024-10-27T08:00Z,2024-10-27T08:30Z,132,137,moderate
2024-10-27T08:30Z,2024-10-27T09:00Z,128,128,moderate
2024-10-27T09:00Z,2024-10-27T09:30Z,118,121,moderate
2024-10-27T09:30Z,2024-10-27T10:00Z,110,118,moderate
2024-10-27T10:00Z,2024-10-27T10:30Z,100,111,low
2024-10-27T10:30Z,2024-10-27T11:00Z,94,102,low
2024-10-27T11:00Z,2024-10-27T11:30Z,87,96,low
2024-10-27T11:30Z,2024-10-27T12:00Z,87,90,low
2024-10-27T12:00Z,2024-10-27T12:30Z,90,75,low
2024-10-27T12:30Z,2024-10-27T13:00Z,92,71,low
2024-10-27T13:00Z,2024-10-27T13:30Z,100,80,low
2024-10-27T13:30Z,2024-10-27T14:00Z,110,84,moderate
2024-10-27T14:00Z,2024-10-27T14:30Z,116,101,moderate
2024-10-27T14:30Z,2024-10-27T15:00Z,133,112,moderate
2024-10-27T15:00Z,2024-10-27T15:30Z,145,130,moderate
2024-10-27T15:30Z,2024-10-27T16:00Z,160,135,moderate
2024-10-27T16:00Z,2024-10-27T16:30Z,166,150,moderate
2024-10-27T16:30Z,2024-10-27T17:00Z,166,158,moderate
2024-10-27T17:00Z,2024-10-27T17:30Z,153,168,moderate
2024-10-27T17:30Z,2024-10-27T18:00Z,146,162,moderate
2024-10-27T18:00Z,2024-10-27T18:30Z,133,148,moderate
2024-10-27T18:30Z,2024-10-27T19:00Z,118,136,moderate
2024-10-27T19:00Z,2024-10-27T19:30Z,108,123,low
2024-10-27T19:30Z,2024-10-27T20:00Z,95,110,low
2024-10-27T20:00Z,2024-10-27T20:30Z,82,97,low
2024-10-27T20:30Z,2024-10-27T21:00Z,74,90,low
2024-10-27T21:00Z,2024-10-27T21:30Z,68,69,low
2024-10-27T21:30Z,2024-10-27T22:00Z,69,64,low
2024-10-27T22:00Z,2024-10-27T22:30Z,66,58,low
2024-10-27T22:30Z,2024-10-27T23:00Z,63,55,low
2024-10-27T23:00Z,2024-10-27T23:30Z,61,53,low
2024-10-27T23:30Z,2024-10-28T00:00Z,58,52,low
2024-10-28T00:00Z,2024-10-28T00:30Z,59,61,low
2024-10-28T00:30Z,2024-10-28T01:00Z,59,52,low
2024-10-28T01:00Z,2024-10-28T01:30Z,61,58,low
2024-10-28T01:30Z,2024-10-28T02:00Z,61,55,low
2024-10-28T02:00Z,2024-10-28T02:30Z,60,62,low
2024-10-28T02:30Z,2024-10-28T03:00Z,59,61,low
2024-10-28T03:00Z,2024-10-28T03:30Z,62,58,low
2024-10-28T03:30Z,2024-10-28T04:00Z,66,61,low
2024-10-28T04:00Z,2024-10-28T04:30Z,70,69,low
2024-10-28T04:30Z,2024-10-28T05:00Z,77,71,low
2024-10-28T05:00Z,2024-10-28T05:30Z,84,81,low
2024-10-28T05:30Z,2024-10-28T06:00Z,86,83,low
2024-10-28T06:00Z,2024-10-28T06:30Z,97,92,low
2024-10-28T06:30Z,2024-10-28T07:00Z,109,103,low
2024-10-28T07:00Z,2024-10-28T07:30Z,119,112,moderate
2024-10-28T07:30Z,2024-10-28T08:00Z,128,114,moderate
2024-10-28T08:00Z,2024-10-28T08:30Z,140,118,moderate
2024-10-28T08:30Z,2024-10-28T09:00Z,145,129,moderate
2024-10-28T09:00Z,2024-10-28T09:30Z,146,141,moderate
2024-10-28T09:30Z,2024-10-28T10:00Z,147,146,moderate
2024-10-28T10:00Z,2024-10-28T10:30Z,153,146,moderate
2024-10-28T10:30Z,2024-10-28T11:00Z,158,149,moderate
2024-10-28T11:00Z,2024-10-28T11:30Z,165,156,moderate
2024-10-28T11:30Z,2024-10-28T12:00Z,173,161,moderate
2024-10-28T12:00Z,2024-10-28T12:30Z,173,172,moderate
2024-10-28T12:30Z,2024-10-28T13:00Z,179,181,moderate
2024-10-28T13:00Z,2024-10-28T13:30Z,186,176,moderate
2024-10-28T13:30Z,2024-10-28T14:00Z,188,179,moderate
2024-10-28T14:00Z,2024-10-28T14:30Z,200,195,high
2024-10-28T14:30Z,2024-10-28T15:00Z,207,199,high
2024-10-28T15:00Z,2024-10-28T15:30Z,212,212,high
2024-10-28T15:30Z,2024-10-28T16:00Z,221,215,high
2024-10-28T16:00Z,2024-10-28T16:30Z,220,224,high
2024-10-28T16:30Z,2024-10-28T17:00Z,226,234,high
2024-10-28T17:00Z,2024-10-28T17:30Z,231,225,high
2024-10-28T17:30Z,2024-10-28T18:00Z,234,226,high
2024-10-28T18:00Z,2024-10-28T18:30Z,234,232,high
2024-10-28T18:30Z,2024-10-28T19:00Z,232,232,high
2024-10-28T19:00Z,2024-10-28T19:30Z,232,235,high
2024-10-28T19:30Z,2024-10-28T20:00Z,225,234,high
2024-10-28T20:00Z,2024-10-28T20:30Z,221,234,high
2024-10-28T20:30Z,2024-10-28T21:00Z,215,215,high
2024-10-28T21:00Z,2024-10-28T21:30Z,208,207,high
2024-10-28T21:30Z,2024-10-28T22:00Z,207,208,high
2024-10-28T22:00Z,2024-10-28T22:30Z,198,192,high
2024-10-28T22:30Z,2024-10-28T23:00Z,178,193,moderate
2024-10-28T23:00Z,2024-10-28T23:30Z,170,168,moderate
2024-10-28T23:30Z,2024-10-29T00:00Z,171,156,moderate
2024-10-29T00:00Z,2024-10-29T00:30Z,168,153,moderate
2024-10-29T00:30Z,2024-10-29T01:00Z,170,154,moderate
2024-10-29T01:00Z,2024-10-29T01:30Z,170,152,moderate
2024-10-29T01:30Z,2024-10-29T02:00Z,167,153,moderate
2024-10-29T02:00Z,2024-10-29T02:30Z,164,162,moderate
2024-10-29T02:30Z,2024-10-29T03:00Z,160,163,moderate
2024-10-29T03:00Z,2024-10-29T03:30Z,157,160,moderate
2024-10-29T03:30Z,2024-10-29T04:00Z,152,155,moderate
2024-10-29T04:00Z,2024-10-29T04:30Z,150,151,moderate
2024-10-29T04:30Z,2024-10-29T05:00Z,157,147,moderate
2024-10-29T05:00Z,2024-10-29T05:30Z,172,148,moderate
2024-10-29T05:30Z,2024-10-29T06:00Z,203,161,high
2024-10-29T06:00Z,2024-10-29T06:30Z,217,186,high
2024-10-29T06:30Z,2024-10-29T07:00Z,223,202,high
2024-10-29T07:00Z,2024-10-29T07:30Z,226,212,high
2024-10-29T07:30Z,2024-10-29T08:00Z,226,222,high
2024-10-29T08:00Z,2024-10-29T08:30Z,223,226,high
2024-10-29T08:30Z,2024-10-29T09:00Z,212,226,high
2024-10-29T09:00Z,2024-10-29T09:30Z,208,216,high
2024-10-29T09:30Z,2024-10-29T10:00Z,209,206,high
2024-10-29T10:00Z,2024-10-29T10:30Z,204,200,high
2024-10-29T10:30Z,2024-10-29T11:00Z,201,197,high
2024-10-29T11:00Z,2024-10-29T11:30Z,202,193,high
2024-10-29T11:30Z,2024-10-29T12:00Z,206,197,high
2024-10-29T12:00Z,2024-10-29T12:30Z,208,201,high
2024-10-29T12:30Z,2024-10-29T13:00Z,209,202,high
2024-10-29T13:00Z,2024-10-29T13:30Z,217,211,high
2024-10-29T13:30Z,2024-10-29T14:00Z,222,212,high
2024-10-29T14:00Z,2024-10-29T14:30Z,228,217,high
2024-10-29T14:30Z,2024-10-29T15:00Z,229,229,high
2024-10-29T15:00Z,2024-10-29T15:30Z,232,227,high
2024-10-29T15:30Z,2024-10-29T16:00Z,233,236,high
2024-10-29T16:00Z,2024-10-29T16:30Z,239,239,high
2024-10-29T16:30Z,2024-10-29T17:00Z,241,233,high
2024-10-29T17:00Z,2024-10-29T17:30Z,241,238,high
2024-10-29T17:30Z,2024-10-29T18:00Z,240,237,high
2024-10-29T18:00Z,2024-10-29T18:30Z,240,235,high
2024-10-29T18:30Z,2024-10-29T19:00Z,246,236,high
2024-10-29T19:00Z,2024-10-29T19:30Z,242,241,high
2024-10-29T19:30Z,2024-10-29T20:00Z,242,246,high
2024-10-29T20:00Z,2024-10-29T20:30Z,240,242,high
2024-10-29T20:30Z,2024-10-29T21:00Z,235,237,high
2024-10-29T21:00Z,2024-10-29T21:30Z,233,233,high
2024-10-29T21:30Z,2024-10-29T22:00Z,220,228,high
2024-10-29T22:00Z,2024-10-29T22:30Z,210,226,high
2024-10-29T22:30Z,2024-10-29T23:00Z,206,211,high
2024-10-29T23:00Z,2024-10-29T23:30Z,202,193,high
2024-10-29T23:30Z,2024-10-30T00:00Z,197,206,high
2024-10-30T00:00Z,2024-10-30T00:30Z,201,205,high
2024-10-30T00:30Z,2024-10-30T01:00Z,199,197,high
2024-10-30T01:00Z,2024-10-30T01:30Z,194,197,high
2024-10-30T01:30Z,2024-10-30T02:00Z,190,192,high
2024-10-30T02:00Z,2024-10-30T02:30Z,194,186,high
2024-10-30T02:30Z,2024-10-30T03:00Z,186,183,moderate
2024-10-30T03:00Z,2024-10-30T03:30Z,185,185,moderate
2024-10-30T03:30Z,2024-10-30T04:00Z,185,186,moderate
2024-10-30T04:00Z,2024-10-30T04:30Z,190,184,high
2024-10-30T04:30Z,2024-10-30T05:00Z,207,190,high
2024-10-30T05:00Z,2024-10-30T05:30Z,216,195,high
2024-10-30T05:30Z,2024-10-30T06:00Z,229,211,high
2024-10-30T06:00Z,2024-10-30T06:30Z,241,227,high
2024-10-30T06:30Z,2024-10-30T07:00Z,246,229,high
2024-10-30T07:00Z,2024-10-30T07:30Z,247,228,high
2024-10-30T07:30Z,2024-10-30T08:00Z,243,251,high
2024-10-30T08:00Z,2024-10-30T08:30Z,238,251,high
2024-10-30T08:30Z,2024-10-30T09:00Z,236,243,high
2024-10-30T09:00Z,2024-10-30T09:30Z,233,236,high
2024-10-30T09:30Z,2024-10-30T10:00Z,239,234,high
2024-10-30T10:00Z,2024-10-30T10:30Z,236,227,high
2024-10-30T10:30Z,2024-10-30T11:00Z,236,232,high
2024-10-30T11:00Z,2024-10-30T11:30Z,237,232,high
2024-10-30T11:30Z,2024-10-30T12:00Z,236,232,high
2024-10-30T12:00Z,2024-10-30T12:30Z,238,235,high
2024-10-30T12:30Z,2024-10-30T13:00Z,239,236,high
2024-10-30T13:00Z,2024-10-30T13:30Z,239,237,high
2024-10-30T13:30Z,2024-10-30T14:00Z,243,239,high
2024-10-30T14:00Z,2024-10-30T14:30Z,248,241,high
2024-10-30T14:30Z,2024-10-30T15:00Z,248,243,high
2024-10-30T15:00Z,2024-10-30T15:30Z,243,245,high
2024-10-30T15:30Z,2024-10-30T16:00Z,243,244,high
2024-10-30T16:00Z,2024-10-30T16:30Z,241,238,high
2024-10-30T16:30Z,2024-10-30T17:00Z,240,237,high
2024-10-30T17:00Z,2024-10-30T17:30Z,237,236,high
2024-10-30T17:30Z,2024-10-30T18:00Z,240,233,high
2024-10-30T18:00Z,2024-10-30T18:30Z,237,230,high
2024-10-30T18:30Z,2024-10-30T19:00Z,233,235,high
2024-10-30T19:00Z,2024-10-30T19:30Z,230,232,high
2024-10-30T19:30Z,2024-10-30T20:00Z,220,224,high
2024-10-30T20:00Z,2024-10-30T20:30Z,210,213,high
2024-10-30T20:30Z,2024-10-30T21:00Z,199,199,high
2024-10-30T21:00Z,2024-10-30T21:30Z,191,185,high
2024-10-30T21:30Z,2024-10-30T22:00Z,176,181,moderate
2024-10-30T22:00Z,2024-10-30T22:30Z,160,179,moderate
2024-10-30T22:30Z,2024-10-30T23:00Z,144,164,moderate
2024-10-30T23:00Z,2024-10-30T23:30Z,130,153,moderate
2024-10-30T23:30Z,2024-10-31T00:00Z,130,140,moderate
2024-10-31T00:00Z,2024-10-31T00:30Z,124,127,moderate
2024-10-31T00:30Z,2024-10-31T01:00Z,121,125,moderate
2024-10-31T01:00Z,2024-10-31T01:30Z,109,114,low
2024-10-31T01:30Z,2024-10-31T02:00Z,104,108,low
2024-10-31T02:00Z,2024-10-31T02:30Z,99,103,low
2024-10-31T02:30Z,2024-10-31T03:00Z,102,102,low
2024-10-31T03:00Z,2024-10-31T03:30Z,99,100,low
2024-10-31T03:30Z,2024-10-31T04:00Z,100,104,low
2024-10-31T04:00Z,2024-10-31T04:30Z,100,101,low
2024-10-31T04:30Z,2024-10-31T05:00Z,108,101,low
2024-10-31T05:00Z,2024-10-31T05:30Z,118,106,moderate
2024-10-31T05:30Z,2024-10-31T06:00Z,139,107,moderate
2024-10-31T06:00Z,2024-10-31T06:30Z,153,124,moderate
2024-10-31T06:30Z,2024-10-31T07:00Z,157,137,moderate
2024-10-31T07:00Z,2024-10-31T07:30Z,163,139,moderate
2024-10-31T07:30Z,2024-10-31T08:00Z,160,151,moderate
2024-10-31T08:00Z,2024-10-31T08:30Z,159,158,moderate
2024-10-31T08:30Z,2024-10-31T09:00Z,158,164,moderate
2024-10-31T09:00Z,2024-10-31T09:30Z,153,164,moderate
2024-10-31T09:30Z,2024-10-31T10:00Z,151,161,moderate
2024-10-31T10:00Z,2024-10-31T10:30Z,147,170,moderate
2024-10-31T10:30Z,2024-10-31T11:00Z,146,161,moderate
2024-10-31T11:00Z,2024-10-31T11:30Z,143,159,moderate
2024-10-31T11:30Z,2024-10-31T12:00Z,145,158,moderate
2024-10-31T12:00Z,2024-10-31T12:30Z,142,155,moderate
2024-10-31T12:30Z,2024-10-31T13:00Z,144,156,moderate
2024-10-31T13:00Z,2024-10-31T13:30Z,144,158,moderate
2024-10-31T13:30Z,2024-10-31T14:00Z,144,161,moderate
2024-10-31T14:00Z,2024-10-31T14:30Z,157,162,moderate
2024-10-31T14:30Z,2024-10-31T15:00Z,167,161,moderate
2024-10-31T15:00Z,2024-10-31T15:30Z,174,178,moderate
2024-10-31T15:30Z,2024-10-31T16:00Z,186,172,moderate
2024-10-31T16:00Z,2024-10-31T16:30Z,190,188,high
2024-10-31T16:30Z,2024-10-31T17:00Z,191,190,high
2024-10-31T17:00Z,2024-10-31T17:30Z,191,189,high
2024-10-31T17:30Z,2024-10-31T18:00Z,204,193,high
2024-10-31T18:00Z,2024-10-31T18:30Z,204,183,high
2024-10-31T18:30Z,2024-10-31T19:00Z,198,199,high
2024-10-31T19:00Z,2024-10-31T19:30Z,196,204,high
2024-10-31T19:30Z,2024-10-31T20:00Z,183,204,moderate
2024-10-31T20:00Z,2024-10-31T20:30Z,178,205,moderate
2024-10-31T20:30Z,2024-10-31T21:00Z,168,193,moderate
2024-10-31T21:00Z,2024-10-31T21:30Z,162,182,moderate
2024-10-31T21:30Z,2024-10-31T22:00Z,153,147,moderate
2024-10-31T22:00Z,2024-10-31T22:30Z,144,139,moderate
2024-10-31T22:30Z,2024-10-31T23:00Z,135,153,moderate
2024-10-31T23:00Z,2024-10-31T23:30Z,130,142,moderate
2024-10-31T23:30Z,2024-11-01T00:00Z,129,121,moderate
2024-11-01T00:00Z,2024-11-01T00:30Z,127,124,moderate
2024-11-01T00:30Z,2024-11-01T01:00Z,126,127,moderate
2024-11-01T01:00Z,2024-11-01T01:30Z,122,128,moderate
2024-11-01T01:30Z,2024-11-01T02:00Z,123,127,moderate
2024-11-01T02:00Z,2024-11-01T02:30Z,119,121,moderate
2024-11-01T02:30Z,2024-11-01T03:00Z,111,124,moderate
2024-11-01T03:00Z,2024-11-01T03:30Z,109,113,low
2024-11-01T03:30Z,2024-11-01T04:00Z,104,104,low
2024-11-01T04:00Z,2024-11-01T04:30Z,105,109,low
2024-11-01T04:30Z,2024-11-01T05:00Z,106,104,low
2024-11-01T05:00Z,2024-11-01T05:30Z,117,112,moderate
2024-11-01T05:30Z,2024-11-01T06:00Z,127,106,moderate
2024-11-01T06:00Z,2024-11-01T06:30Z,144,121,moderate
2024-11-01T06:30Z,2024-11-01T07:00Z,163,140,moderate
2024-11-01T07:00Z,2024-11-01T07:30Z,169,104,moderate
2024-11-01T07:30Z,2024-11-01T08:00Z,175,157,moderate
2024-11-01T08:00Z,2024-11-01T08:30Z,178,172,moderate
2024-11-01T08:30Z,2024-11-01T09:00Z,181,178,moderate
2024-11-01T09:00Z,2024-11-01T09:30Z,180,174,moderate
2024-11-01T09:30Z,2024-11-01T10:00Z,181,176,moderate
2024-11-01T10:00Z,2024-11-01T10:30Z,181,177,moderate
2024-11-01T10:30Z,2024-11-01T11:00Z,190,178,high
2024-11-01T11:00Z,2024-11-01T11:30Z,193,178,high
2024-11-01T11:30Z,2024-11-01T12:00Z,196,186,high
2024-11-01T12:00Z,2024-11-01T12:30Z,201,199,high
2024-11-01T12:30Z,2024-11-01T13:00Z,210,199,high
2024-11-01T13:00Z,2024-11-01T13:30Z,217,199,high
2024-11-01T13:30Z,2024-11-01T14:00Z,219,210,high
2024-11-01T14:00Z,2024-11-01T14:30Z,228,219,high
2024-11-01T14:30Z,2024-11-01T15:00Z,232,224,high
2024-11-01T15:00Z,2024-11-01T15:30Z,235,232,high
2024-11-01T15:30Z,2024-11-01T16:00Z,237,239,high
2024-11-01T16:00Z,2024-11-01T16:30Z,240,241,high
2024-11-01T16:30Z,2024-11-01T17:00Z,244,241,high
2024-11-01T17:00Z,2024-11-01T17:30Z,244,239,high
2024-11-01T17:30Z,2024-11-01T18:00Z,242,244,high
2024-11-01T18:00Z,2024-11-01T18:30Z,247,248,high
2024-11-01T18:30Z,2024-11-01T19:00Z,252,240,high
2024-11-01T19:00Z,2024-11-01T19:30Z,252,245,high
2024-11-01T19:30Z,2024-11-01T20:00Z,252,251,high
2024-11-01T20:00Z,2024-11-01T20:30Z,249,251,high
2024-11-01T20:30Z,2024-11-01T21:00Z,244,246,high
2024-11-01T21:00Z,2024-11-01T21:30Z,239,239,high
2024-11-01T21:30Z,2024-11-01T22:00Z,232,235,high
2024-11-01T22:00Z,2024-11-01T22:30Z,217,234,high
2024-11-01T22:30Z,2024-11-01T23:00Z,213,221,high
2024-11-01T23:00Z,2024-11-01T23:30Z,206,199,high
2024-11-01T23:30Z,2024-11-02T00:00Z,206,188,high
2024-11-02T00:00Z,2024-11-02T00:30Z,205,201,high
2024-11-02T00:30Z,2024-11-02T01:00Z,196,230,high
2024-11-02T01:00Z,2024-11-02T01:30Z,186,200,moderate
2024-11-02T01:30Z,2024-11-02T02:00Z,179,194,moderate
2024-11-02T02:00Z,2024-11-02T02:30Z,172,185,moderate
2024-11-02T02:30Z,2024-11-02T03:00Z,163,177,moderate
2024-11-02T03:00Z,2024-11-02T03:30Z,161,166,moderate
2024-11-02T03:30Z,2024-11-02T04:00Z,152,155,moderate
2024-11-02T04:00Z,2024-11-02T04:30Z,149,157,moderate
2024-11-02T04:30Z,2024-11-02T05:00Z,155,146,moderate
2024-11-02T05:00Z,2024-11-02T05:30Z,159,145,moderate
2024-11-02T05:30Z,2024-11-02T06:00Z,163,152,moderate
2024-11-02T06:00Z,2024-11-02T06:30Z,166,152,moderate
2024-11-02T06:30Z,2024-11-02T07:00Z,166,160,moderate
2024-11-02T07:00Z,2024-11-02T07:30Z,172,164,moderate
2024-11-02T07:30Z,2024-11-02T08:00Z,181,161,moderate
2024-11-02T08:00Z,2024-11-02T08:30Z,184,164,moderate
2024-11-02T08:30Z,2024-11-02T09:00Z,190,179,high
2024-11-02T09:00Z,2024-11-02T09:30Z,189,177,moderate
2024-11-02T09:30Z,2024-11-02T10:00Z,184,193,moderate
2024-11-02T10:00Z,2024-11-02T10:30Z,177,186,moderate
2024-11-02T10:30Z,2024-11-02T11:00Z,179,176,moderate
2024-11-02T11:00Z,2024-11-02T11:30Z,181,167,moderate
2024-11-02T11:30Z,2024-11-02T12:00Z,185,169,moderate
2024-11-02T12:00Z,2024-11-02T12:30Z,188,175,moderate
2024-11-02T12:30Z,2024-11-02T13:00Z,188,173,moderate
2024-11-02T13:00Z,2024-11-02T13:30Z,195,174,high
2024-11-02T13:30Z,2024-11-02T14:00Z,200,171,high
2024-11-02T14:00Z,2024-11-02T14:30Z,209,182,high
2024-11-02T14:30Z,2024-11-02T15:00Z,217,194,high
2024-11-02T15:00Z,2024-11-02T15:30Z,218,203,high
2024-11-02T15:30Z,2024-11-02T16:00Z,221,219,high
2024-11-02T16:00Z,2024-11-02T16:30Z,223,221,high
2024-11-02T16:30Z,2024-11-02T17:00Z,224,223,high
2024-11-02T17:00Z,2024-11-02T17:30Z,225,222,high
2024-11-02T17:30Z,2024-11-02T18:00Z,227,227,high
2024-11-02T18:00Z,2024-11-02T18:30Z,224,223,high
2024-11-02T18:30Z,2024-11-02T19:00Z,225,223,high
2024-11-02T19:00Z,2024-11-02T19:30Z,224,211,high
2024-11-02T19:30Z,2024-11-02T20:00Z,218,216,high
2024-11-02T20:00Z,2024-11-02T20:30Z,215,219,high
2024-11-02T20:30Z,2024-11-02T21:00Z,209,209,high
2024-11-02T21:00Z,2024-11-02T21:30Z,204,210,high
2024-11-02T21:30Z,2024-11-02T22:00Z,194,203,high
2024-11-02T22:00Z,2024-11-02T22:30Z,184,195,moderate
2024-11-02T22:30Z,2024-11-02T23:00Z,176,182,moderate
2024-11-02T23:00Z,2024-11-02T23:30Z,174,171,moderate
2024-11-02T23:30Z,2024-11-03T00:00Z,173,173,moderate
2024-11-03T00:00Z,2024-11-03T00:30Z,176,174,moderate
2024-11-03T00:30Z,2024-11-03T01:00Z,171,176,moderate
2024-11-03T01:00Z,2024-11-03T01:30Z,172,175,moderate
2024-11-03T01:30Z,2024-11-03T02:00Z,172,171,moderate
2024-11-03T02:00Z,2024-11-03T02:30Z,175,167,moderate
2024-11-03T02:30Z,2024-11-03T03:00Z,174,169,moderate
2024-11-03T03:00Z,2024-11-03T03:30Z,173,173,moderate
2024-11-03T03:30Z,2024-11-03T04:00Z,172,170,moderate
2024-11-03T04:00Z,2024-11-03T04:30Z,175,169,moderate
2024-11-03T04:30Z,2024-11-03T05:00Z,171,167,moderate
2024-11-03T05:00Z,2024-11-03T05:30Z,171,192,moderate
2024-11-03T05:30Z,2024-11-03T06:00Z,177,171,moderate
2024-11-03T06:00Z,2024-11-03T06:30Z,179,174,moderate
2024-11-03T06:30Z,2024-11-03T07:00Z,186,179,moderate
2024-11-03T07:00Z,2024-11-03T07:30Z,190,178,high
2024-11-03T07:30Z,2024-11-03T08:00Z,195,190,high
2024-11-03T08:00Z,2024-11-03T08:30Z,207,200,high
2024-11-03T08:30Z,2024-11-03T09:00Z,226,204,high
2024-11-03T09:00Z,2024-11-03T09:30Z,229,209,high
2024-11-03T09:30Z,2024-11-03T10:00Z,231,220,high
2024-11-03T10:00Z,2024-11-03T10:30Z,235,227,high
2024-11-03T10:30Z,2024-11-03T11:00Z,238,226,high
2024-11-03T11:00Z,2024-11-03T11:30Z,237,235,high
2024-11-03T11:30Z,2024-11-03T12:00Z,238,238,high
2024-11-03T12:00Z,2024-11-03T12:30Z,239,238,high
2024-11-03T12:30Z,2024-11-03T13:00Z,242,237,high
2024-11-03T13:00Z,2024-11-03T13:30Z,243,238,high
2024-11-03T13:30Z,2024-11-03T14:00Z,247,240,high
2024-11-03T14:00Z,2024-11-03T14:30Z,248,242,high
2024-11-03T14:30Z,2024-11-03T15:00Z,247,246,high
2024-11-03T15:00Z,2024-11-03T15:30Z,252,250,high
2024-11-03T15:30Z,2024-11-03T16:00Z,254,249,high
2024-11-03T16:00Z,2024-11-03T16:30Z,250,254,high
2024-11-03T16:30Z,2024-11-03T17:00Z,253,255,high
2024-11-03T17:00Z,2024-11-03T17:30Z,252,247,high
2024-11-03T17:30Z,2024-11-03T18:00Z,249,251,high
2024-11-03T18:00Z,2024-11-03T18:30Z,250,251,high
2024-11-03T18:30Z,2024-11-03T19:00Z,248,248,high
2024-11-03T19:00Z,2024-11-03T19:30Z,244,250,high
2024-11-03T19:30Z,2024-11-03T20:00Z,239,246,high
2024-11-03T20:00Z,2024-11-03T20:30Z,235,238,high
2024-11-03T20:30Z,2024-11-03T21:00Z,229,229,high
2024-11-03T21:00Z,2024-11-03T21:30Z,224,223,high
2024-11-03T21:30Z,2024-11-03T22:00Z,218,227,high
2024-11-03T22:00Z,2024-11-03T22:30Z,214,211,high
2024-11-03T22:30Z,2024-11-03T23:00Z,212,214,high
2024-11-03T23:00Z,2024-11-03T23:30Z,214,196,high
2024-11-03T23:30Z,2024-11-04T00:00Z,211,206,high
2024-11-04T00:00Z,2024-11-04T00:30Z,212,214,high
2024-11-04T00:30Z,2024-11-04T01:00Z,212,211,high
2024-11-04T01:00Z,2024-11-04T01:30Z,211,211,high
2024-11-04T01:30Z,2024-11-04T02:00Z,209,209,high
2024-11-04T02:00Z,2024-11-04T02:30Z,206,208,high
2024-11-04T02:30Z,2024-11-04T03:00Z,202,204,high
2024-11-04T03:00Z,2024-11-04T03:30Z,199,204,high
2024-11-04T03:30Z,2024-11-04T04:00Z,200,206,high
2024-11-04T04:00Z,2024-11-04T04:30Z,198,201,high
2024-11-04T04:30Z,2024-11-04T05:00Z,215,198,high
2024-11-04T05:00Z,2024-11-04T05:30Z,227,201,high
2024-11-04T05:30Z,2024-11-04T06:00Z,246,217,high
2024-11-04T06:00Z,2024-11-04T06:30Z,257,243,high
2024-11-04T06:30Z,2024-11-04T07:00Z,253,255,high
2024-11-04T07:00Z,2024-11-04T07:30Z,250,264,high
2024-11-04T07:30Z,2024-11-04T08:00Z,250,257,high
2024-11-04T08:00Z,2024-11-04T08:30Z,249,249,high
2024-11-04T08:30Z,2024-11-04T09:00Z,249,247,high
2024-11-04T09:00Z,2024-11-04T09:30Z,249,246,high
2024-11-04T09:30Z,2024-11-04T10:00Z,249,245,high
2024-11-04T10:00Z,2024-11-04T10:30Z,250,246,high
2024-11-04T10:30Z,2024-11-04T11:00Z,254,249,high
2024-11-04T11:00Z,2024-11-04T11:30Z,254,249,high
2024-11-04T11:30Z,2024-11-04T12:00Z,252,252,high
2024-11-04T12:00Z,2024-11-04T12:30Z,252,252,high
2024-11-04T12:30Z,2024-11-04T13:00Z,251,252,high
2024-11-04T13:00Z,2024-11-04T13:30Z,253,250,high
2024-11-04T13:30Z,2024-11-04T14:00Z,254,249,high
2024-11-04T14:00Z,2024-11-04T14:30Z,257,250,high
2024-11-04T14:30Z,2024-11-04T15:00Z,257,251,high
2024-11-04T15:00Z,2024-11-04T15:30Z,257,253,high
2024-11-04T15:30Z,2024-11-04T16:00Z,255,254,high
2024-11-04T16:00Z,2024-11-04T16:30Z,254,254,high
2024-11-04T16:30Z,2024-11-04T17:00Z,252,251,high
2024-11-04T17:00Z,2024-11-04T17:30Z,250,247,high
2024-11-04T17:30Z,2024-11-04T18:00Z,255,250,high
2024-11-04T18:00Z,2024-11-04T18:30Z,255,247,high
2024-11-04T18:30Z,2024-11-04T19:00Z,257,250,high
2024-11-04T19:00Z,2024-11-04T19:30Z,258,253,high
2024-11-04T19:30Z,2024-11-04T20:00Z,260,253,high
2024-11-04T20:00Z,2024-11-04T20:30Z,257,259,high
2024-11-04T20:30Z,2024-11-04T21:00Z,256,259,high
2024-11-04T21:00Z,2024-11-04T21:30Z,249,253,high
2024-11-04T21:30Z,2024-11-04T22:00Z,250,248,high
2024-11-04T22:00Z,2024-11-04T22:30Z,248,238,high
2024-11-04T22:30Z,2024-11-04T23:00Z,248,240,high
2024-11-04T23:00Z,2024-11-04T23:30Z,244,234,high
2024-11-04T23:30Z,2024-11-05T00:00Z,238,237,high
2024-11-05T00:00Z,2024-11-05T00:30Z,246,241,high
2024-11-05T00:30Z,2024-11-05T01:00Z,242,237,high
2024-11-05T01:00Z,2024-11-05T01:30Z,241,240,high
2024-11-05T01:30Z,2024-11-05T02:00Z,241,238,high
2024-11-05T02:00Z,2024-11-05T02:30Z,241,237,high
2024-11-05T02:30Z,2024-11-05T03:00Z,243,239,high
2024-11-05T03:00Z,2024-11-05T03:30Z,242,236,high
2024-11-05T03:30Z,2024-11-05T04:00Z,242,243,high
2024-11-05T04:00Z,2024-11-05T04:30Z,243,239,high
2024-11-05T04:30Z,2024-11-05T05:00Z,260,242,high
2024-11-05T05:00Z,2024-11-05T05:30Z,261,252,high
2024-11-05T05:30Z,2024-11-05T06:00Z,267,274,high
2024-11-05T06:00Z,2024-11-05T06:30Z,273,262,very high
2024-11-05T06:30Z,2024-11-05T07:00Z,268,275,high
2024-11-05T07:00Z,2024-11-05T07:30Z,265,269,high
2024-11-05T07:30Z,2024-11-05T08:00Z,260,266,high
2024-11-05T08:00Z,2024-11-05T08:30Z,264,261,high
2024-11-05T08:30Z,2024-11-05T09:00Z,265,259,high
2024-11-05T09:00Z,2024-11-05T09:30Z,264,257,high
2024-11-05T09:30Z,2024-11-05T10:00Z,267,265,high
2024-11-05T10:00Z,2024-11-05T10:30Z,266,263,high
2024-11-05T10:30Z,2024-11-05T11:00Z,265,265,high
2024-11-05T11:00Z,2024-11-05T11:30Z,265,264,high
2024-11-05T11:30Z,2024-11-05T12:00Z,262,261,high
2024-11-05T12:00Z,2024-11-05T12:30Z,261,261,high
2024-11-05T12:30Z,2024-11-05T13:00Z,260,260,high
2024-11-05T13:00Z,2024-11-05T13:30Z,260,260,high
2024-11-05T13:30Z,2024-11-05T14:00Z,253,256,high
2024-11-05T14:00Z,2024-11-05T14:30Z,254,258,high
2024-11-05T14:30Z,2024-11-05T15:00Z,258,256,high
2024-11-05T15:00Z,2024-11-05T15:30Z,262,254,high
2024-11-05T15:30Z,2024-11-05T16:00Z,261,253,high
2024-11-05T16:00Z,2024-11-05T16:30Z,263,252,high
2024-11-05T16:30Z,2024-11-05T17:00Z,261,252,high
2024-11-05T17:00Z,2024-11-05T17:30Z,261,253,high
2024-11-05T17:30Z,2024-11-05T18:00Z,264,252,high
2024-11-05T18:00Z,2024-11-05T18:30Z,262,251,high
2024-11-05T18:30Z,2024-11-05T19:00Z,258,250,high
2024-11-05T19:00Z,2024-11-05T19:30Z,259,252,high
2024-11-05T19:30Z,2024-11-05T20:00Z,266,253,high
2024-11-05T20:00Z,2024-11-05T20:30Z,262,251,high
2024-11-05T20:30Z,2024-11-05T21:00Z,263,247,high
2024-11-05T21:00Z,2024-11-05T21:30Z,257,240,high
2024-11-05T21:30Z,2024-11-05T22:00Z,258,233,high
2024-11-05T22:00Z,2024-11-05T22:30Z,253,220,high
2024-11-05T22:30Z,2024-11-05T23:00Z,243,205,high
2024-11-05T23:00Z,2024-11-05T23:30Z,236,195,high
2024-11-05T23:30Z,2024-11-06T00:00Z,232,189,high
2024-11-06T00:00Z,2024-11-06T00:30Z,232,188,high
2024-11-06T00:30Z,2024-11-06T01:00Z,225,187,high
2024-11-06T01:00Z,2024-11-06T01:30Z,222,178,high
2024-11-06T01:30Z,2024-11-06T02:00Z,221,172,high
2024-11-06T02:00Z,2024-11-06T02:30Z,220,168,high
2024-11-06T02:30Z,2024-11-06T03:00Z,216,168,high
2024-11-06T03:00Z,2024-11-06T03:30Z,219,166,high
2024-11-06T03:30Z,2024-11-06T04:00Z,224,168,high
2024-11-06T04:00Z,2024-11-06T04:30Z,226,171,high
2024-11-06T04:30Z,2024-11-06T05:00Z,240,170,high
2024-11-06T05:00Z,2024-11-06T05:30Z,244,177,high
2024-11-06T05:30Z,2024-11-06T06:00Z,253,190,high
2024-11-06T06:00Z,2024-11-06T06:30Z,259,210,high
2024-11-06T06:30Z,2024-11-06T07:00Z,254,221,high
2024-11-06T07:00Z,2024-11-06T07:30Z,255,227,high
2024-11-06T07:30Z,2024-11-06T08:00Z,247,235,high
2024-11-06T08:00Z,2024-11-06T08:30Z,245,237,high
2024-11-06T08:30Z,2024-11-06T09:00Z,245,236,high
2024-11-06T09:00Z,2024-11-06T09:30Z,244,234,high
2024-11-06T09:30Z,2024-11-06T10:00Z,244,231,high
2024-11-06T10:00Z,2024-11-06T10:30Z,246,228,high
2024-11-06T10:30Z,2024-11-06T11:00Z,245,226,high
2024-11-06T11:00Z,2024-11-06T11:30Z,244,224,high
2024-11-06T11:30Z,2024-11-06T12:00Z,243,223,high
2024-11-06T12:00Z,2024-11-06T12:30Z,245,225,high
2024-11-06T12:30Z,2024-11-06T13:00Z,247,225,high
2024-11-06T13:00Z,2024-11-06T13:30Z,248,227,high
2024-11-06T13:30Z,2024-11-06T14:00Z,246,228,high
2024-11-06T14:00Z,2024-11-06T14:30Z,249,230,high
2024-11-06T14:30Z,2024-11-06T15:00Z,247,232,high
2024-11-06T15:00Z,2024-11-06T15:30Z,250,237,high
2024-11-06T15:30Z,2024-11-06T16:00Z,249,239,high
2024-11-06T16:00Z,2024-11-06T16:30Z,249,241,high
2024-11-06T16:30Z,2024-11-06T17:00Z,249,240,high
2024-11-06T17:00Z,2024-11-06T17:30Z,247,239,high
2024-11-06T17:30Z,2024-11-06T18:00Z,246,237,high
2024-11-06T18:00Z,2024-11-06T18:30Z,245,237,high
2024-11-06T18:30Z,2024-11-06T19:00Z,247,237,high
2024-11-06T19:00Z,2024-11-06T19:30Z,245,236,high
2024-11-06T19:30Z,2024-11-06T20:00Z,248,232,high
2024-11-06T20:00Z,2024-11-06T20:30Z,245,231,high
2024-11-06T20:30Z,2024-11-06T21:00Z,243,222,high
2024-11-06T21:00Z,2024-11-06T21:30Z,234,219,high
2024-11-06T21:30Z,2024-11-06T22:00Z,223,207,high
2024-11-06T22:00Z,2024-11-06T22:30Z,212,200,high
2024-11-06T22:30Z,2024-11-06T23:00Z,185,189,moderate
2024-11-06T23:00Z,2024-11-06T23:30Z,180,172,moderate
2024-11-06T23:30Z,2024-11-07T00:00Z,176,162,moderate
2024-11-07T00:00Z,2024-11-07T00:30Z,177,169,moderate
2024-11-07T00:30Z,2024-11-07T01:00Z,179,165,moderate
2024-11-07T01:00Z,2024-11-07T01:30Z,175,159,moderate
2024-11-07T01:30Z,2024-11-07T02:00Z,171,154,moderate
2024-11-07T02:00Z,2024-11-07T02:30Z,170,153,moderate
2024-11-07T02:30Z,2024-11-07T03:00Z,166,147,moderate
2024-11-07T03:00Z,2024-11-07T03:30Z,166,146,moderate
2024-11-07T03:30Z,2024-11-07T04:00Z,167,153,moderate
2024-11-07T04:00Z,2024-11-07T04:30Z,168,156,moderate
2024-11-07T04:30Z,2024-11-07T05:00Z,183,157,moderate
2024-11-07T05:00Z,2024-11-07T05:30Z,189,160,moderate
2024-11-07T05:30Z,2024-11-07T06:00Z,208,166,high
2024-11-07T06:00Z,2024-11-07T06:30Z,216,191,high
2024-11-07T06:30Z,2024-11-07T07:00Z,223,207,high
2024-11-07T07:00Z,2024-11-07T07:30Z,223,215,high
2024-11-07T07:30Z,2024-11-07T08:00Z,219,224,high
2024-11-07T08:00Z,2024-11-07T08:30Z,216,222,high
2024-11-07T08:30Z,2024-11-07T09:00Z,211,218,high
2024-11-07T09:00Z,2024-11-07T09:30Z,210,214,high
2024-11-07T09:30Z,2024-11-07T10:00Z,210,217,high
2024-11-07T10:00Z,2024-11-07T10:30Z,208,216,high
2024-11-07T10:30Z,2024-11-07T11:00Z,210,213,high
2024-11-07T11:00Z,2024-11-07T11:30Z,210,217,high
2024-11-07T11:30Z,2024-11-07T12:00Z,207,218,high
2024-11-07T12:00Z,2024-11-07T12:30Z,207,218,high
2024-11-07T12:30Z,2024-11-07T13:00Z,204,217,high
2024-11-07T13:00Z,2024-11-07T13:30Z,205,219,high
2024-11-07T13:30Z,2024-11-07T14:00Z,210,216,high
2024-11-07T14:00Z,2024-11-07T14:30Z,209,219,high
2024-11-07T14:30Z,2024-11-07T15:00Z,207,218,high
2024-11-07T15:00Z,2024-11-07T15:30Z,207,215,high
2024-11-07T15:30Z,2024-11-07T16:00Z,206,212,high
2024-11-07T16:00Z,2024-11-07T16:30Z,208,207,high
2024-11-07T16:30Z,2024-11-07T17:00Z,212,202,high
2024-11-07T17:00Z,2024-11-07T17:30Z,213,201,high
2024-11-07T17:30Z,2024-11-07T18:00Z,214,204,high
2024-11-07T18:00Z,2024-11-07T18:30Z,214,212,high
2024-11-07T18:30Z,2024-11-07T19:00Z,206,215,high
2024-11-07T19:00Z,2024-11-07T19:30Z,203,213,high
2024-11-07T19:30Z,2024-11-07T20:00Z,209,211,high
2024-11-07T20:00Z,2024-11-07T20:30Z,206,210,high
2024-11-07T20:30Z,2024-11-07T21:00Z,199,219,high
2024-11-07T21:00Z,2024-11-07T21:30Z,193,213,high
2024-11-07T21:30Z,2024-11-07T22:00Z,184,216,moderate
2024-11-07T22:00Z,2024-11-07T22:30Z,181,203,moderate
2024-11-07T22:30Z,2024-11-07T23:00Z,167,191,moderate
2024-11-07T23:00Z,2024-11-07T23:30Z,158,160,moderate
2024-11-07T23:30Z,2024-11-08T00:00Z,160,150,moderate
2024-11-08T00:00Z,2024-11-08T00:30Z,164,169,moderate
2024-11-08T00:30Z,2024-11-08T01:00Z,163,169,moderate
2024-11-08T01:00Z,2024-11-08T01:30Z,165,169,moderate
2024-11-08T01:30Z,2024-11-08T02:00Z,165,162,moderate
2024-11-08T02:00Z,2024-11-08T02:30Z,168,168,moderate
2024-11-08T02:30Z,2024-11-08T03:00Z,166,173,moderate
2024-11-08T03:00Z,2024-11-08T03:30Z,165,166,moderate
2024-11-08T03:30Z,2024-11-08T04:00Z,167,176,moderate
2024-11-08T04:00Z,2024-11-08T04:30Z,173,175,moderate
2024-11-08T04:30Z,2024-11-08T05:00Z,188,165,moderate
2024-11-08T05:00Z,2024-11-08T05:30Z,200,179,high
2024-11-08T05:30Z,2024-11-08T06:00Z,226,195,high
2024-11-08T06:00Z,2024-11-08T06:30Z,236,222,high
2024-11-08T06:30Z,2024-11-08T07:00Z,242,238,high
2024-11-08T07:00Z,2024-11-08T07:30Z,240,240,high
2024-11-08T07:30Z,2024-11-08T08:00Z,235,241,high
2024-11-08T08:00Z,2024-11-08T08:30Z,232,236,high
2024-11-08T08:30Z,2024-11-08T09:00Z,229,227,high
2024-11-08T09:00Z,2024-11-08T09:30Z,232,234,high
2024-11-08T09:30Z,2024-11-08T10:00Z,232,227,high
2024-11-08T10:00Z,2024-11-08T10:30Z,229,230,high
2024-11-08T10:30Z,2024-11-08T11:00Z,228,229,high
2024-11-08T11:00Z,2024-11-08T11:30Z,226,220,high
2024-11-08T11:30Z,2024-11-08T12:00Z,226,224,high
2024-11-08T12:00Z,2024-11-08T12:30Z,228,224,high
2024-11-08T12:30Z,2024-11-08T13:00Z,231,222,high
2024-11-08T13:00Z,2024-11-08T13:30Z,234,229,high
2024-11-08T13:30Z,2024-11-08T14:00Z,232,231,high
2024-11-08T14:00Z,2024-11-08T14:30Z,235,232,high
2024-11-08T14:30Z,2024-11-08T15:00Z,237,234,high
2024-11-08T15:00Z,2024-11-08T15:30Z,236,235,high
2024-11-08T15:30Z,2024-11-08T16:00Z,237,238,high
2024-11-08T16:00Z,2024-11-08T16:30Z,238,230,high
2024-11-08T16:30Z,2024-11-08T17:00Z,238,235,high
2024-11-08T17:00Z,2024-11-08T17:30Z,240,234,high
2024-11-08T17:30Z,2024-11-08T18:00Z,242,233,high
2024-11-08T18:00Z,2024-11-08T18:30Z,242,236,high
2024-11-08T18:30Z,2024-11-08T19:00Z,240,240,high
2024-11-08T19:00Z,2024-11-08T19:30Z,237,240,high
2024-11-08T19:30Z,2024-11-08T20:00Z,238,241,high
2024-11-08T20:00Z,2024-11-08T20:30Z,236,235,high
2024-11-08T20:30Z,2024-11-08T21:00Z,228,233,high
2024-11-08T21:00Z,2024-11-08T21:30Z,222,231,high
2024-11-08T21:30Z,2024-11-08T22:00Z,207,220,high
2024-11-08T22:00Z,2024-11-08T22:30Z,202,217,high
2024-11-08T22:30Z,2024-11-08T23:00Z,193,193,high
2024-11-08T23:00Z,2024-11-08T23:30Z,194,201,high
2024-11-08T23:30Z,2024-11-09T00:00Z,191,184,high
2024-11-09T00:00Z,2024-11-09T00:30Z,189,187,moderate
2024-11-09T00:30Z,2024-11-09T01:00Z,187,192,moderate
2024-11-09T01:00Z,2024-11-09T01:30Z,185,189,moderate
2024-11-09T01:30Z,2024-11-09T02:00Z,181,191,moderate
2024-11-09T02:00Z,2024-11-09T02:30Z,183,188,moderate
2024-11-09T02:30Z,2024-11-09T03:00Z,189,186,moderate
2024-11-09T03:00Z,2024-11-09T03:30Z,189,185,moderate
2024-11-09T03:30Z,2024-11-09T04:00Z,197,189,high
2024-11-09T04:00Z,2024-11-09T04:30Z,201,184,high
2024-11-09T04:30Z,2024-11-09T05:00Z,203,197,high
2024-11-09T05:00Z,2024-11-09T05:30Z,209,206,high
2024-11-09T05:30Z,2024-11-09T06:00Z,218,210,high
2024-11-09T06:00Z,2024-11-09T06:30Z,224,213,high
2024-11-09T06:30Z,2024-11-09T07:00Z,240,222,high
2024-11-09T07:00Z,2024-11-09T07:30Z,239,222,high
2024-11-09T07:30Z,2024-11-09T08:00Z,236,244,high
2024-11-09T08:00Z,2024-11-09T08:30Z,238,236,high
2024-11-09T08:30Z,2024-11-09T09:00Z,241,236,high
2024-11-09T09:00Z,2024-11-09T09:30Z,244,242,high
2024-11-09T09:30Z,2024-11-09T10:00Z,242,244,high
2024-11-09T10:00Z,2024-11-09T10:30Z,240,247,high
2024-11-09T10:30Z,2024-11-09T11:00Z,244,244,high
2024-11-09T11:00Z,2024-11-09T11:30Z,243,241,high
2024-11-09T11:30Z,2024-11-09T12:00Z,240,246,high
2024-11-09T12:00Z,2024-11-09T12:30Z,242,246,high
2024-11-09T12:30Z,2024-11-09T13:00Z,244,244,high
2024-11-09T13:00Z,2024-11-09T13:30Z,247,242,high
2024-11-09T13:30Z,2024-11-09T14:00Z,246,244,high
2024-11-09T14:00Z,2024-11-09T14:30Z,246,245,high
2024-11-09T14:30Z,2024-11-09T15:00Z,242,248,high
2024-11-09T15:00Z,2024-11-09T15:30Z,242,248,high
2024-11-09T15:30Z,2024-11-09T16:00Z,243,244,high
2024-11-09T16:00Z,2024-11-09T16:30Z,241,245,high
2024-11-09T16:30Z,2024-11-09T17:00Z,240,247,high
2024-11-09T17:00Z,2024-11-09T17:30Z,240,247,high
2024-11-09T17:30Z,2024-11-09T18:00Z,241,247,high
2024-11-09T18:00Z,2024-11-09T18:30Z,240,247,high
2024-11-09T18:30Z,2024-11-09T19:00Z,240,248,high
2024-11-09T19:00Z,2024-11-09T19:30Z,239,247,high
2024-11-09T19:30Z,2024-11-09T20:00Z,238,246,high
2024-11-09T20:00Z,2024-11-09T20:30Z,232,236,high
2024-11-09T20:30Z,2024-11-09T21:00Z,226,233,high
2024-11-09T21:00Z,2024-11-09T21:30Z,217,225,high
2024-11-09T21:30Z,2024-11-09T22:00Z,207,219,high
2024-11-09T22:00Z,2024-11-09T22:30Z,198,206,high
2024-11-09T22:30Z,2024-11-09T23:00Z,184,202,moderate
2024-11-09T23:00Z,2024-11-09T23:30Z,179,200,moderate
2024-11-09T23:30Z,2024-11-10T00:00Z,178,182,moderate
2024-11-10T00:00Z,2024-11-10T00:30Z,179,181,moderate
2024-11-10T00:30Z,2024-11-10T01:00Z,177,180,moderate
2024-11-10T01:00Z,2024-11-10T01:30Z,179,178,moderate
2024-11-10T01:30Z,2024-11-10T02:00Z,178,173,moderate
2024-11-10T02:00Z,2024-11-10T02:30Z,175,179,moderate
2024-11-10T02:30Z,2024-11-10T03:00Z,175,181,moderate
2024-11-10T03:00Z,2024-11-10T03:30Z,175,177,moderate
2024-11-10T03:30Z,2024-11-10T04:00Z,170,173,moderate
2024-11-10T04:00Z,2024-11-10T04:30Z,164,173,moderate
2024-11-10T04:30Z,2024-11-10T05:00Z,161,175,moderate
2024-11-10T05:00Z,2024-11-10T05:30Z,161,164,moderate
2024-11-10T05:30Z,2024-11-10T06:00Z,160,167,moderate
2024-11-10T06:00Z,2024-11-10T06:30Z,165,167,moderate
2024-11-10T06:30Z,2024-11-10T07:00Z,179,165,moderate
2024-11-10T07:00Z,2024-11-10T07:30Z,183,165,moderate
2024-11-10T07:30Z,2024-11-10T08:00Z,186,184,moderate
2024-11-10T08:00Z,2024-11-10T08:30Z,190,189,high
2024-11-10T08:30Z,2024-11-10T09:00Z,196,192,high
2024-11-10T09:00Z,2024-11-10T09:30Z,197,192,high
2024-11-10T09:30Z,2024-11-10T10:00Z,199,198,high
2024-11-10T10:00Z,2024-11-10T10:30Z,196,201,high
2024-11-10T10:30Z,2024-11-10T11:00Z,195,200,high
2024-11-10T11:00Z,2024-11-10T11:30Z,191,199,high
2024-11-10T11:30Z,2024-11-10T12:00Z,187,195,moderate
2024-11-10T12:00Z,2024-11-10T12:30Z,185,184,moderate
2024-11-10T12:30Z,2024-11-10T13:00Z,184,185,moderate
2024-11-10T13:00Z,2024-11-10T13:30Z,183,187,moderate
2024-11-10T13:30Z,2024-11-10T14:00Z,185,184,moderate
2024-11-10T14:00Z,2024-11-10T14:30Z,187,181,moderate
2024-11-10T14:30Z,2024-11-10T15:00Z,190,184,high
2024-11-10T15:00Z,2024-11-10T15:30Z,193,189,high
2024-11-10T15:30Z,2024-11-10T16:00Z,197,193,high
2024-11-10T16:00Z,2024-11-10T16:30Z,203,191,high
2024-11-10T16:30Z,2024-11-10T17:00Z,204,194,high
2024-11-10T17:00Z,2024-11-10T17:30Z,203,201,high
2024-11-10T17:30Z,2024-11-10T18:00Z,204,200,high
2024-11-10T18:00Z,2024-11-10T18:30Z,198,197,high
2024-11-10T18:30Z,2024-11-10T19:00Z,197,200,high
2024-11-10T19:00Z,2024-11-10T19:30Z,189,194,moderate
2024-11-10T19:30Z,2024-11-10T20:00Z,185,181,moderate
2024-11-10T20:00Z,2024-11-10T20:30Z,179,175,moderate
2024-11-10T20:30Z,2024-11-10T21:00Z,168,173,moderate
2024-11-10T21:00Z,2024-11-10T21:30Z,154,163,moderate
2024-11-10T21:30Z,2024-11-10T22:00Z,146,148,moderate
2024-11-10T22:00Z,2024-11-10T22:30Z,130,134,moderate
2024-11-10T22:30Z,2024-11-10T23:00Z,104,129,low
2024-11-10T23:00Z,2024-11-10T23:30Z,94,123,low
2024-11-10T23:30Z,2024-11-11T00:00Z,93,112,low
2024-11-11T00:00Z,2024-11-11T00:30Z,98,94,low
2024-11-11T00:30Z,2024-11-11T01:00Z,96,94,low
2024-11-11T01:00Z,2024-11-11T01:30Z,92,95,low
2024-11-11T01:30Z,2024-11-11T02:00Z,87,93,low
2024-11-11T02:00Z,2024-11-11T02:30Z,78,89,low
2024-11-11T02:30Z,2024-11-11T03:00Z,81,91,low
2024-11-11T03:00Z,2024-11-11T03:30Z,81,81,low
2024-11-11T03:30Z,2024-11-11T04:00Z,85,87,low
2024-11-11T04:00Z,2024-11-11T04:30Z,85,87,low
2024-11-11T04:30Z,2024-11-11T05:00Z,88,90,low
2024-11-11T05:00Z,2024-11-11T05:30Z,100,90,low
2024-11-11T05:30Z,2024-11-11T06:00Z,125,96,moderate
2024-11-11T06:00Z,2024-11-11T06:30Z,148,110,moderate
2024-11-11T06:30Z,2024-11-11T07:00Z,166,144,moderate
2024-11-11T07:00Z,2024-11-11T07:30Z,171,158,moderate
2024-11-11T07:30Z,2024-11-11T08:00Z,173,176,moderate
2024-11-11T08:00Z,2024-11-11T08:30Z,175,172,moderate
2024-11-11T08:30Z,2024-11-11T09:00Z,177,171,moderate
2024-11-11T09:00Z,2024-11-11T09:30Z,176,174,moderate
2024-11-11T09:30Z,2024-11-11T10:00Z,176,173,moderate
2024-11-11T10:00Z,2024-11-11T10:30Z,168,177,moderate
2024-11-11T10:30Z,2024-11-11T11:00Z,163,175,moderate
2024-11-11T11:00Z,2024-11-11T11:30Z,162,168,moderate
2024-11-11T11:30Z,2024-11-11T12:00Z,167,166,moderate
2024-11-11T12:00Z,2024-11-11T12:30Z,166,166,moderate
2024-11-11T12:30Z,2024-11-11T13:00Z,167,170,moderate
2024-11-11T13:00Z,2024-11-11T13:30Z,171,170,moderate
2024-11-11T13:30Z,2024-11-11T14:00Z,170,164,moderate
2024-11-11T14:00Z,2024-11-11T14:30Z,175,170,moderate
2024-11-11T14:30Z,2024-11-11T15:00Z,179,177,moderate
2024-11-11T15:00Z,2024-11-11T15:30Z,182,180,moderate
2024-11-11T15:30Z,2024-11-11T16:00Z,186,184,moderate
2024-11-11T16:00Z,2024-11-11T16:30Z,187,187,moderate
2024-11-11T16:30Z,2024-11-11T17:00Z,188,189,moderate
2024-11-11T17:00Z,2024-11-11T17:30Z,189,187,moderate
2024-11-11T17:30Z,2024-11-11T18:00Z,185,187,moderate
2024-11-11T18:00Z,2024-11-11T18:30Z,187,188,moderate
2024-11-11T18:30Z,2024-11-11T19:00Z,194,185,high
2024-11-11T19:00Z,2024-11-11T19:30Z,193,186,high
2024-11-11T19:30Z,2024-11-11T20:00Z,187,191,moderate
2024-11-11T20:00Z,2024-11-11T20:30Z,180,190,moderate
2024-11-11T20:30Z,2024-11-11T21:00Z,170,180,moderate
2024-11-11T21:00Z,2024-11-11T21:30Z,162,174,moderate
2024-11-11T21:30Z,2024-11-11T22:00Z,147,161,moderate
2024-11-11T22:00Z,2024-11-11T22:30Z,133,145,moderate
2024-11-11T22:30Z,2024-11-11T23:00Z,122,131,moderate
2024-11-11T23:00Z,2024-11-11T23:30Z,116,121,moderate
2024-11-11T23:30Z,2024-11-12T00:00Z,114,127,moderate
2024-11-12T00:00Z,2024-11-12T00:30Z,115,119,moderate
2024-11-12T00:30Z,2024-11-12T01:00Z,116,113,moderate
2024-11-12T01:00Z,2024-11-12T01:30Z,114,116,moderate
2024-11-12T01:30Z,2024-11-12T02:00Z,115,119,moderate
2024-11-12T02:00Z,2024-11-12T02:30Z,113,113,moderate
2024-11-12T02:30Z,2024-11-12T03:00Z,116,114,moderate
2024-11-12T03:00Z,2024-11-12T03:30Z,115,113,moderate
2024-11-12T03:30Z,2024-11-12T04:00Z,116,114,moderate
2024-11-12T04:00Z,2024-11-12T04:30Z,117,117,moderate
2024-11-12T04:30Z,2024-11-12T05:00Z,120,117,moderate
2024-11-12T05:00Z,2024-11-12T05:30Z,128,121,moderate
2024-11-12T05:30Z,2024-11-12T06:00Z,150,123,moderate
2024-11-12T06:00Z,2024-11-12T06:30Z,174,132,moderate
2024-11-12T06:30Z,2024-11-12T07:00Z,194,162,high
2024-11-12T07:00Z,2024-11-12T07:30Z,199,172,high
2024-11-12T07:30Z,2024-11-12T08:00Z,204,190,high
2024-11-12T08:00Z,2024-11-12T08:30Z,202,198,high
2024-11-12T08:30Z,2024-11-12T09:00Z,197,203,high
2024-11-12T09:00Z,2024-11-12T09:30Z,191,198,high
2024-11-12T09:30Z,2024-11-12T10:00Z,187,189,moderate
2024-11-12T10:00Z,2024-11-12T10:30Z,186,185,moderate
2024-11-12T10:30Z,2024-11-12T11:00Z,183,178,moderate
2024-11-12T11:00Z,2024-11-12T11:30Z,180,174,moderate
2024-11-12T11:30Z,2024-11-12T12:00Z,177,167,moderate
2024-11-12T12:00Z,2024-11-12T12:30Z,179,178,moderate
2024-11-12T12:30Z,2024-11-12T13:00Z,185,178,moderate
2024-11-12T13:00Z,2024-11-12T13:30Z,193,184,high
2024-11-12T13:30Z,2024-11-12T14:00Z,202,191,high
2024-11-12T14:00Z,2024-11-12T14:30Z,208,196,high
2024-11-12T14:30Z,2024-11-12T15:00Z,212,204,high
2024-11-12T15:00Z,2024-11-12T15:30Z,215,211,high
2024-11-12T15:30Z,2024-11-12T16:00Z,224,216,high
2024-11-12T16:00Z,2024-11-12T16:30Z,220,215,high
2024-11-12T16:30Z,2024-11-12T17:00Z,219,219,high
2024-11-12T17:00Z,2024-11-12T17:30Z,219,214,high
2024-11-12T17:30Z,2024-11-12T18:00Z,217,210,high
2024-11-12T18:00Z,2024-11-12T18:30Z,216,213,high
2024-11-12T18:30Z,2024-11-12T19:00Z,212,213,high
2024-11-12T19:00Z,2024-11-12T19:30Z,212,216,high
2024-11-12T19:30Z,2024-11-12T20:00Z,213,212,high
2024-11-12T20:00Z,2024-11-12T20:30Z,215,210,high
2024-11-12T20:30Z,2024-11-12T21:00Z,211,209,high
2024-11-12T21:00Z,2024-11-12T21:30Z,209,212,high
2024-11-12T21:30Z,2024-11-12T22:00Z,205,211,high
2024-11-12T22:00Z,2024-11-12T22:30Z,197,206,high
2024-11-12T22:30Z,2024-11-12T23:00Z,179,198,moderate
2024-11-12T23:00Z,2024-11-12T23:30Z,180,192,moderate
2024-11-12T23:30Z,2024-11-13T00:00Z,181,176,moderate
2024-11-13T00:00Z,2024-11-13T00:30Z,179,172,moderate
2024-11-13T00:30Z,2024-11-13T01:00Z,176,176,moderate
2024-11-13T01:00Z,2024-11-13T01:30Z,176,175,moderate
2024-11-13T01:30Z,2024-11-13T02:00Z,177,171,moderate
2024-11-13T02:00Z,2024-11-13T02:30Z,172,176,moderate
2024-11-13T02:30Z,2024-11-13T03:00Z,177,171,moderate
2024-11-13T03:00Z,2024-11-13T03:30Z,182,170,moderate
2024-11-13T03:30Z,2024-11-13T04:00Z,182,170,moderate
2024-11-13T04:00Z,2024-11-13T04:30Z,182,175,moderate
2024-11-13T04:30Z,2024-11-13T05:00Z,200,181,high
2024-11-13T05:00Z,2024-11-13T05:30Z,208,181,high
2024-11-13T05:30Z,2024-11-13T06:00Z,234,205,high
2024-11-13T06:00Z,2024-11-13T06:30Z,240,225,high
2024-11-13T06:30Z,2024-11-13T07:00Z,238,244,high
2024-11-13T07:00Z,2024-11-13T07:30Z,238,243,high
2024-11-13T07:30Z,2024-11-13T08:00Z,231,242,high
2024-11-13T08:00Z,2024-11-13T08:30Z,230,238,high
2024-11-13T08:30Z,2024-11-13T09:00Z,226,235,high
2024-11-13T09:00Z,2024-11-13T09:30Z,224,230,high
2024-11-13T09:30Z,2024-11-13T10:00Z,227,228,high
2024-11-13T10:00Z,2024-11-13T10:30Z,221,224,high
2024-11-13T10:30Z,2024-11-13T11:00Z,220,220,high
2024-11-13T11:00Z,2024-11-13T11:30Z,216,220,high
2024-11-13T11:30Z,2024-11-13T12:00Z,209,221,high
2024-11-13T12:00Z,2024-11-13T12:30Z,206,214,high
2024-11-13T12:30Z,2024-11-13T13:00Z,207,209,high
2024-11-13T13:00Z,2024-11-13T13:30Z,209,208,high
2024-11-13T13:30Z,2024-11-13T14:00Z,216,214,high
2024-11-13T14:00Z,2024-11-13T14:30Z,218,215,high
2024-11-13T14:30Z,2024-11-13T15:00Z,218,223,high
2024-11-13T15:00Z,2024-11-13T15:30Z,222,224,high
2024-11-13T15:30Z,2024-11-13T16:00Z,226,225,high
2024-11-13T16:00Z,2024-11-13T16:30Z,231,221,high
2024-11-13T16:30Z,2024-11-13T17:00Z,244,222,high
2024-11-13T17:00Z,2024-11-13T17:30Z,241,223,high
2024-11-13T17:30Z,2024-11-13T18:00Z,241,234,high
2024-11-13T18:00Z,2024-11-13T18:30Z,238,233,high
2024-11-13T18:30Z,2024-11-13T19:00Z,239,234,high
2024-11-13T19:00Z,2024-11-13T19:30Z,237,235,high
2024-11-13T19:30Z,2024-11-13T20:00Z,234,230,high
2024-11-13T20:00Z,2024-11-13T20:30Z,233,227,high
2024-11-13T20:30Z,2024-11-13T21:00Z,227,229,high
2024-11-13T21:00Z,2024-11-13T21:30Z,221,228,high
2024-11-13T21:30Z,2024-11-13T22:00Z,209,217,high
2024-11-13T22:00Z,2024-11-13T22:30Z,195,200,high
2024-11-13T22:30Z,2024-11-13T23:00Z,161,201,moderate
2024-11-13T23:00Z,2024-11-13T23:30Z,150,169,moderate
2024-11-13T23:30Z,2024-11-14T00:00Z,148,158,moderate
2024-11-14T00:00Z,2024-11-14T00:30Z,150,138,moderate
2024-11-14T00:30Z,2024-11-14T01:00Z,142,148,moderate
2024-11-14T01:00Z,2024-11-14T01:30Z,138,146,moderate
2024-11-14T01:30Z,2024-11-14T02:00Z,132,137,moderate
2024-11-14T02:00Z,2024-11-14T02:30Z,132,133,moderate
2024-11-14T02:30Z,2024-11-14T03:00Z,130,136,moderate
2024-11-14T03:00Z,2024-11-14T03:30Z,133,135,moderate
2024-11-14T03:30Z,2024-11-14T04:00Z,136,136,moderate
2024-11-14T04:00Z,2024-11-14T04:30Z,144,131,moderate
2024-11-14T04:30Z,2024-11-14T05:00Z,152,132,moderate
2024-11-14T05:00Z,2024-11-14T05:30Z,159,137,moderate
2024-11-14T05:30Z,2024-11-14T06:00Z,184,162,moderate
2024-11-14T06:00Z,2024-11-14T06:30Z,202,178,high
2024-11-14T06:30Z,2024-11-14T07:00Z,210,194,high
2024-11-14T07:00Z,2024-11-14T07:30Z,214,212,high
2024-11-14T07:30Z,2024-11-14T08:00Z,220,217,high
2024-11-14T08:00Z,2024-11-14T08:30Z,224,216,high
2024-11-14T08:30Z,2024-11-14T09:00Z,220,222,high
2024-11-14T09:00Z,2024-11-14T09:30Z,219,225,high
2024-11-14T09:30Z,2024-11-14T10:00Z,216,222,high
2024-11-14T10:00Z,2024-11-14T10:30Z,211,221,high
2024-11-14T10:30Z,2024-11-14T11:00Z,209,218,high
2024-11-14T11:00Z,2024-11-14T11:30Z,209,214,high
2024-11-14T11:30Z,2024-11-14T12:00Z,211,211,high
2024-11-14T12:00Z,2024-11-14T12:30Z,212,211,high
2024-11-14T12:30Z,2024-11-14T13:00Z,210,212,high
2024-11-14T13:00Z,2024-11-14T13:30Z,212,215,high
2024-11-14T13:30Z,2024-11-14T14:00Z,215,213,high
2024-11-14T14:00Z,2024-11-14T14:30Z,219,215,high
2024-11-14T14:30Z,2024-11-14T15:00Z,220,216,high
2024-11-14T15:00Z,2024-11-14T15:30Z,229,222,high
2024-11-14T15:30Z,2024-11-14T16:00Z,229,222,high
2024-11-14T16:00Z,2024-11-14T16:30Z,231,229,high
2024-11-14T16:30Z,2024-11-14T17:00Z,233,228,high
2024-11-14T17:00Z,2024-11-14T17:30Z,233,232,high
2024-11-14T17:30Z,2024-11-14T18:00Z,237,231,high
2024-11-14T18:00Z,2024-11-14T18:30Z,239,232,high
2024-11-14T18:30Z,2024-11-14T19:00Z,239,237,high
2024-11-14T19:00Z,2024-11-14T19:30Z,240,238,high
2024-11-14T19:30Z,2024-11-14T20:00Z,240,241,high
2024-11-14T20:00Z,2024-11-14T20:30Z,239,241,high
2024-11-14T20:30Z,2024-11-14T21:00Z,233,242,high
2024-11-14T21:00Z,2024-11-14T21:30Z,220,236,high
2024-11-14T21:30Z,2024-11-14T22:00Z,210,227,high
2024-11-14T22:00Z,2024-11-14T22:30Z,204,210,high
2024-11-14T22:30Z,2024-11-14T23:00Z,192,199,high
2024-11-14T23:00Z,2024-11-14T23:30Z,182,192,moderate
2024-11-14T23:30Z,2024-11-15T00:00Z,176,181,moderate
2024-11-15T00:00Z,2024-11-15T00:30Z,178,176,moderate
2024-11-15T00:30Z,2024-11-15T01:00Z,175,173,moderate
2024-11-15T01:00Z,2024-11-15T01:30Z,169,171,moderate
2024-11-15T01:30Z,2024-11-15T02:00Z,165,168,moderate
2024-11-15T02:00Z,2024-11-15T02:30Z,165,166,moderate
2024-11-15T02:30Z,2024-11-15T03:00Z,167,156,moderate
2024-11-15T03:00Z,2024-11-15T03:30Z,165,156,moderate
2024-11-15T03:30Z,2024-11-15T04:00Z,173,148,moderate
2024-11-15T04:00Z,2024-11-15T04:30Z,174,156,moderate
2024-11-15T04:30Z,2024-11-15T05:00Z,197,168,high
2024-11-15T05:00Z,2024-11-15T05:30Z,205,177,high
2024-11-15T05:30Z,2024-11-15T06:00Z,213,197,high
2024-11-15T06:00Z,2024-11-15T06:30Z,219,210,high
2024-11-15T06:30Z,2024-11-15T07:00Z,222,225,high
2024-11-15T07:00Z,2024-11-15T07:30Z,221,228,high
2024-11-15T07:30Z,2024-11-15T08:00Z,218,217,high
2024-11-15T08:00Z,2024-11-15T08:30Z,213,215,high
2024-11-15T08:30Z,2024-11-15T09:00Z,209,211,high
2024-11-15T09:00Z,2024-11-15T09:30Z,202,212,high
2024-11-15T09:30Z,2024-11-15T10:00Z,200,203,high
2024-11-15T10:00Z,2024-11-15T10:30Z,197,200,high
2024-11-15T10:30Z,2024-11-15T11:00Z,193,197,high
2024-11-15T11:00Z,2024-11-15T11:30Z,193,186,high
2024-11-15T11:30Z,2024-11-15T12:00Z,193,182,high
2024-11-15T12:00Z,2024-11-15T12:30Z,195,185,high
2024-11-15T12:30Z,2024-11-15T13:00Z,193,182,high
2024-11-15T13:00Z,2024-11-15T13:30Z,194,179,high
2024-11-15T13:30Z,2024-11-15T14:00Z,194,174,high
2024-11-15T14:00Z,2024-11-15T14:30Z,193,177,high
2024-11-15T14:30Z,2024-11-15T15:00Z,188,183,moderate
2024-11-15T15:00Z,2024-11-15T15:30Z,186,186,moderate
2024-11-15T15:30Z,2024-11-15T16:00Z,185,187,moderate
2024-11-15T16:00Z,2024-11-15T16:30Z,186,188,moderate
2024-11-15T16:30Z,2024-11-15T17:00Z,183,192,moderate
2024-11-15T17:00Z,2024-11-15T17:30Z,180,182,moderate
2024-11-15T17:30Z,2024-11-15T18:00Z,170,180,moderate
2024-11-15T18:00Z,2024-11-15T18:30Z,165,171,moderate
2024-11-15T18:30Z,2024-11-15T19:00Z,163,159,moderate
2024-11-15T19:00Z,2024-11-15T19:30Z,157,149,moderate
2024-11-15T19:30Z,2024-11-15T20:00Z,148,148,moderate
2024-11-15T20:00Z,2024-11-15T20:30Z,140,135,moderate
2024-11-15T20:30Z,2024-11-15T21:00Z,125,122,moderate
2024-11-15T21:00Z,2024-11-15T21:30Z,113,118,moderate
2024-11-15T21:30Z,2024-11-15T22:00Z,101,98,low
2024-11-15T22:00Z,2024-11-15T22:30Z,96,125,low
2024-11-15T22:30Z,2024-11-15T23:00Z,87,91,low
2024-11-15T23:00Z,2024-11-15T23:30Z,89,86,low
2024-11-15T23:30Z,2024-11-16T00:00Z,87,87,low
2024-11-16T00:00Z,2024-11-16T00:30Z,89,89,low
2024-11-16T00:30Z,2024-11-16T01:00Z,86,84,low
2024-11-16T01:00Z,2024-11-16T01:30Z,81,83,low
2024-11-16T01:30Z,2024-11-16T02:00Z,74,78,low
2024-11-16T02:00Z,2024-11-16T02:30Z,72,79,low
2024-11-16T02:30Z,2024-11-16T03:00Z,71,71,low
2024-11-16T03:00Z,2024-11-16T03:30Z,75,71,low
2024-11-16T03:30Z,2024-11-16T04:00Z,79,77,low
2024-11-16T04:00Z,2024-11-16T04:30Z,79,74,low
2024-11-16T04:30Z,2024-11-16T05:00Z,79,74,low
2024-11-16T05:00Z,2024-11-16T05:30Z,76,80,low
2024-11-16T05:30Z,2024-11-16T06:00Z,78,87,low
2024-11-16T06:00Z,2024-11-16T06:30Z,81,85,low
2024-11-16T06:30Z,2024-11-16T07:00Z,89,77,low
2024-11-16T07:00Z,2024-11-16T07:30Z,101,75,low
2024-11-16T07:30Z,2024-11-16T08:00Z,100,87,low
2024-11-16T08:00Z,2024-11-16T08:30Z,107,89,low
2024-11-16T08:30Z,2024-11-16T09:00Z,109,97,low
2024-11-16T09:00Z,2024-11-16T09:30Z,106,102,low
2024-11-16T09:30Z,2024-11-16T10:00Z,104,100,low
2024-11-16T10:00Z,2024-11-16T10:30Z,110,96,moderate
2024-11-16T10:30Z,2024-11-16T11:00Z,115,91,moderate
2024-11-16T11:00Z,2024-11-16T11:30Z,113,99,moderate
2024-11-16T11:30Z,2024-11-16T12:00Z,112,102,moderate
2024-11-16T12:00Z,2024-11-16T12:30Z,108,100,low
2024-11-16T12:30Z,2024-11-16T13:00Z,107,99,low
2024-11-16T13:00Z,2024-11-16T13:30Z,103,99,low
2024-11-16T13:30Z,2024-11-16T14:00Z,108,96,low
2024-11-16T14:00Z,2024-11-16T14:30Z,115,95,moderate
2024-11-16T14:30Z,2024-11-16T15:00Z,126,95,moderate
2024-11-16T15:00Z,2024-11-16T15:30Z,127,105,moderate
2024-11-16T15:30Z,2024-11-16T16:00Z,133,117,moderate
2024-11-16T16:00Z,2024-11-16T16:30Z,136,118,moderate
2024-11-16T16:30Z,2024-11-16T17:00Z,136,129,moderate
2024-11-16T17:00Z,2024-11-16T17:30Z,136,132,moderate
2024-11-16T17:30Z,2024-11-16T18:00Z,132,128,moderate
2024-11-16T18:00Z,2024-11-16T18:30Z,127,134,moderate
2024-11-16T18:30Z,2024-11-16T19:00Z,118,117,moderate
2024-11-16T19:00Z,2024-11-16T19:30Z,115,111,moderate
2024-11-16T19:30Z,2024-11-16T20:00Z,105,103,low
2024-11-16T20:00Z,2024-11-16T20:30Z,100,103,low
2024-11-16T20:30Z,2024-11-16T21:00Z,95,86,low
2024-11-16T21:00Z,2024-11-16T21:30Z,87,85,low
2024-11-16T21:30Z,2024-11-16T22:00Z,69,80,low
2024-11-16T22:00Z,2024-11-16T22:30Z,61,74,low
2024-11-16T22:30Z,2024-11-16T23:00Z,56,61,low
2024-11-16T23:00Z,2024-11-16T23:30Z,54,56,low
2024-11-16T23:30Z,2024-11-17T00:00Z,57,56,low
2024-11-17T00:00Z,2024-11-17T00:30Z,55,53,low
2024-11-17T00:30Z,2024-11-17T01:00Z,59,52,low
2024-11-17T01:00Z,2024-11-17T01:30Z,54,56,low
2024-11-17T01:30Z,2024-11-17T02:00Z,58,55,low
2024-11-17T02:00Z,2024-11-17T02:30Z,56,52,low
2024-11-17T02:30Z,2024-11-17T03:00Z,63,55,low
2024-11-17T03:00Z,2024-11-17T03:30Z,62,55,low
2024-11-17T03:30Z,2024-11-17T04:00Z,63,62,low
2024-11-17T04:00Z,2024-11-17T04:30Z,64,67,low
2024-11-17T04:30Z,2024-11-17T05:00Z,66,66,low
2024-11-17T05:00Z,2024-11-17T05:30Z,67,65,low
2024-11-17T05:30Z,2024-11-17T06:00Z,60,63,low
2024-11-17T06:00Z,2024-11-17T06:30Z,66,78,low
2024-11-17T06:30Z,2024-11-17T07:00Z,64,66,low
2024-11-17T07:00Z,2024-11-17T07:30Z,66,68,low
2024-11-17T07:30Z,2024-11-17T08:00Z,71,69,low
2024-11-17T08:00Z,2024-11-17T08:30Z,78,68,low
2024-11-17T08:30Z,2024-11-17T09:00Z,87,78,low
2024-11-17T09:00Z,2024-11-17T09:30Z,86,69,low
2024-11-17T09:30Z,2024-11-17T10:00Z,89,89,low
2024-11-17T10:00Z,2024-11-17T10:30Z,92,86,low
2024-11-17T10:30Z,2024-11-17T11:00Z,96,89,low
2024-11-17T11:00Z,2024-11-17T11:30Z,96,95,low
2024-11-17T11:30Z,2024-11-17T12:00Z,103,105,low
2024-11-17T12:00Z,2024-11-17T12:30Z,107,105,low
2024-11-17T12:30Z,2024-11-17T13:00Z,108,114,low
2024-11-17T13:00Z,2024-11-17T13:30Z,115,122,moderate
2024-11-17T13:30Z,2024-11-17T14:00Z,120,111,moderate
2024-11-17T14:00Z,2024-11-17T14:30Z,132,114,moderate
2024-11-17T14:30Z,2024-11-17T15:00Z,138,127,moderate
2024-11-17T15:00Z,2024-11-17T15:30Z,151,143,moderate
2024-11-17T15:30Z,2024-11-17T16:00Z,161,141,moderate
2024-11-17T16:00Z,2024-11-17T16:30Z,163,149,moderate
2024-11-17T16:30Z,2024-11-17T17:00Z,165,163,moderate
2024-11-17T17:00Z,2024-11-17T17:30Z,166,162,moderate
2024-11-17T17:30Z,2024-11-17T18:00Z,170,163,moderate
2024-11-17T18:00Z,2024-11-17T18:30Z,167,162,moderate
2024-11-17T18:30Z,2024-11-17T19:00Z,168,167,moderate
2024-11-17T19:00Z,2024-11-17T19:30Z,165,171,moderate
2024-11-17T19:30Z,2024-11-17T20:00Z,157,178,moderate
2024-11-17T20:00Z,2024-11-17T20:30Z,148,176,moderate
2024-11-17T20:30Z,2024-11-17T21:00Z,138,158,moderate
2024-11-17T21:00Z,2024-11-17T21:30Z,127,158,moderate
2024-11-17T21:30Z,2024-11-17T22:00Z,105,145,low
2024-11-17T22:00Z,2024-11-17T22:30Z,93,132,low
2024-11-17T22:30Z,2024-11-17T23:00Z,91,110,low
2024-11-17T23:00Z,2024-11-17T23:30Z,83,112,low
2024-11-17T23:30Z,2024-11-18T00:00Z,96,92,low
2024-11-18T00:00Z,2024-11-18T00:30Z,97,87,low
2024-11-18T00:30Z,2024-11-18T01:00Z,91,99,low
2024-11-18T01:00Z,2024-11-18T01:30Z,94,100,low
2024-11-18T01:30Z,2024-11-18T02:00Z,94,96,low
2024-11-18T02:00Z,2024-11-18T02:30Z,93,92,low
2024-11-18T02:30Z,2024-11-18T03:00Z,97,97,low
2024-11-18T03:00Z,2024-11-18T03:30Z,100,99,low
2024-11-18T03:30Z,2024-11-18T04:00Z,100,104,low
2024-11-18T04:00Z,2024-11-18T04:30Z,111,106,moderate
2024-11-18T04:30Z,2024-11-18T05:00Z,121,103,moderate
2024-11-18T05:00Z,2024-11-18T05:30Z,149,103,moderate
2024-11-18T05:30Z,2024-11-18T06:00Z,191,135,high
2024-11-18T06:00Z,2024-11-18T06:30Z,207,166,high
2024-11-18T06:30Z,2024-11-18T07:00Z,218,213,high
2024-11-18T07:00Z,2024-11-18T07:30Z,224,215,high
2024-11-18T07:30Z,2024-11-18T08:00Z,221,227,high
2024-11-18T08:00Z,2024-11-18T08:30Z,224,225,high
2024-11-18T08:30Z,2024-11-18T09:00Z,215,223,high
2024-11-18T09:00Z,2024-11-18T09:30Z,213,226,high
2024-11-18T09:30Z,2024-11-18T10:00Z,218,217,high
2024-11-18T10:00Z,2024-11-18T10:30Z,222,215,high
2024-11-18T10:30Z,2024-11-18T11:00Z,219,221,high
2024-11-18T11:00Z,2024-11-18T11:30Z,225,227,high
2024-11-18T11:30Z,2024-11-18T12:00Z,229,230,high
2024-11-18T12:00Z,2024-11-18T12:30Z,226,231,high
2024-11-18T12:30Z,2024-11-18T13:00Z,230,233,high
2024-11-18T13:00Z,2024-11-18T13:30Z,232,222,high
2024-11-18T13:30Z,2024-11-18T14:00Z,235,233,high
2024-11-18T14:00Z,2024-11-18T14:30Z,236,234,high
2024-11-18T14:30Z,2024-11-18T15:00Z,242,243,high
2024-11-18T15:00Z,2024-11-18T15:30Z,245,242,high
2024-11-18T15:30Z,2024-11-18T16:00Z,245,250,high
2024-11-18T16:00Z,2024-11-18T16:30Z,247,240,high
2024-11-18T16:30Z,2024-11-18T17:00Z,246,241,high
2024-11-18T17:00Z,2024-11-18T17:30Z,243,248,high
2024-11-18T17:30Z,2024-11-18T18:00Z,242,241,high
2024-11-18T18:00Z,2024-11-18T18:30Z,240,240,high
2024-11-18T18:30Z,2024-11-18T19:00Z,239,239,high
2024-11-18T19:00Z,2024-11-18T19:30Z,234,235,high
2024-11-18T19:30Z,2024-11-18T20:00Z,228,233,high
2024-11-18T20:00Z,2024-11-18T20:30Z,222,235,high
2024-11-18T20:30Z,2024-11-18T21:00Z,208,221,high
2024-11-18T21:00Z,2024-11-18T21:30Z,191,217,high
2024-11-18T21:30Z,2024-11-18T22:00Z,172,205,moderate
2024-11-18T22:00Z,2024-11-18T22:30Z,148,191,moderate
2024-11-18T22:30Z,2024-11-18T23:00Z,121,169,moderate
2024-11-18T23:00Z,2024-11-18T23:30Z,105,155,low
2024-11-18T23:30Z,2024-11-19T00:00Z,104,129,low
2024-11-19T00:00Z,2024-11-19T00:30Z,103,111,low
2024-11-19T00:30Z,2024-11-19T01:00Z,102,109,low
2024-11-19T01:00Z,2024-11-19T01:30Z,100,105,low
2024-11-19T01:30Z,2024-11-19T02:00Z,95,100,low
2024-11-19T02:00Z,2024-11-19T02:30Z,92,103,low
2024-11-19T02:30Z,2024-11-19T03:00Z,88,96,low
2024-11-19T03:00Z,2024-11-19T03:30Z,83,93,low
2024-11-19T03:30Z,2024-11-19T04:00Z,79,86,low
2024-11-19T04:00Z,2024-11-19T04:30Z,77,82,low
2024-11-19T04:30Z,2024-11-19T05:00Z,79,78,low
2024-11-19T05:00Z,2024-11-19T05:30Z,91,76,low
2024-11-19T05:30Z,2024-11-19T06:00Z,117,86,moderate
2024-11-19T06:00Z,2024-11-19T06:30Z,144,99,moderate
2024-11-19T06:30Z,2024-11-19T07:00Z,173,120,moderate
2024-11-19T07:00Z,2024-11-19T07:30Z,185,156,moderate
2024-11-19T07:30Z,2024-11-19T08:00Z,184,174,moderate
2024-11-19T08:00Z,2024-11-19T08:30Z,181,185,moderate
2024-11-19T08:30Z,2024-11-19T09:00Z,179,185,moderate
2024-11-19T09:00Z,2024-11-19T09:30Z,179,190,moderate
2024-11-19T09:30Z,2024-11-19T10:00Z,179,179,moderate
2024-11-19T10:00Z,2024-11-19T10:30Z,182,182,moderate
2024-11-19T10:30Z,2024-11-19T11:00Z,184,182,moderate
2024-11-19T11:00Z,2024-11-19T11:30Z,183,176,moderate
2024-11-19T11:30Z,2024-11-19T12:00Z,185,172,moderate
2024-11-19T12:00Z,2024-11-19T12:30Z,185,181,moderate
2024-11-19T12:30Z,2024-11-19T13:00Z,184,178,moderate
2024-11-19T13:00Z,2024-11-19T13:30Z,184,183,moderate
2024-11-19T13:30Z,2024-11-19T14:00Z,182,181,moderate
2024-11-19T14:00Z,2024-11-19T14:30Z,180,178,moderate
2024-11-19T14:30Z,2024-11-19T15:00Z,181,180,moderate
2024-11-19T15:00Z,2024-11-19T15:30Z,178,176,moderate
2024-11-19T15:30Z,2024-11-19T16:00Z,179,182,moderate
2024-11-19T16:00Z,2024-11-19T16:30Z,177,175,moderate
2024-11-19T16:30Z,2024-11-19T17:00Z,174,175,moderate
2024-11-19T17:00Z,2024-11-19T17:30Z,170,172,moderate
2024-11-19T17:30Z,2024-11-19T18:00Z,163,165,moderate
2024-11-19T18:00Z,2024-11-19T18:30Z,155,162,moderate
2024-11-19T18:30Z,2024-11-19T19:00Z,146,158,moderate
2024-11-19T19:00Z,2024-11-19T19:30Z,146,144,moderate
2024-11-19T19:30Z,2024-11-19T20:00Z,140,147,moderate
2024-11-19T20:00Z,2024-11-19T20:30Z,131,144,moderate
2024-11-19T20:30Z,2024-11-19T21:00Z,115,138,moderate
2024-11-19T21:00Z,2024-11-19T21:30Z,102,125,low
2024-11-19T21:30Z,2024-11-19T22:00Z,87,118,low
2024-11-19T22:00Z,2024-11-19T22:30Z,78,103,low
2024-11-19T22:30Z,2024-11-19T23:00Z,79,88,low
2024-11-19T23:00Z,2024-11-19T23:30Z,77,74,low
2024-11-19T23:30Z,2024-11-20T00:00Z,72,74,low
2024-11-20T00:00Z,2024-11-20T00:30Z,74,78,low
2024-11-20T00:30Z,2024-11-20T01:00Z,73,74,low
2024-11-20T01:00Z,2024-11-20T01:30Z,78,72,low
2024-11-20T01:30Z,2024-11-20T02:00Z,79,73,low
2024-11-20T02:00Z,2024-11-20T02:30Z,83,70,low
2024-11-20T02:30Z,2024-11-20T03:00Z,73,74,low
2024-11-20T03:00Z,2024-11-20T03:30Z,68,78,low
2024-11-20T03:30Z,2024-11-20T04:00Z,61,69,low
2024-11-20T04:00Z,2024-11-20T04:30Z,61,62,low
2024-11-20T04:30Z,2024-11-20T05:00Z,69,60,low
2024-11-20T05:00Z,2024-11-20T05:30Z,86,59,low
2024-11-20T05:30Z,2024-11-20T06:00Z,127,76,moderate
2024-11-20T06:00Z,2024-11-20T06:30Z,142,83,moderate
2024-11-20T06:30Z,2024-11-20T07:00Z,154,121,moderate
2024-11-20T07:00Z,2024-11-20T07:30Z,160,136,moderate
2024-11-20T07:30Z,2024-11-20T08:00Z,159,147,moderate
2024-11-20T08:00Z,2024-11-20T08:30Z,161,147,moderate
2024-11-20T08:30Z,2024-11-20T09:00Z,161,150,moderate
2024-11-20T09:00Z,2024-11-20T09:30Z,160,153,moderate
2024-11-20T09:30Z,2024-11-20T10:00Z,141,151,moderate
2024-11-20T10:00Z,2024-11-20T10:30Z,151,155,moderate
2024-11-20T10:30Z,2024-11-20T11:00Z,143,146,moderate
2024-11-20T11:00Z,2024-11-20T11:30Z,138,148,moderate
2024-11-20T11:30Z,2024-11-20T12:00Z,139,143,moderate
2024-11-20T12:00Z,2024-11-20T12:30Z,137,137,moderate
2024-11-20T12:30Z,2024-11-20T13:00Z,133,137,moderate
2024-11-20T13:00Z,2024-11-20T13:30Z,133,137,moderate
2024-11-20T13:30Z,2024-11-20T14:00Z,142,134,moderate
2024-11-20T14:00Z,2024-11-20T14:30Z,149,126,moderate
2024-11-20T14:30Z,2024-11-20T15:00Z,157,129,moderate
2024-11-20T15:00Z,2024-11-20T15:30Z,163,165,moderate
2024-11-20T15:30Z,2024-11-20T16:00Z,167,172,moderate
2024-11-20T16:00Z,2024-11-20T16:30Z,176,164,moderate
2024-11-20T16:30Z,2024-11-20T17:00Z,174,171,moderate
2024-11-20T17:00Z,2024-11-20T17:30Z,173,170,moderate
2024-11-20T17:30Z,2024-11-20T18:00Z,173,180,moderate
2024-11-20T18:00Z,2024-11-20T18:30Z,171,171,moderate
2024-11-20T18:30Z,2024-11-20T19:00Z,167,158,moderate
2024-11-20T19:00Z,2024-11-20T19:30Z,160,170,moderate
2024-11-20T19:30Z,2024-11-20T20:00Z,155,166,moderate
2024-11-20T20:00Z,2024-11-20T20:30Z,154,163,moderate
2024-11-20T20:30Z,2024-11-20T21:00Z,148,155,moderate
2024-11-20T21:00Z,2024-11-20T21:30Z,143,145,moderate
2024-11-20T21:30Z,2024-11-20T22:00Z,128,148,moderate
2024-11-20T22:00Z,2024-11-20T22:30Z,117,144,moderate
2024-11-20T22:30Z,2024-11-20T23:00Z,112,142,moderate
2024-11-20T23:00Z,2024-11-20T23:30Z,108,142,low
2024-11-20T23:30Z,2024-11-21T00:00Z,108,132,low
2024-11-21T00:00Z,2024-11-21T00:30Z,112,133,moderate
2024-11-21T00:30Z,2024-11-21T01:00Z,104,138,low
2024-11-21T01:00Z,2024-11-21T01:30Z,101,139,low
2024-11-21T01:30Z,2024-11-21T02:00Z,110,144,moderate
2024-11-21T02:00Z,2024-11-21T02:30Z,115,136,moderate
2024-11-21T02:30Z,2024-11-21T03:00Z,116,135,moderate
2024-11-21T03:00Z,2024-11-21T03:30Z,108,133,low
2024-11-21T03:30Z,2024-11-21T04:00Z,111,133,moderate
2024-11-21T04:00Z,2024-11-21T04:30Z,117,133,moderate
2024-11-21T04:30Z,2024-11-21T05:00Z,134,138,moderate
2024-11-21T05:00Z,2024-11-21T05:30Z,146,145,moderate
2024-11-21T05:30Z,2024-11-21T06:00Z,188,161,moderate
2024-11-21T06:00Z,2024-11-21T06:30Z,210,180,high
2024-11-21T06:30Z,2024-11-21T07:00Z,214,197,high
2024-11-21T07:00Z,2024-11-21T07:30Z,216,201,high
2024-11-21T07:30Z,2024-11-21T08:00Z,216,210,high
2024-11-21T08:00Z,2024-11-21T08:30Z,218,213,high
2024-11-21T08:30Z,2024-11-21T09:00Z,221,211,high
2024-11-21T09:00Z,2024-11-21T09:30Z,219,210,high
2024-11-21T09:30Z,2024-11-21T10:00Z,215,207,high
2024-11-21T10:00Z,2024-11-21T10:30Z,214,218,high
2024-11-21T10:30Z,2024-11-21T11:00Z,209,217,high
2024-11-21T11:00Z,2024-11-21T11:30Z,206,211,high
2024-11-21T11:30Z,2024-11-21T12:00Z,203,203,high
2024-11-21T12:00Z,2024-11-21T12:30Z,200,202,high
2024-11-21T12:30Z,2024-11-21T13:00Z,194,201,high
2024-11-21T13:00Z,2024-11-21T13:30Z,189,196,moderate
2024-11-21T13:30Z,2024-11-21T14:00Z,183,195,moderate
2024-11-21T14:00Z,2024-11-21T14:30Z,179,194,moderate
2024-11-21T14:30Z,2024-11-21T15:00Z,177,194,moderate
2024-11-21T15:00Z,2024-11-21T15:30Z,181,192,moderate
2024-11-21T15:30Z,2024-11-21T16:00Z,189,174,moderate
2024-11-21T16:00Z,2024-11-21T16:30Z,186,161,moderate
2024-11-21T16:30Z,2024-11-21T17:00Z,184,176,moderate
2024-11-21T17:00Z,2024-11-21T17:30Z,181,168,moderate
2024-11-21T17:30Z,2024-11-21T18:00Z,180,174,moderate
2024-11-21T18:00Z,2024-11-21T18:30Z,179,159,moderate
2024-11-21T18:30Z,2024-11-21T19:00Z,178,166,moderate
2024-11-21T19:00Z,2024-11-21T19:30Z,172,164,moderate
2024-11-21T19:30Z,2024-11-21T20:00Z,166,176,moderate
2024-11-21T20:00Z,2024-11-21T20:30Z,158,159,moderate
2024-11-21T20:30Z,2024-11-21T21:00Z,147,155,moderate
2024-11-21T21:00Z,2024-11-21T21:30Z,138,142,moderate
2024-11-21T21:30Z,2024-11-21T22:00Z,127,142,moderate
2024-11-21T22:00Z,2024-11-21T22:30Z,111,138,moderate
2024-11-21T22:30Z,2024-11-21T23:00Z,78,133,low
2024-11-21T23:00Z,2024-11-21T23:30Z,62,134,low
2024-11-21T23:30Z,2024-11-22T00:00Z,60,86,low
2024-11-22T00:00Z,2024-11-22T00:30Z,62,85,low
2024-11-22T00:30Z,2024-11-22T01:00Z,58,63,low
2024-11-22T01:00Z,2024-11-22T01:30Z,56,62,low
2024-11-22T01:30Z,2024-11-22T02:00Z,57,60,low
2024-11-22T02:00Z,2024-11-22T02:30Z,57,62,low
2024-11-22T02:30Z,2024-11-22T03:00Z,56,58,low
2024-11-22T03:00Z,2024-11-22T03:30Z,56,58,low
2024-11-22T03:30Z,2024-11-22T04:00Z,60,62,low
2024-11-22T04:00Z,2024-11-22T04:30Z,68,63,low
2024-11-22T04:30Z,2024-11-22T05:00Z,80,62,low
2024-11-22T05:00Z,2024-11-22T05:30Z,96,66,low
2024-11-22T05:30Z,2024-11-22T06:00Z,136,83,moderate
2024-11-22T06:00Z,2024-11-22T06:30Z,151,88,moderate
2024-11-22T06:30Z,2024-11-22T07:00Z,151,148,moderate
2024-11-22T07:00Z,2024-11-22T07:30Z,157,176,moderate
2024-11-22T07:30Z,2024-11-22T08:00Z,162,164,moderate
2024-11-22T08:00Z,2024-11-22T08:30Z,165,172,moderate
2024-11-22T08:30Z,2024-11-22T09:00Z,167,172,moderate
2024-11-22T09:00Z,2024-11-22T09:30Z,166,177,moderate
2024-11-22T09:30Z,2024-11-22T10:00Z,164,170,moderate
2024-11-22T10:00Z,2024-11-22T10:30Z,165,173,moderate
2024-11-22T10:30Z,2024-11-22T11:00Z,156,165,moderate
2024-11-22T11:00Z,2024-11-22T11:30Z,153,163,moderate
2024-11-22T11:30Z,2024-11-22T12:00Z,152,162,moderate
2024-11-22T12:00Z,2024-11-22T12:30Z,158,164,moderate
2024-11-22T12:30Z,2024-11-22T13:00Z,166,162,moderate
2024-11-22T13:00Z,2024-11-22T13:30Z,171,171,moderate
2024-11-22T13:30Z,2024-11-22T14:00Z,178,177,moderate
2024-11-22T14:00Z,2024-11-22T14:30Z,189,186,moderate
2024-11-22T14:30Z,2024-11-22T15:00Z,200,191,high
2024-11-22T15:00Z,2024-11-22T15:30Z,209,196,high
2024-11-22T15:30Z,2024-11-22T16:00Z,216,211,high
2024-11-22T16:00Z,2024-11-22T16:30Z,218,224,high
2024-11-22T16:30Z,2024-11-22T17:00Z,221,227,high
2024-11-22T17:00Z,2024-11-22T17:30Z,222,237,high
2024-11-22T17:30Z,2024-11-22T18:00Z,224,232,high
2024-11-22T18:00Z,2024-11-22T18:30Z,223,241,high
2024-11-22T18:30Z,2024-11-22T19:00Z,226,231,high
2024-11-22T19:00Z,2024-11-22T19:30Z,227,240,high
2024-11-22T19:30Z,2024-11-22T20:00Z,227,238,high
2024-11-22T20:00Z,2024-11-22T20:30Z,229,239,high
2024-11-22T20:30Z,2024-11-22T21:00Z,229,237,high
2024-11-22T21:00Z,2024-11-22T21:30Z,222,236,high
2024-11-22T21:30Z,2024-11-22T22:00Z,222,232,high
2024-11-22T22:00Z,2024-11-22T22:30Z,214,226,high
2024-11-22T22:30Z,2024-11-22T23:00Z,196,216,high
2024-11-22T23:00Z,2024-11-22T23:30Z,183,204,moderate
2024-11-22T23:30Z,2024-11-23T00:00Z,178,200,moderate
2024-11-23T00:00Z,2024-11-23T00:30Z,178,195,moderate
2024-11-23T00:30Z,2024-11-23T01:00Z,164,181,moderate
2024-11-23T01:00Z,2024-11-23T01:30Z,147,171,moderate
2024-11-23T01:30Z,2024-11-23T02:00Z,131,164,moderate
2024-11-23T02:00Z,2024-11-23T02:30Z,107,158,low
2024-11-23T02:30Z,2024-11-23T03:00Z,96,139,low
2024-11-23T03:00Z,2024-11-23T03:30Z,88,132,low
2024-11-23T03:30Z,2024-11-23T04:00Z,80,95,low
2024-11-23T04:00Z,2024-11-23T04:30Z,75,91,low
2024-11-23T04:30Z,2024-11-23T05:00Z,68,82,low
2024-11-23T05:00Z,2024-11-23T05:30Z,64,79,low
2024-11-23T05:30Z,2024-11-23T06:00Z,60,64,low
2024-11-23T06:00Z,2024-11-23T06:30Z,55,68,low
2024-11-23T06:30Z,2024-11-23T07:00Z,58,62,low
2024-11-23T07:00Z,2024-11-23T07:30Z,58,64,low
2024-11-23T07:30Z,2024-11-23T08:00Z,60,56,low
2024-11-23T08:00Z,2024-11-23T08:30Z,68,63,low
2024-11-23T08:30Z,2024-11-23T09:00Z,68,60,low
2024-11-23T09:00Z,2024-11-23T09:30Z,73,60,low
2024-11-23T09:30Z,2024-11-23T10:00Z,79,70,low
2024-11-23T10:00Z,2024-11-23T10:30Z,80,71,low
2024-11-23T10:30Z,2024-11-23T11:00Z,84,79,low
2024-11-23T11:00Z,2024-11-23T11:30Z,88,80,low
2024-11-23T11:30Z,2024-11-23T12:00Z,94,87,low
2024-11-23T12:00Z,2024-11-23T12:30Z,95,91,low
2024-11-23T12:30Z,2024-11-23T13:00Z,94,97,low
2024-11-23T13:00Z,2024-11-23T13:30Z,96,99,low
2024-11-23T13:30Z,2024-11-23T14:00Z,100,98,low
2024-11-23T14:00Z,2024-11-23T14:30Z,102,99,low
2024-11-23T14:30Z,2024-11-23T15:00Z,111,96,moderate
2024-11-23T15:00Z,2024-11-23T15:30Z,112,92,moderate
2024-11-23T15:30Z,2024-11-23T16:00Z,111,115,moderate
2024-11-23T16:00Z,2024-11-23T16:30Z,113,120,moderate
2024-11-23T16:30Z,2024-11-23T17:00Z,113,119,moderate
2024-11-23T17:00Z,2024-11-23T17:30Z,107,123,low
2024-11-23T17:30Z,2024-11-23T18:00Z,101,126,low
2024-11-23T18:00Z,2024-11-23T18:30Z,95,121,low
2024-11-23T18:30Z,2024-11-23T19:00Z,89,105,low
2024-11-23T19:00Z,2024-11-23T19:30Z,73,99,low
2024-11-23T19:30Z,2024-11-23T20:00Z,68,90,low
2024-11-23T20:00Z,2024-11-23T20:30Z,61,84,low
2024-11-23T20:30Z,2024-11-23T21:00Z,62,65,low
2024-11-23T21:00Z,2024-11-23T21:30Z,62,63,low
2024-11-23T21:30Z,2024-11-23T22:00Z,59,63,low
2024-11-23T22:00Z,2024-11-23T22:30Z,55,62,low
2024-11-23T22:30Z,2024-11-23T23:00Z,59,54,low
2024-11-23T23:00Z,2024-11-23T23:30Z,56,54,low
2024-11-23T23:30Z,2024-11-24T00:00Z,59,55,low
2024-11-24T00:00Z,2024-11-24T00:30Z,61,55,low
2024-11-24T00:30Z,2024-11-24T01:00Z,59,60,low
2024-11-24T01:00Z,2024-11-24T01:30Z,57,61,low
2024-11-24T01:30Z,2024-11-24T02:00Z,60,59,low
2024-11-24T02:00Z,2024-11-24T02:30Z,58,60,low
2024-11-24T02:30Z,2024-11-24T03:00Z,58,59,low
2024-11-24T03:00Z,2024-11-24T03:30Z,54,60,low
2024-11-24T03:30Z,2024-11-24T04:00Z,57,57,low
2024-11-24T04:00Z,2024-11-24T04:30Z,55,58,low
2024-11-24T04:30Z,2024-11-24T05:00Z,55,56,low
2024-11-24T05:00Z,2024-11-24T05:30Z,54,58,low
2024-11-24T05:30Z,2024-11-24T06:00Z,52,57,low
2024-11-24T06:00Z,2024-11-24T06:30Z,62,60,low
2024-11-24T06:30Z,2024-11-24T07:00Z,61,52,low
2024-11-24T07:00Z,2024-11-24T07:30Z,59,55,low
2024-11-24T07:30Z,2024-11-24T08:00Z,60,61,low
2024-11-24T08:00Z,2024-11-24T08:30Z,60,62,low
2024-11-24T08:30Z,2024-11-24T09:00Z,61,58,low
2024-11-24T09:00Z,2024-11-24T09:30Z,61,59,low
2024-11-24T09:30Z,2024-11-24T10:00Z,63,62,low
2024-11-24T10:00Z,2024-11-24T10:30Z,64,67,low
2024-11-24T10:30Z,2024-11-24T11:00Z,67,64,low
2024-11-24T11:00Z,2024-11-24T11:30Z,68,67,low
2024-11-24T11:30Z,2024-11-24T12:00Z,71,70,low
2024-11-24T12:00Z,2024-11-24T12:30Z,72,74,low
2024-11-24T12:30Z,2024-11-24T13:00Z,73,74,low
2024-11-24T13:00Z,2024-11-24T13:30Z,74,76,low
2024-11-24T13:30Z,2024-11-24T14:00Z,76,76,low
2024-11-24T14:00Z,2024-11-24T14:30Z,78,77,low
2024-11-24T14:30Z,2024-11-24T15:00Z,75,77,low
2024-11-24T15:00Z,2024-11-24T15:30Z,81,81,low
2024-11-24T15:30Z,2024-11-24T16:00Z,88,79,low
2024-11-24T16:00Z,2024-11-24T16:30Z,92,84,low
2024-11-24T16:30Z,2024-11-24T17:00Z,91,91,low
2024-11-24T17:00Z,2024-11-24T17:30Z,91,94,low
2024-11-24T17:30Z,2024-11-24T18:00Z,91,90,low
2024-11-24T18:00Z,2024-11-24T18:30Z,86,91,low
2024-11-24T18:30Z,2024-11-24T19:00Z,88,89,low
2024-11-24T19:00Z,2024-11-24T19:30Z,87,91,low
2024-11-24T19:30Z,2024-11-24T20:00Z,86,87,low
2024-11-24T20:00Z,2024-11-24T20:30Z,83,85,low
2024-11-24T20:30Z,2024-11-24T21:00Z,75,83,low
2024-11-24T21:00Z,2024-11-24T21:30Z,66,75,low
2024-11-24T21:30Z,2024-11-24T22:00Z,57,76,low
2024-11-24T22:00Z,2024-11-24T22:30Z,58,77,low
2024-11-24T22:30Z,2024-11-24T23:00Z,63,74,low
2024-11-24T23:00Z,2024-11-24T23:30Z,57,74,low
2024-11-24T23:30Z,2024-11-25T00:00Z,61,71,low
2024-11-25T00:00Z,2024-11-25T00:30Z,65,73,low
2024-11-25T00:30Z,2024-11-25T01:00Z,63,73,low
2024-11-25T01:00Z,2024-11-25T01:30Z,64,75,low
2024-11-25T01:30Z,2024-11-25T02:00Z,61,76,low
2024-11-25T02:00Z,2024-11-25T02:30Z,65,78,low
2024-11-25T02:30Z,2024-11-25T03:00Z,71,79,low
2024-11-25T03:00Z,2024-11-25T03:30Z,71,80,low
2024-11-25T03:30Z,2024-11-25T04:00Z,71,82,low
2024-11-25T04:00Z,2024-11-25T04:30Z,74,83,low
2024-11-25T04:30Z,2024-11-25T05:00Z,67,85,low
2024-11-25T05:00Z,2024-11-25T05:30Z,64,86,low
2024-11-25T05:30Z,2024-11-25T06:00Z,72,95,low
2024-11-25T06:00Z,2024-11-25T06:30Z,86,102,low
2024-11-25T06:30Z,2024-11-25T07:00Z,87,108,low
2024-11-25T07:00Z,2024-11-25T07:30Z,97,117,low
2024-11-25T07:30Z,2024-11-25T08:00Z,93,121,low
2024-11-25T08:00Z,2024-11-25T08:30Z,97,119,low
2024-11-25T08:30Z,2024-11-25T09:00Z,96,90,low
2024-11-25T09:00Z,2024-11-25T09:30Z,90,93,low
2024-11-25T09:30Z,2024-11-25T10:00Z,86,94,low
2024-11-25T10:00Z,2024-11-25T10:30Z,78,86,low
2024-11-25T10:30Z,2024-11-25T11:00Z,78,85,low
2024-11-25T11:00Z,2024-11-25T11:30Z,76,77,low
2024-11-25T11:30Z,2024-11-25T12:00Z,77,80,low
2024-11-25T12:00Z,2024-11-25T12:30Z,78,79,low
2024-11-25T12:30Z,2024-11-25T13:00Z,83,79,low
2024-11-25T13:00Z,2024-11-25T13:30Z,87,80,low
2024-11-25T13:30Z,2024-11-25T14:00Z,93,84,low
2024-11-25T14:00Z,2024-11-25T14:30Z,102,90,low
2024-11-25T14:30Z,2024-11-25T15:00Z,117,96,moderate
2024-11-25T15:00Z,2024-11-25T15:30Z,126,98,moderate
2024-11-25T15:30Z,2024-11-25T16:00Z,126,115,moderate
2024-11-25T16:00Z,2024-11-25T16:30Z,128,133,moderate
2024-11-25T16:30Z,2024-11-25T17:00Z,129,131,moderate
2024-11-25T17:00Z,2024-11-25T17:30Z,130,131,moderate
2024-11-25T17:30Z,2024-11-25T18:00Z,131,128,moderate
2024-11-25T18:00Z,2024-11-25T18:30Z,132,128,moderate
2024-11-25T18:30Z,2024-11-25T19:00Z,127,127,moderate
2024-11-25T19:00Z,2024-11-25T19:30Z,123,131,moderate
2024-11-25T19:30Z,2024-11-25T20:00Z,117,126,moderate
2024-11-25T20:00Z,2024-11-25T20:30Z,110,118,moderate
2024-11-25T20:30Z,2024-11-25T21:00Z,101,114,low
2024-11-25T21:00Z,2024-11-25T21:30Z,86,99,low
2024-11-25T21:30Z,2024-11-25T22:00Z,87,88,low
2024-11-25T22:00Z,2024-11-25T22:30Z,81,81,low
2024-11-25T22:30Z,2024-11-25T23:00Z,73,85,low
2024-11-25T23:00Z,2024-11-25T23:30Z,71,83,low
2024-11-25T23:30Z,2024-11-26T00:00Z,78,74,low
2024-11-26T00:00Z,2024-11-26T00:30Z,82,74,low
2024-11-26T00:30Z,2024-11-26T01:00Z,79,81,low
2024-11-26T01:00Z,2024-11-26T01:30Z,78,80,low
2024-11-26T01:30Z,2024-11-26T02:00Z,76,81,low
2024-11-26T02:00Z,2024-11-26T02:30Z,74,78,low
2024-11-26T02:30Z,2024-11-26T03:00Z,75,77,low
2024-11-26T03:00Z,2024-11-26T03:30Z,77,75,low
2024-11-26T03:30Z,2024-11-26T04:00Z,78,74,low
2024-11-26T04:00Z,2024-11-26T04:30Z,88,70,low
2024-11-26T04:30Z,2024-11-26T05:00Z,92,74,low
2024-11-26T05:00Z,2024-11-26T05:30Z,112,82,moderate
2024-11-26T05:30Z,2024-11-26T06:00Z,144,95,moderate
2024-11-26T06:00Z,2024-11-26T06:30Z,172,132,moderate
2024-11-26T06:30Z,2024-11-26T07:00Z,177,165,moderate
2024-11-26T07:00Z,2024-11-26T07:30Z,193,212,high
2024-11-26T07:30Z,2024-11-26T08:00Z,196,210,high
2024-11-26T08:00Z,2024-11-26T08:30Z,199,188,high
2024-11-26T08:30Z,2024-11-26T09:00Z,197,211,high
2024-11-26T09:00Z,2024-11-26T09:30Z,197,206,high
2024-11-26T09:30Z,2024-11-26T10:00Z,198,190,high
2024-11-26T10:00Z,2024-11-26T10:30Z,192,186,high
2024-11-26T10:30Z,2024-11-26T11:00Z,192,195,high
2024-11-26T11:00Z,2024-11-26T11:30Z,192,193,high
2024-11-26T11:30Z,2024-11-26T12:00Z,198,198,high
2024-11-26T12:00Z,2024-11-26T12:30Z,208,200,high
2024-11-26T12:30Z,2024-11-26T13:00Z,208,203,high
2024-11-26T13:00Z,2024-11-26T13:30Z,219,212,high
2024-11-26T13:30Z,2024-11-26T14:00Z,226,217,high
2024-11-26T14:00Z,2024-11-26T14:30Z,234,232,high
2024-11-26T14:30Z,2024-11-26T15:00Z,242,237,high
2024-11-26T15:00Z,2024-11-26T15:30Z,248,251,high
2024-11-26T15:30Z,2024-11-26T16:00Z,256,255,high
2024-11-26T16:00Z,2024-11-26T16:30Z,258,249,high
2024-11-26T16:30Z,2024-11-26T17:00Z,258,258,high
2024-11-26T17:00Z,2024-11-26T17:30Z,260,256,high
2024-11-26T17:30Z,2024-11-26T18:00Z,263,256,high
2024-11-26T18:00Z,2024-11-26T18:30Z,264,259,high
2024-11-26T18:30Z,2024-11-26T19:00Z,268,265,high
2024-11-26T19:00Z,2024-11-26T19:30Z,272,269,very high
2024-11-26T19:30Z,2024-11-26T20:00Z,270,274,very high
2024-11-26T20:00Z,2024-11-26T20:30Z,274,273,very high
2024-11-26T20:30Z,2024-11-26T21:00Z,275,272,very high
2024-11-26T21:00Z,2024-11-26T21:30Z,269,271,high
2024-11-26T21:30Z,2024-11-26T22:00Z,262,271,high
2024-11-26T22:00Z,2024-11-26T22:30Z,256,261,high
2024-11-26T22:30Z,2024-11-26T23:00Z,247,254,high
2024-11-26T23:00Z,2024-11-26T23:30Z,242,140,high
2024-11-26T23:30Z,2024-11-27T00:00Z,238,130,high
2024-11-27T00:00Z,2024-11-27T00:30Z,238,123,high
2024-11-27T00:30Z,2024-11-27T01:00Z,236,234,high
2024-11-27T01:00Z,2024-11-27T01:30Z,232,227,high
2024-11-27T01:30Z,2024-11-27T02:00Z,221,230,high
2024-11-27T02:00Z,2024-11-27T02:30Z,211,221,high
2024-11-27T02:30Z,2024-11-27T03:00Z,202,212,high
2024-11-27T03:00Z,2024-11-27T03:30Z,197,194,high
2024-11-27T03:30Z,2024-11-27T04:00Z,188,184,moderate
2024-11-27T04:00Z,2024-11-27T04:30Z,185,177,moderate
2024-11-27T04:30Z,2024-11-27T05:00Z,191,172,high
2024-11-27T05:00Z,2024-11-27T05:30Z,192,181,high
2024-11-27T05:30Z,2024-11-27T06:00Z,206,197,high
2024-11-27T06:00Z,2024-11-27T06:30Z,213,210,high
2024-11-27T06:30Z,2024-11-27T07:00Z,215,228,high
2024-11-27T07:00Z,2024-11-27T07:30Z,215,237,high
2024-11-27T07:30Z,2024-11-27T08:00Z,212,222,high
2024-11-27T08:00Z,2024-11-27T08:30Z,211,220,high
2024-11-27T08:30Z,2024-11-27T09:00Z,213,210,high
2024-11-27T09:00Z,2024-11-27T09:30Z,212,211,high
2024-11-27T09:30Z,2024-11-27T10:00Z,212,210,high
2024-11-27T10:00Z,2024-11-27T10:30Z,210,212,high
2024-11-27T10:30Z,2024-11-27T11:00Z,208,209,high
2024-11-27T11:00Z,2024-11-27T11:30Z,205,208,high
2024-11-27T11:30Z,2024-11-27T12:00Z,203,211,high
2024-11-27T12:00Z,2024-11-27T12:30Z,201,208,high
2024-11-27T12:30Z,2024-11-27T13:00Z,196,201,high
2024-11-27T13:00Z,2024-11-27T13:30Z,197,201,high
2024-11-27T13:30Z,2024-11-27T14:00Z,198,197,high
2024-11-27T14:00Z,2024-11-27T14:30Z,201,200,high
2024-11-27T14:30Z,2024-11-27T15:00Z,208,204,high
2024-11-27T15:00Z,2024-11-27T15:30Z,211,206,high
2024-11-27T15:30Z,2024-11-27T16:00Z,210,217,high
2024-11-27T16:00Z,2024-11-27T16:30Z,211,215,high
2024-11-27T16:30Z,2024-11-27T17:00Z,214,217,high
2024-11-27T17:00Z,2024-11-27T17:30Z,215,215,high
2024-11-27T17:30Z,2024-11-27T18:00Z,215,214,high
2024-11-27T18:00Z,2024-11-27T18:30Z,213,214,high
2024-11-27T18:30Z,2024-11-27T19:00Z,212,214,high
2024-11-27T19:00Z,2024-11-27T19:30Z,216,217,high
2024-11-27T19:30Z,2024-11-27T20:00Z,217,216,high
2024-11-27T20:00Z,2024-11-27T20:30Z,213,218,high
2024-11-27T20:30Z,2024-11-27T21:00Z,209,193,high
2024-11-27T21:00Z,2024-11-27T21:30Z,203,198,high
2024-11-27T21:30Z,2024-11-27T22:00Z,202,192,high
2024-11-27T22:00Z,2024-11-27T22:30Z,200,187,high
2024-11-27T22:30Z,2024-11-27T23:00Z,203,182,high
2024-11-27T23:00Z,2024-11-27T23:30Z,200,168,high
2024-11-27T23:30Z,2024-11-28T00:00Z,201,155,high
2024-11-28T00:00Z,2024-11-28T00:30Z,204,203,high
2024-11-28T00:30Z,2024-11-28T01:00Z,204,209,high
2024-11-28T01:00Z,2024-11-28T01:30Z,205,205,high
2024-11-28T01:30Z,2024-11-28T02:00Z,208,205,high
2024-11-28T02:00Z,2024-11-28T02:30Z,209,206,high
2024-11-28T02:30Z,2024-11-28T03:00Z,212,213,high
2024-11-28T03:00Z,2024-11-28T03:30Z,213,217,high
2024-11-28T03:30Z,2024-11-28T04:00Z,215,217,high
2024-11-28T04:00Z,2024-11-28T04:30Z,219,218,high
2024-11-28T04:30Z,2024-11-28T05:00Z,227,222,high
2024-11-28T05:00Z,2024-11-28T05:30Z,232,240,high
2024-11-28T05:30Z,2024-11-28T06:00Z,247,248,high
2024-11-28T06:00Z,2024-11-28T06:30Z,257,257,high
2024-11-28T06:30Z,2024-11-28T07:00Z,250,263,high
2024-11-28T07:00Z,2024-11-28T07:30Z,249,259,high
2024-11-28T07:30Z,2024-11-28T08:00Z,252,255,high
2024-11-28T08:00Z,2024-11-28T08:30Z,251,238,high
2024-11-28T08:30Z,2024-11-28T09:00Z,246,249,high
2024-11-28T09:00Z,2024-11-28T09:30Z,240,248,high
2024-11-28T09:30Z,2024-11-28T10:00Z,236,243,high
2024-11-28T10:00Z,2024-11-28T10:30Z,232,240,high
2024-11-28T10:30Z,2024-11-28T11:00Z,223,234,high
2024-11-28T11:00Z,2024-11-28T11:30Z,217,228,high
2024-11-28T11:30Z,2024-11-28T12:00Z,211,223,high
2024-11-28T12:00Z,2024-11-28T12:30Z,209,221,high
2024-11-28T12:30Z,2024-11-28T13:00Z,212,211,high
2024-11-28T13:00Z,2024-11-28T13:30Z,213,209,high
2024-11-28T13:30Z,2024-11-28T14:00Z,217,211,high
2024-11-28T14:00Z,2024-11-28T14:30Z,222,216,high
2024-11-28T14:30Z,2024-11-28T15:00Z,225,216,high
2024-11-28T15:00Z,2024-11-28T15:30Z,223,224,high
2024-11-28T15:30Z,2024-11-28T16:00Z,222,221,high
2024-11-28T16:00Z,2024-11-28T16:30Z,219,218,high
2024-11-28T16:30Z,2024-11-28T17:00Z,219,216,high
2024-11-28T17:00Z,2024-11-28T17:30Z,219,214,high
2024-11-28T17:30Z,2024-11-28T18:00Z,216,213,high
2024-11-28T18:00Z,2024-11-28T18:30Z,213,215,high
2024-11-28T18:30Z,2024-11-28T19:00Z,209,211,high
2024-11-28T19:00Z,2024-11-28T19:30Z,207,205,high
2024-11-28T19:30Z,2024-11-28T20:00Z,204,203,high
2024-11-28T20:00Z,2024-11-28T20:30Z,196,167,high
2024-11-28T20:30Z,2024-11-28T21:00Z,199,186,high
2024-11-28T21:00Z,2024-11-28T21:30Z,186,166,moderate
2024-11-28T21:30Z,2024-11-28T22:00Z,176,169,moderate
2024-11-28T22:00Z,2024-11-28T22:30Z,161,157,moderate
2024-11-28T22:30Z,2024-11-28T23:00Z,138,145,moderate
2024-11-28T23:00Z,2024-11-28T23:30Z,129,129,moderate
2024-11-28T23:30Z,2024-11-29T00:00Z,118,117,moderate
2024-11-29T00:00Z,2024-11-29T00:30Z,119,121,moderate
2024-11-29T00:30Z,2024-11-29T01:00Z,115,110,moderate
2024-11-29T01:00Z,2024-11-29T01:30Z,109,111,low
2024-11-29T01:30Z,2024-11-29T02:00Z,102,109,low
2024-11-29T02:00Z,2024-11-29T02:30Z,103,104,low
2024-11-29T02:30Z,2024-11-29T03:00Z,103,96,low
2024-11-29T03:00Z,2024-11-29T03:30Z,94,102,low
2024-11-29T03:30Z,2024-11-29T04:00Z,92,101,low
2024-11-29T04:00Z,2024-11-29T04:30Z,94,94,low
2024-11-29T04:30Z,2024-11-29T05:00Z,110,93,moderate
2024-11-29T05:00Z,2024-11-29T05:30Z,123,94,moderate
2024-11-29T05:30Z,2024-11-29T06:00Z,142,113,moderate
2024-11-29T06:00Z,2024-11-29T06:30Z,155,139,moderate
2024-11-29T06:30Z,2024-11-29T07:00Z,160,149,moderate
2024-11-29T07:00Z,2024-11-29T07:30Z,160,166,moderate
2024-11-29T07:30Z,2024-11-29T08:00Z,151,161,moderate
2024-11-29T08:00Z,2024-11-29T08:30Z,153,150,moderate
2024-11-29T08:30Z,2024-11-29T09:00Z,150,142,moderate
2024-11-29T09:00Z,2024-11-29T09:30Z,147,137,moderate
2024-11-29T09:30Z,2024-11-29T10:00Z,140,146,moderate
2024-11-29T10:00Z,2024-11-29T10:30Z,132,122,moderate
2024-11-29T10:30Z,2024-11-29T11:00Z,130,114,moderate
2024-11-29T11:00Z,2024-11-29T11:30Z,128,112,moderate
2024-11-29T11:30Z,2024-11-29T12:00Z,123,109,moderate
2024-11-29T12:00Z,2024-11-29T12:30Z,122,128,moderate
2024-11-29T12:30Z,2024-11-29T13:00Z,125,119,moderate
2024-11-29T13:00Z,2024-11-29T13:30Z,127,116,moderate
2024-11-29T13:30Z,2024-11-29T14:00Z,134,128,moderate
2024-11-29T14:00Z,2024-11-29T14:30Z,142,126,moderate
2024-11-29T14:30Z,2024-11-29T15:00Z,147,134,moderate
2024-11-29T15:00Z,2024-11-29T15:30Z,148,140,moderate
2024-11-29T15:30Z,2024-11-29T16:00Z,144,147,moderate
2024-11-29T16:00Z,2024-11-29T16:30Z,146,147,moderate
2024-11-29T16:30Z,2024-11-29T17:00Z,151,141,moderate
2024-11-29T17:00Z,2024-11-29T17:30Z,147,142,moderate
2024-11-29T17:30Z,2024-11-29T18:00Z,146,144,moderate
2024-11-29T18:00Z,2024-11-29T18:30Z,148,138,moderate
2024-11-29T18:30Z,2024-11-29T19:00Z,144,118,moderate
2024-11-29T19:00Z,2024-11-29T19:30Z,134,123,moderate
2024-11-29T19:30Z,2024-11-29T20:00Z,130,133,moderate
2024-11-29T20:00Z,2024-11-29T20:30Z,126,124,moderate
2024-11-29T20:30Z,2024-11-29T21:00Z,120,118,moderate
2024-11-29T21:00Z,2024-11-29T21:30Z,112,117,moderate
2024-11-29T21:30Z,2024-11-29T22:00Z,104,106,low
2024-11-29T22:00Z,2024-11-29T22:30Z,93,108,low
2024-11-29T22:30Z,2024-11-29T23:00Z,74,96,low
2024-11-29T23:00Z,2024-11-29T23:30Z,68,95,low
2024-11-29T23:30Z,2024-11-30T00:00Z,67,72,low
2024-11-30T00:00Z,2024-11-30T00:30Z,70,67,low
2024-11-30T00:30Z,2024-11-30T01:00Z,76,65,low
2024-11-30T01:00Z,2024-11-30T01:30Z,75,67,low
2024-11-30T01:30Z,2024-11-30T02:00Z,77,72,low
2024-11-30T02:00Z,2024-11-30T02:30Z,79,80,low
2024-11-30T02:30Z,2024-11-30T03:00Z,78,79,low
2024-11-30T03:00Z,2024-11-30T03:30Z,76,78,low
2024-11-30T03:30Z,2024-11-30T04:00Z,76,79,low
2024-11-30T04:00Z,2024-11-30T04:30Z,79,77,low
2024-11-30T04:30Z,2024-11-30T05:00Z,78,74,low
2024-11-30T05:00Z,2024-11-30T05:30Z,78,85,low
2024-11-30T05:30Z,2024-11-30T06:00Z,96,82,low
2024-11-30T06:00Z,2024-11-30T06:30Z,97,79,low
2024-11-30T06:30Z,2024-11-30T07:00Z,109,88,low
2024-11-30T07:00Z,2024-11-30T07:30Z,117,89,moderate
2024-11-30T07:30Z,2024-11-30T08:00Z,121,103,moderate
2024-11-30T08:00Z,2024-11-30T08:30Z,129,103,moderate
2024-11-30T08:30Z,2024-11-30T09:00Z,138,111,moderate
2024-11-30T09:00Z,2024-11-30T09:30Z,133,118,moderate
2024-11-30T09:30Z,2024-11-30T10:00Z,130,141,moderate
2024-11-30T10:00Z,2024-11-30T10:30Z,125,136,moderate
2024-11-30T10:30Z,2024-11-30T11:00Z,125,128,moderate
2024-11-30T11:00Z,2024-11-30T11:30Z,126,125,moderate
2024-11-30T11:30Z,2024-11-30T12:00Z,128,122,moderate
2024-11-30T12:00Z,2024-11-30T12:30Z,129,121,moderate
2024-11-30T12:30Z,2024-11-30T13:00Z,133,124,moderate
2024-11-30T13:00Z,2024-11-30T13:30Z,133,124,moderate
2024-11-30T13:30Z,2024-11-30T14:00Z,136,123,moderate
2024-11-30T14:00Z,2024-11-30T14:30Z,136,115,moderate
2024-11-30T14:30Z,2024-11-30T15:00Z,138,130,moderate
2024-11-30T15:00Z,2024-11-30T15:30Z,136,126,moderate
2024-11-30T15:30Z,2024-11-30T16:00Z,138,140,moderate
2024-11-30T16:00Z,2024-11-30T16:30Z,142,138,moderate
2024-11-30T16:30Z,2024-11-30T17:00Z,143,137,moderate
2024-11-30T17:00Z,2024-11-30T17:30Z,140,135,moderate
2024-11-30T17:30Z,2024-11-30T18:00Z,140,131,moderate
2024-11-30T18:00Z,2024-11-30T18:30Z,134,125,moderate
2024-11-30T18:30Z,2024-11-30T19:00Z,131,117,moderate
2024-11-30T19:00Z,2024-11-30T19:30Z,121,112,moderate
2024-11-30T19:30Z,2024-11-30T20:00Z,120,104,moderate
2024-11-30T20:00Z,2024-11-30T20:30Z,118,91,moderate
2024-11-30T20:30Z,2024-11-30T21:00Z,112,101,moderate
2024-11-30T21:00Z,2024-11-30T21:30Z,107,104,low
2024-11-30T21:30Z,2024-11-30T22:00Z,100,93,low
2024-11-30T22:00Z,2024-11-30T22:30Z,93,90,low
2024-11-30T22:30Z,2024-11-30T23:00Z,96,92,low
2024-11-30T23:00Z,2024-11-30T23:30Z,91,85,low
2024-11-30T23:30Z,2024-12-01T00:00Z,90,83,low
2024-12-01T00:00Z,2024-12-01T00:30Z,90,89,low
2024-12-01T00:30Z,2024-12-01T01:00Z,90,86,low
2024-12-01T01:00Z,2024-12-01T01:30Z,84,85,low
2024-12-01T01:30Z,2024-12-01T02:00Z,76,82,low
2024-12-01T02:00Z,2024-12-01T02:30Z,75,84,low
2024-12-01T02:30Z,2024-12-01T03:00Z,78,76,low
2024-12-01T03:00Z,2024-12-01T03:30Z,73,70,low
2024-12-01T03:30Z,2024-12-01T04:00Z,73,78,low
2024-12-01T04:00Z,2024-12-01T04:30Z,69,71,low
2024-12-01T04:30Z,2024-12-01T05:00Z,64,69,low
2024-12-01T05:00Z,2024-12-01T05:30Z,64,72,low
2024-12-01T05:30Z,2024-12-01T06:00Z,72,64,low
2024-12-01T06:00Z,2024-12-01T06:30Z,78,67,low
2024-12-01T06:30Z,2024-12-01T07:00Z,73,72,low
2024-12-01T07:00Z,2024-12-01T07:30Z,77,74,low
2024-12-01T07:30Z,2024-12-01T08:00Z,77,71,low
2024-12-01T08:00Z,2024-12-01T08:30Z,84,67,low
2024-12-01T08:30Z,2024-12-01T09:00Z,92,76,low
2024-12-01T09:00Z,2024-12-01T09:30Z,100,87,low
2024-12-01T09:30Z,2024-12-01T10:00Z,100,96,low
2024-12-01T10:00Z,2024-12-01T10:30Z,99,101,low
2024-12-01T10:30Z,2024-12-01T11:00Z,100,103,low
2024-12-01T11:00Z,2024-12-01T11:30Z,99,99,low
2024-12-01T11:30Z,2024-12-01T12:00Z,102,90,low
2024-12-01T12:00Z,2024-12-01T12:30Z,106,97,low
2024-12-01T12:30Z,2024-12-01T13:00Z,104,100,low
2024-12-01T13:00Z,2024-12-01T13:30Z,113,92,moderate
2024-12-01T13:30Z,2024-12-01T14:00Z,109,104,low
2024-12-01T14:00Z,2024-12-01T14:30Z,110,115,moderate
2024-12-01T14:30Z,2024-12-01T15:00Z,126,111,moderate
2024-12-01T15:00Z,2024-12-01T15:30Z,134,113,moderate
2024-12-01T15:30Z,2024-12-01T16:00Z,138,143,moderate
2024-12-01T16:00Z,2024-12-01T16:30Z,140,149,moderate
2024-12-01T16:30Z,2024-12-01T17:00Z,143,146,moderate
2024-12-01T17:00Z,2024-12-01T17:30Z,142,140,moderate
2024-12-01T17:30Z,2024-12-01T18:00Z,138,139,moderate
2024-12-01T18:00Z,2024-12-01T18:30Z,135,141,moderate
2024-12-01T18:30Z,2024-12-01T19:00Z,139,131,moderate
2024-12-01T19:00Z,2024-12-01T19:30Z,134,123,moderate
2024-12-01T19:30Z,2024-12-01T20:00Z,122,136,moderate
2024-12-01T20:00Z,2024-12-01T20:30Z,109,119,low
2024-12-01T20:30Z,2024-12-01T21:00Z,100,115,low
2024-12-01T21:00Z,2024-12-01T21:30Z,89,98,low
2024-12-01T21:30Z,2024-12-01T22:00Z,81,84,low
2024-12-01T22:00Z,2024-12-01T22:30Z,78,86,low
2024-12-01T22:30Z,2024-12-01T23:00Z,79,80,low
2024-12-01T23:00Z,2024-12-01T23:30Z,79,74,low
2024-12-01T23:30Z,2024-12-02T00:00Z,79,75,low
2024-12-02T00:00Z,2024-12-02T00:30Z,81,75,low
2024-12-02T00:30Z,2024-12-02T01:00Z,86,77,low
2024-12-02T01:00Z,2024-12-02T01:30Z,88,73,low
2024-12-02T01:30Z,2024-12-02T02:00Z,91,75,low
2024-12-02T02:00Z,2024-12-02T02:30Z,89,81,low
2024-12-02T02:30Z,2024-12-02T03:00Z,84,77,low
2024-12-02T03:00Z,2024-12-02T03:30Z,82,75,low
2024-12-02T03:30Z,2024-12-02T04:00Z,87,70,low
2024-12-02T04:00Z,2024-12-02T04:30Z,77,70,low
2024-12-02T04:30Z,2024-12-02T05:00Z,72,70,low
2024-12-02T05:00Z,2024-12-02T05:30Z,81,72,low
2024-12-02T05:30Z,2024-12-02T06:00Z,110,79,moderate
2024-12-02T06:00Z,2024-12-02T06:30Z,132,86,moderate
2024-12-02T06:30Z,2024-12-02T07:00Z,150,97,moderate
2024-12-02T07:00Z,2024-12-02T07:30Z,149,109,moderate
2024-12-02T07:30Z,2024-12-02T08:00Z,149,148,moderate
2024-12-02T08:00Z,2024-12-02T08:30Z,153,149,moderate
2024-12-02T08:30Z,2024-12-02T09:00Z,157,163,moderate
2024-12-02T09:00Z,2024-12-02T09:30Z,157,176,moderate
2024-12-02T09:30Z,2024-12-02T10:00Z,155,156,moderate
2024-12-02T10:00Z,2024-12-02T10:30Z,158,155,moderate
2024-12-02T10:30Z,2024-12-02T11:00Z,156,151,moderate
2024-12-02T11:00Z,2024-12-02T11:30Z,154,158,moderate
2024-12-02T11:30Z,2024-12-02T12:00Z,154,157,moderate
2024-12-02T12:00Z,2024-12-02T12:30Z,154,153,moderate
2024-12-02T12:30Z,2024-12-02T13:00Z,153,148,moderate
2024-12-02T13:00Z,2024-12-02T13:30Z,160,148,moderate
2024-12-02T13:30Z,2024-12-02T14:00Z,164,154,moderate
2024-12-02T14:00Z,2024-12-02T14:30Z,162,158,moderate
2024-12-02T14:30Z,2024-12-02T15:00Z,158,168,moderate
2024-12-02T15:00Z,2024-12-02T15:30Z,159,169,moderate
2024-12-02T15:30Z,2024-12-02T16:00Z,163,162,moderate
2024-12-02T16:00Z,2024-12-02T16:30Z,167,162,moderate
2024-12-02T16:30Z,2024-12-02T17:00Z,173,163,moderate
2024-12-02T17:00Z,2024-12-02T17:30Z,175,167,moderate
2024-12-02T17:30Z,2024-12-02T18:00Z,175,170,moderate
2024-12-02T18:00Z,2024-12-02T18:30Z,176,172,moderate
2024-12-02T18:30Z,2024-12-02T19:00Z,176,177,moderate
2024-12-02T19:00Z,2024-12-02T19:30Z,181,183,moderate
2024-12-02T19:30Z,2024-12-02T20:00Z,180,180,moderate
2024-12-02T20:00Z,2024-12-02T20:30Z,176,182,moderate
2024-12-02T20:30Z,2024-12-02T21:00Z,168,180,moderate
2024-12-02T21:00Z,2024-12-02T21:30Z,164,175,moderate
2024-12-02T21:30Z,2024-12-02T22:00Z,164,163,moderate
2024-12-02T22:00Z,2024-12-02T22:30Z,158,154,moderate
2024-12-02T22:30Z,2024-12-02T23:00Z,138,137,moderate
2024-12-02T23:00Z,2024-12-02T23:30Z,140,126,moderate
2024-12-02T23:30Z,2024-12-03T00:00Z,143,127,moderate
2024-12-03T00:00Z,2024-12-03T00:30Z,150,135,moderate
2024-12-03T00:30Z,2024-12-03T01:00Z,153,142,moderate
2024-12-03T01:00Z,2024-12-03T01:30Z,158,142,moderate
2024-12-03T01:30Z,2024-12-03T02:00Z,164,142,moderate
2024-12-03T02:00Z,2024-12-03T02:30Z,165,146,moderate
2024-12-03T02:30Z,2024-12-03T03:00Z,166,163,moderate
2024-12-03T03:00Z,2024-12-03T03:30Z,166,163,moderate
2024-12-03T03:30Z,2024-12-03T04:00Z,163,157,moderate
2024-12-03T04:00Z,2024-12-03T04:30Z,173,170,moderate
2024-12-03T04:30Z,2024-12-03T05:00Z,203,169,high
2024-12-03T05:00Z,2024-12-03T05:30Z,218,185,high
2024-12-03T05:30Z,2024-12-03T06:00Z,243,213,high
2024-12-03T06:00Z,2024-12-03T06:30Z,254,232,high
2024-12-03T06:30Z,2024-12-03T07:00Z,259,257,high
2024-12-03T07:00Z,2024-12-03T07:30Z,259,260,high
2024-12-03T07:30Z,2024-12-03T08:00Z,249,260,high
2024-12-03T08:00Z,2024-12-03T08:30Z,250,240,high
2024-12-03T08:30Z,2024-12-03T09:00Z,250,249,high
2024-12-03T09:00Z,2024-12-03T09:30Z,247,246,high
2024-12-03T09:30Z,2024-12-03T10:00Z,242,245,high
2024-12-03T10:00Z,2024-12-03T10:30Z,241,241,high
2024-12-03T10:30Z,2024-12-03T11:00Z,239,240,high
2024-12-03T11:00Z,2024-12-03T11:30Z,235,241,high
2024-12-03T11:30Z,2024-12-03T12:00Z,229,238,high
2024-12-03T12:00Z,2024-12-03T12:30Z,229,234,high
2024-12-03T12:30Z,2024-12-03T13:00Z,225,225,high
2024-12-03T13:00Z,2024-12-03T13:30Z,225,227,high
2024-12-03T13:30Z,2024-12-03T14:00Z,226,227,high
2024-12-03T14:00Z,2024-12-03T14:30Z,227,223,high
2024-12-03T14:30Z,2024-12-03T15:00Z,220,227,high
2024-12-03T15:00Z,2024-12-03T15:30Z,226,226,high
2024-12-03T15:30Z,2024-12-03T16:00Z,229,220,high
2024-12-03T16:00Z,2024-12-03T16:30Z,230,222,high
2024-12-03T16:30Z,2024-12-03T17:00Z,227,221,high
2024-12-03T17:00Z,2024-12-03T17:30Z,219,224,high
2024-12-03T17:30Z,2024-12-03T18:00Z,217,222,high
2024-12-03T18:00Z,2024-12-03T18:30Z,214,219,high
2024-12-03T18:30Z,2024-12-03T19:00Z,219,216,high
2024-12-03T19:00Z,2024-12-03T19:30Z,221,212,high
2024-12-03T19:30Z,2024-12-03T20:00Z,227,219,high
2024-12-03T20:00Z,2024-12-03T20:30Z,225,217,high
2024-12-03T20:30Z,2024-12-03T21:00Z,231,219,high
2024-12-03T21:00Z,2024-12-03T21:30Z,222,222,high
2024-12-03T21:30Z,2024-12-03T22:00Z,223,224,high
2024-12-03T22:00Z,2024-12-03T22:30Z,223,221,high
2024-12-03T22:30Z,2024-12-03T23:00Z,209,218,high
2024-12-03T23:00Z,2024-12-03T23:30Z,208,209,high
2024-12-03T23:30Z,2024-12-04T00:00Z,205,210,high
2024-12-04T00:00Z,2024-12-04T00:30Z,205,205,high
2024-12-04T00:30Z,2024-12-04T01:00Z,200,201,high
2024-12-04T01:00Z,2024-12-04T01:30Z,196,220,high
2024-12-04T01:30Z,2024-12-04T02:00Z,194,223,high
2024-12-04T02:00Z,2024-12-04T02:30Z,195,208,high
2024-12-04T02:30Z,2024-12-04T03:00Z,200,223,high
2024-12-04T03:00Z,2024-12-04T03:30Z,201,230,high
2024-12-04T03:30Z,2024-12-04T04:00Z,210,217,high
2024-12-04T04:00Z,2024-12-04T04:30Z,216,203,high
2024-12-04T04:30Z,2024-12-04T05:00Z,229,224,high
2024-12-04T05:00Z,2024-12-04T05:30Z,242,216,high
2024-12-04T05:30Z,2024-12-04T06:00Z,255,221,high
2024-12-04T06:00Z,2024-12-04T06:30Z,261,237,high
2024-12-04T06:30Z,2024-12-04T07:00Z,254,247,high
2024-12-04T07:00Z,2024-12-04T07:30Z,256,253,high
2024-12-04T07:30Z,2024-12-04T08:00Z,248,256,high
2024-12-04T08:00Z,2024-12-04T08:30Z,249,241,high
2024-12-04T08:30Z,2024-12-04T09:00Z,245,256,high
2024-12-04T09:00Z,2024-12-04T09:30Z,245,239,high
2024-12-04T09:30Z,2024-12-04T10:00Z,244,245,high
2024-12-04T10:00Z,2024-12-04T10:30Z,241,239,high
2024-12-04T10:30Z,2024-12-04T11:00Z,239,236,high
2024-12-04T11:00Z,2024-12-04T11:30Z,237,229,high
2024-12-04T11:30Z,2024-12-04T12:00Z,229,225,high
2024-12-04T12:00Z,2024-12-04T12:30Z,222,221,high
2024-12-04T12:30Z,2024-12-04T13:00Z,222,214,high
2024-12-04T13:00Z,2024-12-04T13:30Z,216,210,high
2024-12-04T13:30Z,2024-12-04T14:00Z,215,204,high
2024-12-04T14:00Z,2024-12-04T14:30Z,213,207,high
2024-12-04T14:30Z,2024-12-04T15:00Z,216,208,high
2024-12-04T15:00Z,2024-12-04T15:30Z,217,207,high
2024-12-04T15:30Z,2024-12-04T16:00Z,215,209,high
2024-12-04T16:00Z,2024-12-04T16:30Z,211,205,high
2024-12-04T16:30Z,2024-12-04T17:00Z,207,199,high
2024-12-04T17:00Z,2024-12-04T17:30Z,202,197,high
2024-12-04T17:30Z,2024-12-04T18:00Z,206,190,high
2024-12-04T18:00Z,2024-12-04T18:30Z,198,182,high
2024-12-04T18:30Z,2024-12-04T19:00Z,192,186,high
2024-12-04T19:00Z,2024-12-04T19:30Z,183,174,moderate
2024-12-04T19:30Z,2024-12-04T20:00Z,174,156,moderate
2024-12-04T20:00Z,2024-12-04T20:30Z,162,136,moderate
2024-12-04T20:30Z,2024-12-04T21:00Z,149,130,moderate
2024-12-04T21:00Z,2024-12-04T21:30Z,134,124,moderate
2024-12-04T21:30Z,2024-12-04T22:00Z,114,111,moderate
2024-12-04T22:00Z,2024-12-04T22:30Z,99,107,low
2024-12-04T22:30Z,2024-12-04T23:00Z,85,95,low
2024-12-04T23:00Z,2024-12-04T23:30Z,79,92,low
2024-12-04T23:30Z,2024-12-05T00:00Z,77,80,low
2024-12-05T00:00Z,2024-12-05T00:30Z,79,77,low
2024-12-05T00:30Z,2024-12-05T01:00Z,77,74,low
2024-12-05T01:00Z,2024-12-05T01:30Z,72,73,low
2024-12-05T01:30Z,2024-12-05T02:00Z,70,75,low
2024-12-05T02:00Z,2024-12-05T02:30Z,69,70,low
2024-12-05T02:30Z,2024-12-05T03:00Z,59,67,low
2024-12-05T03:00Z,2024-12-05T03:30Z,58,63,low
2024-12-05T03:30Z,2024-12-05T04:00Z,62,57,low
2024-12-05T04:00Z,2024-12-05T04:30Z,60,55,low
2024-12-05T04:30Z,2024-12-05T05:00Z,58,58,low
2024-12-05T05:00Z,2024-12-05T05:30Z,68,126,low
2024-12-05T05:30Z,2024-12-05T06:00Z,95,59,low
2024-12-05T06:00Z,2024-12-05T06:30Z,112,67,moderate
2024-12-05T06:30Z,2024-12-05T07:00Z,125,92,moderate
2024-12-05T07:00Z,2024-12-05T07:30Z,130,108,moderate
2024-12-05T07:30Z,2024-12-05T08:00Z,130,125,moderate
2024-12-05T08:00Z,2024-12-05T08:30Z,132,129,moderate
2024-12-05T08:30Z,2024-12-05T09:00Z,137,130,moderate
2024-12-05T09:00Z,2024-12-05T09:30Z,139,128,moderate
2024-12-05T09:30Z,2024-12-05T10:00Z,135,139,moderate
2024-12-05T10:00Z,2024-12-05T10:30Z,133,136,moderate
2024-12-05T10:30Z,2024-12-05T11:00Z,131,130,moderate
2024-12-05T11:00Z,2024-12-05T11:30Z,130,130,moderate
2024-12-05T11:30Z,2024-12-05T12:00Z,129,133,moderate
2024-12-05T12:00Z,2024-12-05T12:30Z,128,136,moderate
2024-12-05T12:30Z,2024-12-05T13:00Z,126,140,moderate
2024-12-05T13:00Z,2024-12-05T13:30Z,125,134,moderate
2024-12-05T13:30Z,2024-12-05T14:00Z,133,139,moderate
2024-12-05T14:00Z,2024-12-05T14:30Z,132,117,moderate
2024-12-05T14:30Z,2024-12-05T15:00Z,121,123,moderate
2024-12-05T15:00Z,2024-12-05T15:30Z,112,124,moderate
2024-12-05T15:30Z,2024-12-05T16:00Z,108,119,low
2024-12-05T16:00Z,2024-12-05T16:30Z,108,107,low
2024-12-05T16:30Z,2024-12-05T17:00Z,113,103,moderate
2024-12-05T17:00Z,2024-12-05T17:30Z,109,102,low
2024-12-05T17:30Z,2024-12-05T18:00Z,101,105,low
2024-12-05T18:00Z,2024-12-05T18:30Z,94,97,low
2024-12-05T18:30Z,2024-12-05T19:00Z,88,84,low
2024-12-05T19:00Z,2024-12-05T19:30Z,77,81,low
2024-12-05T19:30Z,2024-12-05T20:00Z,70,71,low
2024-12-05T20:00Z,2024-12-05T20:30Z,64,64,low
2024-12-05T20:30Z,2024-12-05T21:00Z,67,57,low
2024-12-05T21:00Z,2024-12-05T21:30Z,62,81,low
2024-12-05T21:30Z,2024-12-05T22:00Z,61,51,low
2024-12-05T22:00Z,2024-12-05T22:30Z,58,45,low
2024-12-05T22:30Z,2024-12-05T23:00Z,52,39,low
2024-12-05T23:00Z,2024-12-05T23:30Z,53,57,low
2024-12-05T23:30Z,2024-12-06T00:00Z,54,41,low
2024-12-06T00:00Z,2024-12-06T00:30Z,58,45,low
2024-12-06T00:30Z,2024-12-06T01:00Z,61,48,low
2024-12-06T01:00Z,2024-12-06T01:30Z,62,49,low
2024-12-06T01:30Z,2024-12-06T02:00Z,63,52,low
2024-12-06T02:00Z,2024-12-06T02:30Z,61,52,low
2024-12-06T02:30Z,2024-12-06T03:00Z,60,52,low
2024-12-06T03:00Z,2024-12-06T03:30Z,59,53,low
2024-12-06T03:30Z,2024-12-06T04:00Z,57,55,low
2024-12-06T04:00Z,2024-12-06T04:30Z,59,49,low
2024-12-06T04:30Z,2024-12-06T05:00Z,60,43,low
2024-12-06T05:00Z,2024-12-06T05:30Z,66,50,low
2024-12-06T05:30Z,2024-12-06T06:00Z,84,52,low
2024-12-06T06:00Z,2024-12-06T06:30Z,104,58,low
2024-12-06T06:30Z,2024-12-06T07:00Z,124,69,moderate
2024-12-06T07:00Z,2024-12-06T07:30Z,137,99,moderate
2024-12-06T07:30Z,2024-12-06T08:00Z,147,120,moderate
2024-12-06T08:00Z,2024-12-06T08:30Z,152,116,moderate
2024-12-06T08:30Z,2024-12-06T09:00Z,158,139,moderate
2024-12-06T09:00Z,2024-12-06T09:30Z,158,155,moderate
2024-12-06T09:30Z,2024-12-06T10:00Z,158,154,moderate
2024-12-06T10:00Z,2024-12-06T10:30Z,157,160,moderate
2024-12-06T10:30Z,2024-12-06T11:00Z,155,160,moderate
2024-12-06T11:00Z,2024-12-06T11:30Z,164,164,moderate
2024-12-06T11:30Z,2024-12-06T12:00Z,169,164,moderate
2024-12-06T12:00Z,2024-12-06T12:30Z,174,174,moderate
2024-12-06T12:30Z,2024-12-06T13:00Z,179,176,moderate
2024-12-06T13:00Z,2024-12-06T13:30Z,185,177,moderate
2024-12-06T13:30Z,2024-12-06T14:00Z,198,185,high
2024-12-06T14:00Z,2024-12-06T14:30Z,198,187,high
2024-12-06T14:30Z,2024-12-06T15:00Z,193,193,high
2024-12-06T15:00Z,2024-12-06T15:30Z,186,195,moderate
2024-12-06T15:30Z,2024-12-06T16:00Z,182,192,moderate
2024-12-06T16:00Z,2024-12-06T16:30Z,177,179,moderate
2024-12-06T16:30Z,2024-12-06T17:00Z,179,180,moderate
2024-12-06T17:00Z,2024-12-06T17:30Z,169,177,moderate
2024-12-06T17:30Z,2024-12-06T18:00Z,167,173,moderate
2024-12-06T18:00Z,2024-12-06T18:30Z,159,165,moderate
2024-12-06T18:30Z,2024-12-06T19:00Z,134,159,moderate
2024-12-06T19:00Z,2024-12-06T19:30Z,111,141,moderate
2024-12-06T19:30Z,2024-12-06T20:00Z,87,116,low
2024-12-06T20:00Z,2024-12-06T20:30Z,76,93,low
2024-12-06T20:30Z,2024-12-06T21:00Z,69,74,low
2024-12-06T21:00Z,2024-12-06T21:30Z,65,63,low
2024-12-06T21:30Z,2024-12-06T22:00Z,60,57,low
2024-12-06T22:00Z,2024-12-06T22:30Z,57,55,low
2024-12-06T22:30Z,2024-12-06T23:00Z,56,54,low
2024-12-06T23:00Z,2024-12-06T23:30Z,55,47,low
2024-12-06T23:30Z,2024-12-07T00:00Z,56,43,low
2024-12-07T00:00Z,2024-12-07T00:30Z,60,51,low
2024-12-07T00:30Z,2024-12-07T01:00Z,58,56,low
2024-12-07T01:00Z,2024-12-07T01:30Z,56,54,low
2024-12-07T01:30Z,2024-12-07T02:00Z,57,57,low
2024-12-07T02:00Z,2024-12-07T02:30Z,60,54,low
2024-12-07T02:30Z,2024-12-07T03:00Z,65,55,low
2024-12-07T03:00Z,2024-12-07T03:30Z,63,59,low
2024-12-07T03:30Z,2024-12-07T04:00Z,62,64,low
2024-12-07T04:00Z,2024-12-07T04:30Z,58,59,low
2024-12-07T04:30Z,2024-12-07T05:00Z,56,57,low
2024-12-07T05:00Z,2024-12-07T05:30Z,57,59,low
2024-12-07T05:30Z,2024-12-07T06:00Z,55,55,low
2024-12-07T06:00Z,2024-12-07T06:30Z,55,53,low
2024-12-07T06:30Z,2024-12-07T07:00Z,57,53,low
2024-12-07T07:00Z,2024-12-07T07:30Z,63,56,low
2024-12-07T07:30Z,2024-12-07T08:00Z,64,53,low
2024-12-07T08:00Z,2024-12-07T08:30Z,69,50,low
2024-12-07T08:30Z,2024-12-07T09:00Z,80,57,low
2024-12-07T09:00Z,2024-12-07T09:30Z,96,70,low
2024-12-07T09:30Z,2024-12-07T10:00Z,108,80,low
2024-12-07T10:00Z,2024-12-07T10:30Z,110,96,moderate
2024-12-07T10:30Z,2024-12-07T11:00Z,112,99,moderate
2024-12-07T11:00Z,2024-12-07T11:30Z,113,100,moderate
2024-12-07T11:30Z,2024-12-07T12:00Z,112,102,moderate
2024-12-07T12:00Z,2024-12-07T12:30Z,109,98,low
2024-12-07T12:30Z,2024-12-07T13:00Z,108,102,low
2024-12-07T13:00Z,2024-12-07T13:30Z,95,94,low
2024-12-07T13:30Z,2024-12-07T14:00Z,86,93,low
2024-12-07T14:00Z,2024-12-07T14:30Z,83,78,low
2024-12-07T14:30Z,2024-12-07T15:00Z,82,77,low
2024-12-07T15:00Z,2024-12-07T15:30Z,84,73,low
2024-12-07T15:30Z,2024-12-07T16:00Z,83,78,low
2024-12-07T16:00Z,2024-12-07T16:30Z,85,78,low
2024-12-07T16:30Z,2024-12-07T17:00Z,90,78,low
2024-12-07T17:00Z,2024-12-07T17:30Z,91,73,low
2024-12-07T17:30Z,2024-12-07T18:00Z,86,73,low
2024-12-07T18:00Z,2024-12-07T18:30Z,81,72,low
2024-12-07T18:30Z,2024-12-07T19:00Z,79,68,low
2024-12-07T19:00Z,2024-12-07T19:30Z,74,70,low
2024-12-07T19:30Z,2024-12-07T20:00Z,73,70,low
2024-12-07T20:00Z,2024-12-07T20:30Z,67,62,low
2024-12-07T20:30Z,2024-12-07T21:00Z,67,64,low
2024-12-07T21:00Z,2024-12-07T21:30Z,65,62,low
2024-12-07T21:30Z,2024-12-07T22:00Z,65,60,low
2024-12-07T22:00Z,2024-12-07T22:30Z,58,58,low
2024-12-07T22:30Z,2024-12-07T23:00Z,63,68,low
2024-12-07T23:00Z,2024-12-07T23:30Z,58,58,low
2024-12-07T23:30Z,2024-12-08T00:00Z,57,64,low
2024-12-08T00:00Z,2024-12-08T00:30Z,60,58,low
2024-12-08T00:30Z,2024-12-08T01:00Z,58,56,low
2024-12-08T01:00Z,2024-12-08T01:30Z,55,59,low
2024-12-08T01:30Z,2024-12-08T02:00Z,54,57,low
2024-12-08T02:00Z,2024-12-08T02:30Z,57,53,low
2024-12-08T02:30Z,2024-12-08T03:00Z,59,52,low
2024-12-08T03:00Z,2024-12-08T03:30Z,57,58,low
2024-12-08T03:30Z,2024-12-08T04:00Z,60,56,low
2024-12-08T04:00Z,2024-12-08T04:30Z,58,53,low
2024-12-08T04:30Z,2024-12-08T05:00Z,56,59,low
2024-12-08T05:00Z,2024-12-08T05:30Z,54,55,low
2024-12-08T05:30Z,2024-12-08T06:00Z,58,54,low
2024-12-08T06:00Z,2024-12-08T06:30Z,57,59,low
2024-12-08T06:30Z,2024-12-08T07:00Z,55,57,low
2024-12-08T07:00Z,2024-12-08T07:30Z,57,55,low
2024-12-08T07:30Z,2024-12-08T08:00Z,57,51,low
2024-12-08T08:00Z,2024-12-08T08:30Z,57,49,low
2024-12-08T08:30Z,2024-12-08T09:00Z,59,55,low
2024-12-08T09:00Z,2024-12-08T09:30Z,63,53,low
2024-12-08T09:30Z,2024-12-08T10:00Z,63,56,low
2024-12-08T10:00Z,2024-12-08T10:30Z,61,61,low
2024-12-08T10:30Z,2024-12-08T11:00Z,58,63,low
2024-12-08T11:00Z,2024-12-08T11:30Z,60,60,low
2024-12-08T11:30Z,2024-12-08T12:00Z,62,58,low
2024-12-08T12:00Z,2024-12-08T12:30Z,63,56,low
2024-12-08T12:30Z,2024-12-08T13:00Z,68,57,low
2024-12-08T13:00Z,2024-12-08T13:30Z,69,58,low
2024-12-08T13:30Z,2024-12-08T14:00Z,71,63,low
2024-12-08T14:00Z,2024-12-08T14:30Z,72,64,low
2024-12-08T14:30Z,2024-12-08T15:00Z,78,65,low
2024-12-08T15:00Z,2024-12-08T15:30Z,83,75,low
2024-12-08T15:30Z,2024-12-08T16:00Z,97,78,low
2024-12-08T16:00Z,2024-12-08T16:30Z,105,82,low
2024-12-08T16:30Z,2024-12-08T17:00Z,106,99,low
2024-12-08T17:00Z,2024-12-08T17:30Z,106,103,low
2024-12-08T17:30Z,2024-12-08T18:00Z,105,105,low
2024-12-08T18:00Z,2024-12-08T18:30Z,97,104,low
2024-12-08T18:30Z,2024-12-08T19:00Z,92,100,low
2024-12-08T19:00Z,2024-12-08T19:30Z,90,92,low
2024-12-08T19:30Z,2024-12-08T20:00Z,83,89,low
2024-12-08T20:00Z,2024-12-08T20:30Z,76,88,low
2024-12-08T20:30Z,2024-12-08T21:00Z,63,77,low
2024-12-08T21:00Z,2024-12-08T21:30Z,55,68,low
2024-12-08T21:30Z,2024-12-08T22:00Z,54,62,low
2024-12-08T22:00Z,2024-12-08T22:30Z,52,54,low
2024-12-08T22:30Z,2024-12-08T23:00Z,50,51,low
2024-12-08T23:00Z,2024-12-08T23:30Z,49,49,low
2024-12-08T23:30Z,2024-12-09T00:00Z,48,49,low
2024-12-09T00:00Z,2024-12-09T00:30Z,48,48,low
2024-12-09T00:30Z,2024-12-09T01:00Z,50,47,low
2024-12-09T01:00Z,2024-12-09T01:30Z,49,46,low
2024-12-09T01:30Z,2024-12-09T02:00Z,51,49,low
2024-12-09T02:00Z,2024-12-09T02:30Z,50,49,low
2024-12-09T02:30Z,2024-12-09T03:00Z,51,50,low
2024-12-09T03:00Z,2024-12-09T03:30Z,52,49,low
2024-12-09T03:30Z,2024-12-09T04:00Z,54,50,low
2024-12-09T04:00Z,2024-12-09T04:30Z,56,51,low
2024-12-09T04:30Z,2024-12-09T05:00Z,59,52,low
2024-12-09T05:00Z,2024-12-09T05:30Z,67,59,low
2024-12-09T05:30Z,2024-12-09T06:00Z,82,60,low
2024-12-09T06:00Z,2024-12-09T06:30Z,109,78,low
2024-12-09T06:30Z,2024-12-09T07:00Z,140,97,moderate
2024-12-09T07:00Z,2024-12-09T07:30Z,158,112,moderate
2024-12-09T07:30Z,2024-12-09T08:00Z,160,130,moderate
2024-12-09T08:00Z,2024-12-09T08:30Z,160,148,moderate
2024-12-09T08:30Z,2024-12-09T09:00Z,163,161,moderate
2024-12-09T09:00Z,2024-12-09T09:30Z,163,158,moderate
2024-12-09T09:30Z,2024-12-09T10:00Z,165,163,moderate
2024-12-09T10:00Z,2024-12-09T10:30Z,162,157,moderate
2024-12-09T10:30Z,2024-12-09T11:00Z,164,163,moderate
2024-12-09T11:00Z,2024-12-09T11:30Z,163,162,moderate
2024-12-09T11:30Z,2024-12-09T12:00Z,164,163,moderate
2024-12-09T12:00Z,2024-12-09T12:30Z,164,162,moderate
2024-12-09T12:30Z,2024-12-09T13:00Z,169,162,moderate
2024-12-09T13:00Z,2024-12-09T13:30Z,170,162,moderate
2024-12-09T13:30Z,2024-12-09T14:00Z,172,167,moderate
2024-12-09T14:00Z,2024-12-09T14:30Z,174,168,moderate
2024-12-09T14:30Z,2024-12-09T15:00Z,176,169,moderate
2024-12-09T15:00Z,2024-12-09T15:30Z,176,172,moderate
2024-12-09T15:30Z,2024-12-09T16:00Z,177,172,moderate
2024-12-09T16:00Z,2024-12-09T16:30Z,180,173,moderate
2024-12-09T16:30Z,2024-12-09T17:00Z,182,173,moderate
2024-12-09T17:00Z,2024-12-09T17:30Z,182,176,moderate
2024-12-09T17:30Z,2024-12-09T18:00Z,180,176,moderate
2024-12-09T18:00Z,2024-12-09T18:30Z,182,175,moderate
2024-12-09T18:30Z,2024-12-09T19:00Z,179,175,moderate
2024-12-09T19:00Z,2024-12-09T19:30Z,177,175,moderate
2024-12-09T19:30Z,2024-12-09T20:00Z,172,179,moderate
2024-12-09T20:00Z,2024-12-09T20:30Z,165,173,moderate
2024-12-09T20:30Z,2024-12-09T21:00Z,156,168,moderate
2024-12-09T21:00Z,2024-12-09T21:30Z,147,163,moderate
2024-12-09T21:30Z,2024-12-09T22:00Z,138,160,moderate
2024-12-09T22:00Z,2024-12-09T22:30Z,122,146,moderate
2024-12-09T22:30Z,2024-12-09T23:00Z,108,137,low
2024-12-09T23:00Z,2024-12-09T23:30Z,103,115,low
2024-12-09T23:30Z,2024-12-10T00:00Z,107,101,low
2024-12-10T00:00Z,2024-12-10T00:30Z,110,104,moderate
2024-12-10T00:30Z,2024-12-10T01:00Z,112,103,moderate
2024-12-10T01:00Z,2024-12-10T01:30Z,107,104,low
2024-12-10T01:30Z,2024-12-10T02:00Z,107,111,low
2024-12-10T02:00Z,2024-12-10T02:30Z,105,105,low
2024-12-10T02:30Z,2024-12-10T03:00Z,102,107,low
2024-12-10T03:00Z,2024-12-10T03:30Z,102,101,low
2024-12-10T03:30Z,2024-12-10T04:00Z,105,94,low
2024-12-10T04:00Z,2024-12-10T04:30Z,106,97,low
2024-12-10T04:30Z,2024-12-10T05:00Z,132,106,moderate
2024-12-10T05:00Z,2024-12-10T05:30Z,152,113,moderate
2024-12-10T05:30Z,2024-12-10T06:00Z,200,140,high
2024-12-10T06:00Z,2024-12-10T06:30Z,215,171,high
2024-12-10T06:30Z,2024-12-10T07:00Z,224,204,high
2024-12-10T07:00Z,2024-12-10T07:30Z,227,213,high
2024-12-10T07:30Z,2024-12-10T08:00Z,224,224,high
2024-12-10T08:00Z,2024-12-10T08:30Z,224,221,high
2024-12-10T08:30Z,2024-12-10T09:00Z,211,224,high
2024-12-10T09:00Z,2024-12-10T09:30Z,213,225,high
2024-12-10T09:30Z,2024-12-10T10:00Z,209,218,high
2024-12-10T10:00Z,2024-12-10T10:30Z,210,216,high
2024-12-10T10:30Z,2024-12-10T11:00Z,212,210,high
2024-12-10T11:00Z,2024-12-10T11:30Z,213,209,high
2024-12-10T11:30Z,2024-12-10T12:00Z,215,211,high
2024-12-10T12:00Z,2024-12-10T12:30Z,214,210,high
2024-12-10T12:30Z,2024-12-10T13:00Z,212,213,high
2024-12-10T13:00Z,2024-12-10T13:30Z,215,211,high
2024-12-10T13:30Z,2024-12-10T14:00Z,215,213,high
2024-12-10T14:00Z,2024-12-10T14:30Z,216,214,high
2024-12-10T14:30Z,2024-12-10T15:00Z,218,218,high
2024-12-10T15:00Z,2024-12-10T15:30Z,220,214,high
2024-12-10T15:30Z,2024-12-10T16:00Z,214,214,high
2024-12-10T16:00Z,2024-12-10T16:30Z,219,218,high
2024-12-10T16:30Z,2024-12-10T17:00Z,219,210,high
2024-12-10T17:00Z,2024-12-10T17:30Z,222,212,high
2024-12-10T17:30Z,2024-12-10T18:00Z,223,209,high
2024-12-10T18:00Z,2024-12-10T18:30Z,223,213,high
2024-12-10T18:30Z,2024-12-10T19:00Z,223,216,high
2024-12-10T19:00Z,2024-12-10T19:30Z,225,221,high
2024-12-10T19:30Z,2024-12-10T20:00Z,226,223,high
2024-12-10T20:00Z,2024-12-10T20:30Z,228,224,high
2024-12-10T20:30Z,2024-12-10T21:00Z,239,223,high
2024-12-10T21:00Z,2024-12-10T21:30Z,241,217,high
2024-12-10T21:30Z,2024-12-10T22:00Z,244,232,high
2024-12-10T22:00Z,2024-12-10T22:30Z,242,232,high
2024-12-10T22:30Z,2024-12-10T23:00Z,245,233,high
2024-12-10T23:00Z,2024-12-10T23:30Z,246,235,high
2024-12-10T23:30Z,2024-12-11T00:00Z,248,234,high
2024-12-11T00:00Z,2024-12-11T00:30Z,250,244,high
2024-12-11T00:30Z,2024-12-11T01:00Z,249,247,high
2024-12-11T01:00Z,2024-12-11T01:30Z,247,245,high
2024-12-11T01:30Z,2024-12-11T02:00Z,248,248,high
2024-12-11T02:00Z,2024-12-11T02:30Z,249,247,high
2024-12-11T02:30Z,2024-12-11T03:00Z,249,247,high
2024-12-11T03:00Z,2024-12-11T03:30Z,248,246,high
2024-12-11T03:30Z,2024-12-11T04:00Z,251,247,high
2024-12-11T04:00Z,2024-12-11T04:30Z,251,247,high
2024-12-11T04:30Z,2024-12-11T05:00Z,259,259,high
2024-12-11T05:00Z,2024-12-11T05:30Z,264,255,high
2024-12-11T05:30Z,2024-12-11T06:00Z,266,270,high
2024-12-11T06:00Z,2024-12-11T06:30Z,274,269,very high
2024-12-11T06:30Z,2024-12-11T07:00Z,259,269,high
2024-12-11T07:00Z,2024-12-11T07:30Z,265,270,high
2024-12-11T07:30Z,2024-12-11T08:00Z,262,259,high
2024-12-11T08:00Z,2024-12-11T08:30Z,265,256,high
2024-12-11T08:30Z,2024-12-11T09:00Z,267,260,high
2024-12-11T09:00Z,2024-12-11T09:30Z,268,259,high
2024-12-11T09:30Z,2024-12-11T10:00Z,269,263,high
2024-12-11T10:00Z,2024-12-11T10:30Z,267,264,high
2024-12-11T10:30Z,2024-12-11T11:00Z,266,264,high
2024-12-11T11:00Z,2024-12-11T11:30Z,268,263,high
2024-12-11T11:30Z,2024-12-11T12:00Z,265,262,high
2024-12-11T12:00Z,2024-12-11T12:30Z,264,263,high
2024-12-11T12:30Z,2024-12-11T13:00Z,262,260,high
2024-12-11T13:00Z,2024-12-11T13:30Z,266,259,high
2024-12-11T13:30Z,2024-12-11T14:00Z,265,258,high
2024-12-11T14:00Z,2024-12-11T14:30Z,264,259,high
2024-12-11T14:30Z,2024-12-11T15:00Z,264,259,high
2024-12-11T15:00Z,2024-12-11T15:30Z,263,259,high
2024-12-11T15:30Z,2024-12-11T16:00Z,263,256,high
2024-12-11T16:00Z,2024-12-11T16:30Z,264,257,high
2024-12-11T16:30Z,2024-12-11T17:00Z,262,256,high
2024-12-11T17:00Z,2024-12-11T17:30Z,263,257,high
2024-12-11T17:30Z,2024-12-11T18:00Z,262,255,high
2024-12-11T18:00Z,2024-12-11T18:30Z,265,256,high
2024-12-11T18:30Z,2024-12-11T19:00Z,265,257,high
2024-12-11T19:00Z,2024-12-11T19:30Z,265,260,high
2024-12-11T19:30Z,2024-12-11T20:00Z,270,264,very high
2024-12-11T20:00Z,2024-12-11T20:30Z,269,260,high
2024-12-11T20:30Z,2024-12-11T21:00Z,271,265,very high
2024-12-11T21:00Z,2024-12-11T21:30Z,269,267,high
2024-12-11T21:30Z,2024-12-11T22:00Z,283,274,very high
2024-12-11T22:00Z,2024-12-11T22:30Z,282,264,very high
2024-12-11T22:30Z,2024-12-11T23:00Z,284,274,very high
2024-12-11T23:00Z,2024-12-11T23:30Z,284,278,very high
2024-12-11T23:30Z,2024-12-12T00:00Z,284,279,very high
2024-12-12T00:00Z,2024-12-12T00:30Z,284,282,very high
2024-12-12T00:30Z,2024-12-12T01:00Z,283,284,very high
2024-12-12T01:00Z,2024-12-12T01:30Z,284,286,very high
2024-12-12T01:30Z,2024-12-12T02:00Z,283,284,very high
2024-12-12T02:00Z,2024-12-12T02:30Z,284,284,very high
2024-12-12T02:30Z,2024-12-12T03:00Z,285,285,very high
2024-12-12T03:00Z,2024-12-12T03:30Z,285,283,very high
2024-12-12T03:30Z,2024-12-12T04:00Z,289,284,very high
2024-12-12T04:00Z,2024-12-12T04:30Z,292,285,very high
2024-12-12T04:30Z,2024-12-12T05:00Z,297,294,very high
2024-12-12T05:00Z,2024-12-12T05:30Z,297,296,very high
2024-12-12T05:30Z,2024-12-12T06:00Z,299,303,very high
2024-12-12T06:00Z,2024-12-12T06:30Z,303,307,very high
2024-12-12T06:30Z,2024-12-12T07:00Z,289,309,very high
2024-12-12T07:00Z,2024-12-12T07:30Z,289,307,very high
2024-12-12T07:30Z,2024-12-12T08:00Z,286,284,very high
2024-12-12T08:00Z,2024-12-12T08:30Z,286,283,very high
2024-12-12T08:30Z,2024-12-12T09:00Z,283,279,very high
2024-12-12T09:00Z,2024-12-12T09:30Z,283,275,very high
2024-12-12T09:30Z,2024-12-12T10:00Z,281,271,very high
2024-12-12T10:00Z,2024-12-12T10:30Z,276,274,very high
2024-12-12T10:30Z,2024-12-12T11:00Z,273,273,very high
2024-12-12T11:00Z,2024-12-12T11:30Z,273,270,very high
2024-12-12T11:30Z,2024-12-12T12:00Z,273,265,very high
2024-12-12T12:00Z,2024-12-12T12:30Z,273,270,very high
2024-12-12T12:30Z,2024-12-12T13:00Z,272,267,very high
2024-12-12T13:00Z,2024-12-12T13:30Z,274,269,very high
2024-12-12T13:30Z,2024-12-12T14:00Z,278,270,very high
2024-12-12T14:00Z,2024-12-12T14:30Z,276,262,very high
2024-12-12T14:30Z,2024-12-12T15:00Z,272,268,very high
2024-12-12T15:00Z,2024-12-12T15:30Z,272,268,very high
2024-12-12T15:30Z,2024-12-12T16:00Z,268,262,high
2024-12-12T16:00Z,2024-12-12T16:30Z,269,263,high
2024-12-12T16:30Z,2024-12-12T17:00Z,267,260,high
2024-12-12T17:00Z,2024-12-12T17:30Z,265,259,high
2024-12-12T17:30Z,2024-12-12T18:00Z,261,258,high
2024-12-12T18:00Z,2024-12-12T18:30Z,260,256,high
2024-12-12T18:30Z,2024-12-12T19:00Z,267,253,high
2024-12-12T19:00Z,2024-12-12T19:30Z,266,255,high
2024-12-12T19:30Z,2024-12-12T20:00Z,261,259,high
2024-12-12T20:00Z,2024-12-12T20:30Z,265,262,high
2024-12-12T20:30Z,2024-12-12T21:00Z,269,259,high
2024-12-12T21:00Z,2024-12-12T21:30Z,268,263,high
2024-12-12T21:30Z,2024-12-12T22:00Z,280,266,very high
2024-12-12T22:00Z,2024-12-12T22:30Z,279,262,very high
2024-12-12T22:30Z,2024-12-12T23:00Z,282,277,very high
2024-12-12T23:00Z,2024-12-12T23:30Z,283,277,very high
2024-12-12T23:30Z,2024-12-13T00:00Z,281,273,very high
2024-12-13T00:00Z,2024-12-13T00:30Z,279,282,very high
2024-12-13T00:30Z,2024-12-13T01:00Z,278,279,very high
2024-12-13T01:00Z,2024-12-13T01:30Z,278,277,very high
2024-12-13T01:30Z,2024-12-13T02:00Z,278,277,very high
2024-12-13T02:00Z,2024-12-13T02:30Z,275,279,very high
2024-12-13T02:30Z,2024-12-13T03:00Z,277,277,very high
2024-12-13T03:00Z,2024-12-13T03:30Z,278,276,very high
2024-12-13T03:30Z,2024-12-13T04:00Z,279,276,very high
2024-12-13T04:00Z,2024-12-13T04:30Z,280,277,very high
2024-12-13T04:30Z,2024-12-13T05:00Z,288,285,very high
2024-12-13T05:00Z,2024-12-13T05:30Z,293,288,very high
2024-12-13T05:30Z,2024-12-13T06:00Z,298,293,very high
2024-12-13T06:00Z,2024-12-13T06:30Z,303,295,very high
2024-12-13T06:30Z,2024-12-13T07:00Z,293,301,very high
2024-12-13T07:00Z,2024-12-13T07:30Z,291,299,very high
2024-12-13T07:30Z,2024-12-13T08:00Z,282,291,very high
2024-12-13T08:00Z,2024-12-13T08:30Z,282,287,very high
2024-12-13T08:30Z,2024-12-13T09:00Z,280,278,very high
2024-12-13T09:00Z,2024-12-13T09:30Z,281,275,very high
2024-12-13T09:30Z,2024-12-13T10:00Z,283,274,very high
2024-12-13T10:00Z,2024-12-13T10:30Z,277,275,very high
2024-12-13T10:30Z,2024-12-13T11:00Z,277,277,very high
2024-12-13T11:00Z,2024-12-13T11:30Z,277,270,very high
2024-12-13T11:30Z,2024-12-13T12:00Z,273,269,very high
2024-12-13T12:00Z,2024-12-13T12:30Z,271,270,very high
2024-12-13T12:30Z,2024-12-13T13:00Z,270,267,very high
2024-12-13T13:00Z,2024-12-13T13:30Z,273,265,very high
2024-12-13T13:30Z,2024-12-13T14:00Z,278,265,very high
2024-12-13T14:00Z,2024-12-13T14:30Z,278,269,very high
2024-12-13T14:30Z,2024-12-13T15:00Z,284,275,very high
2024-12-13T15:00Z,2024-12-13T15:30Z,276,272,very high
2024-12-13T15:30Z,2024-12-13T16:00Z,276,278,very high
2024-12-13T16:00Z,2024-12-13T16:30Z,273,270,very high
2024-12-13T16:30Z,2024-12-13T17:00Z,272,266,very high
2024-12-13T17:00Z,2024-12-13T17:30Z,270,265,very high
2024-12-13T17:30Z,2024-12-13T18:00Z,269,265,high
2024-12-13T18:00Z,2024-12-13T18:30Z,267,261,high
2024-12-13T18:30Z,2024-12-13T19:00Z,263,259,high
2024-12-13T19:00Z,2024-12-13T19:30Z,256,261,high
2024-12-13T19:30Z,2024-12-13T20:00Z,257,260,high
2024-12-13T20:00Z,2024-12-13T20:30Z,254,257,high
2024-12-13T20:30Z,2024-12-13T21:00Z,255,252,high
2024-12-13T21:00Z,2024-12-13T21:30Z,250,249,high
2024-12-13T21:30Z,2024-12-13T22:00Z,252,249,high
2024-12-13T22:00Z,2024-12-13T22:30Z,246,240,high
2024-12-13T22:30Z,2024-12-13T23:00Z,219,248,high
2024-12-13T23:00Z,2024-12-13T23:30Z,208,229,high
2024-12-13T23:30Z,2024-12-14T00:00Z,199,202,high
2024-12-14T00:00Z,2024-12-14T00:30Z,191,200,high
2024-12-14T00:30Z,2024-12-14T01:00Z,182,193,moderate
2024-12-14T01:00Z,2024-12-14T01:30Z,172,182,moderate
2024-12-14T01:30Z,2024-12-14T02:00Z,171,157,moderate
2024-12-14T02:00Z,2024-12-14T02:30Z,164,164,moderate
2024-12-14T02:30Z,2024-12-14T03:00Z,155,153,moderate
2024-12-14T03:00Z,2024-12-14T03:30Z,149,161,moderate
2024-12-14T03:30Z,2024-12-14T04:00Z,148,148,moderate
2024-12-14T04:00Z,2024-12-14T04:30Z,148,149,moderate
2024-12-14T04:30Z,2024-12-14T05:00Z,154,152,moderate
2024-12-14T05:00Z,2024-12-14T05:30Z,158,152,moderate
2024-12-14T05:30Z,2024-12-14T06:00Z,166,157,moderate
2024-12-14T06:00Z,2024-12-14T06:30Z,165,159,moderate
2024-12-14T06:30Z,2024-12-14T07:00Z,169,169,moderate
2024-12-14T07:00Z,2024-12-14T07:30Z,170,172,moderate
2024-12-14T07:30Z,2024-12-14T08:00Z,161,171,moderate
2024-12-14T08:00Z,2024-12-14T08:30Z,167,174,moderate
2024-12-14T08:30Z,2024-12-14T09:00Z,152,164,moderate
2024-12-14T09:00Z,2024-12-14T09:30Z,148,176,moderate
2024-12-14T09:30Z,2024-12-14T10:00Z,146,157,moderate
2024-12-14T10:00Z,2024-12-14T10:30Z,141,147,moderate
2024-12-14T10:30Z,2024-12-14T11:00Z,144,156,moderate
2024-12-14T11:00Z,2024-12-14T11:30Z,140,143,moderate
2024-12-14T11:30Z,2024-12-14T12:00Z,134,140,moderate
2024-12-14T12:00Z,2024-12-14T12:30Z,133,145,moderate
2024-12-14T12:30Z,2024-12-14T13:00Z,132,136,moderate
2024-12-14T13:00Z,2024-12-14T13:30Z,132,137,moderate
2024-12-14T13:30Z,2024-12-14T14:00Z,142,137,moderate
2024-12-14T14:00Z,2024-12-14T14:30Z,148,135,moderate
2024-12-14T14:30Z,2024-12-14T15:00Z,153,148,moderate
2024-12-14T15:00Z,2024-12-14T15:30Z,158,160,moderate
2024-12-14T15:30Z,2024-12-14T16:00Z,155,165,moderate
2024-12-14T16:00Z,2024-12-14T16:30Z,156,169,moderate
2024-12-14T16:30Z,2024-12-14T17:00Z,152,169,moderate
2024-12-14T17:00Z,2024-12-14T17:30Z,151,168,moderate
2024-12-14T17:30Z,2024-12-14T18:00Z,149,154,moderate
2024-12-14T18:00Z,2024-12-14T18:30Z,141,153,moderate
2024-12-14T18:30Z,2024-12-14T19:00Z,126,142,moderate
2024-12-14T19:00Z,2024-12-14T19:30Z,119,146,moderate
2024-12-14T19:30Z,2024-12-14T20:00Z,109,128,low
2024-12-14T20:00Z,2024-12-14T20:30Z,98,115,low
2024-12-14T20:30Z,2024-12-14T21:00Z,95,106,low
2024-12-14T21:00Z,2024-12-14T21:30Z,89,97,low
2024-12-14T21:30Z,2024-12-14T22:00Z,84,92,low
2024-12-14T22:00Z,2024-12-14T22:30Z,73,88,low
2024-12-14T22:30Z,2024-12-14T23:00Z,57,80,low
2024-12-14T23:00Z,2024-12-14T23:30Z,49,76,low
2024-12-14T23:30Z,2024-12-15T00:00Z,53,59,low
2024-12-15T00:00Z,2024-12-15T00:30Z,56,49,low
2024-12-15T00:30Z,2024-12-15T01:00Z,58,53,low
2024-12-15T01:00Z,2024-12-15T01:30Z,55,54,low
2024-12-15T01:30Z,2024-12-15T02:00Z,53,56,low
2024-12-15T02:00Z,2024-12-15T02:30Z,51,55,low
2024-12-15T02:30Z,2024-12-15T03:00Z,52,51,low
2024-12-15T03:00Z,2024-12-15T03:30Z,48,52,low
2024-12-15T03:30Z,2024-12-15T04:00Z,50,52,low
2024-12-15T04:00Z,2024-12-15T04:30Z,50,49,low
2024-12-15T04:30Z,2024-12-15T05:00Z,55,50,low
2024-12-15T05:00Z,2024-12-15T05:30Z,57,51,low
2024-12-15T05:30Z,2024-12-15T06:00Z,59,55,low
2024-12-15T06:00Z,2024-12-15T06:30Z,62,58,low
2024-12-15T06:30Z,2024-12-15T07:00Z,62,57,low
2024-12-15T07:00Z,2024-12-15T07:30Z,69,61,low
2024-12-15T07:30Z,2024-12-15T08:00Z,74,60,low
2024-12-15T08:00Z,2024-12-15T08:30Z,74,68,low
2024-12-15T08:30Z,2024-12-15T09:00Z,71,72,low
2024-12-15T09:00Z,2024-12-15T09:30Z,71,68,low
2024-12-15T09:30Z,2024-12-15T10:00Z,61,68,low
2024-12-15T10:00Z,2024-12-15T10:30Z,61,67,low
2024-12-15T10:30Z,2024-12-15T11:00Z,61,63,low
2024-12-15T11:00Z,2024-12-15T11:30Z,63,60,low
2024-12-15T11:30Z,2024-12-15T12:00Z,63,60,low
2024-12-15T12:00Z,2024-12-15T12:30Z,58,62,low
2024-12-15T12:30Z,2024-12-15T13:00Z,55,62,low
2024-12-15T13:00Z,2024-12-15T13:30Z,55,59,low
2024-12-15T13:30Z,2024-12-15T14:00Z,55,57,low
2024-12-15T14:00Z,2024-12-15T14:30Z,57,56,low
2024-12-15T14:30Z,2024-12-15T15:00Z,60,57,low
2024-12-15T15:00Z,2024-12-15T15:30Z,70,56,low
2024-12-15T15:30Z,2024-12-15T16:00Z,73,61,low
2024-12-15T16:00Z,2024-12-15T16:30Z,77,55,low
2024-12-15T16:30Z,2024-12-15T17:00Z,80,75,low
2024-12-15T17:00Z,2024-12-15T17:30Z,78,76,low
2024-12-15T17:30Z,2024-12-15T18:00Z,73,77,low
2024-12-15T18:00Z,2024-12-15T18:30Z,66,73,low
2024-12-15T18:30Z,2024-12-15T19:00Z,68,71,low
2024-12-15T19:00Z,2024-12-15T19:30Z,63,65,low
2024-12-15T19:30Z,2024-12-15T20:00Z,61,63,low
2024-12-15T20:00Z,2024-12-15T20:30Z,57,62,low
2024-12-15T20:30Z,2024-12-15T21:00Z,58,58,low
2024-12-15T21:00Z,2024-12-15T21:30Z,54,54,low
2024-12-15T21:30Z,2024-12-15T22:00Z,56,54,low
2024-12-15T22:00Z,2024-12-15T22:30Z,50,49,low
2024-12-15T22:30Z,2024-12-15T23:00Z,54,49,low
2024-12-15T23:00Z,2024-12-15T23:30Z,54,50,low
2024-12-15T23:30Z,2024-12-16T00:00Z,55,53,low
2024-12-16T00:00Z,2024-12-16T00:30Z,55,54,low
2024-12-16T00:30Z,2024-12-16T01:00Z,55,53,low
2024-12-16T01:00Z,2024-12-16T01:30Z,53,54,low
2024-12-16T01:30Z,2024-12-16T02:00Z,50,55,low
2024-12-16T02:00Z,2024-12-16T02:30Z,48,56,low
2024-12-16T02:30Z,2024-12-16T03:00Z,49,59,low
2024-12-16T03:00Z,2024-12-16T03:30Z,48,48,low
2024-12-16T03:30Z,2024-12-16T04:00Z,45,50,low
2024-12-16T04:00Z,2024-12-16T04:30Z,45,49,low
2024-12-16T04:30Z,2024-12-16T05:00Z,49,46,low
2024-12-16T05:00Z,2024-12-16T05:30Z,54,44,low
2024-12-16T05:30Z,2024-12-16T06:00Z,69,53,low
2024-12-16T06:00Z,2024-12-16T06:30Z,79,62,low
2024-12-16T06:30Z,2024-12-16T07:00Z,87,73,low
2024-12-16T07:00Z,2024-12-16T07:30Z,99,84,low
2024-12-16T07:30Z,2024-12-16T08:00Z,100,90,low
2024-12-16T08:00Z,2024-12-16T08:30Z,103,92,low
2024-12-16T08:30Z,2024-12-16T09:00Z,95,101,low
2024-12-16T09:00Z,2024-12-16T09:30Z,93,101,low
2024-12-16T09:30Z,2024-12-16T10:00Z,91,102,low
2024-12-16T10:00Z,2024-12-16T10:30Z,84,95,low
2024-12-16T10:30Z,2024-12-16T11:00Z,78,96,low
2024-12-16T11:00Z,2024-12-16T11:30Z,70,88,low
2024-12-16T11:30Z,2024-12-16T12:00Z,72,81,low
2024-12-16T12:00Z,2024-12-16T12:30Z,73,75,low
2024-12-16T12:30Z,2024-12-16T13:00Z,81,75,low
2024-12-16T13:00Z,2024-12-16T13:30Z,86,77,low
2024-12-16T13:30Z,2024-12-16T14:00Z,90,81,low
2024-12-16T14:00Z,2024-12-16T14:30Z,98,90,low
2024-12-16T14:30Z,2024-12-16T15:00Z,110,92,moderate
2024-12-16T15:00Z,2024-12-16T15:30Z,115,107,moderate
2024-12-16T15:30Z,2024-12-16T16:00Z,117,118,moderate
2024-12-16T16:00Z,2024-12-16T16:30Z,119,130,moderate
2024-12-16T16:30Z,2024-12-16T17:00Z,117,120,moderate
2024-12-16T17:00Z,2024-12-16T17:30Z,116,119,moderate
2024-12-16T17:30Z,2024-12-16T18:00Z,116,119,moderate
2024-12-16T18:00Z,2024-12-16T18:30Z,116,118,moderate
2024-12-16T18:30Z,2024-12-16T19:00Z,112,117,moderate
2024-12-16T19:00Z,2024-12-16T19:30Z,107,118,low
2024-12-16T19:30Z,2024-12-16T20:00Z,103,118,low
2024-12-16T20:00Z,2024-12-16T20:30Z,99,108,low
2024-12-16T20:30Z,2024-12-16T21:00Z,90,99,low
2024-12-16T21:00Z,2024-12-16T21:30Z,82,101,low
2024-12-16T21:30Z,2024-12-16T22:00Z,71,103,low
2024-12-16T22:00Z,2024-12-16T22:30Z,58,105,low
2024-12-16T22:30Z,2024-12-16T23:00Z,47,75,low
2024-12-16T23:00Z,2024-12-16T23:30Z,44,64,low
2024-12-16T23:30Z,2024-12-17T00:00Z,45,52,low
2024-12-17T00:00Z,2024-12-17T00:30Z,47,50,low
2024-12-17T00:30Z,2024-12-17T01:00Z,48,47,low
2024-12-17T01:00Z,2024-12-17T01:30Z,48,50,low
2024-12-17T01:30Z,2024-12-17T02:00Z,50,52,low
2024-12-17T02:00Z,2024-12-17T02:30Z,51,52,low
2024-12-17T02:30Z,2024-12-17T03:00Z,53,51,low
2024-12-17T03:00Z,2024-12-17T03:30Z,57,56,low
2024-12-17T03:30Z,2024-12-17T04:00Z,61,58,low
2024-12-17T04:00Z,2024-12-17T04:30Z,67,60,low
2024-12-17T04:30Z,2024-12-17T05:00Z,80,63,low
2024-12-17T05:00Z,2024-12-17T05:30Z,91,70,low
2024-12-17T05:30Z,2024-12-17T06:00Z,133,80,moderate
2024-12-17T06:00Z,2024-12-17T06:30Z,153,98,moderate
2024-12-17T06:30Z,2024-12-17T07:00Z,165,149,moderate
2024-12-17T07:00Z,2024-12-17T07:30Z,167,169,moderate
2024-12-17T07:30Z,2024-12-17T08:00Z,164,180,moderate
2024-12-17T08:00Z,2024-12-17T08:30Z,164,182,moderate
2024-12-17T08:30Z,2024-12-17T09:00Z,159,173,moderate
2024-12-17T09:00Z,2024-12-17T09:30Z,155,170,moderate
2024-12-17T09:30Z,2024-12-17T10:00Z,152,164,moderate
2024-12-17T10:00Z,2024-12-17T10:30Z,151,161,moderate
2024-12-17T10:30Z,2024-12-17T11:00Z,158,157,moderate
2024-12-17T11:00Z,2024-12-17T11:30Z,154,154,moderate
2024-12-17T11:30Z,2024-12-17T12:00Z,151,154,moderate
2024-12-17T12:00Z,2024-12-17T12:30Z,146,149,moderate
2024-12-17T12:30Z,2024-12-17T13:00Z,148,149,moderate
2024-12-17T13:00Z,2024-12-17T13:30Z,147,141,moderate
2024-12-17T13:30Z,2024-12-17T14:00Z,151,141,moderate
2024-12-17T14:00Z,2024-12-17T14:30Z,150,143,moderate
2024-12-17T14:30Z,2024-12-17T15:00Z,145,151,moderate
2024-12-17T15:00Z,2024-12-17T15:30Z,144,151,moderate
2024-12-17T15:30Z,2024-12-17T16:00Z,141,155,moderate
2024-12-17T16:00Z,2024-12-17T16:30Z,143,155,moderate
2024-12-17T16:30Z,2024-12-17T17:00Z,142,147,moderate
2024-12-17T17:00Z,2024-12-17T17:30Z,138,143,moderate
2024-12-17T17:30Z,2024-12-17T18:00Z,127,141,moderate
2024-12-17T18:00Z,2024-12-17T18:30Z,116,136,moderate
2024-12-17T18:30Z,2024-12-17T19:00Z,108,122,low
2024-12-17T19:00Z,2024-12-17T19:30Z,100,108,low
2024-12-17T19:30Z,2024-12-17T20:00Z,97,108,low
2024-12-17T20:00Z,2024-12-17T20:30Z,90,101,low
2024-12-17T20:30Z,2024-12-17T21:00Z,84,96,low
2024-12-17T21:00Z,2024-12-17T21:30Z,76,89,low
2024-12-17T21:30Z,2024-12-17T22:00Z,76,81,low
2024-12-17T22:00Z,2024-12-17T22:30Z,71,75,low
2024-12-17T22:30Z,2024-12-17T23:00Z,67,74,low
2024-12-17T23:00Z,2024-12-17T23:30Z,61,64,low
2024-12-17T23:30Z,2024-12-18T00:00Z,65,65,low
2024-12-18T00:00Z,2024-12-18T00:30Z,68,61,low
2024-12-18T00:30Z,2024-12-18T01:00Z,63,65,low
2024-12-18T01:00Z,2024-12-18T01:30Z,65,65,low
2024-12-18T01:30Z,2024-12-18T02:00Z,65,63,low
2024-12-18T02:00Z,2024-12-18T02:30Z,62,63,low
2024-12-18T02:30Z,2024-12-18T03:00Z,53,62,low
2024-12-18T03:00Z,2024-12-18T03:30Z,49,61,low
2024-12-18T03:30Z,2024-12-18T04:00Z,47,54,low
2024-12-18T04:00Z,2024-12-18T04:30Z,49,52,low
2024-12-18T04:30Z,2024-12-18T05:00Z,52,48,low
2024-12-18T05:00Z,2024-12-18T05:30Z,57,48,low
2024-12-18T05:30Z,2024-12-18T06:00Z,59,52,low
2024-12-18T06:00Z,2024-12-18T06:30Z,68,61,low
2024-12-18T06:30Z,2024-12-18T07:00Z,63,59,low
2024-12-18T07:00Z,2024-12-18T07:30Z,69,65,low
2024-12-18T07:30Z,2024-12-18T08:00Z,65,60,low
2024-12-18T08:00Z,2024-12-18T08:30Z,64,62,low
2024-12-18T08:30Z,2024-12-18T09:00Z,61,58,low
2024-12-18T09:00Z,2024-12-18T09:30Z,59,59,low
2024-12-18T09:30Z,2024-12-18T10:00Z,59,59,low
2024-12-18T10:00Z,2024-12-18T10:30Z,57,59,low
2024-12-18T10:30Z,2024-12-18T11:00Z,59,56,low
2024-12-18T11:00Z,2024-12-18T11:30Z,58,54,low
2024-12-18T11:30Z,2024-12-18T12:00Z,61,58,low
2024-12-18T12:00Z,2024-12-18T12:30Z,62,59,low
2024-12-18T12:30Z,2024-12-18T13:00Z,67,61,low
2024-12-18T13:00Z,2024-12-18T13:30Z,72,61,low
2024-12-18T13:30Z,2024-12-18T14:00Z,76,66,low
2024-12-18T14:00Z,2024-12-18T14:30Z,78,75,low
2024-12-18T14:30Z,2024-12-18T15:00Z,90,82,low
2024-12-18T15:00Z,2024-12-18T15:30Z,106,75,low
2024-12-18T15:30Z,2024-12-18T16:00Z,125,90,moderate
2024-12-18T16:00Z,2024-12-18T16:30Z,134,121,moderate
2024-12-18T16:30Z,2024-12-18T17:00Z,135,131,moderate
2024-12-18T17:00Z,2024-12-18T17:30Z,134,128,moderate
2024-12-18T17:30Z,2024-12-18T18:00Z,131,142,moderate
2024-12-18T18:00Z,2024-12-18T18:30Z,133,138,moderate
2024-12-18T18:30Z,2024-12-18T19:00Z,137,139,moderate
2024-12-18T19:00Z,2024-12-18T19:30Z,139,135,moderate
2024-12-18T19:30Z,2024-12-18T20:00Z,139,140,moderate
2024-12-18T20:00Z,2024-12-18T20:30Z,133,142,moderate
2024-12-18T20:30Z,2024-12-18T21:00Z,121,143,moderate
2024-12-18T21:00Z,2024-12-18T21:30Z,110,138,moderate
2024-12-18T21:30Z,2024-12-18T22:00Z,87,108,low
2024-12-18T22:00Z,2024-12-18T22:30Z,67,90,low
2024-12-18T22:30Z,2024-12-18T23:00Z,65,71,low
2024-12-18T23:00Z,2024-12-18T23:30Z,54,60,low
2024-12-18T23:30Z,2024-12-19T00:00Z,50,60,low
2024-12-19T00:00Z,2024-12-19T00:30Z,49,50,low
2024-12-19T00:30Z,2024-12-19T01:00Z,48,46,low
2024-12-19T01:00Z,2024-12-19T01:30Z,46,46,low
2024-12-19T01:30Z,2024-12-19T02:00Z,46,43,low
2024-12-19T02:00Z,2024-12-19T02:30Z,44,42,low
2024-12-19T02:30Z,2024-12-19T03:00Z,46,43,low
2024-12-19T03:00Z,2024-12-19T03:30Z,44,42,low
2024-12-19T03:30Z,2024-12-19T04:00Z,48,41,low
2024-12-19T04:00Z,2024-12-19T04:30Z,47,42,low
2024-12-19T04:30Z,2024-12-19T05:00Z,46,43,low
2024-12-19T05:00Z,2024-12-19T05:30Z,56,47,low
2024-12-19T05:30Z,2024-12-19T06:00Z,55,44,low
2024-12-19T06:00Z,2024-12-19T06:30Z,61,60,low
2024-12-19T06:30Z,2024-12-19T07:00Z,60,60,low
2024-12-19T07:00Z,2024-12-19T07:30Z,64,62,low
2024-12-19T07:30Z,2024-12-19T08:00Z,66,59,low
2024-12-19T08:00Z,2024-12-19T08:30Z,69,56,low
2024-12-19T08:30Z,2024-12-19T09:00Z,70,65,low
2024-12-19T09:00Z,2024-12-19T09:30Z,65,64,low
2024-12-19T09:30Z,2024-12-19T10:00Z,61,65,low
2024-12-19T10:00Z,2024-12-19T10:30Z,58,65,low
2024-12-19T10:30Z,2024-12-19T11:00Z,57,59,low
2024-12-19T11:00Z,2024-12-19T11:30Z,55,59,low
2024-12-19T11:30Z,2024-12-19T12:00Z,50,58,low
2024-12-19T12:00Z,2024-12-19T12:30Z,51,57,low
2024-12-19T12:30Z,2024-12-19T13:00Z,53,53,low
2024-12-19T13:00Z,2024-12-19T13:30Z,55,54,low
2024-12-19T13:30Z,2024-12-19T14:00Z,59,56,low
2024-12-19T14:00Z,2024-12-19T14:30Z,67,56,low
2024-12-19T14:30Z,2024-12-19T15:00Z,77,60,low
2024-12-19T15:00Z,2024-12-19T15:30Z,89,72,low
2024-12-19T15:30Z,2024-12-19T16:00Z,97,90,low
2024-12-19T16:00Z,2024-12-19T16:30Z,102,100,low
2024-12-19T16:30Z,2024-12-19T17:00Z,104,100,low
2024-12-19T17:00Z,2024-12-19T17:30Z,101,104,low
2024-12-19T17:30Z,2024-12-19T18:00Z,100,106,low
2024-12-19T18:00Z,2024-12-19T18:30Z,103,106,low
2024-12-19T18:30Z,2024-12-19T19:00Z,104,102,low
2024-12-19T19:00Z,2024-12-19T19:30Z,97,107,low
2024-12-19T19:30Z,2024-12-19T20:00Z,95,108,low
2024-12-19T20:00Z,2024-12-19T20:30Z,88,102,low
2024-12-19T20:30Z,2024-12-19T21:00Z,83,94,low
2024-12-19T21:00Z,2024-12-19T21:30Z,77,92,low
2024-12-19T21:30Z,2024-12-19T22:00Z,65,78,low
2024-12-19T22:00Z,2024-12-19T22:30Z,48,75,low
2024-12-19T22:30Z,2024-12-19T23:00Z,42,62,low
2024-12-19T23:00Z,2024-12-19T23:30Z,39,43,low
2024-12-19T23:30Z,2024-12-20T00:00Z,39,40,low
2024-12-20T00:00Z,2024-12-20T00:30Z,40,39,low
2024-12-20T00:30Z,2024-12-20T01:00Z,40,38,low
2024-12-20T01:00Z,2024-12-20T01:30Z,39,38,low
2024-12-20T01:30Z,2024-12-20T02:00Z,40,39,low
2024-12-20T02:00Z,2024-12-20T02:30Z,39,37,low
2024-12-20T02:30Z,2024-12-20T03:00Z,39,40,low
2024-12-20T03:00Z,2024-12-20T03:30Z,41,42,low
2024-12-20T03:30Z,2024-12-20T04:00Z,48,38,low
2024-12-20T04:00Z,2024-12-20T04:30Z,53,45,low
2024-12-20T04:30Z,2024-12-20T05:00Z,65,41,low
2024-12-20T05:00Z,2024-12-20T05:30Z,76,47,low
2024-12-20T05:30Z,2024-12-20T06:00Z,88,60,low
2024-12-20T06:00Z,2024-12-20T06:30Z,101,69,low
2024-12-20T06:30Z,2024-12-20T07:00Z,106,95,low
2024-12-20T07:00Z,2024-12-20T07:30Z,108,110,low
2024-12-20T07:30Z,2024-12-20T08:00Z,108,112,low
2024-12-20T08:00Z,2024-12-20T08:30Z,110,79,moderate
2024-12-20T08:30Z,2024-12-20T09:00Z,106,111,low
2024-12-20T09:00Z,2024-12-20T09:30Z,100,96,low
2024-12-20T09:30Z,2024-12-20T10:00Z,90,99,low
2024-12-20T10:00Z,2024-12-20T10:30Z,87,96,low
2024-12-20T10:30Z,2024-12-20T11:00Z,80,87,low
2024-12-20T11:00Z,2024-12-20T11:30Z,75,82,low
2024-12-20T11:30Z,2024-12-20T12:00Z,73,77,low
2024-12-20T12:00Z,2024-12-20T12:30Z,73,74,low
2024-12-20T12:30Z,2024-12-20T13:00Z,74,70,low
2024-12-20T13:00Z,2024-12-20T13:30Z,73,68,low
2024-12-20T13:30Z,2024-12-20T14:00Z,73,70,low
2024-12-20T14:00Z,2024-12-20T14:30Z,75,68,low
2024-12-20T14:30Z,2024-12-20T15:00Z,79,70,low
2024-12-20T15:00Z,2024-12-20T15:30Z,81,77,low
2024-12-20T15:30Z,2024-12-20T16:00Z,90,93,low
2024-12-20T16:00Z,2024-12-20T16:30Z,92,95,low
2024-12-20T16:30Z,2024-12-20T17:00Z,90,91,low
2024-12-20T17:00Z,2024-12-20T17:30Z,88,94,low
2024-12-20T17:30Z,2024-12-20T18:00Z,90,93,low
2024-12-20T18:00Z,2024-12-20T18:30Z,88,88,low
2024-12-20T18:30Z,2024-12-20T19:00Z,80,88,low
2024-12-20T19:00Z,2024-12-20T19:30Z,78,81,low
2024-12-20T19:30Z,2024-12-20T20:00Z,69,80,low
2024-12-20T20:00Z,2024-12-20T20:30Z,63,74,low
2024-12-20T20:30Z,2024-12-20T21:00Z,64,69,low
2024-12-20T21:00Z,2024-12-20T21:30Z,55,59,low
2024-12-20T21:30Z,2024-12-20T22:00Z,52,54,low
2024-12-20T22:00Z,2024-12-20T22:30Z,47,50,low
2024-12-20T22:30Z,2024-12-20T23:00Z,46,42,low
2024-12-20T23:00Z,2024-12-20T23:30Z,47,37,low
2024-12-20T23:30Z,2024-12-21T00:00Z,50,36,low
2024-12-21T00:00Z,2024-12-21T00:30Z,55,39,low
2024-12-21T00:30Z,2024-12-21T01:00Z,63,40,low
2024-12-21T01:00Z,2024-12-21T01:30Z,64,43,low
2024-12-21T01:30Z,2024-12-21T02:00Z,69,50,low
2024-12-21T02:00Z,2024-12-21T02:30Z,67,53,low
2024-12-21T02:30Z,2024-12-21T03:00Z,66,61,low
2024-12-21T03:00Z,2024-12-21T03:30Z,65,59,low
2024-12-21T03:30Z,2024-12-21T04:00Z,66,63,low
2024-12-21T04:00Z,2024-12-21T04:30Z,65,63,low
2024-12-21T04:30Z,2024-12-21T05:00Z,64,66,low
2024-12-21T05:00Z,2024-12-21T05:30Z,64,67,low
2024-12-21T05:30Z,2024-12-21T06:00Z,63,66,low
2024-12-21T06:00Z,2024-12-21T06:30Z,69,72,low
2024-12-21T06:30Z,2024-12-21T07:00Z,67,78,low
2024-12-21T07:00Z,2024-12-21T07:30Z,68,70,low
2024-12-21T07:30Z,2024-12-21T08:00Z,63,72,low
2024-12-21T08:00Z,2024-12-21T08:30Z,67,63,low
2024-12-21T08:30Z,2024-12-21T09:00Z,67,55,low
2024-12-21T09:00Z,2024-12-21T09:30Z,65,56,low
2024-12-21T09:30Z,2024-12-21T10:00Z,62,61,low
2024-12-21T10:00Z,2024-12-21T10:30Z,60,60,low
2024-12-21T10:30Z,2024-12-21T11:00Z,61,61,low
2024-12-21T11:00Z,2024-12-21T11:30Z,57,57,low
2024-12-21T11:30Z,2024-12-21T12:00Z,53,53,low
2024-12-21T12:00Z,2024-12-21T12:30Z,51,54,low
2024-12-21T12:30Z,2024-12-21T13:00Z,51,49,low
2024-12-21T13:00Z,2024-12-21T13:30Z,52,45,low
2024-12-21T13:30Z,2024-12-21T14:00Z,50,45,low
2024-12-21T14:00Z,2024-12-21T14:30Z,53,50,low
2024-12-21T14:30Z,2024-12-21T15:00Z,53,47,low
2024-12-21T15:00Z,2024-12-21T15:30Z,56,53,low
2024-12-21T15:30Z,2024-12-21T16:00Z,60,51,low
2024-12-21T16:00Z,2024-12-21T16:30Z,63,54,low
2024-12-21T16:30Z,2024-12-21T17:00Z,56,53,low
2024-12-21T17:00Z,2024-12-21T17:30Z,53,60,low
2024-12-21T17:30Z,2024-12-21T18:00Z,52,58,low
2024-12-21T18:00Z,2024-12-21T18:30Z,50,52,low
2024-12-21T18:30Z,2024-12-21T19:00Z,55,48,low
2024-12-21T19:00Z,2024-12-21T19:30Z,55,48,low
2024-12-21T19:30Z,2024-12-21T20:00Z,55,52,low
2024-12-21T20:00Z,2024-12-21T20:30Z,52,49,low
2024-12-21T20:30Z,2024-12-21T21:00Z,58,51,low
2024-12-21T21:00Z,2024-12-21T21:30Z,55,50,low
2024-12-21T21:30Z,2024-12-21T22:00Z,56,54,low
2024-12-21T22:00Z,2024-12-21T22:30Z,52,51,low
2024-12-21T22:30Z,2024-12-21T23:00Z,53,49,low
2024-12-21T23:00Z,2024-12-21T23:30Z,54,48,low
2024-12-21T23:30Z,2024-12-22T00:00Z,56,49,low
2024-12-22T00:00Z,2024-12-22T00:30Z,55,50,low
2024-12-22T00:30Z,2024-12-22T01:00Z,50,53,low
2024-12-22T01:00Z,2024-12-22T01:30Z,49,51,low
2024-12-22T01:30Z,2024-12-22T02:00Z,55,47,low
2024-12-22T02:00Z,2024-12-22T02:30Z,53,47,low
2024-12-22T02:30Z,2024-12-22T03:00Z,52,52,low
2024-12-22T03:00Z,2024-12-22T03:30Z,48,50,low
2024-12-22T03:30Z,2024-12-22T04:00Z,48,50,low
2024-12-22T04:00Z,2024-12-22T04:30Z,47,51,low
2024-12-22T04:30Z,2024-12-22T05:00Z,47,46,low
2024-12-22T05:00Z,2024-12-22T05:30Z,48,46,low
2024-12-22T05:30Z,2024-12-22T06:00Z,50,51,low
2024-12-22T06:00Z,2024-12-22T06:30Z,52,49,low
2024-12-22T06:30Z,2024-12-22T07:00Z,53,49,low
2024-12-22T07:00Z,2024-12-22T07:30Z,59,48,low
2024-12-22T07:30Z,2024-12-22T08:00Z,60,54,low
2024-12-22T08:00Z,2024-12-22T08:30Z,61,54,low
2024-12-22T08:30Z,2024-12-22T09:00Z,49,58,low
2024-12-22T09:00Z,2024-12-22T09:30Z,49,56,low
2024-12-22T09:30Z,2024-12-22T10:00Z,44,47,low
2024-12-22T10:00Z,2024-12-22T10:30Z,43,47,low
2024-12-22T10:30Z,2024-12-22T11:00Z,42,47,low
2024-12-22T11:00Z,2024-12-22T11:30Z,45,46,low
2024-12-22T11:30Z,2024-12-22T12:00Z,40,44,low
2024-12-22T12:00Z,2024-12-22T12:30Z,43,43,low
2024-12-22T12:30Z,2024-12-22T13:00Z,42,41,low
2024-12-22T13:00Z,2024-12-22T13:30Z,43,42,low
2024-12-22T13:30Z,2024-12-22T14:00Z,49,42,low
2024-12-22T14:00Z,2024-12-22T14:30Z,50,43,low
2024-12-22T14:30Z,2024-12-22T15:00Z,49,48,low
2024-12-22T15:00Z,2024-12-22T15:30Z,53,53,low
2024-12-22T15:30Z,2024-12-22T16:00Z,58,49,low
2024-12-22T16:00Z,2024-12-22T16:30Z,59,44,low
2024-12-22T16:30Z,2024-12-22T17:00Z,59,51,low
2024-12-22T17:00Z,2024-12-22T17:30Z,60,56,low
2024-12-22T17:30Z,2024-12-22T18:00Z,58,55,low
2024-12-22T18:00Z,2024-12-22T18:30Z,55,57,low
2024-12-22T18:30Z,2024-12-22T19:00Z,67,59,low
2024-12-22T19:00Z,2024-12-22T19:30Z,61,54,low
2024-12-22T19:30Z,2024-12-22T20:00Z,52,65,low
2024-12-22T20:00Z,2024-12-22T20:30Z,48,66,low
2024-12-22T20:30Z,2024-12-22T21:00Z,50,58,low
2024-12-22T21:00Z,2024-12-22T21:30Z,49,56,low
2024-12-22T21:30Z,2024-12-22T22:00Z,48,55,low
2024-12-22T22:00Z,2024-12-22T22:30Z,45,51,low
2024-12-22T22:30Z,2024-12-22T23:00Z,47,49,low
2024-12-22T23:00Z,2024-12-22T23:30Z,43,46,low
2024-12-22T23:30Z,2024-12-23T00:00Z,37,47,low
2024-12-23T00:00Z,2024-12-23T00:30Z,32,44,very low
2024-12-23T00:30Z,2024-12-23T01:00Z,33,37,very low
2024-12-23T01:00Z,2024-12-23T01:30Z,33,38,very low
2024-12-23T01:30Z,2024-12-23T02:00Z,32,35,very low
2024-12-23T02:00Z,2024-12-23T02:30Z,33,34,very low
2024-12-23T02:30Z,2024-12-23T03:00Z,32,34,very low
2024-12-23T03:00Z,2024-12-23T03:30Z,33,34,very low
2024-12-23T03:30Z,2024-12-23T04:00Z,34,35,very low
2024-12-23T04:00Z,2024-12-23T04:30Z,35,35,low
2024-12-23T04:30Z,2024-12-23T05:00Z,38,35,low
2024-12-23T05:00Z,2024-12-23T05:30Z,42,36,low
2024-12-23T05:30Z,2024-12-23T06:00Z,47,43,low
2024-12-23T06:00Z,2024-12-23T06:30Z,56,52,low
2024-12-23T06:30Z,2024-12-23T07:00Z,70,60,low
2024-12-23T07:00Z,2024-12-23T07:30Z,79,63,low
2024-12-23T07:30Z,2024-12-23T08:00Z,91,94,low
2024-12-23T08:00Z,2024-12-23T08:30Z,107,92,low
2024-12-23T08:30Z,2024-12-23T09:00Z,117,98,moderate
2024-12-23T09:00Z,2024-12-23T09:30Z,125,108,moderate
2024-12-23T09:30Z,2024-12-23T10:00Z,128,126,moderate
2024-12-23T10:00Z,2024-12-23T10:30Z,130,134,moderate
2024-12-23T10:30Z,2024-12-23T11:00Z,135,135,moderate
2024-12-23T11:00Z,2024-12-23T11:30Z,135,137,moderate
2024-12-23T11:30Z,2024-12-23T12:00Z,136,140,moderate
2024-12-23T12:00Z,2024-12-23T12:30Z,144,144,moderate
2024-12-23T12:30Z,2024-12-23T13:00Z,148,154,moderate
2024-12-23T13:00Z,2024-12-23T13:30Z,144,156,moderate
2024-12-23T13:30Z,2024-12-23T14:00Z,141,153,moderate
2024-12-23T14:00Z,2024-12-23T14:30Z,148,153,moderate
2024-12-23T14:30Z,2024-12-23T15:00Z,152,149,moderate
2024-12-23T15:00Z,2024-12-23T15:30Z,152,152,moderate
2024-12-23T15:30Z,2024-12-23T16:00Z,151,159,moderate
2024-12-23T16:00Z,2024-12-23T16:30Z,152,161,moderate
2024-12-23T16:30Z,2024-12-23T17:00Z,155,157,moderate
2024-12-23T17:00Z,2024-12-23T17:30Z,155,159,moderate
2024-12-23T17:30Z,2024-12-23T18:00Z,155,166,moderate
2024-12-23T18:00Z,2024-12-23T18:30Z,151,162,moderate
2024-12-23T18:30Z,2024-12-23T19:00Z,147,160,moderate
2024-12-23T19:00Z,2024-12-23T19:30Z,144,154,moderate
2024-12-23T19:30Z,2024-12-23T20:00Z,146,148,moderate
2024-12-23T20:00Z,2024-12-23T20:30Z,140,148,moderate
2024-12-23T20:30Z,2024-12-23T21:00Z,138,140,moderate
2024-12-23T21:00Z,2024-12-23T21:30Z,126,147,moderate
2024-12-23T21:30Z,2024-12-23T22:00Z,101,142,low
2024-12-23T22:00Z,2024-12-23T22:30Z,83,136,low
2024-12-23T22:30Z,2024-12-23T23:00Z,71,102,low
2024-12-23T23:00Z,2024-12-23T23:30Z,67,78,low
2024-12-23T23:30Z,2024-12-24T00:00Z,68,69,low
2024-12-24T00:00Z,2024-12-24T00:30Z,64,63,low
2024-12-24T00:30Z,2024-12-24T01:00Z,64,67,low
2024-12-24T01:00Z,2024-12-24T01:30Z,68,65,low
2024-12-24T01:30Z,2024-12-24T02:00Z,68,64,low
2024-12-24T02:00Z,2024-12-24T02:30Z,68,66,low
2024-12-24T02:30Z,2024-12-24T03:00Z,71,68,low
2024-12-24T03:00Z,2024-12-24T03:30Z,72,70,low
2024-12-24T03:30Z,2024-12-24T04:00Z,73,69,low
2024-12-24T04:00Z,2024-12-24T04:30Z,70,75,low
2024-12-24T04:30Z,2024-12-24T05:00Z,75,75,low
2024-12-24T05:00Z,2024-12-24T05:30Z,76,80,low
2024-12-24T05:30Z,2024-12-24T06:00Z,82,76,low
2024-12-24T06:00Z,2024-12-24T06:30Z,89,77,low
2024-12-24T06:30Z,2024-12-24T07:00Z,97,83,low
2024-12-24T07:00Z,2024-12-24T07:30Z,100,87,low
2024-12-24T07:30Z,2024-12-24T08:00Z,82,98,low
2024-12-24T08:00Z,2024-12-24T08:30Z,88,101,low
2024-12-24T08:30Z,2024-12-24T09:00Z,81,84,low
2024-12-24T09:00Z,2024-12-24T09:30Z,86,83,low
2024-12-24T09:30Z,2024-12-24T10:00Z,89,79,low
2024-12-24T10:00Z,2024-12-24T10:30Z,88,85,low
2024-12-24T10:30Z,2024-12-24T11:00Z,90,90,low
2024-12-24T11:00Z,2024-12-24T11:30Z,91,92,low
2024-12-24T11:30Z,2024-12-24T12:00Z,94,93,low
2024-12-24T12:00Z,2024-12-24T12:30Z,93,96,low
2024-12-24T12:30Z,2024-12-24T13:00Z,87,99,low
2024-12-24T13:00Z,2024-12-24T13:30Z,88,101,low
2024-12-24T13:30Z,2024-12-24T14:00Z,86,94,low
2024-12-24T14:00Z,2024-12-24T14:30Z,94,94,low
2024-12-24T14:30Z,2024-12-24T15:00Z,109,92,low
2024-12-24T15:00Z,2024-12-24T15:30Z,115,102,moderate
2024-12-24T15:30Z,2024-12-24T16:00Z,116,113,moderate
2024-12-24T16:00Z,2024-12-24T16:30Z,120,114,moderate
2024-12-24T16:30Z,2024-12-24T17:00Z,112,122,moderate
2024-12-24T17:00Z,2024-12-24T17:30Z,111,110,moderate
2024-12-24T17:30Z,2024-12-24T18:00Z,109,108,low
2024-12-24T18:00Z,2024-12-24T18:30Z,102,105,low
2024-12-24T18:30Z,2024-12-24T19:00Z,97,103,low
2024-12-24T19:00Z,2024-12-24T19:30Z,91,97,low
2024-12-24T19:30Z,2024-12-24T20:00Z,81,100,low
2024-12-24T20:00Z,2024-12-24T20:30Z,74,91,low
2024-12-24T20:30Z,2024-12-24T21:00Z,69,82,low
2024-12-24T21:00Z,2024-12-24T21:30Z,65,79,low
2024-12-24T21:30Z,2024-12-24T22:00Z,67,74,low
2024-12-24T22:00Z,2024-12-24T22:30Z,67,65,low
2024-12-24T22:30Z,2024-12-24T23:00Z,72,66,low
2024-12-24T23:00Z,2024-12-24T23:30Z,74,67,low
2024-12-24T23:30Z,2024-12-25T00:00Z,80,73,low
2024-12-25T00:00Z,2024-12-25T00:30Z,88,76,low
2024-12-25T00:30Z,2024-12-25T01:00Z,81,84,low
2024-12-25T01:00Z,2024-12-25T01:30Z,74,88,low
2024-12-25T01:30Z,2024-12-25T02:00Z,79,83,low
2024-12-25T02:00Z,2024-12-25T02:30Z,81,78,low
2024-12-25T02:30Z,2024-12-25T03:00Z,88,84,low
2024-12-25T03:00Z,2024-12-25T03:30Z,91,82,low
2024-12-25T03:30Z,2024-12-25T04:00Z,95,91,low
2024-12-25T04:00Z,2024-12-25T04:30Z,95,92,low
2024-12-25T04:30Z,2024-12-25T05:00Z,95,93,low
2024-12-25T05:00Z,2024-12-25T05:30Z,93,96,low
2024-12-25T05:30Z,2024-12-25T06:00Z,93,103,low
2024-12-25T06:00Z,2024-12-25T06:30Z,98,101,low
2024-12-25T06:30Z,2024-12-25T07:00Z,96,96,low
2024-12-25T07:00Z,2024-12-25T07:30Z,95,103,low
2024-12-25T07:30Z,2024-12-25T08:00Z,90,106,low
2024-12-25T08:00Z,2024-12-25T08:30Z,98,103,low
2024-12-25T08:30Z,2024-12-25T09:00Z,98,103,low
2024-12-25T09:00Z,2024-12-25T09:30Z,102,100,low
2024-12-25T09:30Z,2024-12-25T10:00Z,107,107,low
2024-12-25T10:00Z,2024-12-25T10:30Z,105,107,low
2024-12-25T10:30Z,2024-12-25T11:00Z,107,111,low
2024-12-25T11:00Z,2024-12-25T11:30Z,106,107,low
2024-12-25T11:30Z,2024-12-25T12:00Z,107,109,low
2024-12-25T12:00Z,2024-12-25T12:30Z,112,111,moderate
2024-12-25T12:30Z,2024-12-25T13:00Z,112,109,moderate
2024-12-25T13:00Z,2024-12-25T13:30Z,113,109,moderate
2024-12-25T13:30Z,2024-12-25T14:00Z,116,111,moderate
2024-12-25T14:00Z,2024-12-25T14:30Z,114,111,moderate
2024-12-25T14:30Z,2024-12-25T15:00Z,112,111,moderate
2024-12-25T15:00Z,2024-12-25T15:30Z,106,112,low
2024-12-25T15:30Z,2024-12-25T16:00Z,104,114,low
2024-12-25T16:00Z,2024-12-25T16:30Z,105,113,low
2024-12-25T16:30Z,2024-12-25T17:00Z,107,113,low
2024-12-25T17:00Z,2024-12-25T17:30Z,105,106,low
2024-12-25T17:30Z,2024-12-25T18:00Z,114,111,moderate
2024-12-25T18:00Z,2024-12-25T18:30Z,110,109,moderate
2024-12-25T18:30Z,2024-12-25T19:00Z,105,117,low
2024-12-25T19:00Z,2024-12-25T19:30Z,106,116,low
2024-12-25T19:30Z,2024-12-25T20:00Z,103,108,low
2024-12-25T20:00Z,2024-12-25T20:30Z,106,107,low
2024-12-25T20:30Z,2024-12-25T21:00Z,107,110,low
2024-12-25T21:00Z,2024-12-25T21:30Z,103,109,low
2024-12-25T21:30Z,2024-12-25T22:00Z,98,112,low
2024-12-25T22:00Z,2024-12-25T22:30Z,88,122,low
2024-12-25T22:30Z,2024-12-25T23:00Z,75,107,low
2024-12-25T23:00Z,2024-12-25T23:30Z,74,100,low
2024-12-25T23:30Z,2024-12-26T00:00Z,75,83,low
2024-12-26T00:00Z,2024-12-26T00:30Z,77,95,low
2024-12-26T00:30Z,2024-12-26T01:00Z,74,127,low
2024-12-26T01:00Z,2024-12-26T01:30Z,71,135,low
2024-12-26T01:30Z,2024-12-26T02:00Z,79,141,low
2024-12-26T02:00Z,2024-12-26T02:30Z,74,149,low
2024-12-26T02:30Z,2024-12-26T03:00Z,74,156,low
2024-12-26T03:00Z,2024-12-26T03:30Z,73,86,low
2024-12-26T03:30Z,2024-12-26T04:00Z,73,97,low
2024-12-26T04:00Z,2024-12-26T04:30Z,77,87,low
2024-12-26T04:30Z,2024-12-26T05:00Z,88,99,low
2024-12-26T05:00Z,2024-12-26T05:30Z,102,111,low
2024-12-26T05:30Z,2024-12-26T06:00Z,119,125,moderate
2024-12-26T06:00Z,2024-12-26T06:30Z,134,140,moderate
2024-12-26T06:30Z,2024-12-26T07:00Z,160,156,moderate
2024-12-26T07:00Z,2024-12-26T07:30Z,163,165,moderate
2024-12-26T07:30Z,2024-12-26T08:00Z,157,177,moderate
2024-12-26T08:00Z,2024-12-26T08:30Z,163,184,moderate
2024-12-26T08:30Z,2024-12-26T09:00Z,158,199,moderate
2024-12-26T09:00Z,2024-12-26T09:30Z,166,205,moderate
2024-12-26T09:30Z,2024-12-26T10:00Z,175,214,moderate
2024-12-26T10:00Z,2024-12-26T10:30Z,181,220,moderate
2024-12-26T10:30Z,2024-12-26T11:00Z,190,226,high
2024-12-26T11:00Z,2024-12-26T11:30Z,192,230,high
2024-12-26T11:30Z,2024-12-26T12:00Z,193,200,high
2024-12-26T12:00Z,2024-12-26T12:30Z,197,208,high
2024-12-26T12:30Z,2024-12-26T13:00Z,198,210,high
2024-12-26T13:00Z,2024-12-26T13:30Z,200,214,high
2024-12-26T13:30Z,2024-12-26T14:00Z,200,223,high
2024-12-26T14:00Z,2024-12-26T14:30Z,203,228,high
2024-12-26T14:30Z,2024-12-26T15:00Z,206,229,high
2024-12-26T15:00Z,2024-12-26T15:30Z,206,236,high
2024-12-26T15:30Z,2024-12-26T16:00Z,208,244,high
2024-12-26T16:00Z,2024-12-26T16:30Z,213,251,high
2024-12-26T16:30Z,2024-12-26T17:00Z,212,255,high
2024-12-26T17:00Z,2024-12-26T17:30Z,210,253,high
2024-12-26T17:30Z,2024-12-26T18:00Z,211,258,high
2024-12-26T18:00Z,2024-12-26T18:30Z,213,263,high
2024-12-26T18:30Z,2024-12-26T19:00Z,209,270,high
2024-12-26T19:00Z,2024-12-26T19:30Z,207,272,high
2024-12-26T19:30Z,2024-12-26T20:00Z,208,271,high
2024-12-26T20:00Z,2024-12-26T20:30Z,207,275,high
2024-12-26T20:30Z,2024-12-26T21:00Z,197,274,high
2024-12-26T21:00Z,2024-12-26T21:30Z,193,276,high
2024-12-26T21:30Z,2024-12-26T22:00Z,186,275,moderate
2024-12-26T22:00Z,2024-12-26T22:30Z,175,275,moderate
2024-12-26T22:30Z,2024-12-26T23:00Z,168,277,moderate
2024-12-26T23:00Z,2024-12-26T23:30Z,165,181,moderate
2024-12-26T23:30Z,2024-12-27T00:00Z,162,184,moderate
2024-12-27T00:00Z,2024-12-27T00:30Z,163,187,moderate
2024-12-27T00:30Z,2024-12-27T01:00Z,163,187,moderate
2024-12-27T01:00Z,2024-12-27T01:30Z,164,190,moderate
2024-12-27T01:30Z,2024-12-27T02:00Z,162,191,moderate
2024-12-27T02:00Z,2024-12-27T02:30Z,159,197,moderate
2024-12-27T02:30Z,2024-12-27T03:00Z,164,202,moderate
2024-12-27T03:00Z,2024-12-27T03:30Z,161,208,moderate
2024-12-27T03:30Z,2024-12-27T04:00Z,167,213,moderate
2024-12-27T04:00Z,2024-12-27T04:30Z,170,221,moderate
2024-12-27T04:30Z,2024-12-27T05:00Z,192,223,high
2024-12-27T05:00Z,2024-12-27T05:30Z,196,232,high
2024-12-27T05:30Z,2024-12-27T06:00Z,216,240,high
2024-12-27T06:00Z,2024-12-27T06:30Z,230,249,high
2024-12-27T06:30Z,2024-12-27T07:00Z,239,255,high
2024-12-27T07:00Z,2024-12-27T07:30Z,239,258,high
2024-12-27T07:30Z,2024-12-27T08:00Z,237,265,high
2024-12-27T08:00Z,2024-12-27T08:30Z,237,264,high
2024-12-27T08:30Z,2024-12-27T09:00Z,234,266,high
2024-12-27T09:00Z,2024-12-27T09:30Z,234,267,high
2024-12-27T09:30Z,2024-12-27T10:00Z,224,242,high
2024-12-27T10:00Z,2024-12-27T10:30Z,223,240,high
2024-12-27T10:30Z,2024-12-27T11:00Z,219,232,high
2024-12-27T11:00Z,2024-12-27T11:30Z,218,232,high
2024-12-27T11:30Z,2024-12-27T12:00Z,218,224,high
2024-12-27T12:00Z,2024-12-27T12:30Z,218,225,high
2024-12-27T12:30Z,2024-12-27T13:00Z,220,225,high
2024-12-27T13:00Z,2024-12-27T13:30Z,221,225,high
2024-12-27T13:30Z,2024-12-27T14:00Z,223,229,high
2024-12-27T14:00Z,2024-12-27T14:30Z,226,230,high
2024-12-27T14:30Z,2024-12-27T15:00Z,228,232,high
2024-12-27T15:00Z,2024-12-27T15:30Z,229,233,high
2024-12-27T15:30Z,2024-12-27T16:00Z,230,237,high
2024-12-27T16:00Z,2024-12-27T16:30Z,230,243,high
2024-12-27T16:30Z,2024-12-27T17:00Z,227,242,high
2024-12-27T17:00Z,2024-12-27T17:30Z,227,242,high
2024-12-27T17:30Z,2024-12-27T18:00Z,233,242,high
2024-12-27T18:00Z,2024-12-27T18:30Z,231,240,high
2024-12-27T18:30Z,2024-12-27T19:00Z,228,245,high
2024-12-27T19:00Z,2024-12-27T19:30Z,230,243,high
2024-12-27T19:30Z,2024-12-27T20:00Z,229,241,high
2024-12-27T20:00Z,2024-12-27T20:30Z,225,238,high
2024-12-27T20:30Z,2024-12-27T21:00Z,217,236,high
2024-12-27T21:00Z,2024-12-27T21:30Z,211,227,high
2024-12-27T21:30Z,2024-12-27T22:00Z,208,220,high
2024-12-27T22:00Z,2024-12-27T22:30Z,199,212,high
2024-12-27T22:30Z,2024-12-27T23:00Z,186,207,moderate
2024-12-27T23:00Z,2024-12-27T23:30Z,175,202,moderate
2024-12-27T23:30Z,2024-12-28T00:00Z,165,189,moderate
2024-12-28T00:00Z,2024-12-28T00:30Z,165,184,moderate
2024-12-28T00:30Z,2024-12-28T01:00Z,162,171,moderate
2024-12-28T01:00Z,2024-12-28T01:30Z,154,177,moderate
2024-12-28T01:30Z,2024-12-28T02:00Z,159,166,moderate
2024-12-28T02:00Z,2024-12-28T02:30Z,160,162,moderate
2024-12-28T02:30Z,2024-12-28T03:00Z,166,165,moderate
2024-12-28T03:00Z,2024-12-28T03:30Z,165,167,moderate
2024-12-28T03:30Z,2024-12-28T04:00Z,169,172,moderate
2024-12-28T04:00Z,2024-12-28T04:30Z,166,170,moderate
2024-12-28T04:30Z,2024-12-28T05:00Z,172,171,moderate
2024-12-28T05:00Z,2024-12-28T05:30Z,172,175,moderate
2024-12-28T05:30Z,2024-12-28T06:00Z,180,180,moderate
2024-12-28T06:00Z,2024-12-28T06:30Z,190,179,high
2024-12-28T06:30Z,2024-12-28T07:00Z,200,190,high
2024-12-28T07:00Z,2024-12-28T07:30Z,201,197,high
2024-12-28T07:30Z,2024-12-28T08:00Z,198,207,high
2024-12-28T08:00Z,2024-12-28T08:30Z,199,217,high
2024-12-28T08:30Z,2024-12-28T09:00Z,185,208,moderate
2024-12-28T09:00Z,2024-12-28T09:30Z,187,209,moderate
2024-12-28T09:30Z,2024-12-28T10:00Z,180,194,moderate
2024-12-28T10:00Z,2024-12-28T10:30Z,179,188,moderate
2024-12-28T10:30Z,2024-12-28T11:00Z,176,181,moderate
2024-12-28T11:00Z,2024-12-28T11:30Z,173,184,moderate
2024-12-28T11:30Z,2024-12-28T12:00Z,173,181,moderate
2024-12-28T12:00Z,2024-12-28T12:30Z,171,180,moderate
2024-12-28T12:30Z,2024-12-28T13:00Z,173,177,moderate
2024-12-28T13:00Z,2024-12-28T13:30Z,171,177,moderate
2024-12-28T13:30Z,2024-12-28T14:00Z,173,178,moderate
2024-12-28T14:00Z,2024-12-28T14:30Z,175,176,moderate
2024-12-28T14:30Z,2024-12-28T15:00Z,186,179,moderate
2024-12-28T15:00Z,2024-12-28T15:30Z,190,183,high
2024-12-28T15:30Z,2024-12-28T16:00Z,192,192,high
2024-12-28T16:00Z,2024-12-28T16:30Z,193,199,high
2024-12-28T16:30Z,2024-12-28T17:00Z,187,206,moderate
2024-12-28T17:00Z,2024-12-28T17:30Z,185,202,moderate
2024-12-28T17:30Z,2024-12-28T18:00Z,187,196,moderate
2024-12-28T18:00Z,2024-12-28T18:30Z,186,189,moderate
2024-12-28T18:30Z,2024-12-28T19:00Z,187,187,moderate
2024-12-28T19:00Z,2024-12-28T19:30Z,188,193,moderate
2024-12-28T19:30Z,2024-12-28T20:00Z,188,188,moderate
2024-12-28T20:00Z,2024-12-28T20:30Z,182,184,moderate
2024-12-28T20:30Z,2024-12-28T21:00Z,173,177,moderate
2024-12-28T21:00Z,2024-12-28T21:30Z,170,174,moderate
2024-12-28T21:30Z,2024-12-28T22:00Z,162,159,moderate
2024-12-28T22:00Z,2024-12-28T22:30Z,148,163,moderate
2024-12-28T22:30Z,2024-12-28T23:00Z,127,149,moderate
2024-12-28T23:00Z,2024-12-28T23:30Z,124,150,moderate
2024-12-28T23:30Z,2024-12-29T00:00Z,122,123,moderate
2024-12-29T00:00Z,2024-12-29T00:30Z,122,125,moderate
2024-12-29T00:30Z,2024-12-29T01:00Z,113,120,moderate
2024-12-29T01:00Z,2024-12-29T01:30Z,104,121,low
2024-12-29T01:30Z,2024-12-29T02:00Z,99,108,low
2024-12-29T02:00Z,2024-12-29T02:30Z,100,103,low
2024-12-29T02:30Z,2024-12-29T03:00Z,104,97,low
2024-12-29T03:00Z,2024-12-29T03:30Z,101,98,low
2024-12-29T03:30Z,2024-12-29T04:00Z,103,104,low
2024-12-29T04:00Z,2024-12-29T04:30Z,100,104,low
2024-12-29T04:30Z,2024-12-29T05:00Z,99,103,low
2024-12-29T05:00Z,2024-12-29T05:30Z,99,104,low
2024-12-29T05:30Z,2024-12-29T06:00Z,99,98,low
2024-12-29T06:00Z,2024-12-29T06:30Z,97,104,low
2024-12-29T06:30Z,2024-12-29T07:00Z,104,97,low
2024-12-29T07:00Z,2024-12-29T07:30Z,107,93,low
2024-12-29T07:30Z,2024-12-29T08:00Z,108,102,low
2024-12-29T08:00Z,2024-12-29T08:30Z,110,103,moderate
2024-12-29T08:30Z,2024-12-29T09:00Z,107,101,low
2024-12-29T09:00Z,2024-12-29T09:30Z,106,102,low
2024-12-29T09:30Z,2024-12-29T10:00Z,97,101,low
2024-12-29T10:00Z,2024-12-29T10:30Z,93,99,low
2024-12-29T10:30Z,2024-12-29T11:00Z,89,93,low
2024-12-29T11:00Z,2024-12-29T11:30Z,86,92,low
2024-12-29T11:30Z,2024-12-29T12:00Z,84,86,low
2024-12-29T12:00Z,2024-12-29T12:30Z,83,67,low
2024-12-29T12:30Z,2024-12-29T13:00Z,83,84,low
2024-12-29T13:00Z,2024-12-29T13:30Z,83,85,low
2024-12-29T13:30Z,2024-12-29T14:00Z,83,84,low
2024-12-29T14:00Z,2024-12-29T14:30Z,88,81,low
2024-12-29T14:30Z,2024-12-29T15:00Z,98,83,low
2024-12-29T15:00Z,2024-12-29T15:30Z,103,74,low
2024-12-29T15:30Z,2024-12-29T16:00Z,103,100,low
2024-12-29T16:00Z,2024-12-29T16:30Z,102,109,low
2024-12-29T16:30Z,2024-12-29T17:00Z,101,101,low
2024-12-29T17:00Z,2024-12-29T17:30Z,98,102,low
2024-12-29T17:30Z,2024-12-29T18:00Z,96,98,low
2024-12-29T18:00Z,2024-12-29T18:30Z,93,97,low
2024-12-29T18:30Z,2024-12-29T19:00Z,89,92,low
2024-12-29T19:00Z,2024-12-29T19:30Z,85,89,low
2024-12-29T19:30Z,2024-12-29T20:00Z,77,87,low
2024-12-29T20:00Z,2024-12-29T20:30Z,65,83,low
2024-12-29T20:30Z,2024-12-29T21:00Z,60,80,low
2024-12-29T21:00Z,2024-12-29T21:30Z,56,69,low
2024-12-29T21:30Z,2024-12-29T22:00Z,59,69,low
2024-12-29T22:00Z,2024-12-29T22:30Z,53,56,low
2024-12-29T22:30Z,2024-12-29T23:00Z,60,50,low
2024-12-29T23:00Z,2024-12-29T23:30Z,60,41,low
2024-12-29T23:30Z,2024-12-30T00:00Z,58,50,low
2024-12-30T00:00Z,2024-12-30T00:30Z,63,48,low
2024-12-30T00:30Z,2024-12-30T01:00Z,60,47,low
2024-12-30T01:00Z,2024-12-30T01:30Z,59,48,low
2024-12-30T01:30Z,2024-12-30T02:00Z,60,45,low
2024-12-30T02:00Z,2024-12-30T02:30Z,56,44,low
2024-12-30T02:30Z,2024-12-30T03:00Z,55,44,low
2024-12-30T03:00Z,2024-12-30T03:30Z,56,32,low
2024-12-30T03:30Z,2024-12-30T04:00Z,57,43,low
2024-12-30T04:00Z,2024-12-30T04:30Z,58,42,low
2024-12-30T04:30Z,2024-12-30T05:00Z,60,43,low
2024-12-30T05:00Z,2024-12-30T05:30Z,64,44,low
2024-12-30T05:30Z,2024-12-30T06:00Z,66,49,low
2024-12-30T06:00Z,2024-12-30T06:30Z,70,54,low
2024-12-30T06:30Z,2024-12-30T07:00Z,77,56,low
2024-12-30T07:00Z,2024-12-30T07:30Z,85,60,low
2024-12-30T07:30Z,2024-12-30T08:00Z,86,63,low
2024-12-30T08:00Z,2024-12-30T08:30Z,83,68,low
2024-12-30T08:30Z,2024-12-30T09:00Z,80,80,low
2024-12-30T09:00Z,2024-12-30T09:30Z,70,74,low
2024-12-30T09:30Z,2024-12-30T10:00Z,65,70,low
2024-12-30T10:00Z,2024-12-30T10:30Z,62,65,low
2024-12-30T10:30Z,2024-12-30T11:00Z,57,57,low
2024-12-30T11:00Z,2024-12-30T11:30Z,54,59,low
2024-12-30T11:30Z,2024-12-30T12:00Z,52,54,low
2024-12-30T12:00Z,2024-12-30T12:30Z,51,54,low
2024-12-30T12:30Z,2024-12-30T13:00Z,52,52,low
2024-12-30T13:00Z,2024-12-30T13:30Z,52,52,low
2024-12-30T13:30Z,2024-12-30T14:00Z,53,53,low
2024-12-30T14:00Z,2024-12-30T14:30Z,61,56,low
2024-12-30T14:30Z,2024-12-30T15:00Z,72,58,low
2024-12-30T15:00Z,2024-12-30T15:30Z,83,72,low
2024-12-30T15:30Z,2024-12-30T16:00Z,97,89,low
2024-12-30T16:00Z,2024-12-30T16:30Z,102,76,moderate
2024-12-30T16:30Z,2024-12-30T17:00Z,105,112,moderate
2024-12-30T17:00Z,2024-12-30T17:30Z,107,105,moderate
2024-12-30T17:30Z,2024-12-30T18:00Z,109,106,moderate
2024-12-30T18:00Z,2024-12-30T18:30Z,105,105,moderate
2024-12-30T18:30Z,2024-12-30T19:00Z,98,103,low
2024-12-30T19:00Z,2024-12-30T19:30Z,100,98,moderate
2024-12-30T19:30Z,2024-12-30T20:00Z,93,94,low
2024-12-30T20:00Z,2024-12-30T20:30Z,84,82,low
2024-12-30T20:30Z,2024-12-30T21:00Z,73,76,low
2024-12-30T21:00Z,2024-12-30T21:30Z,66,77,low
2024-12-30T21:30Z,2024-12-30T22:00Z,66,67,low
2024-12-30T22:00Z,2024-12-30T22:30Z,60,60,low
2024-12-30T22:30Z,2024-12-30T23:00Z,53,56,low
2024-12-30T23:00Z,2024-12-30T23:30Z,50,50,low
2024-12-30T23:30Z,2024-12-31T00:00Z,51,43,low
2024-12-31T00:00Z,2024-12-31T00:30Z,57,44,low
2024-12-31T00:30Z,2024-12-31T01:00Z,65,42,low
2024-12-31T01:00Z,2024-12-31T01:30Z,64,44,low
2024-12-31T01:30Z,2024-12-31T02:00Z,62,53,low
2024-12-31T02:00Z,2024-12-31T02:30Z,59,64,low
2024-12-31T02:30Z,2024-12-31T03:00Z,61,56,low
2024-12-31T03:00Z,2024-12-31T03:30Z,58,56,low
2024-12-31T03:30Z,2024-12-31T04:00Z,58,56,low
2024-12-31T04:00Z,2024-12-31T04:30Z,58,54,low
2024-12-31T04:30Z,2024-12-31T05:00Z,57,55,low
2024-12-31T05:00Z,2024-12-31T05:30Z,60,58,low
2024-12-31T05:30Z,2024-12-31T06:00Z,70,59,low
2024-12-31T06:00Z,2024-12-31T06:30Z,74,57,low
2024-12-31T06:30Z,2024-12-31T07:00Z,70,64,low
2024-12-31T07:00Z,2024-12-31T07:30Z,72,70,low
2024-12-31T07:30Z,2024-12-31T08:00Z,72,72,low
2024-12-31T08:00Z,2024-12-31T08:30Z,77,66,low
2024-12-31T08:30Z,2024-12-31T09:00Z,75,66,low
2024-12-31T09:00Z,2024-12-31T09:30Z,74,67,low
2024-12-31T09:30Z,2024-12-31T10:00Z,65,68,low
2024-12-31T10:00Z,2024-12-31T10:30Z,67,71,low
2024-12-31T10:30Z,2024-12-31T11:00Z,63,67,low
2024-12-31T11:00Z,2024-12-31T11:30Z,58,65,low
2024-12-31T11:30Z,2024-12-31T12:00Z,51,61,low
2024-12-31T12:00Z,2024-12-31T12:30Z,53,58,low
2024-12-31T12:30Z,2024-12-31T13:00Z,59,55,low
2024-12-31T13:00Z,2024-12-31T13:30Z,57,52,low
2024-12-31T13:30Z,2024-12-31T14:00Z,61,58,low
2024-12-31T14:00Z,2024-12-31T14:30Z,65,56,low
2024-12-31T14:30Z,2024-12-31T15:00Z,62,59,low
2024-12-31T15:00Z,2024-12-31T15:30Z,64,63,low
2024-12-31T15:30Z,2024-12-31T16:00Z,63,61,low
2024-12-31T16:00Z,2024-12-31T16:30Z,62,66,low
2024-12-31T16:30Z,2024-12-31T17:00Z,65,64,low
2024-12-31T17:00Z,2024-12-31T17:30Z,66,61,low
2024-12-31T17:30Z,2024-12-31T18:00Z,62,63,low
2024-12-31T18:00Z,2024-12-31T18:30Z,59,64,low
2024-12-31T18:30Z,2024-12-31T19:00Z,64,60,low
2024-12-31T19:00Z,2024-12-31T19:30Z,55,58,low
2024-12-31T19:30Z,2024-12-31T20:00Z,58,60,low
2024-12-31T20:00Z,2024-12-31T20:30Z,59,54,low
2024-12-31T20:30Z,2024-12-31T21:00Z,55,57,low
2024-12-31T21:00Z,2024-12-31T21:30Z,52,54,low
2024-12-31T21:30Z,2024-12-31T22:00Z,53,49,low
2024-12-31T22:00Z,2024-12-31T22:30Z,52,48,low
2024-12-31T22:30Z,2024-12-31T23:00Z,54,45,low
2024-12-31T23:00Z,2024-12-31T23:30Z,49,50,low
2024-12-31T23:30Z,2025-01-01T00:00Z,51,53,low
