startTime,settlementDate,settlementPeriod,price_GBP_per_MWh,dataProvider
2024-01-01T00:00:00Z,2024-01-01,1,36.51,APXMIDP
2024-01-01T00:30:00Z,2024-01-01,2,45.17,APXMIDP
2024-01-01T01:00:00Z,2024-01-01,3,57.43,APXMIDP
2024-01-01T01:30:00Z,2024-01-01,4,46.61,APXMIDP
2024-01-01T02:00:00Z,2024-01-01,5,61.98,APXMIDP
2024-01-01T02:30:00Z,2024-01-01,6,61.09,APXMIDP
2024-01-01T03:00:00Z,2024-01-01,7,64.29,APXMIDP
2024-01-01T03:30:00Z,2024-01-01,8,51.7,APXMIDP
2024-01-01T04:00:00Z,2024-01-01,9,53.16,APXMIDP
2024-01-01T04:30:00Z,2024-01-01,10,34.87,APXMIDP
2024-01-01T05:00:00Z,2024-01-01,11,36.36,APXMIDP
2024-01-01T05:30:00Z,2024-01-01,12,34.98,APXMIDP
2024-01-01T06:00:00Z,2024-01-01,13,41.7,APXMIDP
2024-01-01T06:30:00Z,2024-01-01,14,55.33,APXMIDP
2024-01-01T07:00:00Z,2024-01-01,15,54.37,APXMIDP
2024-01-01T07:30:00Z,2024-01-01,16,56.24,APXMIDP
2024-01-01T08:00:00Z,2024-01-01,17,31.32,APXMIDP
2024-01-01T08:30:00Z,2024-01-01,18,51.55,APXMIDP
2024-01-01T09:00:00Z,2024-01-01,19,59.32,APXMIDP
2024-01-01T09:30:00Z,2024-01-01,20,72.25,APXMIDP
2024-01-01T10:00:00Z,2024-01-01,21,72.03,APXMIDP
2024-01-01T10:30:00Z,2024-01-01,22,82.01,APXMIDP
2024-01-01T11:00:00Z,2024-01-01,23,74.73,APXMIDP
2024-01-01T11:30:00Z,2024-01-01,24,81.93,APXMIDP
2024-01-01T12:00:00Z,2024-01-01,25,80.76,APXMIDP
2024-01-01T12:30:00Z,2024-01-01,26,77.51,APXMIDP
2024-01-01T13:00:00Z,2024-01-01,27,76.18,APXMIDP
2024-01-01T13:30:00Z,2024-01-01,28,77.48,APXMIDP
2024-01-01T14:00:00Z,2024-01-01,29,79.5,APXMIDP
2024-01-01T14:30:00Z,2024-01-01,30,81.15,APXMIDP
2024-01-01T15:00:00Z,2024-01-01,31,66.03,APXMIDP
2024-01-01T15:30:00Z,2024-01-01,32,61.93,APXMIDP
2024-01-01T16:00:00Z,2024-01-01,33,67.62,APXMIDP
2024-01-01T16:30:00Z,2024-01-01,34,68.13,APXMIDP
2024-01-01T17:00:00Z,2024-01-01,35,60.94,APXMIDP
2024-01-01T17:30:00Z,2024-01-01,36,59.6,APXMIDP
2024-01-01T18:00:00Z,2024-01-01,37,57.81,APXMIDP
2024-01-01T18:30:00Z,2024-01-01,38,56.01,APXMIDP
2024-01-01T19:00:00Z,2024-01-01,39,49.22,APXMIDP
2024-01-01T19:30:00Z,2024-01-01,40,36.77,APXMIDP
2024-01-01T20:00:00Z,2024-01-01,41,32.8,APXMIDP
2024-01-01T20:30:00Z,2024-01-01,42,26.77,APXMIDP
2024-01-01T21:00:00Z,2024-01-01,43,29.14,APXMIDP
2024-01-01T21:30:00Z,2024-01-01,44,22.32,APXMIDP
2024-01-01T22:00:00Z,2024-01-01,45,15.77,APXMIDP
2024-01-01T22:30:00Z,2024-01-01,46,14.32,APXMIDP
2024-01-01T23:00:00Z,2024-01-01,47,-13.73,APXMIDP
2024-01-01T23:30:00Z,2024-01-01,48,-20.16,APXMIDP
2024-01-02T00:00:00Z,2024-01-02,1,-16.93,APXMIDP
2024-01-02T00:30:00Z,2024-01-02,2,-11.09,APXMIDP
2024-01-02T01:00:00Z,2024-01-02,3,-7.61,APXMIDP
2024-01-02T01:30:00Z,2024-01-02,4,-10.94,APXMIDP
2024-01-02T02:00:00Z,2024-01-02,5,-15.39,APXMIDP
2024-01-02T02:30:00Z,2024-01-02,6,-11.55,APXMIDP
2024-01-02T03:00:00Z,2024-01-02,7,-1.74,APXMIDP
2024-01-02T03:30:00Z,2024-01-02,8,-10.46,APXMIDP
2024-01-02T04:00:00Z,2024-01-02,9,-8.68,APXMIDP
2024-01-02T04:30:00Z,2024-01-02,10,16.66,APXMIDP
2024-01-02T05:00:00Z,2024-01-02,11,11.71,APXMIDP
2024-01-02T05:30:00Z,2024-01-02,12,31.42,APXMIDP
2024-01-02T06:00:00Z,2024-01-02,13,33.62,APXMIDP
2024-01-02T06:30:00Z,2024-01-02,14,46.71,APXMIDP
2024-01-02T07:00:00Z,2024-01-02,15,50.87,APXMIDP
2024-01-02T07:30:00Z,2024-01-02,16,52.47,APXMIDP
2024-01-02T08:00:00Z,2024-01-02,17,50.41,APXMIDP
2024-01-02T08:30:00Z,2024-01-02,18,49.32,APXMIDP
2024-01-02T09:00:00Z,2024-01-02,19,56.37,APXMIDP
2024-01-02T09:30:00Z,2024-01-02,20,55.39,APXMIDP
2024-01-02T10:00:00Z,2024-01-02,21,56.68,APXMIDP
2024-01-02T10:30:00Z,2024-01-02,22,66.05,APXMIDP
2024-01-02T11:00:00Z,2024-01-02,23,65.33,APXMIDP
2024-01-02T11:30:00Z,2024-01-02,24,76.54,APXMIDP
2024-01-02T12:00:00Z,2024-01-02,25,80.93,APXMIDP
2024-01-02T12:30:00Z,2024-01-02,26,75.65,APXMIDP
2024-01-02T13:00:00Z,2024-01-02,27,76.97,APXMIDP
2024-01-02T13:30:00Z,2024-01-02,28,74.97,APXMIDP
2024-01-02T14:00:00Z,2024-01-02,29,77.05,APXMIDP
2024-01-02T14:30:00Z,2024-01-02,30,78.21,APXMIDP
2024-01-02T15:00:00Z,2024-01-02,31,66.8,APXMIDP
2024-01-02T15:30:00Z,2024-01-02,32,73.21,APXMIDP
2024-01-02T16:00:00Z,2024-01-02,33,73.76,APXMIDP
2024-01-02T16:30:00Z,2024-01-02,34,77.03,APXMIDP
2024-01-02T17:00:00Z,2024-01-02,35,69.8,APXMIDP
2024-01-02T17:30:00Z,2024-01-02,36,70.61,APXMIDP
2024-01-02T18:00:00Z,2024-01-02,37,67.7,APXMIDP
2024-01-02T18:30:00Z,2024-01-02,38,69.11,APXMIDP
2024-01-02T19:00:00Z,2024-01-02,39,76.07,APXMIDP
2024-01-02T19:30:00Z,2024-01-02,40,77.06,APXMIDP
2024-01-02T20:00:00Z,2024-01-02,41,80.64,APXMIDP
2024-01-02T20:30:00Z,2024-01-02,42,73.83,APXMIDP
2024-01-02T21:00:00Z,2024-01-02,43,63.5,APXMIDP
2024-01-02T21:30:00Z,2024-01-02,44,59.78,APXMIDP
2024-01-02T22:00:00Z,2024-01-02,45,59.71,APXMIDP
2024-01-02T22:30:00Z,2024-01-02,46,58.88,APXMIDP
2024-01-02T23:00:00Z,2024-01-02,47,78.77,APXMIDP
2024-01-02T23:30:00Z,2024-01-02,48,75.17,APXMIDP
2024-01-03T00:00:00Z,2024-01-03,1,71.16,APXMIDP
2024-01-03T00:30:00Z,2024-01-03,2,87.09,APXMIDP
2024-01-03T01:00:00Z,2024-01-03,3,82.24,APXMIDP
2024-01-03T01:30:00Z,2024-01-03,4,80.81,APXMIDP
2024-01-03T02:00:00Z,2024-01-03,5,84.72,APXMIDP
2024-01-03T02:30:00Z,2024-01-03,6,77.7,APXMIDP
2024-01-03T03:00:00Z,2024-01-03,7,84.63,APXMIDP
2024-01-03T03:30:00Z,2024-01-03,8,80.15,APXMIDP
2024-01-03T04:00:00Z,2024-01-03,9,66.99,APXMIDP
2024-01-03T04:30:00Z,2024-01-03,10,76.65,APXMIDP
2024-01-03T05:00:00Z,2024-01-03,11,66.69,APXMIDP
2024-01-03T05:30:00Z,2024-01-03,12,71.11,APXMIDP
2024-01-03T06:00:00Z,2024-01-03,13,56.59,APXMIDP
2024-01-03T06:30:00Z,2024-01-03,14,53.63,APXMIDP
2024-01-03T07:00:00Z,2024-01-03,15,51.61,APXMIDP
2024-01-03T07:30:00Z,2024-01-03,16,56.96,APXMIDP
2024-01-03T08:00:00Z,2024-01-03,17,57.31,APXMIDP
2024-01-03T08:30:00Z,2024-01-03,18,56.72,APXMIDP
2024-01-03T09:00:00Z,2024-01-03,19,75.17,APXMIDP
2024-01-03T09:30:00Z,2024-01-03,20,85.91,APXMIDP
2024-01-03T10:00:00Z,2024-01-03,21,89.33,APXMIDP
2024-01-03T10:30:00Z,2024-01-03,22,86.83,APXMIDP
2024-01-03T11:00:00Z,2024-01-03,23,97.1,APXMIDP
2024-01-03T11:30:00Z,2024-01-03,24,96.2,APXMIDP
2024-01-03T12:00:00Z,2024-01-03,25,93.56,APXMIDP
2024-01-03T12:30:00Z,2024-01-03,26,89.66,APXMIDP
2024-01-03T13:00:00Z,2024-01-03,27,85.62,APXMIDP
2024-01-03T13:30:00Z,2024-01-03,28,86.0,APXMIDP
2024-01-03T14:00:00Z,2024-01-03,29,87.27,APXMIDP
2024-01-03T14:30:00Z,2024-01-03,30,82.64,APXMIDP
2024-01-03T15:00:00Z,2024-01-03,31,87.58,APXMIDP
2024-01-03T15:30:00Z,2024-01-03,32,84.99,APXMIDP
2024-01-03T16:00:00Z,2024-01-03,33,87.72,APXMIDP
2024-01-03T16:30:00Z,2024-01-03,34,90.79,APXMIDP
2024-01-03T17:00:00Z,2024-01-03,35,88.13,APXMIDP
2024-01-03T17:30:00Z,2024-01-03,36,84.55,APXMIDP
2024-01-03T18:00:00Z,2024-01-03,37,83.92,APXMIDP
2024-01-03T18:30:00Z,2024-01-03,38,87.29,APXMIDP
2024-01-03T19:00:00Z,2024-01-03,39,82.93,APXMIDP
2024-01-03T19:30:00Z,2024-01-03,40,77.09,APXMIDP
2024-01-03T20:00:00Z,2024-01-03,41,74.49,APXMIDP
2024-01-03T20:30:00Z,2024-01-03,42,71.72,APXMIDP
2024-01-03T21:00:00Z,2024-01-03,43,70.55,APXMIDP
2024-01-03T21:30:00Z,2024-01-03,44,73.65,APXMIDP
2024-01-03T22:00:00Z,2024-01-03,45,79.5,APXMIDP
2024-01-03T22:30:00Z,2024-01-03,46,77.07,APXMIDP
2024-01-03T23:00:00Z,2024-01-03,47,68.83,APXMIDP
2024-01-03T23:30:00Z,2024-01-03,48,60.38,APXMIDP
2024-01-04T00:00:00Z,2024-01-04,1,71.52,APXMIDP
2024-01-04T00:30:00Z,2024-01-04,2,67.48,APXMIDP
2024-01-04T01:00:00Z,2024-01-04,3,62.54,APXMIDP
2024-01-04T01:30:00Z,2024-01-04,4,59.58,APXMIDP
2024-01-04T02:00:00Z,2024-01-04,5,60.42,APXMIDP
2024-01-04T02:30:00Z,2024-01-04,6,60.38,APXMIDP
2024-01-04T03:00:00Z,2024-01-04,7,57.23,APXMIDP
2024-01-04T03:30:00Z,2024-01-04,8,50.83,APXMIDP
2024-01-04T04:00:00Z,2024-01-04,9,57.07,APXMIDP
2024-01-04T04:30:00Z,2024-01-04,10,54.37,APXMIDP
2024-01-04T05:00:00Z,2024-01-04,11,61.31,APXMIDP
2024-01-04T05:30:00Z,2024-01-04,12,60.86,APXMIDP
2024-01-04T06:00:00Z,2024-01-04,13,73.56,APXMIDP
2024-01-04T06:30:00Z,2024-01-04,14,52.52,APXMIDP
2024-01-04T07:00:00Z,2024-01-04,15,56.05,APXMIDP
2024-01-04T07:30:00Z,2024-01-04,16,64.92,APXMIDP
2024-01-04T08:00:00Z,2024-01-04,17,66.22,APXMIDP
2024-01-04T08:30:00Z,2024-01-04,18,77.67,APXMIDP
2024-01-04T09:00:00Z,2024-01-04,19,74.71,APXMIDP
2024-01-04T09:30:00Z,2024-01-04,20,75.85,APXMIDP
2024-01-04T10:00:00Z,2024-01-04,21,69.74,APXMIDP
2024-01-04T10:30:00Z,2024-01-04,22,75.57,APXMIDP
2024-01-04T11:00:00Z,2024-01-04,23,72.14,APXMIDP
2024-01-04T11:30:00Z,2024-01-04,24,73.2,APXMIDP
2024-01-04T12:00:00Z,2024-01-04,25,80.16,APXMIDP
2024-01-04T12:30:00Z,2024-01-04,26,83.97,APXMIDP
2024-01-04T13:00:00Z,2024-01-04,27,86.81,APXMIDP
2024-01-04T13:30:00Z,2024-01-04,28,88.78,APXMIDP
2024-01-04T14:00:00Z,2024-01-04,29,95.02,APXMIDP
2024-01-04T14:30:00Z,2024-01-04,30,87.97,APXMIDP
2024-01-04T15:00:00Z,2024-01-04,31,97.13,APXMIDP
2024-01-04T15:30:00Z,2024-01-04,32,106.02,APXMIDP
2024-01-04T16:00:00Z,2024-01-04,33,115.45,APXMIDP
2024-01-04T16:30:00Z,2024-01-04,34,109.2,APXMIDP
2024-01-04T17:00:00Z,2024-01-04,35,104.71,APXMIDP
2024-01-04T17:30:00Z,2024-01-04,36,106.86,APXMIDP
2024-01-04T18:00:00Z,2024-01-04,37,102.16,APXMIDP
2024-01-04T18:30:00Z,2024-01-04,38,95.04,APXMIDP
2024-01-04T19:00:00Z,2024-01-04,39,84.37,APXMIDP
2024-01-04T19:30:00Z,2024-01-04,40,87.5,APXMIDP
2024-01-04T20:00:00Z,2024-01-04,41,84.95,APXMIDP
2024-01-04T20:30:00Z,2024-01-04,42,78.6,APXMIDP
2024-01-04T21:00:00Z,2024-01-04,43,78.4,APXMIDP
2024-01-04T21:30:00Z,2024-01-04,44,75.4,APXMIDP
2024-01-04T22:00:00Z,2024-01-04,45,73.94,APXMIDP
2024-01-04T22:30:00Z,2024-01-04,46,73.11,APXMIDP
2024-01-04T23:00:00Z,2024-01-04,47,76.1,APXMIDP
2024-01-04T23:30:00Z,2024-01-04,48,80.74,APXMIDP
2024-01-05T00:00:00Z,2024-01-05,1,69.35,APXMIDP
2024-01-05T00:30:00Z,2024-01-05,2,69.96,APXMIDP
2024-01-05T01:00:00Z,2024-01-05,3,68.64,APXMIDP
2024-01-05T01:30:00Z,2024-01-05,4,68.54,APXMIDP
2024-01-05T02:00:00Z,2024-01-05,5,69.65,APXMIDP
2024-01-05T02:30:00Z,2024-01-05,6,67.64,APXMIDP
2024-01-05T03:00:00Z,2024-01-05,7,64.45,APXMIDP
2024-01-05T03:30:00Z,2024-01-05,8,59.99,APXMIDP
2024-01-05T04:00:00Z,2024-01-05,9,61.34,APXMIDP
2024-01-05T04:30:00Z,2024-01-05,10,60.59,APXMIDP
2024-01-05T05:00:00Z,2024-01-05,11,68.65,APXMIDP
2024-01-05T05:30:00Z,2024-01-05,12,63.69,APXMIDP
2024-01-05T06:00:00Z,2024-01-05,13,69.2,APXMIDP
2024-01-05T06:30:00Z,2024-01-05,14,68.55,APXMIDP
2024-01-05T07:00:00Z,2024-01-05,15,70.68,APXMIDP
2024-01-05T07:30:00Z,2024-01-05,16,75.21,APXMIDP
2024-01-05T08:00:00Z,2024-01-05,17,68.45,APXMIDP
2024-01-05T08:30:00Z,2024-01-05,18,77.46,APXMIDP
2024-01-05T09:00:00Z,2024-01-05,19,80.34,APXMIDP
2024-01-05T09:30:00Z,2024-01-05,20,83.01,APXMIDP
2024-01-05T10:00:00Z,2024-01-05,21,82.93,APXMIDP
2024-01-05T10:30:00Z,2024-01-05,22,84.05,APXMIDP
2024-01-05T11:00:00Z,2024-01-05,23,73.03,APXMIDP
2024-01-05T11:30:00Z,2024-01-05,24,74.27,APXMIDP
2024-01-05T12:00:00Z,2024-01-05,25,78.06,APXMIDP
2024-01-05T12:30:00Z,2024-01-05,26,74.4,APXMIDP
2024-01-05T13:00:00Z,2024-01-05,27,76.85,APXMIDP
2024-01-05T13:30:00Z,2024-01-05,28,75.03,APXMIDP
2024-01-05T14:00:00Z,2024-01-05,29,86.21,APXMIDP
2024-01-05T14:30:00Z,2024-01-05,30,91.43,APXMIDP
2024-01-05T15:00:00Z,2024-01-05,31,78.99,APXMIDP
2024-01-05T15:30:00Z,2024-01-05,32,81.58,APXMIDP
2024-01-05T16:00:00Z,2024-01-05,33,86.49,APXMIDP
2024-01-05T16:30:00Z,2024-01-05,34,88.09,APXMIDP
2024-01-05T17:00:00Z,2024-01-05,35,88.7,APXMIDP
2024-01-05T17:30:00Z,2024-01-05,36,94.29,APXMIDP
2024-01-05T18:00:00Z,2024-01-05,37,94.55,APXMIDP
2024-01-05T18:30:00Z,2024-01-05,38,90.44,APXMIDP
2024-01-05T19:00:00Z,2024-01-05,39,89.3,APXMIDP
2024-01-05T19:30:00Z,2024-01-05,40,88.83,APXMIDP
2024-01-05T20:00:00Z,2024-01-05,41,89.78,APXMIDP
2024-01-05T20:30:00Z,2024-01-05,42,83.95,APXMIDP
2024-01-05T21:00:00Z,2024-01-05,43,81.87,APXMIDP
2024-01-05T21:30:00Z,2024-01-05,44,80.02,APXMIDP
2024-01-05T22:00:00Z,2024-01-05,45,78.08,APXMIDP
2024-01-05T22:30:00Z,2024-01-05,46,77.45,APXMIDP
2024-01-05T23:00:00Z,2024-01-05,47,85.22,APXMIDP
2024-01-05T23:30:00Z,2024-01-05,48,95.48,APXMIDP
2024-01-06T00:00:00Z,2024-01-06,1,85.34,APXMIDP
2024-01-06T00:30:00Z,2024-01-06,2,85.73,APXMIDP
2024-01-06T01:00:00Z,2024-01-06,3,76.78,APXMIDP
2024-01-06T01:30:00Z,2024-01-06,4,69.08,APXMIDP
2024-01-06T02:00:00Z,2024-01-06,5,72.6,APXMIDP
2024-01-06T02:30:00Z,2024-01-06,6,67.85,APXMIDP
2024-01-06T03:00:00Z,2024-01-06,7,64.38,APXMIDP
2024-01-06T03:30:00Z,2024-01-06,8,64.0,APXMIDP
2024-01-06T04:00:00Z,2024-01-06,9,63.99,APXMIDP
2024-01-06T04:30:00Z,2024-01-06,10,64.12,APXMIDP
2024-01-06T05:00:00Z,2024-01-06,11,66.83,APXMIDP
2024-01-06T05:30:00Z,2024-01-06,12,70.72,APXMIDP
2024-01-06T06:00:00Z,2024-01-06,13,69.87,APXMIDP
2024-01-06T06:30:00Z,2024-01-06,14,71.29,APXMIDP
2024-01-06T07:00:00Z,2024-01-06,15,72.27,APXMIDP
2024-01-06T07:30:00Z,2024-01-06,16,68.66,APXMIDP
2024-01-06T08:00:00Z,2024-01-06,17,69.07,APXMIDP
2024-01-06T08:30:00Z,2024-01-06,18,66.31,APXMIDP
2024-01-06T09:00:00Z,2024-01-06,19,68.1,APXMIDP
2024-01-06T09:30:00Z,2024-01-06,20,76.77,APXMIDP
2024-01-06T10:00:00Z,2024-01-06,21,73.79,APXMIDP
2024-01-06T10:30:00Z,2024-01-06,22,73.94,APXMIDP
2024-01-06T11:00:00Z,2024-01-06,23,74.56,APXMIDP
2024-01-06T11:30:00Z,2024-01-06,24,79.03,APXMIDP
2024-01-06T12:00:00Z,2024-01-06,25,78.04,APXMIDP
2024-01-06T12:30:00Z,2024-01-06,26,90.62,APXMIDP
2024-01-06T13:00:00Z,2024-01-06,27,89.93,APXMIDP
2024-01-06T13:30:00Z,2024-01-06,28,85.47,APXMIDP
2024-01-06T14:00:00Z,2024-01-06,29,88.75,APXMIDP
2024-01-06T14:30:00Z,2024-01-06,30,94.23,APXMIDP
2024-01-06T15:00:00Z,2024-01-06,31,98.93,APXMIDP
2024-01-06T15:30:00Z,2024-01-06,32,104.43,APXMIDP
2024-01-06T16:00:00Z,2024-01-06,33,99.33,APXMIDP
2024-01-06T16:30:00Z,2024-01-06,34,105.16,APXMIDP
2024-01-06T17:00:00Z,2024-01-06,35,106.92,APXMIDP
2024-01-06T17:30:00Z,2024-01-06,36,106.15,APXMIDP
2024-01-06T18:00:00Z,2024-01-06,37,104.17,APXMIDP
2024-01-06T18:30:00Z,2024-01-06,38,104.38,APXMIDP
2024-01-06T19:00:00Z,2024-01-06,39,99.7,APXMIDP
2024-01-06T19:30:00Z,2024-01-06,40,89.73,APXMIDP
2024-01-06T20:00:00Z,2024-01-06,41,88.3,APXMIDP
2024-01-06T20:30:00Z,2024-01-06,42,84.38,APXMIDP
2024-01-06T21:00:00Z,2024-01-06,43,92.06,APXMIDP
2024-01-06T21:30:00Z,2024-01-06,44,86.33,APXMIDP
2024-01-06T22:00:00Z,2024-01-06,45,84.13,APXMIDP
2024-01-06T22:30:00Z,2024-01-06,46,79.77,APXMIDP
2024-01-06T23:00:00Z,2024-01-06,47,71.44,APXMIDP
2024-01-06T23:30:00Z,2024-01-06,48,86.11,APXMIDP
2024-01-07T00:00:00Z,2024-01-07,1,73.77,APXMIDP
2024-01-07T00:30:00Z,2024-01-07,2,83.02,APXMIDP
2024-01-07T01:00:00Z,2024-01-07,3,77.08,APXMIDP
2024-01-07T01:30:00Z,2024-01-07,4,74.98,APXMIDP
2024-01-07T02:00:00Z,2024-01-07,5,73.07,APXMIDP
2024-01-07T02:30:00Z,2024-01-07,6,70.63,APXMIDP
2024-01-07T03:00:00Z,2024-01-07,7,75.66,APXMIDP
2024-01-07T03:30:00Z,2024-01-07,8,73.35,APXMIDP
2024-01-07T04:00:00Z,2024-01-07,9,72.0,APXMIDP
2024-01-07T04:30:00Z,2024-01-07,10,70.37,APXMIDP
2024-01-07T05:00:00Z,2024-01-07,11,72.93,APXMIDP
2024-01-07T05:30:00Z,2024-01-07,12,69.6,APXMIDP
2024-01-07T06:00:00Z,2024-01-07,13,69.09,APXMIDP
2024-01-07T06:30:00Z,2024-01-07,14,69.95,APXMIDP
2024-01-07T07:00:00Z,2024-01-07,15,75.88,APXMIDP
2024-01-07T07:30:00Z,2024-01-07,16,84.04,APXMIDP
2024-01-07T08:00:00Z,2024-01-07,17,80.62,APXMIDP
2024-01-07T08:30:00Z,2024-01-07,18,88.51,APXMIDP
2024-01-07T09:00:00Z,2024-01-07,19,88.89,APXMIDP
2024-01-07T09:30:00Z,2024-01-07,20,92.73,APXMIDP
2024-01-07T10:00:00Z,2024-01-07,21,91.89,APXMIDP
2024-01-07T10:30:00Z,2024-01-07,22,91.79,APXMIDP
2024-01-07T11:00:00Z,2024-01-07,23,92.47,APXMIDP
2024-01-07T11:30:00Z,2024-01-07,24,95.07,APXMIDP
2024-01-07T12:00:00Z,2024-01-07,25,94.03,APXMIDP
2024-01-07T12:30:00Z,2024-01-07,26,97.19,APXMIDP
2024-01-07T13:00:00Z,2024-01-07,27,105.95,APXMIDP
2024-01-07T13:30:00Z,2024-01-07,28,106.25,APXMIDP
2024-01-07T14:00:00Z,2024-01-07,29,106.17,APXMIDP
2024-01-07T14:30:00Z,2024-01-07,30,98.66,APXMIDP
2024-01-07T15:00:00Z,2024-01-07,31,102.43,APXMIDP
2024-01-07T15:30:00Z,2024-01-07,32,103.22,APXMIDP
2024-01-07T16:00:00Z,2024-01-07,33,103.0,APXMIDP
2024-01-07T16:30:00Z,2024-01-07,34,110.46,APXMIDP
2024-01-07T17:00:00Z,2024-01-07,35,112.94,APXMIDP
2024-01-07T17:30:00Z,2024-01-07,36,112.5,APXMIDP
2024-01-07T18:00:00Z,2024-01-07,37,107.28,APXMIDP
2024-01-07T18:30:00Z,2024-01-07,38,102.33,APXMIDP
2024-01-07T19:00:00Z,2024-01-07,39,93.33,APXMIDP
2024-01-07T19:30:00Z,2024-01-07,40,82.34,APXMIDP
2024-01-07T20:00:00Z,2024-01-07,41,81.79,APXMIDP
2024-01-07T20:30:00Z,2024-01-07,42,82.24,APXMIDP
2024-01-07T21:00:00Z,2024-01-07,43,89.55,APXMIDP
2024-01-07T21:30:00Z,2024-01-07,44,81.75,APXMIDP
2024-01-07T22:00:00Z,2024-01-07,45,80.24,APXMIDP
2024-01-07T22:30:00Z,2024-01-07,46,80.39,APXMIDP
2024-01-07T23:00:00Z,2024-01-07,47,73.92,APXMIDP
2024-01-07T23:30:00Z,2024-01-07,48,68.25,APXMIDP
2024-01-08T00:00:00Z,2024-01-08,1,67.06,APXMIDP
2024-01-08T00:30:00Z,2024-01-08,2,69.8,APXMIDP
2024-01-08T01:00:00Z,2024-01-08,3,68.98,APXMIDP
2024-01-08T01:30:00Z,2024-01-08,4,67.56,APXMIDP
2024-01-08T02:00:00Z,2024-01-08,5,69.11,APXMIDP
2024-01-08T02:30:00Z,2024-01-08,6,67.46,APXMIDP
2024-01-08T03:00:00Z,2024-01-08,7,66.9,APXMIDP
2024-01-08T03:30:00Z,2024-01-08,8,66.11,APXMIDP
2024-01-08T04:00:00Z,2024-01-08,9,66.45,APXMIDP
2024-01-08T04:30:00Z,2024-01-08,10,64.99,APXMIDP
2024-01-08T05:00:00Z,2024-01-08,11,70.87,APXMIDP
2024-01-08T05:30:00Z,2024-01-08,12,70.67,APXMIDP
2024-01-08T06:00:00Z,2024-01-08,13,88.07,APXMIDP
2024-01-08T06:30:00Z,2024-01-08,14,76.68,APXMIDP
2024-01-08T07:00:00Z,2024-01-08,15,86.99,APXMIDP
2024-01-08T07:30:00Z,2024-01-08,16,96.83,APXMIDP
2024-01-08T08:00:00Z,2024-01-08,17,89.96,APXMIDP
2024-01-08T08:30:00Z,2024-01-08,18,91.15,APXMIDP
2024-01-08T09:00:00Z,2024-01-08,19,77.67,APXMIDP
2024-01-08T09:30:00Z,2024-01-08,20,77.66,APXMIDP
2024-01-08T10:00:00Z,2024-01-08,21,82.36,APXMIDP
2024-01-08T10:30:00Z,2024-01-08,22,82.76,APXMIDP
2024-01-08T11:00:00Z,2024-01-08,23,85.04,APXMIDP
2024-01-08T11:30:00Z,2024-01-08,24,85.63,APXMIDP
2024-01-08T12:00:00Z,2024-01-08,25,83.14,APXMIDP
2024-01-08T12:30:00Z,2024-01-08,26,82.26,APXMIDP
2024-01-08T13:00:00Z,2024-01-08,27,82.5,APXMIDP
2024-01-08T13:30:00Z,2024-01-08,28,82.8,APXMIDP
2024-01-08T14:00:00Z,2024-01-08,29,82.44,APXMIDP
2024-01-08T14:30:00Z,2024-01-08,30,80.95,APXMIDP
2024-01-08T15:00:00Z,2024-01-08,31,98.76,APXMIDP
2024-01-08T15:30:00Z,2024-01-08,32,100.71,APXMIDP
2024-01-08T16:00:00Z,2024-01-08,33,93.53,APXMIDP
2024-01-08T16:30:00Z,2024-01-08,34,97.66,APXMIDP
2024-01-08T17:00:00Z,2024-01-08,35,97.31,APXMIDP
2024-01-08T17:30:00Z,2024-01-08,36,92.36,APXMIDP
2024-01-08T18:00:00Z,2024-01-08,37,90.89,APXMIDP
2024-01-08T18:30:00Z,2024-01-08,38,90.13,APXMIDP
2024-01-08T19:00:00Z,2024-01-08,39,85.7,APXMIDP
2024-01-08T19:30:00Z,2024-01-08,40,82.84,APXMIDP
2024-01-08T20:00:00Z,2024-01-08,41,85.13,APXMIDP
2024-01-08T20:30:00Z,2024-01-08,42,82.13,APXMIDP
2024-01-08T21:00:00Z,2024-01-08,43,77.57,APXMIDP
2024-01-08T21:30:00Z,2024-01-08,44,72.78,APXMIDP
2024-01-08T22:00:00Z,2024-01-08,45,74.25,APXMIDP
2024-01-08T22:30:00Z,2024-01-08,46,71.74,APXMIDP
2024-01-08T23:00:00Z,2024-01-08,47,67.47,APXMIDP
2024-01-08T23:30:00Z,2024-01-08,48,63.3,APXMIDP
2024-01-09T00:00:00Z,2024-01-09,1,60.86,APXMIDP
2024-01-09T00:30:00Z,2024-01-09,2,62.71,APXMIDP
2024-01-09T01:00:00Z,2024-01-09,3,61.47,APXMIDP
2024-01-09T01:30:00Z,2024-01-09,4,61.07,APXMIDP
2024-01-09T02:00:00Z,2024-01-09,5,64.7,APXMIDP
2024-01-09T02:30:00Z,2024-01-09,6,62.72,APXMIDP
2024-01-09T03:00:00Z,2024-01-09,7,57.3,APXMIDP
2024-01-09T03:30:00Z,2024-01-09,8,55.97,APXMIDP
2024-01-09T04:00:00Z,2024-01-09,9,61.93,APXMIDP
2024-01-09T04:30:00Z,2024-01-09,10,54.73,APXMIDP
2024-01-09T05:00:00Z,2024-01-09,11,55.08,APXMIDP
2024-01-09T05:30:00Z,2024-01-09,12,57.86,APXMIDP
2024-01-09T06:00:00Z,2024-01-09,13,61.05,APXMIDP
2024-01-09T06:30:00Z,2024-01-09,14,62.3,APXMIDP
2024-01-09T07:00:00Z,2024-01-09,15,77.57,APXMIDP
2024-01-09T07:30:00Z,2024-01-09,16,93.36,APXMIDP
2024-01-09T08:00:00Z,2024-01-09,17,77.31,APXMIDP
2024-01-09T08:30:00Z,2024-01-09,18,83.66,APXMIDP
2024-01-09T09:00:00Z,2024-01-09,19,78.12,APXMIDP
2024-01-09T09:30:00Z,2024-01-09,20,78.44,APXMIDP
2024-01-09T10:00:00Z,2024-01-09,21,78.55,APXMIDP
2024-01-09T10:30:00Z,2024-01-09,22,76.97,APXMIDP
2024-01-09T11:00:00Z,2024-01-09,23,69.64,APXMIDP
2024-01-09T11:30:00Z,2024-01-09,24,69.24,APXMIDP
2024-01-09T12:00:00Z,2024-01-09,25,69.29,APXMIDP
2024-01-09T12:30:00Z,2024-01-09,26,69.36,APXMIDP
2024-01-09T13:00:00Z,2024-01-09,27,68.75,APXMIDP
2024-01-09T13:30:00Z,2024-01-09,28,68.44,APXMIDP
2024-01-09T14:00:00Z,2024-01-09,29,68.12,APXMIDP
2024-01-09T14:30:00Z,2024-01-09,30,68.98,APXMIDP
2024-01-09T15:00:00Z,2024-01-09,31,77.72,APXMIDP
2024-01-09T15:30:00Z,2024-01-09,32,82.12,APXMIDP
2024-01-09T16:00:00Z,2024-01-09,33,89.9,APXMIDP
2024-01-09T16:30:00Z,2024-01-09,34,93.81,APXMIDP
2024-01-09T17:00:00Z,2024-01-09,35,83.69,APXMIDP
2024-01-09T17:30:00Z,2024-01-09,36,86.68,APXMIDP
2024-01-09T18:00:00Z,2024-01-09,37,92.61,APXMIDP
2024-01-09T18:30:00Z,2024-01-09,38,92.68,APXMIDP
2024-01-09T19:00:00Z,2024-01-09,39,85.74,APXMIDP
2024-01-09T19:30:00Z,2024-01-09,40,78.19,APXMIDP
2024-01-09T20:00:00Z,2024-01-09,41,74.8,APXMIDP
2024-01-09T20:30:00Z,2024-01-09,42,69.99,APXMIDP
2024-01-09T21:00:00Z,2024-01-09,43,74.33,APXMIDP
2024-01-09T21:30:00Z,2024-01-09,44,69.82,APXMIDP
2024-01-09T22:00:00Z,2024-01-09,45,68.23,APXMIDP
2024-01-09T22:30:00Z,2024-01-09,46,65.53,APXMIDP
2024-01-09T23:00:00Z,2024-01-09,47,57.75,APXMIDP
2024-01-09T23:30:00Z,2024-01-09,48,60.82,APXMIDP
2024-01-10T00:00:00Z,2024-01-10,1,62.69,APXMIDP
2024-01-10T00:30:00Z,2024-01-10,2,62.84,APXMIDP
2024-01-10T01:00:00Z,2024-01-10,3,63.63,APXMIDP
2024-01-10T01:30:00Z,2024-01-10,4,64.73,APXMIDP
2024-01-10T02:00:00Z,2024-01-10,5,63.29,APXMIDP
2024-01-10T02:30:00Z,2024-01-10,6,64.79,APXMIDP
2024-01-10T03:00:00Z,2024-01-10,7,69.51,APXMIDP
2024-01-10T03:30:00Z,2024-01-10,8,70.79,APXMIDP
2024-01-10T04:00:00Z,2024-01-10,9,70.49,APXMIDP
2024-01-10T04:30:00Z,2024-01-10,10,68.27,APXMIDP
2024-01-10T05:00:00Z,2024-01-10,11,70.43,APXMIDP
2024-01-10T05:30:00Z,2024-01-10,12,69.2,APXMIDP
2024-01-10T06:00:00Z,2024-01-10,13,73.61,APXMIDP
2024-01-10T06:30:00Z,2024-01-10,14,94.23,APXMIDP
2024-01-10T07:00:00Z,2024-01-10,15,119.6,APXMIDP
2024-01-10T07:30:00Z,2024-01-10,16,125.77,APXMIDP
2024-01-10T08:00:00Z,2024-01-10,17,119.97,APXMIDP
2024-01-10T08:30:00Z,2024-01-10,18,125.41,APXMIDP
2024-01-10T09:00:00Z,2024-01-10,19,116.68,APXMIDP
2024-01-10T09:30:00Z,2024-01-10,20,115.03,APXMIDP
2024-01-10T10:00:00Z,2024-01-10,21,111.15,APXMIDP
2024-01-10T10:30:00Z,2024-01-10,22,110.77,APXMIDP
2024-01-10T11:00:00Z,2024-01-10,23,98.87,APXMIDP
2024-01-10T11:30:00Z,2024-01-10,24,96.45,APXMIDP
2024-01-10T12:00:00Z,2024-01-10,25,98.5,APXMIDP
2024-01-10T12:30:00Z,2024-01-10,26,97.5,APXMIDP
2024-01-10T13:00:00Z,2024-01-10,27,94.64,APXMIDP
2024-01-10T13:30:00Z,2024-01-10,28,93.75,APXMIDP
2024-01-10T14:00:00Z,2024-01-10,29,100.13,APXMIDP
2024-01-10T14:30:00Z,2024-01-10,30,95.48,APXMIDP
2024-01-10T15:00:00Z,2024-01-10,31,98.4,APXMIDP
2024-01-10T15:30:00Z,2024-01-10,32,109.66,APXMIDP
2024-01-10T16:00:00Z,2024-01-10,33,113.76,APXMIDP
2024-01-10T16:30:00Z,2024-01-10,34,122.53,APXMIDP
2024-01-10T17:00:00Z,2024-01-10,35,114.46,APXMIDP
2024-01-10T17:30:00Z,2024-01-10,36,112.41,APXMIDP
2024-01-10T18:00:00Z,2024-01-10,37,112.65,APXMIDP
2024-01-10T18:30:00Z,2024-01-10,38,107.65,APXMIDP
2024-01-10T19:00:00Z,2024-01-10,39,95.03,APXMIDP
2024-01-10T19:30:00Z,2024-01-10,40,97.18,APXMIDP
2024-01-10T20:00:00Z,2024-01-10,41,94.91,APXMIDP
2024-01-10T20:30:00Z,2024-01-10,42,82.25,APXMIDP
2024-01-10T21:00:00Z,2024-01-10,43,81.72,APXMIDP
2024-01-10T21:30:00Z,2024-01-10,44,73.05,APXMIDP
2024-01-10T22:00:00Z,2024-01-10,45,74.22,APXMIDP
2024-01-10T22:30:00Z,2024-01-10,46,70.01,APXMIDP
2024-01-10T23:00:00Z,2024-01-10,47,68.2,APXMIDP
2024-01-10T23:30:00Z,2024-01-10,48,66.11,APXMIDP
2024-01-11T00:00:00Z,2024-01-11,1,66.55,APXMIDP
2024-01-11T00:30:00Z,2024-01-11,2,76.21,APXMIDP
2024-01-11T01:00:00Z,2024-01-11,3,75.81,APXMIDP
2024-01-11T01:30:00Z,2024-01-11,4,72.06,APXMIDP
2024-01-11T02:00:00Z,2024-01-11,5,82.81,APXMIDP
2024-01-11T02:30:00Z,2024-01-11,6,74.74,APXMIDP
2024-01-11T03:00:00Z,2024-01-11,7,75.5,APXMIDP
2024-01-11T03:30:00Z,2024-01-11,8,74.55,APXMIDP
2024-01-11T04:00:00Z,2024-01-11,9,74.11,APXMIDP
2024-01-11T04:30:00Z,2024-01-11,10,70.24,APXMIDP
2024-01-11T05:00:00Z,2024-01-11,11,69.27,APXMIDP
2024-01-11T05:30:00Z,2024-01-11,12,69.02,APXMIDP
2024-01-11T06:00:00Z,2024-01-11,13,71.69,APXMIDP
2024-01-11T06:30:00Z,2024-01-11,14,78.77,APXMIDP
2024-01-11T07:00:00Z,2024-01-11,15,90.11,APXMIDP
2024-01-11T07:30:00Z,2024-01-11,16,105.38,APXMIDP
2024-01-11T08:00:00Z,2024-01-11,17,101.97,APXMIDP
2024-01-11T08:30:00Z,2024-01-11,18,109.66,APXMIDP
2024-01-11T09:00:00Z,2024-01-11,19,92.75,APXMIDP
2024-01-11T09:30:00Z,2024-01-11,20,91.94,APXMIDP
2024-01-11T10:00:00Z,2024-01-11,21,94.8,APXMIDP
2024-01-11T10:30:00Z,2024-01-11,22,86.49,APXMIDP
2024-01-11T11:00:00Z,2024-01-11,23,80.38,APXMIDP
2024-01-11T11:30:00Z,2024-01-11,24,82.7,APXMIDP
2024-01-11T12:00:00Z,2024-01-11,25,84.88,APXMIDP
2024-01-11T12:30:00Z,2024-01-11,26,82.36,APXMIDP
2024-01-11T13:00:00Z,2024-01-11,27,79.63,APXMIDP
2024-01-11T13:30:00Z,2024-01-11,28,78.2,APXMIDP
2024-01-11T14:00:00Z,2024-01-11,29,81.7,APXMIDP
2024-01-11T14:30:00Z,2024-01-11,30,85.73,APXMIDP
2024-01-11T15:00:00Z,2024-01-11,31,95.98,APXMIDP
2024-01-11T15:30:00Z,2024-01-11,32,95.79,APXMIDP
2024-01-11T16:00:00Z,2024-01-11,33,97.99,APXMIDP
2024-01-11T16:30:00Z,2024-01-11,34,102.52,APXMIDP
2024-01-11T17:00:00Z,2024-01-11,35,102.34,APXMIDP
2024-01-11T17:30:00Z,2024-01-11,36,102.69,APXMIDP
2024-01-11T18:00:00Z,2024-01-11,37,101.73,APXMIDP
2024-01-11T18:30:00Z,2024-01-11,38,99.22,APXMIDP
2024-01-11T19:00:00Z,2024-01-11,39,97.46,APXMIDP
2024-01-11T19:30:00Z,2024-01-11,40,94.94,APXMIDP
2024-01-11T20:00:00Z,2024-01-11,41,93.16,APXMIDP
2024-01-11T20:30:00Z,2024-01-11,42,89.96,APXMIDP
2024-01-11T21:00:00Z,2024-01-11,43,79.9,APXMIDP
2024-01-11T21:30:00Z,2024-01-11,44,76.27,APXMIDP
2024-01-11T22:00:00Z,2024-01-11,45,73.64,APXMIDP
2024-01-11T22:30:00Z,2024-01-11,46,69.64,APXMIDP
2024-01-11T23:00:00Z,2024-01-11,47,71.87,APXMIDP
2024-01-11T23:30:00Z,2024-01-11,48,73.25,APXMIDP
2024-01-12T00:00:00Z,2024-01-12,1,72.25,APXMIDP
2024-01-12T00:30:00Z,2024-01-12,2,82.2,APXMIDP
2024-01-12T01:00:00Z,2024-01-12,3,74.02,APXMIDP
2024-01-12T01:30:00Z,2024-01-12,4,68.05,APXMIDP
2024-01-12T02:00:00Z,2024-01-12,5,64.59,APXMIDP
2024-01-12T02:30:00Z,2024-01-12,6,67.74,APXMIDP
2024-01-12T03:00:00Z,2024-01-12,7,70.53,APXMIDP
2024-01-12T03:30:00Z,2024-01-12,8,70.48,APXMIDP
2024-01-12T04:00:00Z,2024-01-12,9,73.85,APXMIDP
2024-01-12T04:30:00Z,2024-01-12,10,68.86,APXMIDP
2024-01-12T05:00:00Z,2024-01-12,11,75.84,APXMIDP
2024-01-12T05:30:00Z,2024-01-12,12,82.89,APXMIDP
2024-01-12T06:00:00Z,2024-01-12,13,92.36,APXMIDP
2024-01-12T06:30:00Z,2024-01-12,14,103.23,APXMIDP
2024-01-12T07:00:00Z,2024-01-12,15,106.34,APXMIDP
2024-01-12T07:30:00Z,2024-01-12,16,114.52,APXMIDP
2024-01-12T08:00:00Z,2024-01-12,17,107.73,APXMIDP
2024-01-12T08:30:00Z,2024-01-12,18,114.22,APXMIDP
2024-01-12T09:00:00Z,2024-01-12,19,106.16,APXMIDP
2024-01-12T09:30:00Z,2024-01-12,20,108.61,APXMIDP
2024-01-12T10:00:00Z,2024-01-12,21,98.36,APXMIDP
2024-01-12T10:30:00Z,2024-01-12,22,102.1,APXMIDP
2024-01-12T11:00:00Z,2024-01-12,23,93.1,APXMIDP
2024-01-12T11:30:00Z,2024-01-12,24,92.4,APXMIDP
2024-01-12T12:00:00Z,2024-01-12,25,105.72,APXMIDP
2024-01-12T12:30:00Z,2024-01-12,26,94.88,APXMIDP
2024-01-12T13:00:00Z,2024-01-12,27,92.99,APXMIDP
2024-01-12T13:30:00Z,2024-01-12,28,93.12,APXMIDP
2024-01-12T14:00:00Z,2024-01-12,29,99.2,APXMIDP
2024-01-12T14:30:00Z,2024-01-12,30,97.24,APXMIDP
2024-01-12T15:00:00Z,2024-01-12,31,106.16,APXMIDP
2024-01-12T15:30:00Z,2024-01-12,32,105.16,APXMIDP
2024-01-12T16:00:00Z,2024-01-12,33,102.97,APXMIDP
2024-01-12T16:30:00Z,2024-01-12,34,104.17,APXMIDP
2024-01-12T17:00:00Z,2024-01-12,35,106.61,APXMIDP
2024-01-12T17:30:00Z,2024-01-12,36,110.26,APXMIDP
2024-01-12T18:00:00Z,2024-01-12,37,110.17,APXMIDP
2024-01-12T18:30:00Z,2024-01-12,38,109.41,APXMIDP
2024-01-12T19:00:00Z,2024-01-12,39,97.1,APXMIDP
2024-01-12T19:30:00Z,2024-01-12,40,92.61,APXMIDP
2024-01-12T20:00:00Z,2024-01-12,41,96.04,APXMIDP
2024-01-12T20:30:00Z,2024-01-12,42,88.75,APXMIDP
2024-01-12T21:00:00Z,2024-01-12,43,86.07,APXMIDP
2024-01-12T21:30:00Z,2024-01-12,44,82.14,APXMIDP
2024-01-12T22:00:00Z,2024-01-12,45,80.3,APXMIDP
2024-01-12T22:30:00Z,2024-01-12,46,77.11,APXMIDP
2024-01-12T23:00:00Z,2024-01-12,47,80.55,APXMIDP
2024-01-12T23:30:00Z,2024-01-12,48,93.29,APXMIDP
2024-01-13T00:00:00Z,2024-01-13,1,89.76,APXMIDP
2024-01-13T00:30:00Z,2024-01-13,2,92.83,APXMIDP
2024-01-13T01:00:00Z,2024-01-13,3,91.41,APXMIDP
2024-01-13T01:30:00Z,2024-01-13,4,78.94,APXMIDP
2024-01-13T02:00:00Z,2024-01-13,5,79.09,APXMIDP
2024-01-13T02:30:00Z,2024-01-13,6,72.17,APXMIDP
2024-01-13T03:00:00Z,2024-01-13,7,74.36,APXMIDP
2024-01-13T03:30:00Z,2024-01-13,8,81.2,APXMIDP
2024-01-13T04:00:00Z,2024-01-13,9,74.52,APXMIDP
2024-01-13T04:30:00Z,2024-01-13,10,74.15,APXMIDP
2024-01-13T05:00:00Z,2024-01-13,11,83.25,APXMIDP
2024-01-13T05:30:00Z,2024-01-13,12,83.43,APXMIDP
2024-01-13T06:00:00Z,2024-01-13,13,79.1,APXMIDP
2024-01-13T06:30:00Z,2024-01-13,14,79.35,APXMIDP
2024-01-13T07:00:00Z,2024-01-13,15,89.58,APXMIDP
2024-01-13T07:30:00Z,2024-01-13,16,90.69,APXMIDP
2024-01-13T08:00:00Z,2024-01-13,17,89.78,APXMIDP
2024-01-13T08:30:00Z,2024-01-13,18,96.5,APXMIDP
2024-01-13T09:00:00Z,2024-01-13,19,84.61,APXMIDP
2024-01-13T09:30:00Z,2024-01-13,20,95.6,APXMIDP
2024-01-13T10:00:00Z,2024-01-13,21,94.4,APXMIDP
2024-01-13T10:30:00Z,2024-01-13,22,93.71,APXMIDP
2024-01-13T11:00:00Z,2024-01-13,23,85.29,APXMIDP
2024-01-13T11:30:00Z,2024-01-13,24,83.53,APXMIDP
2024-01-13T12:00:00Z,2024-01-13,25,87.66,APXMIDP
2024-01-13T12:30:00Z,2024-01-13,26,87.96,APXMIDP
2024-01-13T13:00:00Z,2024-01-13,27,93.41,APXMIDP
2024-01-13T13:30:00Z,2024-01-13,28,93.01,APXMIDP
2024-01-13T14:00:00Z,2024-01-13,29,86.42,APXMIDP
2024-01-13T14:30:00Z,2024-01-13,30,82.8,APXMIDP
2024-01-13T15:00:00Z,2024-01-13,31,89.66,APXMIDP
2024-01-13T15:30:00Z,2024-01-13,32,94.77,APXMIDP
2024-01-13T16:00:00Z,2024-01-13,33,97.36,APXMIDP
2024-01-13T16:30:00Z,2024-01-13,34,103.84,APXMIDP
2024-01-13T17:00:00Z,2024-01-13,35,107.42,APXMIDP
2024-01-13T17:30:00Z,2024-01-13,36,108.63,APXMIDP
2024-01-13T18:00:00Z,2024-01-13,37,102.83,APXMIDP
2024-01-13T18:30:00Z,2024-01-13,38,100.62,APXMIDP
2024-01-13T19:00:00Z,2024-01-13,39,97.8,APXMIDP
2024-01-13T19:30:00Z,2024-01-13,40,88.64,APXMIDP
2024-01-13T20:00:00Z,2024-01-13,41,90.53,APXMIDP
2024-01-13T20:30:00Z,2024-01-13,42,84.72,APXMIDP
2024-01-13T21:00:00Z,2024-01-13,43,79.06,APXMIDP
2024-01-13T21:30:00Z,2024-01-13,44,75.91,APXMIDP
2024-01-13T22:00:00Z,2024-01-13,45,81.55,APXMIDP
2024-01-13T22:30:00Z,2024-01-13,46,80.64,APXMIDP
2024-01-13T23:00:00Z,2024-01-13,47,65.45,APXMIDP
2024-01-13T23:30:00Z,2024-01-13,48,87.47,APXMIDP
2024-01-14T00:00:00Z,2024-01-14,1,70.17,APXMIDP
2024-01-14T00:30:00Z,2024-01-14,2,86.19,APXMIDP
2024-01-14T01:00:00Z,2024-01-14,3,86.84,APXMIDP
2024-01-14T01:30:00Z,2024-01-14,4,83.14,APXMIDP
2024-01-14T02:00:00Z,2024-01-14,5,82.85,APXMIDP
2024-01-14T02:30:00Z,2024-01-14,6,82.92,APXMIDP
2024-01-14T03:00:00Z,2024-01-14,7,85.19,APXMIDP
2024-01-14T03:30:00Z,2024-01-14,8,82.03,APXMIDP
2024-01-14T04:00:00Z,2024-01-14,9,84.91,APXMIDP
2024-01-14T04:30:00Z,2024-01-14,10,85.9,APXMIDP
2024-01-14T05:00:00Z,2024-01-14,11,84.0,APXMIDP
2024-01-14T05:30:00Z,2024-01-14,12,81.29,APXMIDP
2024-01-14T06:00:00Z,2024-01-14,13,80.85,APXMIDP
2024-01-14T06:30:00Z,2024-01-14,14,77.59,APXMIDP
2024-01-14T07:00:00Z,2024-01-14,15,75.99,APXMIDP
2024-01-14T07:30:00Z,2024-01-14,16,73.6,APXMIDP
2024-01-14T08:00:00Z,2024-01-14,17,79.57,APXMIDP
2024-01-14T08:30:00Z,2024-01-14,18,85.66,APXMIDP
2024-01-14T09:00:00Z,2024-01-14,19,86.4,APXMIDP
2024-01-14T09:30:00Z,2024-01-14,20,87.17,APXMIDP
2024-01-14T10:00:00Z,2024-01-14,21,77.39,APXMIDP
2024-01-14T10:30:00Z,2024-01-14,22,72.16,APXMIDP
2024-01-14T11:00:00Z,2024-01-14,23,76.16,APXMIDP
2024-01-14T11:30:00Z,2024-01-14,24,73.37,APXMIDP
2024-01-14T12:00:00Z,2024-01-14,25,72.71,APXMIDP
2024-01-14T12:30:00Z,2024-01-14,26,73.75,APXMIDP
2024-01-14T13:00:00Z,2024-01-14,27,80.37,APXMIDP
2024-01-14T13:30:00Z,2024-01-14,28,77.24,APXMIDP
2024-01-14T14:00:00Z,2024-01-14,29,75.93,APXMIDP
2024-01-14T14:30:00Z,2024-01-14,30,74.2,APXMIDP
2024-01-14T15:00:00Z,2024-01-14,31,81.33,APXMIDP
2024-01-14T15:30:00Z,2024-01-14,32,82.85,APXMIDP
2024-01-14T16:00:00Z,2024-01-14,33,81.53,APXMIDP
2024-01-14T16:30:00Z,2024-01-14,34,88.67,APXMIDP
2024-01-14T17:00:00Z,2024-01-14,35,90.09,APXMIDP
2024-01-14T17:30:00Z,2024-01-14,36,90.91,APXMIDP
2024-01-14T18:00:00Z,2024-01-14,37,93.53,APXMIDP
2024-01-14T18:30:00Z,2024-01-14,38,85.99,APXMIDP
2024-01-14T19:00:00Z,2024-01-14,39,91.45,APXMIDP
2024-01-14T19:30:00Z,2024-01-14,40,84.25,APXMIDP
2024-01-14T20:00:00Z,2024-01-14,41,84.25,APXMIDP
2024-01-14T20:30:00Z,2024-01-14,42,77.31,APXMIDP
2024-01-14T21:00:00Z,2024-01-14,43,80.07,APXMIDP
2024-01-14T21:30:00Z,2024-01-14,44,80.19,APXMIDP
2024-01-14T22:00:00Z,2024-01-14,45,74.11,APXMIDP
2024-01-14T22:30:00Z,2024-01-14,46,101.48,APXMIDP
2024-01-14T23:00:00Z,2024-01-14,47,81.14,APXMIDP
2024-01-14T23:30:00Z,2024-01-14,48,84.65,APXMIDP
2024-01-15T00:00:00Z,2024-01-15,1,82.74,APXMIDP
2024-01-15T00:30:00Z,2024-01-15,2,82.77,APXMIDP
2024-01-15T01:00:00Z,2024-01-15,3,70.49,APXMIDP
2024-01-15T01:30:00Z,2024-01-15,4,62.31,APXMIDP
2024-01-15T02:00:00Z,2024-01-15,5,63.22,APXMIDP
2024-01-15T02:30:00Z,2024-01-15,6,61.73,APXMIDP
2024-01-15T03:00:00Z,2024-01-15,7,62.88,APXMIDP
2024-01-15T03:30:00Z,2024-01-15,8,63.59,APXMIDP
2024-01-15T04:00:00Z,2024-01-15,9,72.1,APXMIDP
2024-01-15T04:30:00Z,2024-01-15,10,64.5,APXMIDP
2024-01-15T05:00:00Z,2024-01-15,11,77.45,APXMIDP
2024-01-15T05:30:00Z,2024-01-15,12,57.58,APXMIDP
2024-01-15T06:00:00Z,2024-01-15,13,88.17,APXMIDP
2024-01-15T06:30:00Z,2024-01-15,14,71.48,APXMIDP
2024-01-15T07:00:00Z,2024-01-15,15,83.85,APXMIDP
2024-01-15T07:30:00Z,2024-01-15,16,87.64,APXMIDP
2024-01-15T08:00:00Z,2024-01-15,17,75.86,APXMIDP
2024-01-15T08:30:00Z,2024-01-15,18,82.32,APXMIDP
2024-01-15T09:00:00Z,2024-01-15,19,85.56,APXMIDP
2024-01-15T09:30:00Z,2024-01-15,20,85.86,APXMIDP
2024-01-15T10:00:00Z,2024-01-15,21,82.24,APXMIDP
2024-01-15T10:30:00Z,2024-01-15,22,77.78,APXMIDP
2024-01-15T11:00:00Z,2024-01-15,23,73.94,APXMIDP
2024-01-15T11:30:00Z,2024-01-15,24,71.84,APXMIDP
2024-01-15T12:00:00Z,2024-01-15,25,78.1,APXMIDP
2024-01-15T12:30:00Z,2024-01-15,26,76.74,APXMIDP
2024-01-15T13:00:00Z,2024-01-15,27,75.02,APXMIDP
2024-01-15T13:30:00Z,2024-01-15,28,74.46,APXMIDP
2024-01-15T14:00:00Z,2024-01-15,29,80.68,APXMIDP
2024-01-15T14:30:00Z,2024-01-15,30,80.92,APXMIDP
2024-01-15T15:00:00Z,2024-01-15,31,80.39,APXMIDP
2024-01-15T15:30:00Z,2024-01-15,32,93.13,APXMIDP
2024-01-15T16:00:00Z,2024-01-15,33,85.12,APXMIDP
2024-01-15T16:30:00Z,2024-01-15,34,92.81,APXMIDP
2024-01-15T17:00:00Z,2024-01-15,35,90.7,APXMIDP
2024-01-15T17:30:00Z,2024-01-15,36,95.52,APXMIDP
2024-01-15T18:00:00Z,2024-01-15,37,92.13,APXMIDP
2024-01-15T18:30:00Z,2024-01-15,38,93.31,APXMIDP
2024-01-15T19:00:00Z,2024-01-15,39,84.94,APXMIDP
2024-01-15T19:30:00Z,2024-01-15,40,78.62,APXMIDP
2024-01-15T20:00:00Z,2024-01-15,41,92.94,APXMIDP
2024-01-15T20:30:00Z,2024-01-15,42,82.95,APXMIDP
2024-01-15T21:00:00Z,2024-01-15,43,78.09,APXMIDP
2024-01-15T21:30:00Z,2024-01-15,44,68.67,APXMIDP
2024-01-15T22:00:00Z,2024-01-15,45,74.92,APXMIDP
2024-01-15T22:30:00Z,2024-01-15,46,68.13,APXMIDP
2024-01-15T23:00:00Z,2024-01-15,47,70.35,APXMIDP
2024-01-15T23:30:00Z,2024-01-15,48,66.67,APXMIDP
2024-01-16T00:00:00Z,2024-01-16,1,70.43,APXMIDP
2024-01-16T00:30:00Z,2024-01-16,2,78.34,APXMIDP
2024-01-16T01:00:00Z,2024-01-16,3,73.15,APXMIDP
2024-01-16T01:30:00Z,2024-01-16,4,73.38,APXMIDP
2024-01-16T02:00:00Z,2024-01-16,5,73.14,APXMIDP
2024-01-16T02:30:00Z,2024-01-16,6,69.7,APXMIDP
2024-01-16T03:00:00Z,2024-01-16,7,77.29,APXMIDP
2024-01-16T03:30:00Z,2024-01-16,8,72.26,APXMIDP
2024-01-16T04:00:00Z,2024-01-16,9,75.93,APXMIDP
2024-01-16T04:30:00Z,2024-01-16,10,68.22,APXMIDP
2024-01-16T05:00:00Z,2024-01-16,11,82.11,APXMIDP
2024-01-16T05:30:00Z,2024-01-16,12,71.69,APXMIDP
2024-01-16T06:00:00Z,2024-01-16,13,81.63,APXMIDP
2024-01-16T06:30:00Z,2024-01-16,14,90.29,APXMIDP
2024-01-16T07:00:00Z,2024-01-16,15,104.67,APXMIDP
2024-01-16T07:30:00Z,2024-01-16,16,114.78,APXMIDP
2024-01-16T08:00:00Z,2024-01-16,17,109.88,APXMIDP
2024-01-16T08:30:00Z,2024-01-16,18,116.1,APXMIDP
2024-01-16T09:00:00Z,2024-01-16,19,104.46,APXMIDP
2024-01-16T09:30:00Z,2024-01-16,20,99.03,APXMIDP
2024-01-16T10:00:00Z,2024-01-16,21,105.81,APXMIDP
2024-01-16T10:30:00Z,2024-01-16,22,102.96,APXMIDP
2024-01-16T11:00:00Z,2024-01-16,23,90.62,APXMIDP
2024-01-16T11:30:00Z,2024-01-16,24,87.09,APXMIDP
2024-01-16T12:00:00Z,2024-01-16,25,82.67,APXMIDP
2024-01-16T12:30:00Z,2024-01-16,26,77.73,APXMIDP
2024-01-16T13:00:00Z,2024-01-16,27,78.42,APXMIDP
2024-01-16T13:30:00Z,2024-01-16,28,75.09,APXMIDP
2024-01-16T14:00:00Z,2024-01-16,29,82.62,APXMIDP
2024-01-16T14:30:00Z,2024-01-16,30,84.23,APXMIDP
2024-01-16T15:00:00Z,2024-01-16,31,89.32,APXMIDP
2024-01-16T15:30:00Z,2024-01-16,32,90.98,APXMIDP
2024-01-16T16:00:00Z,2024-01-16,33,92.4,APXMIDP
2024-01-16T16:30:00Z,2024-01-16,34,92.51,APXMIDP
2024-01-16T17:00:00Z,2024-01-16,35,90.64,APXMIDP
2024-01-16T17:30:00Z,2024-01-16,36,90.01,APXMIDP
2024-01-16T18:00:00Z,2024-01-16,37,83.43,APXMIDP
2024-01-16T18:30:00Z,2024-01-16,38,83.27,APXMIDP
2024-01-16T19:00:00Z,2024-01-16,39,79.3,APXMIDP
2024-01-16T19:30:00Z,2024-01-16,40,75.24,APXMIDP
2024-01-16T20:00:00Z,2024-01-16,41,73.55,APXMIDP
2024-01-16T20:30:00Z,2024-01-16,42,71.5,APXMIDP
2024-01-16T21:00:00Z,2024-01-16,43,76.62,APXMIDP
2024-01-16T21:30:00Z,2024-01-16,44,76.16,APXMIDP
2024-01-16T22:00:00Z,2024-01-16,45,74.01,APXMIDP
2024-01-16T22:30:00Z,2024-01-16,46,69.22,APXMIDP
2024-01-16T23:00:00Z,2024-01-16,47,60.07,APXMIDP
2024-01-16T23:30:00Z,2024-01-16,48,61.04,APXMIDP
2024-01-17T00:00:00Z,2024-01-17,1,60.86,APXMIDP
2024-01-17T00:30:00Z,2024-01-17,2,71.57,APXMIDP
2024-01-17T01:00:00Z,2024-01-17,3,54.92,APXMIDP
2024-01-17T01:30:00Z,2024-01-17,4,63.35,APXMIDP
2024-01-17T02:00:00Z,2024-01-17,5,57.21,APXMIDP
2024-01-17T02:30:00Z,2024-01-17,6,58.35,APXMIDP
2024-01-17T03:00:00Z,2024-01-17,7,58.73,APXMIDP
2024-01-17T03:30:00Z,2024-01-17,8,65.39,APXMIDP
2024-01-17T04:00:00Z,2024-01-17,9,65.44,APXMIDP
2024-01-17T04:30:00Z,2024-01-17,10,62.86,APXMIDP
2024-01-17T05:00:00Z,2024-01-17,11,67.45,APXMIDP
2024-01-17T05:30:00Z,2024-01-17,12,68.33,APXMIDP
2024-01-17T06:00:00Z,2024-01-17,13,70.45,APXMIDP
2024-01-17T06:30:00Z,2024-01-17,14,71.37,APXMIDP
2024-01-17T07:00:00Z,2024-01-17,15,67.65,APXMIDP
2024-01-17T07:30:00Z,2024-01-17,16,67.24,APXMIDP
2024-01-17T08:00:00Z,2024-01-17,17,75.23,APXMIDP
2024-01-17T08:30:00Z,2024-01-17,18,89.35,APXMIDP
2024-01-17T09:00:00Z,2024-01-17,19,87.65,APXMIDP
2024-01-17T09:30:00Z,2024-01-17,20,79.71,APXMIDP
2024-01-17T10:00:00Z,2024-01-17,21,84.49,APXMIDP
2024-01-17T10:30:00Z,2024-01-17,22,83.49,APXMIDP
2024-01-17T11:00:00Z,2024-01-17,23,89.26,APXMIDP
2024-01-17T11:30:00Z,2024-01-17,24,90.0,APXMIDP
2024-01-17T12:00:00Z,2024-01-17,25,99.27,APXMIDP
2024-01-17T12:30:00Z,2024-01-17,26,88.59,APXMIDP
2024-01-17T13:00:00Z,2024-01-17,27,94.55,APXMIDP
2024-01-17T13:30:00Z,2024-01-17,28,90.61,APXMIDP
2024-01-17T14:00:00Z,2024-01-17,29,94.0,APXMIDP
2024-01-17T14:30:00Z,2024-01-17,30,92.32,APXMIDP
2024-01-17T15:00:00Z,2024-01-17,31,86.66,APXMIDP
2024-01-17T15:30:00Z,2024-01-17,32,92.38,APXMIDP
2024-01-17T16:00:00Z,2024-01-17,33,101.13,APXMIDP
2024-01-17T16:30:00Z,2024-01-17,34,104.96,APXMIDP
2024-01-17T17:00:00Z,2024-01-17,35,82.29,APXMIDP
2024-01-17T17:30:00Z,2024-01-17,36,81.06,APXMIDP
2024-01-17T18:00:00Z,2024-01-17,37,80.86,APXMIDP
2024-01-17T18:30:00Z,2024-01-17,38,84.75,APXMIDP
2024-01-17T19:00:00Z,2024-01-17,39,84.6,APXMIDP
2024-01-17T19:30:00Z,2024-01-17,40,71.91,APXMIDP
2024-01-17T20:00:00Z,2024-01-17,41,70.29,APXMIDP
2024-01-17T20:30:00Z,2024-01-17,42,63.56,APXMIDP
2024-01-17T21:00:00Z,2024-01-17,43,77.08,APXMIDP
2024-01-17T21:30:00Z,2024-01-17,44,77.96,APXMIDP
2024-01-17T22:00:00Z,2024-01-17,45,76.48,APXMIDP
2024-01-17T22:30:00Z,2024-01-17,46,71.34,APXMIDP
2024-01-17T23:00:00Z,2024-01-17,47,67.92,APXMIDP
2024-01-17T23:30:00Z,2024-01-17,48,72.48,APXMIDP
2024-01-18T00:00:00Z,2024-01-18,1,69.77,APXMIDP
2024-01-18T00:30:00Z,2024-01-18,2,76.59,APXMIDP
2024-01-18T01:00:00Z,2024-01-18,3,70.25,APXMIDP
2024-01-18T01:30:00Z,2024-01-18,4,60.98,APXMIDP
2024-01-18T02:00:00Z,2024-01-18,5,57.36,APXMIDP
2024-01-18T02:30:00Z,2024-01-18,6,58.09,APXMIDP
2024-01-18T03:00:00Z,2024-01-18,7,66.21,APXMIDP
2024-01-18T03:30:00Z,2024-01-18,8,76.47,APXMIDP
2024-01-18T04:00:00Z,2024-01-18,9,73.95,APXMIDP
2024-01-18T04:30:00Z,2024-01-18,10,77.92,APXMIDP
2024-01-18T05:00:00Z,2024-01-18,11,92.18,APXMIDP
2024-01-18T05:30:00Z,2024-01-18,12,87.82,APXMIDP
2024-01-18T06:00:00Z,2024-01-18,13,86.53,APXMIDP
2024-01-18T06:30:00Z,2024-01-18,14,93.9,APXMIDP
2024-01-18T07:00:00Z,2024-01-18,15,103.0,APXMIDP
2024-01-18T07:30:00Z,2024-01-18,16,108.2,APXMIDP
2024-01-18T08:00:00Z,2024-01-18,17,107.61,APXMIDP
2024-01-18T08:30:00Z,2024-01-18,18,108.14,APXMIDP
2024-01-18T09:00:00Z,2024-01-18,19,100.03,APXMIDP
2024-01-18T09:30:00Z,2024-01-18,20,98.12,APXMIDP
2024-01-18T10:00:00Z,2024-01-18,21,98.24,APXMIDP
2024-01-18T10:30:00Z,2024-01-18,22,93.78,APXMIDP
2024-01-18T11:00:00Z,2024-01-18,23,91.98,APXMIDP
2024-01-18T11:30:00Z,2024-01-18,24,89.86,APXMIDP
2024-01-18T12:00:00Z,2024-01-18,25,88.98,APXMIDP
2024-01-18T12:30:00Z,2024-01-18,26,84.89,APXMIDP
2024-01-18T13:00:00Z,2024-01-18,27,89.3,APXMIDP
2024-01-18T13:30:00Z,2024-01-18,28,87.97,APXMIDP
2024-01-18T14:00:00Z,2024-01-18,29,89.86,APXMIDP
2024-01-18T14:30:00Z,2024-01-18,30,86.6,APXMIDP
2024-01-18T15:00:00Z,2024-01-18,31,86.56,APXMIDP
2024-01-18T15:30:00Z,2024-01-18,32,87.9,APXMIDP
2024-01-18T16:00:00Z,2024-01-18,33,85.08,APXMIDP
2024-01-18T16:30:00Z,2024-01-18,34,87.67,APXMIDP
2024-01-18T17:00:00Z,2024-01-18,35,85.95,APXMIDP
2024-01-18T17:30:00Z,2024-01-18,36,87.48,APXMIDP
2024-01-18T18:00:00Z,2024-01-18,37,83.76,APXMIDP
2024-01-18T18:30:00Z,2024-01-18,38,84.85,APXMIDP
2024-01-18T19:00:00Z,2024-01-18,39,80.85,APXMIDP
2024-01-18T19:30:00Z,2024-01-18,40,79.79,APXMIDP
2024-01-18T20:00:00Z,2024-01-18,41,81.37,APXMIDP
2024-01-18T20:30:00Z,2024-01-18,42,81.76,APXMIDP
2024-01-18T21:00:00Z,2024-01-18,43,77.03,APXMIDP
2024-01-18T21:30:00Z,2024-01-18,44,71.24,APXMIDP
2024-01-18T22:00:00Z,2024-01-18,45,70.15,APXMIDP
2024-01-18T22:30:00Z,2024-01-18,46,68.36,APXMIDP
2024-01-18T23:00:00Z,2024-01-18,47,68.77,APXMIDP
2024-01-18T23:30:00Z,2024-01-18,48,59.36,APXMIDP
2024-01-19T00:00:00Z,2024-01-19,1,51.13,APXMIDP
2024-01-19T00:30:00Z,2024-01-19,2,58.2,APXMIDP
2024-01-19T01:00:00Z,2024-01-19,3,62.67,APXMIDP
2024-01-19T01:30:00Z,2024-01-19,4,56.74,APXMIDP
2024-01-19T02:00:00Z,2024-01-19,5,59.45,APXMIDP
2024-01-19T02:30:00Z,2024-01-19,6,57.04,APXMIDP
2024-01-19T03:00:00Z,2024-01-19,7,58.47,APXMIDP
2024-01-19T03:30:00Z,2024-01-19,8,59.09,APXMIDP
2024-01-19T04:00:00Z,2024-01-19,9,62.33,APXMIDP
2024-01-19T04:30:00Z,2024-01-19,10,59.41,APXMIDP
2024-01-19T05:00:00Z,2024-01-19,11,72.62,APXMIDP
2024-01-19T05:30:00Z,2024-01-19,12,61.52,APXMIDP
2024-01-19T06:00:00Z,2024-01-19,13,78.23,APXMIDP
2024-01-19T06:30:00Z,2024-01-19,14,81.79,APXMIDP
2024-01-19T07:00:00Z,2024-01-19,15,91.7,APXMIDP
2024-01-19T07:30:00Z,2024-01-19,16,96.51,APXMIDP
2024-01-19T08:00:00Z,2024-01-19,17,92.46,APXMIDP
2024-01-19T08:30:00Z,2024-01-19,18,92.87,APXMIDP
2024-01-19T09:00:00Z,2024-01-19,19,87.05,APXMIDP
2024-01-19T09:30:00Z,2024-01-19,20,83.45,APXMIDP
2024-01-19T10:00:00Z,2024-01-19,21,86.52,APXMIDP
2024-01-19T10:30:00Z,2024-01-19,22,78.36,APXMIDP
2024-01-19T11:00:00Z,2024-01-19,23,72.34,APXMIDP
2024-01-19T11:30:00Z,2024-01-19,24,65.65,APXMIDP
2024-01-19T12:00:00Z,2024-01-19,25,65.7,APXMIDP
2024-01-19T12:30:00Z,2024-01-19,26,65.14,APXMIDP
2024-01-19T13:00:00Z,2024-01-19,27,62.77,APXMIDP
2024-01-19T13:30:00Z,2024-01-19,28,60.21,APXMIDP
2024-01-19T14:00:00Z,2024-01-19,29,61.52,APXMIDP
2024-01-19T14:30:00Z,2024-01-19,30,61.46,APXMIDP
2024-01-19T15:00:00Z,2024-01-19,31,72.39,APXMIDP
2024-01-19T15:30:00Z,2024-01-19,32,76.14,APXMIDP
2024-01-19T16:00:00Z,2024-01-19,33,74.6,APXMIDP
2024-01-19T16:30:00Z,2024-01-19,34,79.88,APXMIDP
2024-01-19T17:00:00Z,2024-01-19,35,79.36,APXMIDP
2024-01-19T17:30:00Z,2024-01-19,36,81.55,APXMIDP
2024-01-19T18:00:00Z,2024-01-19,37,81.69,APXMIDP
2024-01-19T18:30:00Z,2024-01-19,38,77.42,APXMIDP
2024-01-19T19:00:00Z,2024-01-19,39,71.56,APXMIDP
2024-01-19T19:30:00Z,2024-01-19,40,72.43,APXMIDP
2024-01-19T20:00:00Z,2024-01-19,41,65.69,APXMIDP
2024-01-19T20:30:00Z,2024-01-19,42,63.33,APXMIDP
2024-01-19T21:00:00Z,2024-01-19,43,70.46,APXMIDP
2024-01-19T21:30:00Z,2024-01-19,44,69.16,APXMIDP
2024-01-19T22:00:00Z,2024-01-19,45,64.44,APXMIDP
2024-01-19T22:30:00Z,2024-01-19,46,64.92,APXMIDP
2024-01-19T23:00:00Z,2024-01-19,47,62.79,APXMIDP
2024-01-19T23:30:00Z,2024-01-19,48,65.16,APXMIDP
2024-01-20T00:00:00Z,2024-01-20,1,66.07,APXMIDP
2024-01-20T00:30:00Z,2024-01-20,2,70.89,APXMIDP
2024-01-20T01:00:00Z,2024-01-20,3,65.1,APXMIDP
2024-01-20T01:30:00Z,2024-01-20,4,63.89,APXMIDP
2024-01-20T02:00:00Z,2024-01-20,5,62.53,APXMIDP
2024-01-20T02:30:00Z,2024-01-20,6,55.19,APXMIDP
2024-01-20T03:00:00Z,2024-01-20,7,59.75,APXMIDP
2024-01-20T03:30:00Z,2024-01-20,8,58.21,APXMIDP
2024-01-20T04:00:00Z,2024-01-20,9,58.21,APXMIDP
2024-01-20T04:30:00Z,2024-01-20,10,59.08,APXMIDP
2024-01-20T05:00:00Z,2024-01-20,11,63.06,APXMIDP
2024-01-20T05:30:00Z,2024-01-20,12,55.52,APXMIDP
2024-01-20T06:00:00Z,2024-01-20,13,62.06,APXMIDP
2024-01-20T06:30:00Z,2024-01-20,14,65.51,APXMIDP
2024-01-20T07:00:00Z,2024-01-20,15,72.9,APXMIDP
2024-01-20T07:30:00Z,2024-01-20,16,68.53,APXMIDP
2024-01-20T08:00:00Z,2024-01-20,17,64.24,APXMIDP
2024-01-20T08:30:00Z,2024-01-20,18,80.99,APXMIDP
2024-01-20T09:00:00Z,2024-01-20,19,79.11,APXMIDP
2024-01-20T09:30:00Z,2024-01-20,20,79.34,APXMIDP
2024-01-20T10:00:00Z,2024-01-20,21,71.8,APXMIDP
2024-01-20T10:30:00Z,2024-01-20,22,75.19,APXMIDP
2024-01-20T11:00:00Z,2024-01-20,23,72.14,APXMIDP
2024-01-20T11:30:00Z,2024-01-20,24,72.77,APXMIDP
2024-01-20T12:00:00Z,2024-01-20,25,65.04,APXMIDP
2024-01-20T12:30:00Z,2024-01-20,26,65.14,APXMIDP
2024-01-20T13:00:00Z,2024-01-20,27,63.92,APXMIDP
2024-01-20T13:30:00Z,2024-01-20,28,64.29,APXMIDP
2024-01-20T14:00:00Z,2024-01-20,29,71.18,APXMIDP
2024-01-20T14:30:00Z,2024-01-20,30,66.98,APXMIDP
2024-01-20T15:00:00Z,2024-01-20,31,76.49,APXMIDP
2024-01-20T15:30:00Z,2024-01-20,32,75.88,APXMIDP
2024-01-20T16:00:00Z,2024-01-20,33,77.88,APXMIDP
2024-01-20T16:30:00Z,2024-01-20,34,81.68,APXMIDP
2024-01-20T17:00:00Z,2024-01-20,35,83.55,APXMIDP
2024-01-20T17:30:00Z,2024-01-20,36,82.88,APXMIDP
2024-01-20T18:00:00Z,2024-01-20,37,79.81,APXMIDP
2024-01-20T18:30:00Z,2024-01-20,38,72.88,APXMIDP
2024-01-20T19:00:00Z,2024-01-20,39,71.39,APXMIDP
2024-01-20T19:30:00Z,2024-01-20,40,69.02,APXMIDP
2024-01-20T20:00:00Z,2024-01-20,41,69.3,APXMIDP
2024-01-20T20:30:00Z,2024-01-20,42,68.6,APXMIDP
2024-01-20T21:00:00Z,2024-01-20,43,64.42,APXMIDP
2024-01-20T21:30:00Z,2024-01-20,44,63.69,APXMIDP
2024-01-20T22:00:00Z,2024-01-20,45,66.12,APXMIDP
2024-01-20T22:30:00Z,2024-01-20,46,59.77,APXMIDP
2024-01-20T23:00:00Z,2024-01-20,47,63.84,APXMIDP
2024-01-20T23:30:00Z,2024-01-20,48,61.72,APXMIDP
2024-01-21T00:00:00Z,2024-01-21,1,55.65,APXMIDP
2024-01-21T00:30:00Z,2024-01-21,2,64.41,APXMIDP
2024-01-21T01:00:00Z,2024-01-21,3,61.8,APXMIDP
2024-01-21T01:30:00Z,2024-01-21,4,56.41,APXMIDP
2024-01-21T02:00:00Z,2024-01-21,5,57.98,APXMIDP
2024-01-21T02:30:00Z,2024-01-21,6,55.52,APXMIDP
2024-01-21T03:00:00Z,2024-01-21,7,53.74,APXMIDP
2024-01-21T03:30:00Z,2024-01-21,8,55.91,APXMIDP
2024-01-21T04:00:00Z,2024-01-21,9,60.33,APXMIDP
2024-01-21T04:30:00Z,2024-01-21,10,61.1,APXMIDP
2024-01-21T05:00:00Z,2024-01-21,11,59.05,APXMIDP
2024-01-21T05:30:00Z,2024-01-21,12,56.73,APXMIDP
2024-01-21T06:00:00Z,2024-01-21,13,53.09,APXMIDP
2024-01-21T06:30:00Z,2024-01-21,14,55.5,APXMIDP
2024-01-21T07:00:00Z,2024-01-21,15,63.99,APXMIDP
2024-01-21T07:30:00Z,2024-01-21,16,67.02,APXMIDP
2024-01-21T08:00:00Z,2024-01-21,17,47.26,APXMIDP
2024-01-21T08:30:00Z,2024-01-21,18,64.96,APXMIDP
2024-01-21T09:00:00Z,2024-01-21,19,57.91,APXMIDP
2024-01-21T09:30:00Z,2024-01-21,20,67.29,APXMIDP
2024-01-21T10:00:00Z,2024-01-21,21,69.24,APXMIDP
2024-01-21T10:30:00Z,2024-01-21,22,69.56,APXMIDP
2024-01-21T11:00:00Z,2024-01-21,23,72.43,APXMIDP
2024-01-21T11:30:00Z,2024-01-21,24,76.04,APXMIDP
2024-01-21T12:00:00Z,2024-01-21,25,78.02,APXMIDP
2024-01-21T12:30:00Z,2024-01-21,26,77.93,APXMIDP
2024-01-21T13:00:00Z,2024-01-21,27,75.97,APXMIDP
2024-01-21T13:30:00Z,2024-01-21,28,75.05,APXMIDP
2024-01-21T14:00:00Z,2024-01-21,29,73.43,APXMIDP
2024-01-21T14:30:00Z,2024-01-21,30,72.51,APXMIDP
2024-01-21T15:00:00Z,2024-01-21,31,72.76,APXMIDP
2024-01-21T15:30:00Z,2024-01-21,32,72.55,APXMIDP
2024-01-21T16:00:00Z,2024-01-21,33,75.25,APXMIDP
2024-01-21T16:30:00Z,2024-01-21,34,85.11,APXMIDP
2024-01-21T17:00:00Z,2024-01-21,35,93.5,APXMIDP
2024-01-21T17:30:00Z,2024-01-21,36,93.79,APXMIDP
2024-01-21T18:00:00Z,2024-01-21,37,88.75,APXMIDP
2024-01-21T18:30:00Z,2024-01-21,38,87.56,APXMIDP
2024-01-21T19:00:00Z,2024-01-21,39,86.78,APXMIDP
2024-01-21T19:30:00Z,2024-01-21,40,87.18,APXMIDP
2024-01-21T20:00:00Z,2024-01-21,41,88.39,APXMIDP
2024-01-21T20:30:00Z,2024-01-21,42,86.63,APXMIDP
2024-01-21T21:00:00Z,2024-01-21,43,80.22,APXMIDP
2024-01-21T21:30:00Z,2024-01-21,44,85.0,APXMIDP
2024-01-21T22:00:00Z,2024-01-21,45,83.36,APXMIDP
2024-01-21T22:30:00Z,2024-01-21,46,76.04,APXMIDP
2024-01-21T23:00:00Z,2024-01-21,47,77.06,APXMIDP
2024-01-21T23:30:00Z,2024-01-21,48,74.84,APXMIDP
2024-01-22T00:00:00Z,2024-01-22,1,70.66,APXMIDP
2024-01-22T00:30:00Z,2024-01-22,2,71.86,APXMIDP
2024-01-22T01:00:00Z,2024-01-22,3,63.95,APXMIDP
2024-01-22T01:30:00Z,2024-01-22,4,65.1,APXMIDP
2024-01-22T02:00:00Z,2024-01-22,5,69.86,APXMIDP
2024-01-22T02:30:00Z,2024-01-22,6,65.19,APXMIDP
2024-01-22T03:00:00Z,2024-01-22,7,63.15,APXMIDP
2024-01-22T03:30:00Z,2024-01-22,8,60.71,APXMIDP
2024-01-22T04:00:00Z,2024-01-22,9,59.43,APXMIDP
2024-01-22T04:30:00Z,2024-01-22,10,57.89,APXMIDP
2024-01-22T05:00:00Z,2024-01-22,11,65.26,APXMIDP
2024-01-22T05:30:00Z,2024-01-22,12,67.42,APXMIDP
2024-01-22T06:00:00Z,2024-01-22,13,61.15,APXMIDP
2024-01-22T06:30:00Z,2024-01-22,14,73.01,APXMIDP
2024-01-22T07:00:00Z,2024-01-22,15,80.53,APXMIDP
2024-01-22T07:30:00Z,2024-01-22,16,85.69,APXMIDP
2024-01-22T08:00:00Z,2024-01-22,17,86.38,APXMIDP
2024-01-22T08:30:00Z,2024-01-22,18,86.92,APXMIDP
2024-01-22T09:00:00Z,2024-01-22,19,81.84,APXMIDP
2024-01-22T09:30:00Z,2024-01-22,20,81.34,APXMIDP
2024-01-22T10:00:00Z,2024-01-22,21,76.23,APXMIDP
2024-01-22T10:30:00Z,2024-01-22,22,70.02,APXMIDP
2024-01-22T11:00:00Z,2024-01-22,23,66.62,APXMIDP
2024-01-22T11:30:00Z,2024-01-22,24,68.06,APXMIDP
2024-01-22T12:00:00Z,2024-01-22,25,59.41,APXMIDP
2024-01-22T12:30:00Z,2024-01-22,26,61.05,APXMIDP
2024-01-22T13:00:00Z,2024-01-22,27,61.98,APXMIDP
2024-01-22T13:30:00Z,2024-01-22,28,59.22,APXMIDP
2024-01-22T14:00:00Z,2024-01-22,29,59.58,APXMIDP
2024-01-22T14:30:00Z,2024-01-22,30,59.4,APXMIDP
2024-01-22T15:00:00Z,2024-01-22,31,60.81,APXMIDP
2024-01-22T15:30:00Z,2024-01-22,32,56.42,APXMIDP
2024-01-22T16:00:00Z,2024-01-22,33,64.13,APXMIDP
2024-01-22T16:30:00Z,2024-01-22,34,71.92,APXMIDP
2024-01-22T17:00:00Z,2024-01-22,35,69.76,APXMIDP
2024-01-22T17:30:00Z,2024-01-22,36,74.88,APXMIDP
2024-01-22T18:00:00Z,2024-01-22,37,73.62,APXMIDP
2024-01-22T18:30:00Z,2024-01-22,38,69.53,APXMIDP
2024-01-22T19:00:00Z,2024-01-22,39,66.61,APXMIDP
2024-01-22T19:30:00Z,2024-01-22,40,58.1,APXMIDP
2024-01-22T20:00:00Z,2024-01-22,41,63.08,APXMIDP
2024-01-22T20:30:00Z,2024-01-22,42,60.35,APXMIDP
2024-01-22T21:00:00Z,2024-01-22,43,54.01,APXMIDP
2024-01-22T21:30:00Z,2024-01-22,44,40.72,APXMIDP
2024-01-22T22:00:00Z,2024-01-22,45,53.49,APXMIDP
2024-01-22T22:30:00Z,2024-01-22,46,40.33,APXMIDP
2024-01-22T23:00:00Z,2024-01-22,47,38.36,APXMIDP
2024-01-22T23:30:00Z,2024-01-22,48,20.81,APXMIDP
2024-01-23T00:00:00Z,2024-01-23,1,16.44,APXMIDP
2024-01-23T00:30:00Z,2024-01-23,2,30.52,APXMIDP
2024-01-23T01:00:00Z,2024-01-23,3,16.82,APXMIDP
2024-01-23T01:30:00Z,2024-01-23,4,6.84,APXMIDP
2024-01-23T02:00:00Z,2024-01-23,5,4.69,APXMIDP
2024-01-23T02:30:00Z,2024-01-23,6,4.32,APXMIDP
2024-01-23T03:00:00Z,2024-01-23,7,12.82,APXMIDP
2024-01-23T03:30:00Z,2024-01-23,8,14.12,APXMIDP
2024-01-23T04:00:00Z,2024-01-23,9,35.85,APXMIDP
2024-01-23T04:30:00Z,2024-01-23,10,38.81,APXMIDP
2024-01-23T05:00:00Z,2024-01-23,11,52.35,APXMIDP
2024-01-23T05:30:00Z,2024-01-23,12,59.84,APXMIDP
2024-01-23T06:00:00Z,2024-01-23,13,68.3,APXMIDP
2024-01-23T06:30:00Z,2024-01-23,14,66.9,APXMIDP
2024-01-23T07:00:00Z,2024-01-23,15,68.89,APXMIDP
2024-01-23T07:30:00Z,2024-01-23,16,80.41,APXMIDP
2024-01-23T08:00:00Z,2024-01-23,17,76.35,APXMIDP
2024-01-23T08:30:00Z,2024-01-23,18,76.09,APXMIDP
2024-01-23T09:00:00Z,2024-01-23,19,71.35,APXMIDP
2024-01-23T09:30:00Z,2024-01-23,20,67.36,APXMIDP
2024-01-23T10:00:00Z,2024-01-23,21,62.77,APXMIDP
2024-01-23T10:30:00Z,2024-01-23,22,60.14,APXMIDP
2024-01-23T11:00:00Z,2024-01-23,23,48.62,APXMIDP
2024-01-23T11:30:00Z,2024-01-23,24,47.62,APXMIDP
2024-01-23T12:00:00Z,2024-01-23,25,47.54,APXMIDP
2024-01-23T12:30:00Z,2024-01-23,26,47.55,APXMIDP
2024-01-23T13:00:00Z,2024-01-23,27,51.59,APXMIDP
2024-01-23T13:30:00Z,2024-01-23,28,49.01,APXMIDP
2024-01-23T14:00:00Z,2024-01-23,29,53.88,APXMIDP
2024-01-23T14:30:00Z,2024-01-23,30,50.95,APXMIDP
2024-01-23T15:00:00Z,2024-01-23,31,44.05,APXMIDP
2024-01-23T15:30:00Z,2024-01-23,32,51.94,APXMIDP
2024-01-23T16:00:00Z,2024-01-23,33,63.77,APXMIDP
2024-01-23T16:30:00Z,2024-01-23,34,68.33,APXMIDP
2024-01-23T17:00:00Z,2024-01-23,35,60.05,APXMIDP
2024-01-23T17:30:00Z,2024-01-23,36,63.39,APXMIDP
2024-01-23T18:00:00Z,2024-01-23,37,62.15,APXMIDP
2024-01-23T18:30:00Z,2024-01-23,38,56.16,APXMIDP
2024-01-23T19:00:00Z,2024-01-23,39,63.78,APXMIDP
2024-01-23T19:30:00Z,2024-01-23,40,64.81,APXMIDP
2024-01-23T20:00:00Z,2024-01-23,41,64.9,APXMIDP
2024-01-23T20:30:00Z,2024-01-23,42,54.97,APXMIDP
2024-01-23T21:00:00Z,2024-01-23,43,61.71,APXMIDP
2024-01-23T21:30:00Z,2024-01-23,44,53.09,APXMIDP
2024-01-23T22:00:00Z,2024-01-23,45,33.09,APXMIDP
2024-01-23T22:30:00Z,2024-01-23,46,24.85,APXMIDP
2024-01-23T23:00:00Z,2024-01-23,47,22.16,APXMIDP
2024-01-23T23:30:00Z,2024-01-23,48,19.88,APXMIDP
2024-01-24T00:00:00Z,2024-01-24,1,29.57,APXMIDP
2024-01-24T00:30:00Z,2024-01-24,2,37.98,APXMIDP
2024-01-24T01:00:00Z,2024-01-24,3,36.11,APXMIDP
2024-01-24T01:30:00Z,2024-01-24,4,24.81,APXMIDP
2024-01-24T02:00:00Z,2024-01-24,5,20.38,APXMIDP
2024-01-24T02:30:00Z,2024-01-24,6,21.64,APXMIDP
2024-01-24T03:00:00Z,2024-01-24,7,6.69,APXMIDP
2024-01-24T03:30:00Z,2024-01-24,8,6.24,APXMIDP
2024-01-24T04:00:00Z,2024-01-24,9,6.6,APXMIDP
2024-01-24T04:30:00Z,2024-01-24,10,6.7,APXMIDP
2024-01-24T05:00:00Z,2024-01-24,11,29.65,APXMIDP
2024-01-24T05:30:00Z,2024-01-24,12,47.62,APXMIDP
2024-01-24T06:00:00Z,2024-01-24,13,56.69,APXMIDP
2024-01-24T06:30:00Z,2024-01-24,14,64.18,APXMIDP
2024-01-24T07:00:00Z,2024-01-24,15,80.28,APXMIDP
2024-01-24T07:30:00Z,2024-01-24,16,83.19,APXMIDP
2024-01-24T08:00:00Z,2024-01-24,17,80.95,APXMIDP
2024-01-24T08:30:00Z,2024-01-24,18,81.02,APXMIDP
2024-01-24T09:00:00Z,2024-01-24,19,83.26,APXMIDP
2024-01-24T09:30:00Z,2024-01-24,20,83.09,APXMIDP
2024-01-24T10:00:00Z,2024-01-24,21,71.79,APXMIDP
2024-01-24T10:30:00Z,2024-01-24,22,67.7,APXMIDP
2024-01-24T11:00:00Z,2024-01-24,23,50.86,APXMIDP
2024-01-24T11:30:00Z,2024-01-24,24,56.85,APXMIDP
2024-01-24T12:00:00Z,2024-01-24,25,56.35,APXMIDP
2024-01-24T12:30:00Z,2024-01-24,26,55.28,APXMIDP
2024-01-24T13:00:00Z,2024-01-24,27,52.88,APXMIDP
2024-01-24T13:30:00Z,2024-01-24,28,53.29,APXMIDP
2024-01-24T14:00:00Z,2024-01-24,29,50.8,APXMIDP
2024-01-24T14:30:00Z,2024-01-24,30,50.92,APXMIDP
2024-01-24T15:00:00Z,2024-01-24,31,52.69,APXMIDP
2024-01-24T15:30:00Z,2024-01-24,32,52.44,APXMIDP
2024-01-24T16:00:00Z,2024-01-24,33,46.45,APXMIDP
2024-01-24T16:30:00Z,2024-01-24,34,50.81,APXMIDP
2024-01-24T17:00:00Z,2024-01-24,35,65.52,APXMIDP
2024-01-24T17:30:00Z,2024-01-24,36,72.75,APXMIDP
2024-01-24T18:00:00Z,2024-01-24,37,57.56,APXMIDP
2024-01-24T18:30:00Z,2024-01-24,38,66.13,APXMIDP
2024-01-24T19:00:00Z,2024-01-24,39,70.81,APXMIDP
2024-01-24T19:30:00Z,2024-01-24,40,63.85,APXMIDP
2024-01-24T20:00:00Z,2024-01-24,41,70.81,APXMIDP
2024-01-24T20:30:00Z,2024-01-24,42,60.09,APXMIDP
2024-01-24T21:00:00Z,2024-01-24,43,58.42,APXMIDP
2024-01-24T21:30:00Z,2024-01-24,44,59.58,APXMIDP
2024-01-24T22:00:00Z,2024-01-24,45,58.35,APXMIDP
2024-01-24T22:30:00Z,2024-01-24,46,57.45,APXMIDP
2024-01-24T23:00:00Z,2024-01-24,47,61.64,APXMIDP
2024-01-24T23:30:00Z,2024-01-24,48,55.99,APXMIDP
2024-01-25T00:00:00Z,2024-01-25,1,57.43,APXMIDP
2024-01-25T00:30:00Z,2024-01-25,2,58.13,APXMIDP
2024-01-25T01:00:00Z,2024-01-25,3,63.3,APXMIDP
2024-01-25T01:30:00Z,2024-01-25,4,55.45,APXMIDP
2024-01-25T02:00:00Z,2024-01-25,5,57.18,APXMIDP
2024-01-25T02:30:00Z,2024-01-25,6,56.73,APXMIDP
2024-01-25T03:00:00Z,2024-01-25,7,55.61,APXMIDP
2024-01-25T03:30:00Z,2024-01-25,8,57.69,APXMIDP
2024-01-25T04:00:00Z,2024-01-25,9,57.07,APXMIDP
2024-01-25T04:30:00Z,2024-01-25,10,55.3,APXMIDP
2024-01-25T05:00:00Z,2024-01-25,11,63.2,APXMIDP
2024-01-25T05:30:00Z,2024-01-25,12,60.08,APXMIDP
2024-01-25T06:00:00Z,2024-01-25,13,72.91,APXMIDP
2024-01-25T06:30:00Z,2024-01-25,14,77.84,APXMIDP
2024-01-25T07:00:00Z,2024-01-25,15,79.47,APXMIDP
2024-01-25T07:30:00Z,2024-01-25,16,82.19,APXMIDP
2024-01-25T08:00:00Z,2024-01-25,17,84.7,APXMIDP
2024-01-25T08:30:00Z,2024-01-25,18,83.16,APXMIDP
2024-01-25T09:00:00Z,2024-01-25,19,80.12,APXMIDP
2024-01-25T09:30:00Z,2024-01-25,20,70.59,APXMIDP
2024-01-25T10:00:00Z,2024-01-25,21,68.85,APXMIDP
2024-01-25T10:30:00Z,2024-01-25,22,66.03,APXMIDP
2024-01-25T11:00:00Z,2024-01-25,23,58.64,APXMIDP
2024-01-25T11:30:00Z,2024-01-25,24,56.51,APXMIDP
2024-01-25T12:00:00Z,2024-01-25,25,62.57,APXMIDP
2024-01-25T12:30:00Z,2024-01-25,26,61.17,APXMIDP
2024-01-25T13:00:00Z,2024-01-25,27,65.85,APXMIDP
2024-01-25T13:30:00Z,2024-01-25,28,59.16,APXMIDP
2024-01-25T14:00:00Z,2024-01-25,29,64.73,APXMIDP
2024-01-25T14:30:00Z,2024-01-25,30,56.47,APXMIDP
2024-01-25T15:00:00Z,2024-01-25,31,65.64,APXMIDP
2024-01-25T15:30:00Z,2024-01-25,32,72.37,APXMIDP
2024-01-25T16:00:00Z,2024-01-25,33,73.73,APXMIDP
2024-01-25T16:30:00Z,2024-01-25,34,77.21,APXMIDP
2024-01-25T17:00:00Z,2024-01-25,35,81.67,APXMIDP
2024-01-25T17:30:00Z,2024-01-25,36,82.11,APXMIDP
2024-01-25T18:00:00Z,2024-01-25,37,78.35,APXMIDP
2024-01-25T18:30:00Z,2024-01-25,38,74.02,APXMIDP
2024-01-25T19:00:00Z,2024-01-25,39,75.35,APXMIDP
2024-01-25T19:30:00Z,2024-01-25,40,68.12,APXMIDP
2024-01-25T20:00:00Z,2024-01-25,41,68.39,APXMIDP
2024-01-25T20:30:00Z,2024-01-25,42,71.21,APXMIDP
2024-01-25T21:00:00Z,2024-01-25,43,64.64,APXMIDP
2024-01-25T21:30:00Z,2024-01-25,44,60.76,APXMIDP
2024-01-25T22:00:00Z,2024-01-25,45,62.47,APXMIDP
2024-01-25T22:30:00Z,2024-01-25,46,55.02,APXMIDP
2024-01-25T23:00:00Z,2024-01-25,47,57.91,APXMIDP
2024-01-25T23:30:00Z,2024-01-25,48,44.81,APXMIDP
2024-01-26T00:00:00Z,2024-01-26,1,49.42,APXMIDP
2024-01-26T00:30:00Z,2024-01-26,2,59.11,APXMIDP
2024-01-26T01:00:00Z,2024-01-26,3,59.76,APXMIDP
2024-01-26T01:30:00Z,2024-01-26,4,56.93,APXMIDP
2024-01-26T02:00:00Z,2024-01-26,5,55.48,APXMIDP
2024-01-26T02:30:00Z,2024-01-26,6,50.99,APXMIDP
2024-01-26T03:00:00Z,2024-01-26,7,47.78,APXMIDP
2024-01-26T03:30:00Z,2024-01-26,8,39.5,APXMIDP
2024-01-26T04:00:00Z,2024-01-26,9,43.12,APXMIDP
2024-01-26T04:30:00Z,2024-01-26,10,42.01,APXMIDP
2024-01-26T05:00:00Z,2024-01-26,11,49.37,APXMIDP
2024-01-26T05:30:00Z,2024-01-26,12,49.79,APXMIDP
2024-01-26T06:00:00Z,2024-01-26,13,48.48,APXMIDP
2024-01-26T06:30:00Z,2024-01-26,14,73.66,APXMIDP
2024-01-26T07:00:00Z,2024-01-26,15,60.04,APXMIDP
2024-01-26T07:30:00Z,2024-01-26,16,77.19,APXMIDP
2024-01-26T08:00:00Z,2024-01-26,17,69.11,APXMIDP
2024-01-26T08:30:00Z,2024-01-26,18,72.48,APXMIDP
2024-01-26T09:00:00Z,2024-01-26,19,73.29,APXMIDP
2024-01-26T09:30:00Z,2024-01-26,20,73.65,APXMIDP
2024-01-26T10:00:00Z,2024-01-26,21,70.7,APXMIDP
2024-01-26T10:30:00Z,2024-01-26,22,62.63,APXMIDP
2024-01-26T11:00:00Z,2024-01-26,23,50.7,APXMIDP
2024-01-26T11:30:00Z,2024-01-26,24,37.53,APXMIDP
2024-01-26T12:00:00Z,2024-01-26,25,28.24,APXMIDP
2024-01-26T12:30:00Z,2024-01-26,26,22.51,APXMIDP
2024-01-26T13:00:00Z,2024-01-26,27,34.66,APXMIDP
2024-01-26T13:30:00Z,2024-01-26,28,37.8,APXMIDP
2024-01-26T14:00:00Z,2024-01-26,29,32.46,APXMIDP
2024-01-26T14:30:00Z,2024-01-26,30,39.08,APXMIDP
2024-01-26T15:00:00Z,2024-01-26,31,50.66,APXMIDP
2024-01-26T15:30:00Z,2024-01-26,32,53.67,APXMIDP
2024-01-26T16:00:00Z,2024-01-26,33,60.05,APXMIDP
2024-01-26T16:30:00Z,2024-01-26,34,67.99,APXMIDP
2024-01-26T17:00:00Z,2024-01-26,35,78.76,APXMIDP
2024-01-26T17:30:00Z,2024-01-26,36,80.81,APXMIDP
2024-01-26T18:00:00Z,2024-01-26,37,80.43,APXMIDP
2024-01-26T18:30:00Z,2024-01-26,38,77.92,APXMIDP
2024-01-26T19:00:00Z,2024-01-26,39,73.17,APXMIDP
2024-01-26T19:30:00Z,2024-01-26,40,69.96,APXMIDP
2024-01-26T20:00:00Z,2024-01-26,41,71.41,APXMIDP
2024-01-26T20:30:00Z,2024-01-26,42,54.26,APXMIDP
2024-01-26T21:00:00Z,2024-01-26,43,61.7,APXMIDP
2024-01-26T21:30:00Z,2024-01-26,44,56.92,APXMIDP
2024-01-26T22:00:00Z,2024-01-26,45,62.29,APXMIDP
2024-01-26T22:30:00Z,2024-01-26,46,59.48,APXMIDP
2024-01-26T23:00:00Z,2024-01-26,47,44.98,APXMIDP
2024-01-26T23:30:00Z,2024-01-26,48,41.97,APXMIDP
2024-01-27T00:00:00Z,2024-01-27,1,45.47,APXMIDP
2024-01-27T00:30:00Z,2024-01-27,2,58.79,APXMIDP
2024-01-27T01:00:00Z,2024-01-27,3,53.51,APXMIDP
2024-01-27T01:30:00Z,2024-01-27,4,48.33,APXMIDP
2024-01-27T02:00:00Z,2024-01-27,5,45.78,APXMIDP
2024-01-27T02:30:00Z,2024-01-27,6,40.64,APXMIDP
2024-01-27T03:00:00Z,2024-01-27,7,50.49,APXMIDP
2024-01-27T03:30:00Z,2024-01-27,8,47.64,APXMIDP
2024-01-27T04:00:00Z,2024-01-27,9,44.47,APXMIDP
2024-01-27T04:30:00Z,2024-01-27,10,42.5,APXMIDP
2024-01-27T05:00:00Z,2024-01-27,11,47.34,APXMIDP
2024-01-27T05:30:00Z,2024-01-27,12,44.43,APXMIDP
2024-01-27T06:00:00Z,2024-01-27,13,39.74,APXMIDP
2024-01-27T06:30:00Z,2024-01-27,14,48.83,APXMIDP
2024-01-27T07:00:00Z,2024-01-27,15,57.1,APXMIDP
2024-01-27T07:30:00Z,2024-01-27,16,60.02,APXMIDP
2024-01-27T08:00:00Z,2024-01-27,17,55.91,APXMIDP
2024-01-27T08:30:00Z,2024-01-27,18,68.92,APXMIDP
2024-01-27T09:00:00Z,2024-01-27,19,61.0,APXMIDP
2024-01-27T09:30:00Z,2024-01-27,20,55.65,APXMIDP
2024-01-27T10:00:00Z,2024-01-27,21,50.41,APXMIDP
2024-01-27T10:30:00Z,2024-01-27,22,53.51,APXMIDP
2024-01-27T11:00:00Z,2024-01-27,23,56.66,APXMIDP
2024-01-27T11:30:00Z,2024-01-27,24,57.5,APXMIDP
2024-01-27T12:00:00Z,2024-01-27,25,48.69,APXMIDP
2024-01-27T12:30:00Z,2024-01-27,26,44.22,APXMIDP
2024-01-27T13:00:00Z,2024-01-27,27,41.01,APXMIDP
2024-01-27T13:30:00Z,2024-01-27,28,40.09,APXMIDP
2024-01-27T14:00:00Z,2024-01-27,29,47.22,APXMIDP
2024-01-27T14:30:00Z,2024-01-27,30,49.68,APXMIDP
2024-01-27T15:00:00Z,2024-01-27,31,68.7,APXMIDP
2024-01-27T15:30:00Z,2024-01-27,32,62.62,APXMIDP
2024-01-27T16:00:00Z,2024-01-27,33,63.3,APXMIDP
2024-01-27T16:30:00Z,2024-01-27,34,72.1,APXMIDP
2024-01-27T17:00:00Z,2024-01-27,35,81.76,APXMIDP
2024-01-27T17:30:00Z,2024-01-27,36,81.94,APXMIDP
2024-01-27T18:00:00Z,2024-01-27,37,80.58,APXMIDP
2024-01-27T18:30:00Z,2024-01-27,38,74.94,APXMIDP
2024-01-27T19:00:00Z,2024-01-27,39,69.68,APXMIDP
2024-01-27T19:30:00Z,2024-01-27,40,65.85,APXMIDP
2024-01-27T20:00:00Z,2024-01-27,41,67.4,APXMIDP
2024-01-27T20:30:00Z,2024-01-27,42,60.68,APXMIDP
2024-01-27T21:00:00Z,2024-01-27,43,62.52,APXMIDP
2024-01-27T21:30:00Z,2024-01-27,44,59.56,APXMIDP
2024-01-27T22:00:00Z,2024-01-27,45,55.86,APXMIDP
2024-01-27T22:30:00Z,2024-01-27,46,56.98,APXMIDP
2024-01-27T23:00:00Z,2024-01-27,47,44.31,APXMIDP
2024-01-27T23:30:00Z,2024-01-27,48,21.29,APXMIDP
2024-01-28T00:00:00Z,2024-01-28,1,40.24,APXMIDP
2024-01-28T00:30:00Z,2024-01-28,2,50.43,APXMIDP
2024-01-28T01:00:00Z,2024-01-28,3,46.8,APXMIDP
2024-01-28T01:30:00Z,2024-01-28,4,24.07,APXMIDP
2024-01-28T02:00:00Z,2024-01-28,5,53.04,APXMIDP
2024-01-28T02:30:00Z,2024-01-28,6,42.4,APXMIDP
2024-01-28T03:00:00Z,2024-01-28,7,43.24,APXMIDP
2024-01-28T03:30:00Z,2024-01-28,8,39.61,APXMIDP
2024-01-28T04:00:00Z,2024-01-28,9,39.71,APXMIDP
2024-01-28T04:30:00Z,2024-01-28,10,27.43,APXMIDP
2024-01-28T05:00:00Z,2024-01-28,11,35.97,APXMIDP
2024-01-28T05:30:00Z,2024-01-28,12,33.1,APXMIDP
2024-01-28T06:00:00Z,2024-01-28,13,33.01,APXMIDP
2024-01-28T06:30:00Z,2024-01-28,14,30.07,APXMIDP
2024-01-28T07:00:00Z,2024-01-28,15,38.21,APXMIDP
2024-01-28T07:30:00Z,2024-01-28,16,48.42,APXMIDP
2024-01-28T08:00:00Z,2024-01-28,17,33.37,APXMIDP
2024-01-28T08:30:00Z,2024-01-28,18,44.87,APXMIDP
2024-01-28T09:00:00Z,2024-01-28,19,36.62,APXMIDP
2024-01-28T09:30:00Z,2024-01-28,20,45.13,APXMIDP
2024-01-28T10:00:00Z,2024-01-28,21,37.41,APXMIDP
2024-01-28T10:30:00Z,2024-01-28,22,33.39,APXMIDP
2024-01-28T11:00:00Z,2024-01-28,23,19.17,APXMIDP
2024-01-28T11:30:00Z,2024-01-28,24,22.88,APXMIDP
2024-01-28T12:00:00Z,2024-01-28,25,36.01,APXMIDP
2024-01-28T12:30:00Z,2024-01-28,26,38.54,APXMIDP
2024-01-28T13:00:00Z,2024-01-28,27,34.93,APXMIDP
2024-01-28T13:30:00Z,2024-01-28,28,37.27,APXMIDP
2024-01-28T14:00:00Z,2024-01-28,29,44.34,APXMIDP
2024-01-28T14:30:00Z,2024-01-28,30,47.98,APXMIDP
2024-01-28T15:00:00Z,2024-01-28,31,78.63,APXMIDP
2024-01-28T15:30:00Z,2024-01-28,32,78.58,APXMIDP
2024-01-28T16:00:00Z,2024-01-28,33,82.49,APXMIDP
2024-01-28T16:30:00Z,2024-01-28,34,88.51,APXMIDP
2024-01-28T17:00:00Z,2024-01-28,35,88.06,APXMIDP
2024-01-28T17:30:00Z,2024-01-28,36,87.31,APXMIDP
2024-01-28T18:00:00Z,2024-01-28,37,80.58,APXMIDP
2024-01-28T18:30:00Z,2024-01-28,38,70.46,APXMIDP
2024-01-28T19:00:00Z,2024-01-28,39,76.22,APXMIDP
2024-01-28T19:30:00Z,2024-01-28,40,70.17,APXMIDP
2024-01-28T20:00:00Z,2024-01-28,41,73.97,APXMIDP
2024-01-28T20:30:00Z,2024-01-28,42,68.52,APXMIDP
2024-01-28T21:00:00Z,2024-01-28,43,69.42,APXMIDP
2024-01-28T21:30:00Z,2024-01-28,44,66.41,APXMIDP
2024-01-28T22:00:00Z,2024-01-28,45,65.81,APXMIDP
2024-01-28T22:30:00Z,2024-01-28,46,57.64,APXMIDP
2024-01-28T23:00:00Z,2024-01-28,47,59.3,APXMIDP
2024-01-28T23:30:00Z,2024-01-28,48,61.44,APXMIDP
2024-01-29T00:00:00Z,2024-01-29,1,62.03,APXMIDP
2024-01-29T00:30:00Z,2024-01-29,2,80.21,APXMIDP
2024-01-29T01:00:00Z,2024-01-29,3,85.86,APXMIDP
2024-01-29T01:30:00Z,2024-01-29,4,84.55,APXMIDP
2024-01-29T02:00:00Z,2024-01-29,5,81.26,APXMIDP
2024-01-29T02:30:00Z,2024-01-29,6,80.86,APXMIDP
2024-01-29T03:00:00Z,2024-01-29,7,74.53,APXMIDP
2024-01-29T03:30:00Z,2024-01-29,8,70.88,APXMIDP
2024-01-29T04:00:00Z,2024-01-29,9,60.93,APXMIDP
2024-01-29T04:30:00Z,2024-01-29,10,61.33,APXMIDP
2024-01-29T05:00:00Z,2024-01-29,11,75.3,APXMIDP
2024-01-29T05:30:00Z,2024-01-29,12,65.2,APXMIDP
2024-01-29T06:00:00Z,2024-01-29,13,83.46,APXMIDP
2024-01-29T06:30:00Z,2024-01-29,14,76.01,APXMIDP
2024-01-29T07:00:00Z,2024-01-29,15,82.97,APXMIDP
2024-01-29T07:30:00Z,2024-01-29,16,95.17,APXMIDP
2024-01-29T08:00:00Z,2024-01-29,17,77.54,APXMIDP
2024-01-29T08:30:00Z,2024-01-29,18,77.75,APXMIDP
2024-01-29T09:00:00Z,2024-01-29,19,76.99,APXMIDP
2024-01-29T09:30:00Z,2024-01-29,20,77.41,APXMIDP
2024-01-29T10:00:00Z,2024-01-29,21,79.08,APXMIDP
2024-01-29T10:30:00Z,2024-01-29,22,83.34,APXMIDP
2024-01-29T11:00:00Z,2024-01-29,23,87.04,APXMIDP
2024-01-29T11:30:00Z,2024-01-29,24,82.7,APXMIDP
2024-01-29T12:00:00Z,2024-01-29,25,80.28,APXMIDP
2024-01-29T12:30:00Z,2024-01-29,26,83.3,APXMIDP
2024-01-29T13:00:00Z,2024-01-29,27,87.3,APXMIDP
2024-01-29T13:30:00Z,2024-01-29,28,83.77,APXMIDP
2024-01-29T14:00:00Z,2024-01-29,29,87.12,APXMIDP
2024-01-29T14:30:00Z,2024-01-29,30,79.65,APXMIDP
2024-01-29T15:00:00Z,2024-01-29,31,83.5,APXMIDP
2024-01-29T15:30:00Z,2024-01-29,32,85.68,APXMIDP
2024-01-29T16:00:00Z,2024-01-29,33,86.67,APXMIDP
2024-01-29T16:30:00Z,2024-01-29,34,87.91,APXMIDP
2024-01-29T17:00:00Z,2024-01-29,35,83.71,APXMIDP
2024-01-29T17:30:00Z,2024-01-29,36,79.69,APXMIDP
2024-01-29T18:00:00Z,2024-01-29,37,79.9,APXMIDP
2024-01-29T18:30:00Z,2024-01-29,38,78.05,APXMIDP
2024-01-29T19:00:00Z,2024-01-29,39,75.27,APXMIDP
2024-01-29T19:30:00Z,2024-01-29,40,74.24,APXMIDP
2024-01-29T20:00:00Z,2024-01-29,41,70.93,APXMIDP
2024-01-29T20:30:00Z,2024-01-29,42,66.85,APXMIDP
2024-01-29T21:00:00Z,2024-01-29,43,67.76,APXMIDP
2024-01-29T21:30:00Z,2024-01-29,44,67.66,APXMIDP
2024-01-29T22:00:00Z,2024-01-29,45,66.89,APXMIDP
2024-01-29T22:30:00Z,2024-01-29,46,62.7,APXMIDP
2024-01-29T23:00:00Z,2024-01-29,47,63.98,APXMIDP
2024-01-29T23:30:00Z,2024-01-29,48,62.16,APXMIDP
2024-01-30T00:00:00Z,2024-01-30,1,63.41,APXMIDP
2024-01-30T00:30:00Z,2024-01-30,2,70.27,APXMIDP
2024-01-30T01:00:00Z,2024-01-30,3,57.97,APXMIDP
2024-01-30T01:30:00Z,2024-01-30,4,55.27,APXMIDP
2024-01-30T02:00:00Z,2024-01-30,5,55.44,APXMIDP
2024-01-30T02:30:00Z,2024-01-30,6,53.56,APXMIDP
2024-01-30T03:00:00Z,2024-01-30,7,51.84,APXMIDP
2024-01-30T03:30:00Z,2024-01-30,8,48.62,APXMIDP
2024-01-30T04:00:00Z,2024-01-30,9,48.66,APXMIDP
2024-01-30T04:30:00Z,2024-01-30,10,45.91,APXMIDP
2024-01-30T05:00:00Z,2024-01-30,11,55.75,APXMIDP
2024-01-30T05:30:00Z,2024-01-30,12,49.14,APXMIDP
2024-01-30T06:00:00Z,2024-01-30,13,62.97,APXMIDP
2024-01-30T06:30:00Z,2024-01-30,14,58.06,APXMIDP
2024-01-30T07:00:00Z,2024-01-30,15,61.64,APXMIDP
2024-01-30T07:30:00Z,2024-01-30,16,72.84,APXMIDP
2024-01-30T08:00:00Z,2024-01-30,17,63.4,APXMIDP
2024-01-30T08:30:00Z,2024-01-30,18,74.65,APXMIDP
2024-01-30T09:00:00Z,2024-01-30,19,62.34,APXMIDP
2024-01-30T09:30:00Z,2024-01-30,20,58.64,APXMIDP
2024-01-30T10:00:00Z,2024-01-30,21,55.54,APXMIDP
2024-01-30T10:30:00Z,2024-01-30,22,54.93,APXMIDP
2024-01-30T11:00:00Z,2024-01-30,23,56.54,APXMIDP
2024-01-30T11:30:00Z,2024-01-30,24,55.74,APXMIDP
2024-01-30T12:00:00Z,2024-01-30,25,55.09,APXMIDP
2024-01-30T12:30:00Z,2024-01-30,26,60.4,APXMIDP
2024-01-30T13:00:00Z,2024-01-30,27,69.47,APXMIDP
2024-01-30T13:30:00Z,2024-01-30,28,65.64,APXMIDP
2024-01-30T14:00:00Z,2024-01-30,29,64.3,APXMIDP
2024-01-30T14:30:00Z,2024-01-30,30,64.91,APXMIDP
2024-01-30T15:00:00Z,2024-01-30,31,61.21,APXMIDP
2024-01-30T15:30:00Z,2024-01-30,32,72.53,APXMIDP
2024-01-30T16:00:00Z,2024-01-30,33,76.66,APXMIDP
2024-01-30T16:30:00Z,2024-01-30,34,83.74,APXMIDP
2024-01-30T17:00:00Z,2024-01-30,35,81.54,APXMIDP
2024-01-30T17:30:00Z,2024-01-30,36,80.18,APXMIDP
2024-01-30T18:00:00Z,2024-01-30,37,81.48,APXMIDP
2024-01-30T18:30:00Z,2024-01-30,38,81.36,APXMIDP
2024-01-30T19:00:00Z,2024-01-30,39,77.26,APXMIDP
2024-01-30T19:30:00Z,2024-01-30,40,74.27,APXMIDP
2024-01-30T20:00:00Z,2024-01-30,41,78.8,APXMIDP
2024-01-30T20:30:00Z,2024-01-30,42,70.08,APXMIDP
2024-01-30T21:00:00Z,2024-01-30,43,69.74,APXMIDP
2024-01-30T21:30:00Z,2024-01-30,44,61.97,APXMIDP
2024-01-30T22:00:00Z,2024-01-30,45,63.48,APXMIDP
2024-01-30T22:30:00Z,2024-01-30,46,63.35,APXMIDP
2024-01-30T23:00:00Z,2024-01-30,47,61.79,APXMIDP
2024-01-30T23:30:00Z,2024-01-30,48,57.13,APXMIDP
2024-01-31T00:00:00Z,2024-01-31,1,56.48,APXMIDP
2024-01-31T00:30:00Z,2024-01-31,2,62.13,APXMIDP
2024-01-31T01:00:00Z,2024-01-31,3,61.14,APXMIDP
2024-01-31T01:30:00Z,2024-01-31,4,54.23,APXMIDP
2024-01-31T02:00:00Z,2024-01-31,5,57.82,APXMIDP
2024-01-31T02:30:00Z,2024-01-31,6,53.44,APXMIDP
2024-01-31T03:00:00Z,2024-01-31,7,54.39,APXMIDP
2024-01-31T03:30:00Z,2024-01-31,8,49.05,APXMIDP
2024-01-31T04:00:00Z,2024-01-31,9,53.51,APXMIDP
2024-01-31T04:30:00Z,2024-01-31,10,46.81,APXMIDP
2024-01-31T05:00:00Z,2024-01-31,11,53.03,APXMIDP
2024-01-31T05:30:00Z,2024-01-31,12,47.43,APXMIDP
2024-01-31T06:00:00Z,2024-01-31,13,60.21,APXMIDP
2024-01-31T06:30:00Z,2024-01-31,14,53.57,APXMIDP
2024-01-31T07:00:00Z,2024-01-31,15,59.69,APXMIDP
2024-01-31T07:30:00Z,2024-01-31,16,62.42,APXMIDP
2024-01-31T08:00:00Z,2024-01-31,17,58.1,APXMIDP
2024-01-31T08:30:00Z,2024-01-31,18,62.84,APXMIDP
2024-01-31T09:00:00Z,2024-01-31,19,65.31,APXMIDP
2024-01-31T09:30:00Z,2024-01-31,20,63.91,APXMIDP
2024-01-31T10:00:00Z,2024-01-31,21,67.26,APXMIDP
2024-01-31T10:30:00Z,2024-01-31,22,70.53,APXMIDP
2024-01-31T11:00:00Z,2024-01-31,23,71.3,APXMIDP
2024-01-31T11:30:00Z,2024-01-31,24,71.2,APXMIDP
2024-01-31T12:00:00Z,2024-01-31,25,68.42,APXMIDP
2024-01-31T12:30:00Z,2024-01-31,26,65.67,APXMIDP
2024-01-31T13:00:00Z,2024-01-31,27,68.58,APXMIDP
2024-01-31T13:30:00Z,2024-01-31,28,64.32,APXMIDP
2024-01-31T14:00:00Z,2024-01-31,29,59.38,APXMIDP
2024-01-31T14:30:00Z,2024-01-31,30,60.67,APXMIDP
2024-01-31T15:00:00Z,2024-01-31,31,60.68,APXMIDP
2024-01-31T15:30:00Z,2024-01-31,32,62.2,APXMIDP
2024-01-31T16:00:00Z,2024-01-31,33,65.1,APXMIDP
2024-01-31T16:30:00Z,2024-01-31,34,72.44,APXMIDP
2024-01-31T17:00:00Z,2024-01-31,35,74.12,APXMIDP
2024-01-31T17:30:00Z,2024-01-31,36,76.67,APXMIDP
2024-01-31T18:00:00Z,2024-01-31,37,77.84,APXMIDP
2024-01-31T18:30:00Z,2024-01-31,38,77.53,APXMIDP
2024-01-31T19:00:00Z,2024-01-31,39,73.78,APXMIDP
2024-01-31T19:30:00Z,2024-01-31,40,74.69,APXMIDP
2024-01-31T20:00:00Z,2024-01-31,41,66.37,APXMIDP
2024-01-31T20:30:00Z,2024-01-31,42,63.7,APXMIDP
2024-01-31T21:00:00Z,2024-01-31,43,63.77,APXMIDP
2024-01-31T21:30:00Z,2024-01-31,44,52.85,APXMIDP
2024-01-31T22:00:00Z,2024-01-31,45,55.89,APXMIDP
2024-01-31T22:30:00Z,2024-01-31,46,46.22,APXMIDP
2024-01-31T23:00:00Z,2024-01-31,47,40.35,APXMIDP
2024-01-31T23:30:00Z,2024-01-31,48,36.19,APXMIDP
2024-02-01T00:00:00Z,2024-02-01,1,34.54,APXMIDP
2024-02-01T00:30:00Z,2024-02-01,2,42.46,APXMIDP
2024-02-01T01:00:00Z,2024-02-01,3,37.62,APXMIDP
2024-02-01T01:30:00Z,2024-02-01,4,34.38,APXMIDP
2024-02-01T02:00:00Z,2024-02-01,5,35.23,APXMIDP
2024-02-01T02:30:00Z,2024-02-01,6,36.04,APXMIDP
2024-02-01T03:00:00Z,2024-02-01,7,33.1,APXMIDP
2024-02-01T03:30:00Z,2024-02-01,8,32.06,APXMIDP
2024-02-01T04:00:00Z,2024-02-01,9,40.7,APXMIDP
2024-02-01T04:30:00Z,2024-02-01,10,46.29,APXMIDP
2024-02-01T05:00:00Z,2024-02-01,11,52.73,APXMIDP
2024-02-01T05:30:00Z,2024-02-01,12,44.9,APXMIDP
2024-02-01T06:00:00Z,2024-02-01,13,48.95,APXMIDP
2024-02-01T06:30:00Z,2024-02-01,14,51.35,APXMIDP
2024-02-01T07:00:00Z,2024-02-01,15,65.31,APXMIDP
2024-02-01T07:30:00Z,2024-02-01,16,74.45,APXMIDP
2024-02-01T08:00:00Z,2024-02-01,17,65.15,APXMIDP
2024-02-01T08:30:00Z,2024-02-01,18,75.65,APXMIDP
2024-02-01T09:00:00Z,2024-02-01,19,67.45,APXMIDP
2024-02-01T09:30:00Z,2024-02-01,20,62.7,APXMIDP
2024-02-01T10:00:00Z,2024-02-01,21,62.08,APXMIDP
2024-02-01T10:30:00Z,2024-02-01,22,60.48,APXMIDP
2024-02-01T11:00:00Z,2024-02-01,23,54.85,APXMIDP
2024-02-01T11:30:00Z,2024-02-01,24,54.31,APXMIDP
2024-02-01T12:00:00Z,2024-02-01,25,54.28,APXMIDP
2024-02-01T12:30:00Z,2024-02-01,26,53.83,APXMIDP
2024-02-01T13:00:00Z,2024-02-01,27,57.61,APXMIDP
2024-02-01T13:30:00Z,2024-02-01,28,57.34,APXMIDP
2024-02-01T14:00:00Z,2024-02-01,29,57.31,APXMIDP
2024-02-01T14:30:00Z,2024-02-01,30,58.26,APXMIDP
2024-02-01T15:00:00Z,2024-02-01,31,61.09,APXMIDP
2024-02-01T15:30:00Z,2024-02-01,32,61.93,APXMIDP
2024-02-01T16:00:00Z,2024-02-01,33,63.98,APXMIDP
2024-02-01T16:30:00Z,2024-02-01,34,69.8,APXMIDP
2024-02-01T17:00:00Z,2024-02-01,35,77.87,APXMIDP
2024-02-01T17:30:00Z,2024-02-01,36,79.02,APXMIDP
2024-02-01T18:00:00Z,2024-02-01,37,78.56,APXMIDP
2024-02-01T18:30:00Z,2024-02-01,38,72.56,APXMIDP
2024-02-01T19:00:00Z,2024-02-01,39,70.92,APXMIDP
2024-02-01T19:30:00Z,2024-02-01,40,65.94,APXMIDP
2024-02-01T20:00:00Z,2024-02-01,41,73.06,APXMIDP
2024-02-01T20:30:00Z,2024-02-01,42,69.31,APXMIDP
2024-02-01T21:00:00Z,2024-02-01,43,66.32,APXMIDP
2024-02-01T21:30:00Z,2024-02-01,44,62.05,APXMIDP
2024-02-01T22:00:00Z,2024-02-01,45,62.92,APXMIDP
2024-02-01T22:30:00Z,2024-02-01,46,53.8,APXMIDP
2024-02-01T23:00:00Z,2024-02-01,47,58.27,APXMIDP
2024-02-01T23:30:00Z,2024-02-01,48,43.7,APXMIDP
2024-02-02T00:00:00Z,2024-02-02,1,43.01,APXMIDP
2024-02-02T00:30:00Z,2024-02-02,2,48.71,APXMIDP
2024-02-02T01:00:00Z,2024-02-02,3,37.6,APXMIDP
2024-02-02T01:30:00Z,2024-02-02,4,30.7,APXMIDP
2024-02-02T02:00:00Z,2024-02-02,5,45.2,APXMIDP
2024-02-02T02:30:00Z,2024-02-02,6,43.96,APXMIDP
2024-02-02T03:00:00Z,2024-02-02,7,43.83,APXMIDP
2024-02-02T03:30:00Z,2024-02-02,8,40.5,APXMIDP
2024-02-02T04:00:00Z,2024-02-02,9,50.88,APXMIDP
2024-02-02T04:30:00Z,2024-02-02,10,51.03,APXMIDP
2024-02-02T05:00:00Z,2024-02-02,11,44.05,APXMIDP
2024-02-02T05:30:00Z,2024-02-02,12,42.02,APXMIDP
2024-02-02T06:00:00Z,2024-02-02,13,61.41,APXMIDP
2024-02-02T06:30:00Z,2024-02-02,14,67.65,APXMIDP
2024-02-02T07:00:00Z,2024-02-02,15,64.07,APXMIDP
2024-02-02T07:30:00Z,2024-02-02,16,70.43,APXMIDP
2024-02-02T08:00:00Z,2024-02-02,17,58.35,APXMIDP
2024-02-02T08:30:00Z,2024-02-02,18,62.94,APXMIDP
2024-02-02T09:00:00Z,2024-02-02,19,69.79,APXMIDP
2024-02-02T09:30:00Z,2024-02-02,20,68.57,APXMIDP
2024-02-02T10:00:00Z,2024-02-02,21,62.86,APXMIDP
2024-02-02T10:30:00Z,2024-02-02,22,56.08,APXMIDP
2024-02-02T11:00:00Z,2024-02-02,23,40.18,APXMIDP
2024-02-02T11:30:00Z,2024-02-02,24,41.73,APXMIDP
2024-02-02T12:00:00Z,2024-02-02,25,46.31,APXMIDP
2024-02-02T12:30:00Z,2024-02-02,26,40.28,APXMIDP
2024-02-02T13:00:00Z,2024-02-02,27,36.11,APXMIDP
2024-02-02T13:30:00Z,2024-02-02,28,31.91,APXMIDP
2024-02-02T14:00:00Z,2024-02-02,29,36.24,APXMIDP
2024-02-02T14:30:00Z,2024-02-02,30,35.57,APXMIDP
2024-02-02T15:00:00Z,2024-02-02,31,36.64,APXMIDP
2024-02-02T15:30:00Z,2024-02-02,32,42.73,APXMIDP
2024-02-02T16:00:00Z,2024-02-02,33,46.99,APXMIDP
2024-02-02T16:30:00Z,2024-02-02,34,62.97,APXMIDP
2024-02-02T17:00:00Z,2024-02-02,35,68.34,APXMIDP
2024-02-02T17:30:00Z,2024-02-02,36,70.03,APXMIDP
2024-02-02T18:00:00Z,2024-02-02,37,71.55,APXMIDP
2024-02-02T18:30:00Z,2024-02-02,38,68.13,APXMIDP
2024-02-02T19:00:00Z,2024-02-02,39,64.81,APXMIDP
2024-02-02T19:30:00Z,2024-02-02,40,54.47,APXMIDP
2024-02-02T20:00:00Z,2024-02-02,41,58.86,APXMIDP
2024-02-02T20:30:00Z,2024-02-02,42,48.8,APXMIDP
2024-02-02T21:00:00Z,2024-02-02,43,60.64,APXMIDP
2024-02-02T21:30:00Z,2024-02-02,44,37.09,APXMIDP
2024-02-02T22:00:00Z,2024-02-02,45,50.79,APXMIDP
2024-02-02T22:30:00Z,2024-02-02,46,24.74,APXMIDP
2024-02-02T23:00:00Z,2024-02-02,47,19.49,APXMIDP
2024-02-02T23:30:00Z,2024-02-02,48,21.53,APXMIDP
2024-02-03T00:00:00Z,2024-02-03,1,16.32,APXMIDP
2024-02-03T00:30:00Z,2024-02-03,2,18.3,APXMIDP
2024-02-03T01:00:00Z,2024-02-03,3,15.39,APXMIDP
2024-02-03T01:30:00Z,2024-02-03,4,14.55,APXMIDP
2024-02-03T02:00:00Z,2024-02-03,5,8.07,APXMIDP
2024-02-03T02:30:00Z,2024-02-03,6,7.39,APXMIDP
2024-02-03T03:00:00Z,2024-02-03,7,2.56,APXMIDP
2024-02-03T03:30:00Z,2024-02-03,8,1.46,APXMIDP
2024-02-03T04:00:00Z,2024-02-03,9,4.48,APXMIDP
2024-02-03T04:30:00Z,2024-02-03,10,2.98,APXMIDP
2024-02-03T05:00:00Z,2024-02-03,11,5.3,APXMIDP
2024-02-03T05:30:00Z,2024-02-03,12,8.21,APXMIDP
2024-02-03T06:00:00Z,2024-02-03,13,3.36,APXMIDP
2024-02-03T06:30:00Z,2024-02-03,14,19.36,APXMIDP
2024-02-03T07:00:00Z,2024-02-03,15,30.36,APXMIDP
2024-02-03T07:30:00Z,2024-02-03,16,56.41,APXMIDP
2024-02-03T08:00:00Z,2024-02-03,17,45.29,APXMIDP
2024-02-03T08:30:00Z,2024-02-03,18,62.28,APXMIDP
2024-02-03T09:00:00Z,2024-02-03,19,46.33,APXMIDP
2024-02-03T09:30:00Z,2024-02-03,20,56.07,APXMIDP
2024-02-03T10:00:00Z,2024-02-03,21,55.22,APXMIDP
2024-02-03T10:30:00Z,2024-02-03,22,46.0,APXMIDP
2024-02-03T11:00:00Z,2024-02-03,23,41.78,APXMIDP
2024-02-03T11:30:00Z,2024-02-03,24,44.22,APXMIDP
2024-02-03T12:00:00Z,2024-02-03,25,45.9,APXMIDP
2024-02-03T12:30:00Z,2024-02-03,26,49.56,APXMIDP
2024-02-03T13:00:00Z,2024-02-03,27,50.64,APXMIDP
2024-02-03T13:30:00Z,2024-02-03,28,50.78,APXMIDP
2024-02-03T14:00:00Z,2024-02-03,29,53.09,APXMIDP
2024-02-03T14:30:00Z,2024-02-03,30,51.06,APXMIDP
2024-02-03T15:00:00Z,2024-02-03,31,46.64,APXMIDP
2024-02-03T15:30:00Z,2024-02-03,32,45.84,APXMIDP
2024-02-03T16:00:00Z,2024-02-03,33,55.77,APXMIDP
2024-02-03T16:30:00Z,2024-02-03,34,70.36,APXMIDP
2024-02-03T17:00:00Z,2024-02-03,35,71.03,APXMIDP
2024-02-03T17:30:00Z,2024-02-03,36,74.8,APXMIDP
2024-02-03T18:00:00Z,2024-02-03,37,75.82,APXMIDP
2024-02-03T18:30:00Z,2024-02-03,38,74.75,APXMIDP
2024-02-03T19:00:00Z,2024-02-03,39,71.8,APXMIDP
2024-02-03T19:30:00Z,2024-02-03,40,59.58,APXMIDP
2024-02-03T20:00:00Z,2024-02-03,41,60.64,APXMIDP
2024-02-03T20:30:00Z,2024-02-03,42,56.97,APXMIDP
2024-02-03T21:00:00Z,2024-02-03,43,60.35,APXMIDP
2024-02-03T21:30:00Z,2024-02-03,44,44.95,APXMIDP
2024-02-03T22:00:00Z,2024-02-03,45,50.88,APXMIDP
2024-02-03T22:30:00Z,2024-02-03,46,36.25,APXMIDP
2024-02-03T23:00:00Z,2024-02-03,47,35.39,APXMIDP
2024-02-03T23:30:00Z,2024-02-03,48,22.44,APXMIDP
2024-02-04T00:00:00Z,2024-02-04,1,19.43,APXMIDP
2024-02-04T00:30:00Z,2024-02-04,2,21.9,APXMIDP
2024-02-04T01:00:00Z,2024-02-04,3,10.62,APXMIDP
2024-02-04T01:30:00Z,2024-02-04,4,4.81,APXMIDP
2024-02-04T02:00:00Z,2024-02-04,5,11.69,APXMIDP
2024-02-04T02:30:00Z,2024-02-04,6,1.5,APXMIDP
2024-02-04T03:00:00Z,2024-02-04,7,-1.18,APXMIDP
2024-02-04T03:30:00Z,2024-02-04,8,-4.7,APXMIDP
2024-02-04T04:00:00Z,2024-02-04,9,-2.73,APXMIDP
2024-02-04T04:30:00Z,2024-02-04,10,-6.31,APXMIDP
2024-02-04T05:00:00Z,2024-02-04,11,-7.32,APXMIDP
2024-02-04T05:30:00Z,2024-02-04,12,-6.03,APXMIDP
2024-02-04T06:00:00Z,2024-02-04,13,0.22,APXMIDP
2024-02-04T06:30:00Z,2024-02-04,14,11.53,APXMIDP
2024-02-04T07:00:00Z,2024-02-04,15,12.01,APXMIDP
2024-02-04T07:30:00Z,2024-02-04,16,11.89,APXMIDP
2024-02-04T08:00:00Z,2024-02-04,17,8.71,APXMIDP
2024-02-04T08:30:00Z,2024-02-04,18,16.21,APXMIDP
2024-02-04T09:00:00Z,2024-02-04,19,10.89,APXMIDP
2024-02-04T09:30:00Z,2024-02-04,20,18.98,APXMIDP
2024-02-04T10:00:00Z,2024-02-04,21,18.58,APXMIDP
2024-02-04T10:30:00Z,2024-02-04,22,29.9,APXMIDP
2024-02-04T11:00:00Z,2024-02-04,23,29.84,APXMIDP
2024-02-04T11:30:00Z,2024-02-04,24,28.52,APXMIDP
2024-02-04T12:00:00Z,2024-02-04,25,30.76,APXMIDP
2024-02-04T12:30:00Z,2024-02-04,26,27.18,APXMIDP
2024-02-04T13:00:00Z,2024-02-04,27,32.57,APXMIDP
2024-02-04T13:30:00Z,2024-02-04,28,37.15,APXMIDP
2024-02-04T14:00:00Z,2024-02-04,29,44.4,APXMIDP
2024-02-04T14:30:00Z,2024-02-04,30,46.15,APXMIDP
2024-02-04T15:00:00Z,2024-02-04,31,50.99,APXMIDP
2024-02-04T15:30:00Z,2024-02-04,32,56.6,APXMIDP
2024-02-04T16:00:00Z,2024-02-04,33,56.27,APXMIDP
2024-02-04T16:30:00Z,2024-02-04,34,62.98,APXMIDP
2024-02-04T17:00:00Z,2024-02-04,35,79.2,APXMIDP
2024-02-04T17:30:00Z,2024-02-04,36,83.21,APXMIDP
2024-02-04T18:00:00Z,2024-02-04,37,86.23,APXMIDP
2024-02-04T18:30:00Z,2024-02-04,38,82.39,APXMIDP
2024-02-04T19:00:00Z,2024-02-04,39,76.52,APXMIDP
2024-02-04T19:30:00Z,2024-02-04,40,69.73,APXMIDP
2024-02-04T20:00:00Z,2024-02-04,41,66.77,APXMIDP
2024-02-04T20:30:00Z,2024-02-04,42,58.0,APXMIDP
2024-02-04T21:00:00Z,2024-02-04,43,56.97,APXMIDP
2024-02-04T21:30:00Z,2024-02-04,44,31.84,APXMIDP
2024-02-04T22:00:00Z,2024-02-04,45,46.7,APXMIDP
2024-02-04T22:30:00Z,2024-02-04,46,23.51,APXMIDP
2024-02-04T23:00:00Z,2024-02-04,47,2.32,APXMIDP
2024-02-04T23:30:00Z,2024-02-04,48,-0.1,APXMIDP
2024-02-05T00:00:00Z,2024-02-05,1,-0.33,APXMIDP
2024-02-05T00:30:00Z,2024-02-05,2,2.36,APXMIDP
2024-02-05T01:00:00Z,2024-02-05,3,0.89,APXMIDP
2024-02-05T01:30:00Z,2024-02-05,4,-3.22,APXMIDP
2024-02-05T02:00:00Z,2024-02-05,5,-2.92,APXMIDP
2024-02-05T02:30:00Z,2024-02-05,6,-5.27,APXMIDP
2024-02-05T03:00:00Z,2024-02-05,7,-0.94,APXMIDP
2024-02-05T03:30:00Z,2024-02-05,8,-3.54,APXMIDP
2024-02-05T04:00:00Z,2024-02-05,9,1.94,APXMIDP
2024-02-05T04:30:00Z,2024-02-05,10,1.35,APXMIDP
2024-02-05T05:00:00Z,2024-02-05,11,29.14,APXMIDP
2024-02-05T05:30:00Z,2024-02-05,12,49.52,APXMIDP
2024-02-05T06:00:00Z,2024-02-05,13,36.49,APXMIDP
2024-02-05T06:30:00Z,2024-02-05,14,69.26,APXMIDP
2024-02-05T07:00:00Z,2024-02-05,15,70.47,APXMIDP
2024-02-05T07:30:00Z,2024-02-05,16,84.68,APXMIDP
2024-02-05T08:00:00Z,2024-02-05,17,79.44,APXMIDP
2024-02-05T08:30:00Z,2024-02-05,18,81.11,APXMIDP
2024-02-05T09:00:00Z,2024-02-05,19,79.4,APXMIDP
2024-02-05T09:30:00Z,2024-02-05,20,66.25,APXMIDP
2024-02-05T10:00:00Z,2024-02-05,21,62.04,APXMIDP
2024-02-05T10:30:00Z,2024-02-05,22,63.39,APXMIDP
2024-02-05T11:00:00Z,2024-02-05,23,68.0,APXMIDP
2024-02-05T11:30:00Z,2024-02-05,24,68.54,APXMIDP
2024-02-05T12:00:00Z,2024-02-05,25,68.59,APXMIDP
2024-02-05T12:30:00Z,2024-02-05,26,69.65,APXMIDP
2024-02-05T13:00:00Z,2024-02-05,27,71.49,APXMIDP
2024-02-05T13:30:00Z,2024-02-05,28,71.68,APXMIDP
2024-02-05T14:00:00Z,2024-02-05,29,73.84,APXMIDP
2024-02-05T14:30:00Z,2024-02-05,30,75.55,APXMIDP
2024-02-05T15:00:00Z,2024-02-05,31,71.65,APXMIDP
2024-02-05T15:30:00Z,2024-02-05,32,72.18,APXMIDP
2024-02-05T16:00:00Z,2024-02-05,33,71.57,APXMIDP
2024-02-05T16:30:00Z,2024-02-05,34,82.98,APXMIDP
2024-02-05T17:00:00Z,2024-02-05,35,85.76,APXMIDP
2024-02-05T17:30:00Z,2024-02-05,36,85.78,APXMIDP
2024-02-05T18:00:00Z,2024-02-05,37,85.72,APXMIDP
2024-02-05T18:30:00Z,2024-02-05,38,80.68,APXMIDP
2024-02-05T19:00:00Z,2024-02-05,39,78.19,APXMIDP
2024-02-05T19:30:00Z,2024-02-05,40,69.42,APXMIDP
2024-02-05T20:00:00Z,2024-02-05,41,74.12,APXMIDP
2024-02-05T20:30:00Z,2024-02-05,42,54.39,APXMIDP
2024-02-05T21:00:00Z,2024-02-05,43,67.69,APXMIDP
2024-02-05T21:30:00Z,2024-02-05,44,44.35,APXMIDP
2024-02-05T22:00:00Z,2024-02-05,45,57.69,APXMIDP
2024-02-05T22:30:00Z,2024-02-05,46,39.45,APXMIDP
2024-02-05T23:00:00Z,2024-02-05,47,33.87,APXMIDP
2024-02-05T23:30:00Z,2024-02-05,48,24.83,APXMIDP
2024-02-06T00:00:00Z,2024-02-06,1,17.74,APXMIDP
2024-02-06T00:30:00Z,2024-02-06,2,23.88,APXMIDP
2024-02-06T01:00:00Z,2024-02-06,3,12.52,APXMIDP
2024-02-06T01:30:00Z,2024-02-06,4,9.25,APXMIDP
2024-02-06T02:00:00Z,2024-02-06,5,8.83,APXMIDP
2024-02-06T02:30:00Z,2024-02-06,6,7.25,APXMIDP
2024-02-06T03:00:00Z,2024-02-06,7,5.57,APXMIDP
2024-02-06T03:30:00Z,2024-02-06,8,1.49,APXMIDP
2024-02-06T04:00:00Z,2024-02-06,9,17.92,APXMIDP
2024-02-06T04:30:00Z,2024-02-06,10,12.32,APXMIDP
2024-02-06T05:00:00Z,2024-02-06,11,30.93,APXMIDP
2024-02-06T05:30:00Z,2024-02-06,12,43.88,APXMIDP
2024-02-06T06:00:00Z,2024-02-06,13,31.03,APXMIDP
2024-02-06T06:30:00Z,2024-02-06,14,49.84,APXMIDP
2024-02-06T07:00:00Z,2024-02-06,15,50.0,APXMIDP
2024-02-06T07:30:00Z,2024-02-06,16,59.52,APXMIDP
2024-02-06T08:00:00Z,2024-02-06,17,56.8,APXMIDP
2024-02-06T08:30:00Z,2024-02-06,18,55.96,APXMIDP
2024-02-06T09:00:00Z,2024-02-06,19,46.33,APXMIDP
2024-02-06T09:30:00Z,2024-02-06,20,48.94,APXMIDP
2024-02-06T10:00:00Z,2024-02-06,21,47.3,APXMIDP
2024-02-06T10:30:00Z,2024-02-06,22,46.36,APXMIDP
2024-02-06T11:00:00Z,2024-02-06,23,51.0,APXMIDP
2024-02-06T11:30:00Z,2024-02-06,24,55.24,APXMIDP
2024-02-06T12:00:00Z,2024-02-06,25,56.13,APXMIDP
2024-02-06T12:30:00Z,2024-02-06,26,55.27,APXMIDP
2024-02-06T13:00:00Z,2024-02-06,27,53.61,APXMIDP
2024-02-06T13:30:00Z,2024-02-06,28,53.38,APXMIDP
2024-02-06T14:00:00Z,2024-02-06,29,54.56,APXMIDP
2024-02-06T14:30:00Z,2024-02-06,30,56.04,APXMIDP
2024-02-06T15:00:00Z,2024-02-06,31,59.39,APXMIDP
2024-02-06T15:30:00Z,2024-02-06,32,65.25,APXMIDP
2024-02-06T16:00:00Z,2024-02-06,33,67.91,APXMIDP
2024-02-06T16:30:00Z,2024-02-06,34,72.36,APXMIDP
2024-02-06T17:00:00Z,2024-02-06,35,83.47,APXMIDP
2024-02-06T17:30:00Z,2024-02-06,36,86.87,APXMIDP
2024-02-06T18:00:00Z,2024-02-06,37,88.66,APXMIDP
2024-02-06T18:30:00Z,2024-02-06,38,91.25,APXMIDP
2024-02-06T19:00:00Z,2024-02-06,39,101.93,APXMIDP
2024-02-06T19:30:00Z,2024-02-06,40,101.48,APXMIDP
2024-02-06T20:00:00Z,2024-02-06,41,101.68,APXMIDP
2024-02-06T20:30:00Z,2024-02-06,42,94.93,APXMIDP
2024-02-06T21:00:00Z,2024-02-06,43,87.91,APXMIDP
2024-02-06T21:30:00Z,2024-02-06,44,81.17,APXMIDP
2024-02-06T22:00:00Z,2024-02-06,45,78.37,APXMIDP
2024-02-06T22:30:00Z,2024-02-06,46,68.94,APXMIDP
2024-02-06T23:00:00Z,2024-02-06,47,58.24,APXMIDP
2024-02-06T23:30:00Z,2024-02-06,48,60.52,APXMIDP
2024-02-07T00:00:00Z,2024-02-07,1,65.07,APXMIDP
2024-02-07T00:30:00Z,2024-02-07,2,69.17,APXMIDP
2024-02-07T01:00:00Z,2024-02-07,3,69.75,APXMIDP
2024-02-07T01:30:00Z,2024-02-07,4,65.99,APXMIDP
2024-02-07T02:00:00Z,2024-02-07,5,65.36,APXMIDP
2024-02-07T02:30:00Z,2024-02-07,6,63.15,APXMIDP
2024-02-07T03:00:00Z,2024-02-07,7,58.37,APXMIDP
2024-02-07T03:30:00Z,2024-02-07,8,62.17,APXMIDP
2024-02-07T04:00:00Z,2024-02-07,9,56.39,APXMIDP
2024-02-07T04:30:00Z,2024-02-07,10,55.52,APXMIDP
2024-02-07T05:00:00Z,2024-02-07,11,55.22,APXMIDP
2024-02-07T05:30:00Z,2024-02-07,12,56.53,APXMIDP
2024-02-07T06:00:00Z,2024-02-07,13,77.03,APXMIDP
2024-02-07T06:30:00Z,2024-02-07,14,67.9,APXMIDP
2024-02-07T07:00:00Z,2024-02-07,15,69.07,APXMIDP
2024-02-07T07:30:00Z,2024-02-07,16,76.26,APXMIDP
2024-02-07T08:00:00Z,2024-02-07,17,76.78,APXMIDP
2024-02-07T08:30:00Z,2024-02-07,18,80.45,APXMIDP
2024-02-07T09:00:00Z,2024-02-07,19,85.36,APXMIDP
2024-02-07T09:30:00Z,2024-02-07,20,78.72,APXMIDP
2024-02-07T10:00:00Z,2024-02-07,21,77.36,APXMIDP
2024-02-07T10:30:00Z,2024-02-07,22,76.56,APXMIDP
2024-02-07T11:00:00Z,2024-02-07,23,75.67,APXMIDP
2024-02-07T11:30:00Z,2024-02-07,24,72.89,APXMIDP
2024-02-07T12:00:00Z,2024-02-07,25,73.52,APXMIDP
2024-02-07T12:30:00Z,2024-02-07,26,69.82,APXMIDP
2024-02-07T13:00:00Z,2024-02-07,27,71.02,APXMIDP
2024-02-07T13:30:00Z,2024-02-07,28,69.75,APXMIDP
2024-02-07T14:00:00Z,2024-02-07,29,74.98,APXMIDP
2024-02-07T14:30:00Z,2024-02-07,30,77.71,APXMIDP
2024-02-07T15:00:00Z,2024-02-07,31,84.53,APXMIDP
2024-02-07T15:30:00Z,2024-02-07,32,82.87,APXMIDP
2024-02-07T16:00:00Z,2024-02-07,33,103.0,APXMIDP
2024-02-07T16:30:00Z,2024-02-07,34,104.35,APXMIDP
2024-02-07T17:00:00Z,2024-02-07,35,101.74,APXMIDP
2024-02-07T17:30:00Z,2024-02-07,36,105.18,APXMIDP
2024-02-07T18:00:00Z,2024-02-07,37,99.12,APXMIDP
2024-02-07T18:30:00Z,2024-02-07,38,103.45,APXMIDP
2024-02-07T19:00:00Z,2024-02-07,39,91.3,APXMIDP
2024-02-07T19:30:00Z,2024-02-07,40,85.54,APXMIDP
2024-02-07T20:00:00Z,2024-02-07,41,80.53,APXMIDP
2024-02-07T20:30:00Z,2024-02-07,42,71.33,APXMIDP
2024-02-07T21:00:00Z,2024-02-07,43,76.64,APXMIDP
2024-02-07T21:30:00Z,2024-02-07,44,77.84,APXMIDP
2024-02-07T22:00:00Z,2024-02-07,45,69.93,APXMIDP
2024-02-07T22:30:00Z,2024-02-07,46,65.58,APXMIDP
2024-02-07T23:00:00Z,2024-02-07,47,65.87,APXMIDP
2024-02-07T23:30:00Z,2024-02-07,48,67.17,APXMIDP
2024-02-08T00:00:00Z,2024-02-08,1,61.61,APXMIDP
2024-02-08T00:30:00Z,2024-02-08,2,64.15,APXMIDP
2024-02-08T01:00:00Z,2024-02-08,3,61.23,APXMIDP
2024-02-08T01:30:00Z,2024-02-08,4,55.97,APXMIDP
2024-02-08T02:00:00Z,2024-02-08,5,56.13,APXMIDP
2024-02-08T02:30:00Z,2024-02-08,6,55.58,APXMIDP
2024-02-08T03:00:00Z,2024-02-08,7,62.1,APXMIDP
2024-02-08T03:30:00Z,2024-02-08,8,54.62,APXMIDP
2024-02-08T04:00:00Z,2024-02-08,9,52.08,APXMIDP
2024-02-08T04:30:00Z,2024-02-08,10,53.06,APXMIDP
2024-02-08T05:00:00Z,2024-02-08,11,55.4,APXMIDP
2024-02-08T05:30:00Z,2024-02-08,12,52.67,APXMIDP
2024-02-08T06:00:00Z,2024-02-08,13,65.85,APXMIDP
2024-02-08T06:30:00Z,2024-02-08,14,70.24,APXMIDP
2024-02-08T07:00:00Z,2024-02-08,15,91.58,APXMIDP
2024-02-08T07:30:00Z,2024-02-08,16,91.27,APXMIDP
2024-02-08T08:00:00Z,2024-02-08,17,87.51,APXMIDP
2024-02-08T08:30:00Z,2024-02-08,18,85.57,APXMIDP
2024-02-08T09:00:00Z,2024-02-08,19,76.73,APXMIDP
2024-02-08T09:30:00Z,2024-02-08,20,75.35,APXMIDP
2024-02-08T10:00:00Z,2024-02-08,21,80.44,APXMIDP
2024-02-08T10:30:00Z,2024-02-08,22,80.63,APXMIDP
2024-02-08T11:00:00Z,2024-02-08,23,71.13,APXMIDP
2024-02-08T11:30:00Z,2024-02-08,24,69.04,APXMIDP
2024-02-08T12:00:00Z,2024-02-08,25,69.9,APXMIDP
2024-02-08T12:30:00Z,2024-02-08,26,67.74,APXMIDP
2024-02-08T13:00:00Z,2024-02-08,27,70.47,APXMIDP
2024-02-08T13:30:00Z,2024-02-08,28,69.33,APXMIDP
2024-02-08T14:00:00Z,2024-02-08,29,76.66,APXMIDP
2024-02-08T14:30:00Z,2024-02-08,30,73.82,APXMIDP
2024-02-08T15:00:00Z,2024-02-08,31,68.89,APXMIDP
2024-02-08T15:30:00Z,2024-02-08,32,75.67,APXMIDP
2024-02-08T16:00:00Z,2024-02-08,33,67.9,APXMIDP
2024-02-08T16:30:00Z,2024-02-08,34,71.65,APXMIDP
2024-02-08T17:00:00Z,2024-02-08,35,70.08,APXMIDP
2024-02-08T17:30:00Z,2024-02-08,36,69.38,APXMIDP
2024-02-08T18:00:00Z,2024-02-08,37,66.86,APXMIDP
2024-02-08T18:30:00Z,2024-02-08,38,66.38,APXMIDP
2024-02-08T19:00:00Z,2024-02-08,39,72.21,APXMIDP
2024-02-08T19:30:00Z,2024-02-08,40,67.47,APXMIDP
2024-02-08T20:00:00Z,2024-02-08,41,62.64,APXMIDP
2024-02-08T20:30:00Z,2024-02-08,42,65.32,APXMIDP
2024-02-08T21:00:00Z,2024-02-08,43,65.21,APXMIDP
2024-02-08T21:30:00Z,2024-02-08,44,61.29,APXMIDP
2024-02-08T22:00:00Z,2024-02-08,45,63.33,APXMIDP
2024-02-08T22:30:00Z,2024-02-08,46,53.91,APXMIDP
2024-02-08T23:00:00Z,2024-02-08,47,69.37,APXMIDP
2024-02-08T23:30:00Z,2024-02-08,48,57.73,APXMIDP
2024-02-09T00:00:00Z,2024-02-09,1,62.55,APXMIDP
2024-02-09T00:30:00Z,2024-02-09,2,64.0,APXMIDP
2024-02-09T01:00:00Z,2024-02-09,3,56.38,APXMIDP
2024-02-09T01:30:00Z,2024-02-09,4,55.79,APXMIDP
2024-02-09T02:00:00Z,2024-02-09,5,59.18,APXMIDP
2024-02-09T02:30:00Z,2024-02-09,6,60.01,APXMIDP
2024-02-09T03:00:00Z,2024-02-09,7,63.35,APXMIDP
2024-02-09T03:30:00Z,2024-02-09,8,61.46,APXMIDP
2024-02-09T04:00:00Z,2024-02-09,9,62.89,APXMIDP
2024-02-09T04:30:00Z,2024-02-09,10,59.84,APXMIDP
2024-02-09T05:00:00Z,2024-02-09,11,64.04,APXMIDP
2024-02-09T05:30:00Z,2024-02-09,12,66.15,APXMIDP
2024-02-09T06:00:00Z,2024-02-09,13,66.41,APXMIDP
2024-02-09T06:30:00Z,2024-02-09,14,73.06,APXMIDP
2024-02-09T07:00:00Z,2024-02-09,15,65.57,APXMIDP
2024-02-09T07:30:00Z,2024-02-09,16,74.52,APXMIDP
2024-02-09T08:00:00Z,2024-02-09,17,72.84,APXMIDP
2024-02-09T08:30:00Z,2024-02-09,18,78.21,APXMIDP
2024-02-09T09:00:00Z,2024-02-09,19,80.38,APXMIDP
2024-02-09T09:30:00Z,2024-02-09,20,79.86,APXMIDP
2024-02-09T10:00:00Z,2024-02-09,21,77.23,APXMIDP
2024-02-09T10:30:00Z,2024-02-09,22,75.65,APXMIDP
2024-02-09T11:00:00Z,2024-02-09,23,72.77,APXMIDP
2024-02-09T11:30:00Z,2024-02-09,24,73.16,APXMIDP
2024-02-09T12:00:00Z,2024-02-09,25,72.92,APXMIDP
2024-02-09T12:30:00Z,2024-02-09,26,70.4,APXMIDP
2024-02-09T13:00:00Z,2024-02-09,27,68.96,APXMIDP
2024-02-09T13:30:00Z,2024-02-09,28,57.83,APXMIDP
2024-02-09T14:00:00Z,2024-02-09,29,67.21,APXMIDP
2024-02-09T14:30:00Z,2024-02-09,30,61.47,APXMIDP
2024-02-09T15:00:00Z,2024-02-09,31,68.62,APXMIDP
2024-02-09T15:30:00Z,2024-02-09,32,74.6,APXMIDP
2024-02-09T16:00:00Z,2024-02-09,33,71.26,APXMIDP
2024-02-09T16:30:00Z,2024-02-09,34,73.6,APXMIDP
2024-02-09T17:00:00Z,2024-02-09,35,73.35,APXMIDP
2024-02-09T17:30:00Z,2024-02-09,36,72.46,APXMIDP
2024-02-09T18:00:00Z,2024-02-09,37,66.75,APXMIDP
2024-02-09T18:30:00Z,2024-02-09,38,67.85,APXMIDP
2024-02-09T19:00:00Z,2024-02-09,39,65.96,APXMIDP
2024-02-09T19:30:00Z,2024-02-09,40,69.31,APXMIDP
2024-02-09T20:00:00Z,2024-02-09,41,67.34,APXMIDP
2024-02-09T20:30:00Z,2024-02-09,42,50.23,APXMIDP
2024-02-09T21:00:00Z,2024-02-09,43,58.2,APXMIDP
2024-02-09T21:30:00Z,2024-02-09,44,58.36,APXMIDP
2024-02-09T22:00:00Z,2024-02-09,45,60.62,APXMIDP
2024-02-09T22:30:00Z,2024-02-09,46,51.44,APXMIDP
2024-02-09T23:00:00Z,2024-02-09,47,59.27,APXMIDP
2024-02-09T23:30:00Z,2024-02-09,48,59.1,APXMIDP
2024-02-10T00:00:00Z,2024-02-10,1,53.52,APXMIDP
2024-02-10T00:30:00Z,2024-02-10,2,60.76,APXMIDP
2024-02-10T01:00:00Z,2024-02-10,3,59.17,APXMIDP
2024-02-10T01:30:00Z,2024-02-10,4,61.62,APXMIDP
2024-02-10T02:00:00Z,2024-02-10,5,60.91,APXMIDP
2024-02-10T02:30:00Z,2024-02-10,6,59.73,APXMIDP
2024-02-10T03:00:00Z,2024-02-10,7,66.42,APXMIDP
2024-02-10T03:30:00Z,2024-02-10,8,71.5,APXMIDP
2024-02-10T04:00:00Z,2024-02-10,9,71.92,APXMIDP
2024-02-10T04:30:00Z,2024-02-10,10,71.16,APXMIDP
2024-02-10T05:00:00Z,2024-02-10,11,67.91,APXMIDP
2024-02-10T05:30:00Z,2024-02-10,12,66.08,APXMIDP
2024-02-10T06:00:00Z,2024-02-10,13,74.47,APXMIDP
2024-02-10T06:30:00Z,2024-02-10,14,62.67,APXMIDP
2024-02-10T07:00:00Z,2024-02-10,15,72.73,APXMIDP
2024-02-10T07:30:00Z,2024-02-10,16,73.77,APXMIDP
2024-02-10T08:00:00Z,2024-02-10,17,66.71,APXMIDP
2024-02-10T08:30:00Z,2024-02-10,18,81.55,APXMIDP
2024-02-10T09:00:00Z,2024-02-10,19,67.38,APXMIDP
2024-02-10T09:30:00Z,2024-02-10,20,71.33,APXMIDP
2024-02-10T10:00:00Z,2024-02-10,21,69.92,APXMIDP
2024-02-10T10:30:00Z,2024-02-10,22,71.98,APXMIDP
2024-02-10T11:00:00Z,2024-02-10,23,70.58,APXMIDP
2024-02-10T11:30:00Z,2024-02-10,24,70.98,APXMIDP
2024-02-10T12:00:00Z,2024-02-10,25,75.62,APXMIDP
2024-02-10T12:30:00Z,2024-02-10,26,75.71,APXMIDP
2024-02-10T13:00:00Z,2024-02-10,27,76.75,APXMIDP
2024-02-10T13:30:00Z,2024-02-10,28,72.44,APXMIDP
2024-02-10T14:00:00Z,2024-02-10,29,71.05,APXMIDP
2024-02-10T14:30:00Z,2024-02-10,30,68.66,APXMIDP
2024-02-10T15:00:00Z,2024-02-10,31,72.17,APXMIDP
2024-02-10T15:30:00Z,2024-02-10,32,79.89,APXMIDP
2024-02-10T16:00:00Z,2024-02-10,33,70.18,APXMIDP
2024-02-10T16:30:00Z,2024-02-10,34,79.48,APXMIDP
2024-02-10T17:00:00Z,2024-02-10,35,78.2,APXMIDP
2024-02-10T17:30:00Z,2024-02-10,36,80.4,APXMIDP
2024-02-10T18:00:00Z,2024-02-10,37,76.88,APXMIDP
2024-02-10T18:30:00Z,2024-02-10,38,78.25,APXMIDP
2024-02-10T19:00:00Z,2024-02-10,39,75.72,APXMIDP
2024-02-10T19:30:00Z,2024-02-10,40,68.87,APXMIDP
2024-02-10T20:00:00Z,2024-02-10,41,74.44,APXMIDP
2024-02-10T20:30:00Z,2024-02-10,42,62.12,APXMIDP
2024-02-10T21:00:00Z,2024-02-10,43,57.73,APXMIDP
2024-02-10T21:30:00Z,2024-02-10,44,57.16,APXMIDP
2024-02-10T22:00:00Z,2024-02-10,45,55.41,APXMIDP
2024-02-10T22:30:00Z,2024-02-10,46,54.15,APXMIDP
2024-02-10T23:00:00Z,2024-02-10,47,66.33,APXMIDP
2024-02-10T23:30:00Z,2024-02-10,48,69.07,APXMIDP
2024-02-11T00:00:00Z,2024-02-11,1,69.05,APXMIDP
2024-02-11T00:30:00Z,2024-02-11,2,69.44,APXMIDP
2024-02-11T01:00:00Z,2024-02-11,3,71.07,APXMIDP
2024-02-11T01:30:00Z,2024-02-11,4,69.12,APXMIDP
2024-02-11T02:00:00Z,2024-02-11,5,66.78,APXMIDP
2024-02-11T02:30:00Z,2024-02-11,6,62.12,APXMIDP
2024-02-11T03:00:00Z,2024-02-11,7,59.59,APXMIDP
2024-02-11T03:30:00Z,2024-02-11,8,59.16,APXMIDP
2024-02-11T04:00:00Z,2024-02-11,9,60.26,APXMIDP
2024-02-11T04:30:00Z,2024-02-11,10,61.39,APXMIDP
2024-02-11T05:00:00Z,2024-02-11,11,61.27,APXMIDP
2024-02-11T05:30:00Z,2024-02-11,12,60.2,APXMIDP
2024-02-11T06:00:00Z,2024-02-11,13,57.56,APXMIDP
2024-02-11T06:30:00Z,2024-02-11,14,59.14,APXMIDP
2024-02-11T07:00:00Z,2024-02-11,15,63.21,APXMIDP
2024-02-11T07:30:00Z,2024-02-11,16,64.8,APXMIDP
2024-02-11T08:00:00Z,2024-02-11,17,61.67,APXMIDP
2024-02-11T08:30:00Z,2024-02-11,18,61.35,APXMIDP
2024-02-11T09:00:00Z,2024-02-11,19,62.77,APXMIDP
2024-02-11T09:30:00Z,2024-02-11,20,62.88,APXMIDP
2024-02-11T10:00:00Z,2024-02-11,21,61.75,APXMIDP
2024-02-11T10:30:00Z,2024-02-11,22,60.68,APXMIDP
2024-02-11T11:00:00Z,2024-02-11,23,55.33,APXMIDP
2024-02-11T11:30:00Z,2024-02-11,24,53.87,APXMIDP
2024-02-11T12:00:00Z,2024-02-11,25,59.27,APXMIDP
2024-02-11T12:30:00Z,2024-02-11,26,59.65,APXMIDP
2024-02-11T13:00:00Z,2024-02-11,27,58.47,APXMIDP
2024-02-11T13:30:00Z,2024-02-11,28,56.92,APXMIDP
2024-02-11T14:00:00Z,2024-02-11,29,57.42,APXMIDP
2024-02-11T14:30:00Z,2024-02-11,30,57.45,APXMIDP
2024-02-11T15:00:00Z,2024-02-11,31,71.2,APXMIDP
2024-02-11T15:30:00Z,2024-02-11,32,68.05,APXMIDP
2024-02-11T16:00:00Z,2024-02-11,33,65.09,APXMIDP
2024-02-11T16:30:00Z,2024-02-11,34,74.91,APXMIDP
2024-02-11T17:00:00Z,2024-02-11,35,79.77,APXMIDP
2024-02-11T17:30:00Z,2024-02-11,36,84.09,APXMIDP
2024-02-11T18:00:00Z,2024-02-11,37,81.3,APXMIDP
2024-02-11T18:30:00Z,2024-02-11,38,81.55,APXMIDP
2024-02-11T19:00:00Z,2024-02-11,39,79.22,APXMIDP
2024-02-11T19:30:00Z,2024-02-11,40,73.88,APXMIDP
2024-02-11T20:00:00Z,2024-02-11,41,74.06,APXMIDP
2024-02-11T20:30:00Z,2024-02-11,42,65.68,APXMIDP
2024-02-11T21:00:00Z,2024-02-11,43,65.69,APXMIDP
2024-02-11T21:30:00Z,2024-02-11,44,63.08,APXMIDP
2024-02-11T22:00:00Z,2024-02-11,45,68.84,APXMIDP
2024-02-11T22:30:00Z,2024-02-11,46,66.03,APXMIDP
2024-02-11T23:00:00Z,2024-02-11,47,74.66,APXMIDP
2024-02-11T23:30:00Z,2024-02-11,48,66.34,APXMIDP
2024-02-12T00:00:00Z,2024-02-12,1,60.59,APXMIDP
2024-02-12T00:30:00Z,2024-02-12,2,65.07,APXMIDP
2024-02-12T01:00:00Z,2024-02-12,3,60.21,APXMIDP
2024-02-12T01:30:00Z,2024-02-12,4,55.76,APXMIDP
2024-02-12T02:00:00Z,2024-02-12,5,60.78,APXMIDP
2024-02-12T02:30:00Z,2024-02-12,6,60.98,APXMIDP
2024-02-12T03:00:00Z,2024-02-12,7,65.91,APXMIDP
2024-02-12T03:30:00Z,2024-02-12,8,58.5,APXMIDP
2024-02-12T04:00:00Z,2024-02-12,9,64.46,APXMIDP
2024-02-12T04:30:00Z,2024-02-12,10,55.82,APXMIDP
2024-02-12T05:00:00Z,2024-02-12,11,74.56,APXMIDP
2024-02-12T05:30:00Z,2024-02-12,12,70.67,APXMIDP
2024-02-12T06:00:00Z,2024-02-12,13,82.41,APXMIDP
2024-02-12T06:30:00Z,2024-02-12,14,74.2,APXMIDP
2024-02-12T07:00:00Z,2024-02-12,15,81.8,APXMIDP
2024-02-12T07:30:00Z,2024-02-12,16,88.64,APXMIDP
2024-02-12T08:00:00Z,2024-02-12,17,83.32,APXMIDP
2024-02-12T08:30:00Z,2024-02-12,18,83.29,APXMIDP
2024-02-12T09:00:00Z,2024-02-12,19,74.93,APXMIDP
2024-02-12T09:30:00Z,2024-02-12,20,67.42,APXMIDP
2024-02-12T10:00:00Z,2024-02-12,21,68.35,APXMIDP
2024-02-12T10:30:00Z,2024-02-12,22,64.04,APXMIDP
2024-02-12T11:00:00Z,2024-02-12,23,60.18,APXMIDP
2024-02-12T11:30:00Z,2024-02-12,24,58.53,APXMIDP
2024-02-12T12:00:00Z,2024-02-12,25,58.77,APXMIDP
2024-02-12T12:30:00Z,2024-02-12,26,57.33,APXMIDP
2024-02-12T13:00:00Z,2024-02-12,27,57.01,APXMIDP
2024-02-12T13:30:00Z,2024-02-12,28,56.61,APXMIDP
2024-02-12T14:00:00Z,2024-02-12,29,57.97,APXMIDP
2024-02-12T14:30:00Z,2024-02-12,30,58.38,APXMIDP
2024-02-12T15:00:00Z,2024-02-12,31,61.44,APXMIDP
2024-02-12T15:30:00Z,2024-02-12,32,67.76,APXMIDP
2024-02-12T16:00:00Z,2024-02-12,33,69.53,APXMIDP
2024-02-12T16:30:00Z,2024-02-12,34,77.47,APXMIDP
2024-02-12T17:00:00Z,2024-02-12,35,86.31,APXMIDP
2024-02-12T17:30:00Z,2024-02-12,36,88.28,APXMIDP
2024-02-12T18:00:00Z,2024-02-12,37,81.46,APXMIDP
2024-02-12T18:30:00Z,2024-02-12,38,81.84,APXMIDP
2024-02-12T19:00:00Z,2024-02-12,39,72.82,APXMIDP
2024-02-12T19:30:00Z,2024-02-12,40,71.16,APXMIDP
2024-02-12T20:00:00Z,2024-02-12,41,72.59,APXMIDP
2024-02-12T20:30:00Z,2024-02-12,42,64.62,APXMIDP
2024-02-12T21:00:00Z,2024-02-12,43,66.62,APXMIDP
2024-02-12T21:30:00Z,2024-02-12,44,59.66,APXMIDP
2024-02-12T22:00:00Z,2024-02-12,45,63.42,APXMIDP
2024-02-12T22:30:00Z,2024-02-12,46,64.65,APXMIDP
2024-02-12T23:00:00Z,2024-02-12,47,51.73,APXMIDP
2024-02-12T23:30:00Z,2024-02-12,48,56.6,APXMIDP
2024-02-13T00:00:00Z,2024-02-13,1,60.86,APXMIDP
2024-02-13T00:30:00Z,2024-02-13,2,61.32,APXMIDP
2024-02-13T01:00:00Z,2024-02-13,3,50.43,APXMIDP
2024-02-13T01:30:00Z,2024-02-13,4,59.94,APXMIDP
2024-02-13T02:00:00Z,2024-02-13,5,55.15,APXMIDP
2024-02-13T02:30:00Z,2024-02-13,6,55.62,APXMIDP
2024-02-13T03:00:00Z,2024-02-13,7,59.85,APXMIDP
2024-02-13T03:30:00Z,2024-02-13,8,58.54,APXMIDP
2024-02-13T04:00:00Z,2024-02-13,9,60.4,APXMIDP
2024-02-13T04:30:00Z,2024-02-13,10,58.19,APXMIDP
2024-02-13T05:00:00Z,2024-02-13,11,71.86,APXMIDP
2024-02-13T05:30:00Z,2024-02-13,12,57.53,APXMIDP
2024-02-13T06:00:00Z,2024-02-13,13,65.41,APXMIDP
2024-02-13T06:30:00Z,2024-02-13,14,66.58,APXMIDP
2024-02-13T07:00:00Z,2024-02-13,15,67.01,APXMIDP
2024-02-13T07:30:00Z,2024-02-13,16,79.9,APXMIDP
2024-02-13T08:00:00Z,2024-02-13,17,61.95,APXMIDP
2024-02-13T08:30:00Z,2024-02-13,18,71.68,APXMIDP
2024-02-13T09:00:00Z,2024-02-13,19,60.83,APXMIDP
2024-02-13T09:30:00Z,2024-02-13,20,63.18,APXMIDP
2024-02-13T10:00:00Z,2024-02-13,21,61.11,APXMIDP
2024-02-13T10:30:00Z,2024-02-13,22,59.56,APXMIDP
2024-02-13T11:00:00Z,2024-02-13,23,61.21,APXMIDP
2024-02-13T11:30:00Z,2024-02-13,24,60.69,APXMIDP
2024-02-13T12:00:00Z,2024-02-13,25,60.58,APXMIDP
2024-02-13T12:30:00Z,2024-02-13,26,59.32,APXMIDP
2024-02-13T13:00:00Z,2024-02-13,27,54.82,APXMIDP
2024-02-13T13:30:00Z,2024-02-13,28,56.54,APXMIDP
2024-02-13T14:00:00Z,2024-02-13,29,58.27,APXMIDP
2024-02-13T14:30:00Z,2024-02-13,30,57.86,APXMIDP
2024-02-13T15:00:00Z,2024-02-13,31,65.34,APXMIDP
2024-02-13T15:30:00Z,2024-02-13,32,64.11,APXMIDP
2024-02-13T16:00:00Z,2024-02-13,33,65.7,APXMIDP
2024-02-13T16:30:00Z,2024-02-13,34,68.12,APXMIDP
2024-02-13T17:00:00Z,2024-02-13,35,69.78,APXMIDP
2024-02-13T17:30:00Z,2024-02-13,36,73.98,APXMIDP
2024-02-13T18:00:00Z,2024-02-13,37,72.15,APXMIDP
2024-02-13T18:30:00Z,2024-02-13,38,71.61,APXMIDP
2024-02-13T19:00:00Z,2024-02-13,39,68.74,APXMIDP
2024-02-13T19:30:00Z,2024-02-13,40,63.13,APXMIDP
2024-02-13T20:00:00Z,2024-02-13,41,66.8,APXMIDP
2024-02-13T20:30:00Z,2024-02-13,42,67.2,APXMIDP
2024-02-13T21:00:00Z,2024-02-13,43,66.38,APXMIDP
2024-02-13T21:30:00Z,2024-02-13,44,67.71,APXMIDP
2024-02-13T22:00:00Z,2024-02-13,45,69.68,APXMIDP
2024-02-13T22:30:00Z,2024-02-13,46,68.22,APXMIDP
2024-02-13T23:00:00Z,2024-02-13,47,67.72,APXMIDP
2024-02-13T23:30:00Z,2024-02-13,48,67.77,APXMIDP
2024-02-14T00:00:00Z,2024-02-14,1,66.22,APXMIDP
2024-02-14T00:30:00Z,2024-02-14,2,67.13,APXMIDP
2024-02-14T01:00:00Z,2024-02-14,3,63.68,APXMIDP
2024-02-14T01:30:00Z,2024-02-14,4,61.75,APXMIDP
2024-02-14T02:00:00Z,2024-02-14,5,62.39,APXMIDP
2024-02-14T02:30:00Z,2024-02-14,6,62.41,APXMIDP
2024-02-14T03:00:00Z,2024-02-14,7,61.09,APXMIDP
2024-02-14T03:30:00Z,2024-02-14,8,56.59,APXMIDP
2024-02-14T04:00:00Z,2024-02-14,9,57.79,APXMIDP
2024-02-14T04:30:00Z,2024-02-14,10,59.21,APXMIDP
2024-02-14T05:00:00Z,2024-02-14,11,59.59,APXMIDP
2024-02-14T05:30:00Z,2024-02-14,12,57.66,APXMIDP
2024-02-14T06:00:00Z,2024-02-14,13,66.56,APXMIDP
2024-02-14T06:30:00Z,2024-02-14,14,62.83,APXMIDP
2024-02-14T07:00:00Z,2024-02-14,15,66.41,APXMIDP
2024-02-14T07:30:00Z,2024-02-14,16,70.97,APXMIDP
2024-02-14T08:00:00Z,2024-02-14,17,68.52,APXMIDP
2024-02-14T08:30:00Z,2024-02-14,18,71.65,APXMIDP
2024-02-14T09:00:00Z,2024-02-14,19,76.13,APXMIDP
2024-02-14T09:30:00Z,2024-02-14,20,71.55,APXMIDP
2024-02-14T10:00:00Z,2024-02-14,21,67.74,APXMIDP
2024-02-14T10:30:00Z,2024-02-14,22,63.84,APXMIDP
2024-02-14T11:00:00Z,2024-02-14,23,60.47,APXMIDP
2024-02-14T11:30:00Z,2024-02-14,24,58.52,APXMIDP
2024-02-14T12:00:00Z,2024-02-14,25,56.36,APXMIDP
2024-02-14T12:30:00Z,2024-02-14,26,57.12,APXMIDP
2024-02-14T13:00:00Z,2024-02-14,27,59.68,APXMIDP
2024-02-14T13:30:00Z,2024-02-14,28,56.91,APXMIDP
2024-02-14T14:00:00Z,2024-02-14,29,61.02,APXMIDP
2024-02-14T14:30:00Z,2024-02-14,30,59.86,APXMIDP
2024-02-14T15:00:00Z,2024-02-14,31,61.73,APXMIDP
2024-02-14T15:30:00Z,2024-02-14,32,62.98,APXMIDP
2024-02-14T16:00:00Z,2024-02-14,33,62.46,APXMIDP
2024-02-14T16:30:00Z,2024-02-14,34,69.95,APXMIDP
2024-02-14T17:00:00Z,2024-02-14,35,69.3,APXMIDP
2024-02-14T17:30:00Z,2024-02-14,36,75.21,APXMIDP
2024-02-14T18:00:00Z,2024-02-14,37,74.32,APXMIDP
2024-02-14T18:30:00Z,2024-02-14,38,71.55,APXMIDP
2024-02-14T19:00:00Z,2024-02-14,39,66.71,APXMIDP
2024-02-14T19:30:00Z,2024-02-14,40,56.91,APXMIDP
2024-02-14T20:00:00Z,2024-02-14,41,54.91,APXMIDP
2024-02-14T20:30:00Z,2024-02-14,42,53.07,APXMIDP
2024-02-14T21:00:00Z,2024-02-14,43,50.79,APXMIDP
2024-02-14T21:30:00Z,2024-02-14,44,55.29,APXMIDP
2024-02-14T22:00:00Z,2024-02-14,45,53.75,APXMIDP
2024-02-14T22:30:00Z,2024-02-14,46,51.34,APXMIDP
2024-02-14T23:00:00Z,2024-02-14,47,48.01,APXMIDP
2024-02-14T23:30:00Z,2024-02-14,48,45.27,APXMIDP
2024-02-15T00:00:00Z,2024-02-15,1,39.96,APXMIDP
2024-02-15T00:30:00Z,2024-02-15,2,48.07,APXMIDP
2024-02-15T01:00:00Z,2024-02-15,3,47.35,APXMIDP
2024-02-15T01:30:00Z,2024-02-15,4,48.53,APXMIDP
2024-02-15T02:00:00Z,2024-02-15,5,45.4,APXMIDP
2024-02-15T02:30:00Z,2024-02-15,6,42.71,APXMIDP
2024-02-15T03:00:00Z,2024-02-15,7,44.32,APXMIDP
2024-02-15T03:30:00Z,2024-02-15,8,41.72,APXMIDP
2024-02-15T04:00:00Z,2024-02-15,9,48.33,APXMIDP
2024-02-15T04:30:00Z,2024-02-15,10,47.74,APXMIDP
2024-02-15T05:00:00Z,2024-02-15,11,60.14,APXMIDP
2024-02-15T05:30:00Z,2024-02-15,12,61.53,APXMIDP
2024-02-15T06:00:00Z,2024-02-15,13,68.0,APXMIDP
2024-02-15T06:30:00Z,2024-02-15,14,64.54,APXMIDP
2024-02-15T07:00:00Z,2024-02-15,15,61.39,APXMIDP
2024-02-15T07:30:00Z,2024-02-15,16,67.61,APXMIDP
2024-02-15T08:00:00Z,2024-02-15,17,57.2,APXMIDP
2024-02-15T08:30:00Z,2024-02-15,18,63.18,APXMIDP
2024-02-15T09:00:00Z,2024-02-15,19,59.3,APXMIDP
2024-02-15T09:30:00Z,2024-02-15,20,57.07,APXMIDP
2024-02-15T10:00:00Z,2024-02-15,21,54.57,APXMIDP
2024-02-15T10:30:00Z,2024-02-15,22,55.77,APXMIDP
2024-02-15T11:00:00Z,2024-02-15,23,52.19,APXMIDP
2024-02-15T11:30:00Z,2024-02-15,24,52.52,APXMIDP
2024-02-15T12:00:00Z,2024-02-15,25,51.8,APXMIDP
2024-02-15T12:30:00Z,2024-02-15,26,52.95,APXMIDP
2024-02-15T13:00:00Z,2024-02-15,27,54.41,APXMIDP
2024-02-15T13:30:00Z,2024-02-15,28,54.25,APXMIDP
2024-02-15T14:00:00Z,2024-02-15,29,58.26,APXMIDP
2024-02-15T14:30:00Z,2024-02-15,30,54.52,APXMIDP
2024-02-15T15:00:00Z,2024-02-15,31,64.37,APXMIDP
2024-02-15T15:30:00Z,2024-02-15,32,68.75,APXMIDP
2024-02-15T16:00:00Z,2024-02-15,33,65.86,APXMIDP
2024-02-15T16:30:00Z,2024-02-15,34,67.98,APXMIDP
2024-02-15T17:00:00Z,2024-02-15,35,65.6,APXMIDP
2024-02-15T17:30:00Z,2024-02-15,36,72.04,APXMIDP
2024-02-15T18:00:00Z,2024-02-15,37,65.13,APXMIDP
2024-02-15T18:30:00Z,2024-02-15,38,63.81,APXMIDP
2024-02-15T19:00:00Z,2024-02-15,39,64.06,APXMIDP
2024-02-15T19:30:00Z,2024-02-15,40,61.07,APXMIDP
2024-02-15T20:00:00Z,2024-02-15,41,57.53,APXMIDP
2024-02-15T20:30:00Z,2024-02-15,42,55.86,APXMIDP
2024-02-15T21:00:00Z,2024-02-15,43,57.52,APXMIDP
2024-02-15T21:30:00Z,2024-02-15,44,58.75,APXMIDP
2024-02-15T22:00:00Z,2024-02-15,45,58.71,APXMIDP
2024-02-15T22:30:00Z,2024-02-15,46,56.6,APXMIDP
2024-02-15T23:00:00Z,2024-02-15,47,52.69,APXMIDP
2024-02-15T23:30:00Z,2024-02-15,48,54.08,APXMIDP
2024-02-16T00:00:00Z,2024-02-16,1,56.53,APXMIDP
2024-02-16T00:30:00Z,2024-02-16,2,63.96,APXMIDP
2024-02-16T01:00:00Z,2024-02-16,3,66.82,APXMIDP
2024-02-16T01:30:00Z,2024-02-16,4,63.06,APXMIDP
2024-02-16T02:00:00Z,2024-02-16,5,63.29,APXMIDP
2024-02-16T02:30:00Z,2024-02-16,6,62.95,APXMIDP
2024-02-16T03:00:00Z,2024-02-16,7,58.68,APXMIDP
2024-02-16T03:30:00Z,2024-02-16,8,55.4,APXMIDP
2024-02-16T04:00:00Z,2024-02-16,9,54.72,APXMIDP
2024-02-16T04:30:00Z,2024-02-16,10,53.79,APXMIDP
2024-02-16T05:00:00Z,2024-02-16,11,56.73,APXMIDP
2024-02-16T05:30:00Z,2024-02-16,12,55.26,APXMIDP
2024-02-16T06:00:00Z,2024-02-16,13,57.6,APXMIDP
2024-02-16T06:30:00Z,2024-02-16,14,56.16,APXMIDP
2024-02-16T07:00:00Z,2024-02-16,15,51.51,APXMIDP
2024-02-16T07:30:00Z,2024-02-16,16,59.99,APXMIDP
2024-02-16T08:00:00Z,2024-02-16,17,64.67,APXMIDP
2024-02-16T08:30:00Z,2024-02-16,18,66.95,APXMIDP
2024-02-16T09:00:00Z,2024-02-16,19,71.0,APXMIDP
2024-02-16T09:30:00Z,2024-02-16,20,65.98,APXMIDP
2024-02-16T10:00:00Z,2024-02-16,21,70.23,APXMIDP
2024-02-16T10:30:00Z,2024-02-16,22,63.17,APXMIDP
2024-02-16T11:00:00Z,2024-02-16,23,59.0,APXMIDP
2024-02-16T11:30:00Z,2024-02-16,24,61.02,APXMIDP
2024-02-16T12:00:00Z,2024-02-16,25,63.16,APXMIDP
2024-02-16T12:30:00Z,2024-02-16,26,61.65,APXMIDP
2024-02-16T13:00:00Z,2024-02-16,27,61.25,APXMIDP
2024-02-16T13:30:00Z,2024-02-16,28,62.15,APXMIDP
2024-02-16T14:00:00Z,2024-02-16,29,64.5,APXMIDP
2024-02-16T14:30:00Z,2024-02-16,30,69.94,APXMIDP
2024-02-16T15:00:00Z,2024-02-16,31,73.7,APXMIDP
2024-02-16T15:30:00Z,2024-02-16,32,76.52,APXMIDP
2024-02-16T16:00:00Z,2024-02-16,33,76.54,APXMIDP
2024-02-16T16:30:00Z,2024-02-16,34,74.18,APXMIDP
2024-02-16T17:00:00Z,2024-02-16,35,76.24,APXMIDP
2024-02-16T17:30:00Z,2024-02-16,36,84.18,APXMIDP
2024-02-16T18:00:00Z,2024-02-16,37,83.01,APXMIDP
2024-02-16T18:30:00Z,2024-02-16,38,82.05,APXMIDP
2024-02-16T19:00:00Z,2024-02-16,39,83.04,APXMIDP
2024-02-16T19:30:00Z,2024-02-16,40,79.96,APXMIDP
2024-02-16T20:00:00Z,2024-02-16,41,77.0,APXMIDP
2024-02-16T20:30:00Z,2024-02-16,42,73.9,APXMIDP
2024-02-16T21:00:00Z,2024-02-16,43,74.56,APXMIDP
2024-02-16T21:30:00Z,2024-02-16,44,66.16,APXMIDP
2024-02-16T22:00:00Z,2024-02-16,45,64.44,APXMIDP
2024-02-16T22:30:00Z,2024-02-16,46,59.91,APXMIDP
2024-02-16T23:00:00Z,2024-02-16,47,55.29,APXMIDP
2024-02-16T23:30:00Z,2024-02-16,48,56.53,APXMIDP
2024-02-17T00:00:00Z,2024-02-17,1,54.12,APXMIDP
2024-02-17T00:30:00Z,2024-02-17,2,57.29,APXMIDP
2024-02-17T01:00:00Z,2024-02-17,3,53.28,APXMIDP
2024-02-17T01:30:00Z,2024-02-17,4,51.99,APXMIDP
2024-02-17T02:00:00Z,2024-02-17,5,51.01,APXMIDP
2024-02-17T02:30:00Z,2024-02-17,6,50.07,APXMIDP
2024-02-17T03:00:00Z,2024-02-17,7,48.88,APXMIDP
2024-02-17T03:30:00Z,2024-02-17,8,47.71,APXMIDP
2024-02-17T04:00:00Z,2024-02-17,9,47.19,APXMIDP
2024-02-17T04:30:00Z,2024-02-17,10,46.65,APXMIDP
2024-02-17T05:00:00Z,2024-02-17,11,47.01,APXMIDP
2024-02-17T05:30:00Z,2024-02-17,12,47.38,APXMIDP
2024-02-17T06:00:00Z,2024-02-17,13,47.01,APXMIDP
2024-02-17T06:30:00Z,2024-02-17,14,47.81,APXMIDP
2024-02-17T07:00:00Z,2024-02-17,15,51.33,APXMIDP
2024-02-17T07:30:00Z,2024-02-17,16,53.2,APXMIDP
2024-02-17T08:00:00Z,2024-02-17,17,54.24,APXMIDP
2024-02-17T08:30:00Z,2024-02-17,18,58.17,APXMIDP
2024-02-17T09:00:00Z,2024-02-17,19,63.13,APXMIDP
2024-02-17T09:30:00Z,2024-02-17,20,59.97,APXMIDP
2024-02-17T10:00:00Z,2024-02-17,21,53.19,APXMIDP
2024-02-17T10:30:00Z,2024-02-17,22,49.77,APXMIDP
2024-02-17T11:00:00Z,2024-02-17,23,46.08,APXMIDP
2024-02-17T11:30:00Z,2024-02-17,24,47.0,APXMIDP
2024-02-17T12:00:00Z,2024-02-17,25,56.31,APXMIDP
2024-02-17T12:30:00Z,2024-02-17,26,51.54,APXMIDP
2024-02-17T13:00:00Z,2024-02-17,27,49.23,APXMIDP
2024-02-17T13:30:00Z,2024-02-17,28,47.65,APXMIDP
2024-02-17T14:00:00Z,2024-02-17,29,49.2,APXMIDP
2024-02-17T14:30:00Z,2024-02-17,30,49.0,APXMIDP
2024-02-17T15:00:00Z,2024-02-17,31,60.63,APXMIDP
2024-02-17T15:30:00Z,2024-02-17,32,54.28,APXMIDP
2024-02-17T16:00:00Z,2024-02-17,33,63.4,APXMIDP
2024-02-17T16:30:00Z,2024-02-17,34,64.17,APXMIDP
2024-02-17T17:00:00Z,2024-02-17,35,65.23,APXMIDP
2024-02-17T17:30:00Z,2024-02-17,36,67.83,APXMIDP
2024-02-17T18:00:00Z,2024-02-17,37,64.22,APXMIDP
2024-02-17T18:30:00Z,2024-02-17,38,62.85,APXMIDP
2024-02-17T19:00:00Z,2024-02-17,39,61.86,APXMIDP
2024-02-17T19:30:00Z,2024-02-17,40,57.44,APXMIDP
2024-02-17T20:00:00Z,2024-02-17,41,56.39,APXMIDP
2024-02-17T20:30:00Z,2024-02-17,42,54.72,APXMIDP
2024-02-17T21:00:00Z,2024-02-17,43,50.9,APXMIDP
2024-02-17T21:30:00Z,2024-02-17,44,52.48,APXMIDP
2024-02-17T22:00:00Z,2024-02-17,45,54.54,APXMIDP
2024-02-17T22:30:00Z,2024-02-17,46,57.03,APXMIDP
2024-02-17T23:00:00Z,2024-02-17,47,59.18,APXMIDP
2024-02-17T23:30:00Z,2024-02-17,48,56.37,APXMIDP
2024-02-18T00:00:00Z,2024-02-18,1,53.4,APXMIDP
2024-02-18T00:30:00Z,2024-02-18,2,59.26,APXMIDP
2024-02-18T01:00:00Z,2024-02-18,3,48.55,APXMIDP
2024-02-18T01:30:00Z,2024-02-18,4,45.82,APXMIDP
2024-02-18T02:00:00Z,2024-02-18,5,46.04,APXMIDP
2024-02-18T02:30:00Z,2024-02-18,6,43.06,APXMIDP
2024-02-18T03:00:00Z,2024-02-18,7,47.22,APXMIDP
2024-02-18T03:30:00Z,2024-02-18,8,50.33,APXMIDP
2024-02-18T04:00:00Z,2024-02-18,9,45.76,APXMIDP
2024-02-18T04:30:00Z,2024-02-18,10,54.69,APXMIDP
2024-02-18T05:00:00Z,2024-02-18,11,56.25,APXMIDP
2024-02-18T05:30:00Z,2024-02-18,12,55.85,APXMIDP
2024-02-18T06:00:00Z,2024-02-18,13,51.38,APXMIDP
2024-02-18T06:30:00Z,2024-02-18,14,52.29,APXMIDP
2024-02-18T07:00:00Z,2024-02-18,15,55.93,APXMIDP
2024-02-18T07:30:00Z,2024-02-18,16,63.15,APXMIDP
2024-02-18T08:00:00Z,2024-02-18,17,60.25,APXMIDP
2024-02-18T08:30:00Z,2024-02-18,18,66.15,APXMIDP
2024-02-18T09:00:00Z,2024-02-18,19,68.73,APXMIDP
2024-02-18T09:30:00Z,2024-02-18,20,64.41,APXMIDP
2024-02-18T10:00:00Z,2024-02-18,21,61.03,APXMIDP
2024-02-18T10:30:00Z,2024-02-18,22,55.33,APXMIDP
2024-02-18T11:00:00Z,2024-02-18,23,55.93,APXMIDP
2024-02-18T11:30:00Z,2024-02-18,24,53.62,APXMIDP
2024-02-18T12:00:00Z,2024-02-18,25,54.27,APXMIDP
2024-02-18T12:30:00Z,2024-02-18,26,50.28,APXMIDP
2024-02-18T13:00:00Z,2024-02-18,27,46.49,APXMIDP
2024-02-18T13:30:00Z,2024-02-18,28,46.87,APXMIDP
2024-02-18T14:00:00Z,2024-02-18,29,45.59,APXMIDP
2024-02-18T14:30:00Z,2024-02-18,30,36.26,APXMIDP
2024-02-18T15:00:00Z,2024-02-18,31,37.99,APXMIDP
2024-02-18T15:30:00Z,2024-02-18,32,43.78,APXMIDP
2024-02-18T16:00:00Z,2024-02-18,33,48.79,APXMIDP
2024-02-18T16:30:00Z,2024-02-18,34,50.36,APXMIDP
2024-02-18T17:00:00Z,2024-02-18,35,54.48,APXMIDP
2024-02-18T17:30:00Z,2024-02-18,36,59.78,APXMIDP
2024-02-18T18:00:00Z,2024-02-18,37,62.6,APXMIDP
2024-02-18T18:30:00Z,2024-02-18,38,62.04,APXMIDP
2024-02-18T19:00:00Z,2024-02-18,39,62.58,APXMIDP
2024-02-18T19:30:00Z,2024-02-18,40,64.22,APXMIDP
2024-02-18T20:00:00Z,2024-02-18,41,58.36,APXMIDP
2024-02-18T20:30:00Z,2024-02-18,42,53.37,APXMIDP
2024-02-18T21:00:00Z,2024-02-18,43,56.98,APXMIDP
2024-02-18T21:30:00Z,2024-02-18,44,54.43,APXMIDP
2024-02-18T22:00:00Z,2024-02-18,45,50.48,APXMIDP
2024-02-18T22:30:00Z,2024-02-18,46,46.51,APXMIDP
2024-02-18T23:00:00Z,2024-02-18,47,32.54,APXMIDP
2024-02-18T23:30:00Z,2024-02-18,48,31.17,APXMIDP
2024-02-19T00:00:00Z,2024-02-19,1,22.39,APXMIDP
2024-02-19T00:30:00Z,2024-02-19,2,20.51,APXMIDP
2024-02-19T01:00:00Z,2024-02-19,3,17.22,APXMIDP
2024-02-19T01:30:00Z,2024-02-19,4,12.36,APXMIDP
2024-02-19T02:00:00Z,2024-02-19,5,16.91,APXMIDP
2024-02-19T02:30:00Z,2024-02-19,6,14.56,APXMIDP
2024-02-19T03:00:00Z,2024-02-19,7,16.96,APXMIDP
2024-02-19T03:30:00Z,2024-02-19,8,12.83,APXMIDP
2024-02-19T04:00:00Z,2024-02-19,9,19.41,APXMIDP
2024-02-19T04:30:00Z,2024-02-19,10,19.92,APXMIDP
2024-02-19T05:00:00Z,2024-02-19,11,33.47,APXMIDP
2024-02-19T05:30:00Z,2024-02-19,12,41.15,APXMIDP
2024-02-19T06:00:00Z,2024-02-19,13,48.87,APXMIDP
2024-02-19T06:30:00Z,2024-02-19,14,52.51,APXMIDP
2024-02-19T07:00:00Z,2024-02-19,15,53.84,APXMIDP
2024-02-19T07:30:00Z,2024-02-19,16,62.78,APXMIDP
2024-02-19T08:00:00Z,2024-02-19,17,53.74,APXMIDP
2024-02-19T08:30:00Z,2024-02-19,18,59.81,APXMIDP
2024-02-19T09:00:00Z,2024-02-19,19,60.37,APXMIDP
2024-02-19T09:30:00Z,2024-02-19,20,59.24,APXMIDP
2024-02-19T10:00:00Z,2024-02-19,21,56.98,APXMIDP
2024-02-19T10:30:00Z,2024-02-19,22,52.13,APXMIDP
2024-02-19T11:00:00Z,2024-02-19,23,57.71,APXMIDP
2024-02-19T11:30:00Z,2024-02-19,24,52.51,APXMIDP
2024-02-19T12:00:00Z,2024-02-19,25,51.62,APXMIDP
2024-02-19T12:30:00Z,2024-02-19,26,52.26,APXMIDP
2024-02-19T13:00:00Z,2024-02-19,27,57.1,APXMIDP
2024-02-19T13:30:00Z,2024-02-19,28,57.66,APXMIDP
2024-02-19T14:00:00Z,2024-02-19,29,57.85,APXMIDP
2024-02-19T14:30:00Z,2024-02-19,30,58.05,APXMIDP
2024-02-19T15:00:00Z,2024-02-19,31,61.37,APXMIDP
2024-02-19T15:30:00Z,2024-02-19,32,60.43,APXMIDP
2024-02-19T16:00:00Z,2024-02-19,33,59.02,APXMIDP
2024-02-19T16:30:00Z,2024-02-19,34,69.37,APXMIDP
2024-02-19T17:00:00Z,2024-02-19,35,78.25,APXMIDP
2024-02-19T17:30:00Z,2024-02-19,36,84.41,APXMIDP
2024-02-19T18:00:00Z,2024-02-19,37,73.08,APXMIDP
2024-02-19T18:30:00Z,2024-02-19,38,70.27,APXMIDP
2024-02-19T19:00:00Z,2024-02-19,39,66.24,APXMIDP
2024-02-19T19:30:00Z,2024-02-19,40,59.3,APXMIDP
2024-02-19T20:00:00Z,2024-02-19,41,63.55,APXMIDP
2024-02-19T20:30:00Z,2024-02-19,42,57.22,APXMIDP
2024-02-19T21:00:00Z,2024-02-19,43,55.34,APXMIDP
2024-02-19T21:30:00Z,2024-02-19,44,54.44,APXMIDP
2024-02-19T22:00:00Z,2024-02-19,45,55.16,APXMIDP
2024-02-19T22:30:00Z,2024-02-19,46,52.26,APXMIDP
2024-02-19T23:00:00Z,2024-02-19,47,41.04,APXMIDP
2024-02-19T23:30:00Z,2024-02-19,48,46.5,APXMIDP
2024-02-20T00:00:00Z,2024-02-20,1,54.82,APXMIDP
2024-02-20T00:30:00Z,2024-02-20,2,59.41,APXMIDP
2024-02-20T01:00:00Z,2024-02-20,3,60.31,APXMIDP
2024-02-20T01:30:00Z,2024-02-20,4,58.8,APXMIDP
2024-02-20T02:00:00Z,2024-02-20,5,51.97,APXMIDP
2024-02-20T02:30:00Z,2024-02-20,6,46.68,APXMIDP
2024-02-20T03:00:00Z,2024-02-20,7,50.19,APXMIDP
2024-02-20T03:30:00Z,2024-02-20,8,39.66,APXMIDP
2024-02-20T04:00:00Z,2024-02-20,9,56.93,APXMIDP
2024-02-20T04:30:00Z,2024-02-20,10,55.74,APXMIDP
2024-02-20T05:00:00Z,2024-02-20,11,71.72,APXMIDP
2024-02-20T05:30:00Z,2024-02-20,12,61.57,APXMIDP
2024-02-20T06:00:00Z,2024-02-20,13,72.49,APXMIDP
2024-02-20T06:30:00Z,2024-02-20,14,75.86,APXMIDP
2024-02-20T07:00:00Z,2024-02-20,15,72.54,APXMIDP
2024-02-20T07:30:00Z,2024-02-20,16,75.91,APXMIDP
2024-02-20T08:00:00Z,2024-02-20,17,67.15,APXMIDP
2024-02-20T08:30:00Z,2024-02-20,18,72.1,APXMIDP
2024-02-20T09:00:00Z,2024-02-20,19,64.06,APXMIDP
2024-02-20T09:30:00Z,2024-02-20,20,62.99,APXMIDP
2024-02-20T10:00:00Z,2024-02-20,21,58.79,APXMIDP
2024-02-20T10:30:00Z,2024-02-20,22,59.45,APXMIDP
2024-02-20T11:00:00Z,2024-02-20,23,52.03,APXMIDP
2024-02-20T11:30:00Z,2024-02-20,24,53.53,APXMIDP
2024-02-20T12:00:00Z,2024-02-20,25,47.57,APXMIDP
2024-02-20T12:30:00Z,2024-02-20,26,44.47,APXMIDP
2024-02-20T13:00:00Z,2024-02-20,27,50.02,APXMIDP
2024-02-20T13:30:00Z,2024-02-20,28,46.26,APXMIDP
2024-02-20T14:00:00Z,2024-02-20,29,46.07,APXMIDP
2024-02-20T14:30:00Z,2024-02-20,30,34.86,APXMIDP
2024-02-20T15:00:00Z,2024-02-20,31,44.44,APXMIDP
2024-02-20T15:30:00Z,2024-02-20,32,55.16,APXMIDP
2024-02-20T16:00:00Z,2024-02-20,33,48.02,APXMIDP
2024-02-20T16:30:00Z,2024-02-20,34,57.7,APXMIDP
2024-02-20T17:00:00Z,2024-02-20,35,56.44,APXMIDP
2024-02-20T17:30:00Z,2024-02-20,36,60.26,APXMIDP
2024-02-20T18:00:00Z,2024-02-20,37,57.74,APXMIDP
2024-02-20T18:30:00Z,2024-02-20,38,60.17,APXMIDP
2024-02-20T19:00:00Z,2024-02-20,39,56.74,APXMIDP
2024-02-20T19:30:00Z,2024-02-20,40,55.2,APXMIDP
2024-02-20T20:00:00Z,2024-02-20,41,54.71,APXMIDP
2024-02-20T20:30:00Z,2024-02-20,42,56.96,APXMIDP
2024-02-20T21:00:00Z,2024-02-20,43,57.1,APXMIDP
2024-02-20T21:30:00Z,2024-02-20,44,52.84,APXMIDP
2024-02-20T22:00:00Z,2024-02-20,45,51.98,APXMIDP
2024-02-20T22:30:00Z,2024-02-20,46,51.93,APXMIDP
2024-02-20T23:00:00Z,2024-02-20,47,49.27,APXMIDP
2024-02-20T23:30:00Z,2024-02-20,48,42.55,APXMIDP
2024-02-21T00:00:00Z,2024-02-21,1,49.38,APXMIDP
2024-02-21T00:30:00Z,2024-02-21,2,55.28,APXMIDP
2024-02-21T01:00:00Z,2024-02-21,3,51.69,APXMIDP
2024-02-21T01:30:00Z,2024-02-21,4,48.29,APXMIDP
2024-02-21T02:00:00Z,2024-02-21,5,47.16,APXMIDP
2024-02-21T02:30:00Z,2024-02-21,6,38.25,APXMIDP
2024-02-21T03:00:00Z,2024-02-21,7,38.01,APXMIDP
2024-02-21T03:30:00Z,2024-02-21,8,32.47,APXMIDP
2024-02-21T04:00:00Z,2024-02-21,9,40.08,APXMIDP
2024-02-21T04:30:00Z,2024-02-21,10,35.04,APXMIDP
2024-02-21T05:00:00Z,2024-02-21,11,44.73,APXMIDP
2024-02-21T05:30:00Z,2024-02-21,12,41.9,APXMIDP
2024-02-21T06:00:00Z,2024-02-21,13,44.33,APXMIDP
2024-02-21T06:30:00Z,2024-02-21,14,51.02,APXMIDP
2024-02-21T07:00:00Z,2024-02-21,15,50.02,APXMIDP
2024-02-21T07:30:00Z,2024-02-21,16,57.7,APXMIDP
2024-02-21T08:00:00Z,2024-02-21,17,54.94,APXMIDP
2024-02-21T08:30:00Z,2024-02-21,18,61.76,APXMIDP
2024-02-21T09:00:00Z,2024-02-21,19,54.7,APXMIDP
2024-02-21T09:30:00Z,2024-02-21,20,55.65,APXMIDP
2024-02-21T10:00:00Z,2024-02-21,21,49.39,APXMIDP
2024-02-21T10:30:00Z,2024-02-21,22,48.86,APXMIDP
2024-02-21T11:00:00Z,2024-02-21,23,47.51,APXMIDP
2024-02-21T11:30:00Z,2024-02-21,24,48.36,APXMIDP
2024-02-21T12:00:00Z,2024-02-21,25,50.65,APXMIDP
2024-02-21T12:30:00Z,2024-02-21,26,47.97,APXMIDP
2024-02-21T13:00:00Z,2024-02-21,27,50.46,APXMIDP
2024-02-21T13:30:00Z,2024-02-21,28,51.11,APXMIDP
2024-02-21T14:00:00Z,2024-02-21,29,52.11,APXMIDP
2024-02-21T14:30:00Z,2024-02-21,30,47.25,APXMIDP
2024-02-21T15:00:00Z,2024-02-21,31,45.77,APXMIDP
2024-02-21T15:30:00Z,2024-02-21,32,54.42,APXMIDP
2024-02-21T16:00:00Z,2024-02-21,33,55.41,APXMIDP
2024-02-21T16:30:00Z,2024-02-21,34,62.97,APXMIDP
2024-02-21T17:00:00Z,2024-02-21,35,64.03,APXMIDP
2024-02-21T17:30:00Z,2024-02-21,36,69.58,APXMIDP
2024-02-21T18:00:00Z,2024-02-21,37,71.86,APXMIDP
2024-02-21T18:30:00Z,2024-02-21,38,72.98,APXMIDP
2024-02-21T19:00:00Z,2024-02-21,39,70.67,APXMIDP
2024-02-21T19:30:00Z,2024-02-21,40,66.36,APXMIDP
2024-02-21T20:00:00Z,2024-02-21,41,58.67,APXMIDP
2024-02-21T20:30:00Z,2024-02-21,42,58.24,APXMIDP
2024-02-21T21:00:00Z,2024-02-21,43,51.98,APXMIDP
2024-02-21T21:30:00Z,2024-02-21,44,43.67,APXMIDP
2024-02-21T22:00:00Z,2024-02-21,45,40.8,APXMIDP
2024-02-21T22:30:00Z,2024-02-21,46,21.61,APXMIDP
2024-02-21T23:00:00Z,2024-02-21,47,19.33,APXMIDP
2024-02-21T23:30:00Z,2024-02-21,48,16.24,APXMIDP
2024-02-22T00:00:00Z,2024-02-22,1,22.61,APXMIDP
2024-02-22T00:30:00Z,2024-02-22,2,27.83,APXMIDP
2024-02-22T01:00:00Z,2024-02-22,3,30.88,APXMIDP
2024-02-22T01:30:00Z,2024-02-22,4,28.2,APXMIDP
2024-02-22T02:00:00Z,2024-02-22,5,32.02,APXMIDP
2024-02-22T02:30:00Z,2024-02-22,6,25.48,APXMIDP
2024-02-22T03:00:00Z,2024-02-22,7,40.88,APXMIDP
2024-02-22T03:30:00Z,2024-02-22,8,38.16,APXMIDP
2024-02-22T04:00:00Z,2024-02-22,9,43.82,APXMIDP
2024-02-22T04:30:00Z,2024-02-22,10,53.43,APXMIDP
2024-02-22T05:00:00Z,2024-02-22,11,65.24,APXMIDP
2024-02-22T05:30:00Z,2024-02-22,12,61.27,APXMIDP
2024-02-22T06:00:00Z,2024-02-22,13,60.24,APXMIDP
2024-02-22T06:30:00Z,2024-02-22,14,65.73,APXMIDP
2024-02-22T07:00:00Z,2024-02-22,15,80.47,APXMIDP
2024-02-22T07:30:00Z,2024-02-22,16,87.94,APXMIDP
2024-02-22T08:00:00Z,2024-02-22,17,77.61,APXMIDP
2024-02-22T08:30:00Z,2024-02-22,18,81.97,APXMIDP
2024-02-22T09:00:00Z,2024-02-22,19,79.95,APXMIDP
2024-02-22T09:30:00Z,2024-02-22,20,76.58,APXMIDP
2024-02-22T10:00:00Z,2024-02-22,21,70.58,APXMIDP
2024-02-22T10:30:00Z,2024-02-22,22,70.84,APXMIDP
2024-02-22T11:00:00Z,2024-02-22,23,75.09,APXMIDP
2024-02-22T11:30:00Z,2024-02-22,24,77.2,APXMIDP
2024-02-22T12:00:00Z,2024-02-22,25,79.86,APXMIDP
2024-02-22T12:30:00Z,2024-02-22,26,80.28,APXMIDP
2024-02-22T13:00:00Z,2024-02-22,27,81.13,APXMIDP
2024-02-22T13:30:00Z,2024-02-22,28,82.19,APXMIDP
2024-02-22T14:00:00Z,2024-02-22,29,82.52,APXMIDP
2024-02-22T14:30:00Z,2024-02-22,30,79.54,APXMIDP
2024-02-22T15:00:00Z,2024-02-22,31,76.9,APXMIDP
2024-02-22T15:30:00Z,2024-02-22,32,72.81,APXMIDP
2024-02-22T16:00:00Z,2024-02-22,33,73.77,APXMIDP
2024-02-22T16:30:00Z,2024-02-22,34,69.57,APXMIDP
2024-02-22T17:00:00Z,2024-02-22,35,67.66,APXMIDP
2024-02-22T17:30:00Z,2024-02-22,36,66.81,APXMIDP
2024-02-22T18:00:00Z,2024-02-22,37,67.61,APXMIDP
2024-02-22T18:30:00Z,2024-02-22,38,67.26,APXMIDP
2024-02-22T19:00:00Z,2024-02-22,39,64.76,APXMIDP
2024-02-22T19:30:00Z,2024-02-22,40,61.0,APXMIDP
2024-02-22T20:00:00Z,2024-02-22,41,59.8,APXMIDP
2024-02-22T20:30:00Z,2024-02-22,42,59.63,APXMIDP
2024-02-22T21:00:00Z,2024-02-22,43,62.16,APXMIDP
2024-02-22T21:30:00Z,2024-02-22,44,60.67,APXMIDP
2024-02-22T22:00:00Z,2024-02-22,45,55.18,APXMIDP
2024-02-22T22:30:00Z,2024-02-22,46,48.0,APXMIDP
2024-02-22T23:00:00Z,2024-02-22,47,45.28,APXMIDP
2024-02-22T23:30:00Z,2024-02-22,48,46.83,APXMIDP
2024-02-23T00:00:00Z,2024-02-23,1,51.21,APXMIDP
2024-02-23T00:30:00Z,2024-02-23,2,52.56,APXMIDP
2024-02-23T01:00:00Z,2024-02-23,3,57.61,APXMIDP
2024-02-23T01:30:00Z,2024-02-23,4,59.44,APXMIDP
2024-02-23T02:00:00Z,2024-02-23,5,63.31,APXMIDP
2024-02-23T02:30:00Z,2024-02-23,6,59.92,APXMIDP
2024-02-23T03:00:00Z,2024-02-23,7,57.25,APXMIDP
2024-02-23T03:30:00Z,2024-02-23,8,46.1,APXMIDP
2024-02-23T04:00:00Z,2024-02-23,9,49.66,APXMIDP
2024-02-23T04:30:00Z,2024-02-23,10,43.0,APXMIDP
2024-02-23T05:00:00Z,2024-02-23,11,48.44,APXMIDP
2024-02-23T05:30:00Z,2024-02-23,12,58.75,APXMIDP
2024-02-23T06:00:00Z,2024-02-23,13,61.05,APXMIDP
2024-02-23T06:30:00Z,2024-02-23,14,58.89,APXMIDP
2024-02-23T07:00:00Z,2024-02-23,15,50.8,APXMIDP
2024-02-23T07:30:00Z,2024-02-23,16,61.27,APXMIDP
2024-02-23T08:00:00Z,2024-02-23,17,63.43,APXMIDP
2024-02-23T08:30:00Z,2024-02-23,18,66.71,APXMIDP
2024-02-23T09:00:00Z,2024-02-23,19,68.82,APXMIDP
2024-02-23T09:30:00Z,2024-02-23,20,61.55,APXMIDP
2024-02-23T10:00:00Z,2024-02-23,21,56.97,APXMIDP
2024-02-23T10:30:00Z,2024-02-23,22,57.7,APXMIDP
2024-02-23T11:00:00Z,2024-02-23,23,57.34,APXMIDP
2024-02-23T11:30:00Z,2024-02-23,24,60.9,APXMIDP
2024-02-23T12:00:00Z,2024-02-23,25,62.01,APXMIDP
2024-02-23T12:30:00Z,2024-02-23,26,62.02,APXMIDP
2024-02-23T13:00:00Z,2024-02-23,27,64.8,APXMIDP
2024-02-23T13:30:00Z,2024-02-23,28,67.78,APXMIDP
2024-02-23T14:00:00Z,2024-02-23,29,65.2,APXMIDP
2024-02-23T14:30:00Z,2024-02-23,30,60.47,APXMIDP
2024-02-23T15:00:00Z,2024-02-23,31,61.81,APXMIDP
2024-02-23T15:30:00Z,2024-02-23,32,62.13,APXMIDP
2024-02-23T16:00:00Z,2024-02-23,33,61.83,APXMIDP
2024-02-23T16:30:00Z,2024-02-23,34,64.93,APXMIDP
2024-02-23T17:00:00Z,2024-02-23,35,84.77,APXMIDP
2024-02-23T17:30:00Z,2024-02-23,36,88.33,APXMIDP
2024-02-23T18:00:00Z,2024-02-23,37,82.7,APXMIDP
2024-02-23T18:30:00Z,2024-02-23,38,83.54,APXMIDP
2024-02-23T19:00:00Z,2024-02-23,39,72.96,APXMIDP
2024-02-23T19:30:00Z,2024-02-23,40,71.42,APXMIDP
2024-02-23T20:00:00Z,2024-02-23,41,71.65,APXMIDP
2024-02-23T20:30:00Z,2024-02-23,42,64.79,APXMIDP
2024-02-23T21:00:00Z,2024-02-23,43,68.48,APXMIDP
2024-02-23T21:30:00Z,2024-02-23,44,66.73,APXMIDP
2024-02-23T22:00:00Z,2024-02-23,45,63.13,APXMIDP
2024-02-23T22:30:00Z,2024-02-23,46,59.86,APXMIDP
2024-02-23T23:00:00Z,2024-02-23,47,68.22,APXMIDP
2024-02-23T23:30:00Z,2024-02-23,48,58.21,APXMIDP
2024-02-24T00:00:00Z,2024-02-24,1,55.11,APXMIDP
2024-02-24T00:30:00Z,2024-02-24,2,60.3,APXMIDP
2024-02-24T01:00:00Z,2024-02-24,3,63.73,APXMIDP
2024-02-24T01:30:00Z,2024-02-24,4,62.81,APXMIDP
2024-02-24T02:00:00Z,2024-02-24,5,65.31,APXMIDP
2024-02-24T02:30:00Z,2024-02-24,6,65.05,APXMIDP
2024-02-24T03:00:00Z,2024-02-24,7,72.91,APXMIDP
2024-02-24T03:30:00Z,2024-02-24,8,66.21,APXMIDP
2024-02-24T04:00:00Z,2024-02-24,9,66.4,APXMIDP
2024-02-24T04:30:00Z,2024-02-24,10,61.98,APXMIDP
2024-02-24T05:00:00Z,2024-02-24,11,64.49,APXMIDP
2024-02-24T05:30:00Z,2024-02-24,12,63.76,APXMIDP
2024-02-24T06:00:00Z,2024-02-24,13,63.05,APXMIDP
2024-02-24T06:30:00Z,2024-02-24,14,62.42,APXMIDP
2024-02-24T07:00:00Z,2024-02-24,15,60.82,APXMIDP
2024-02-24T07:30:00Z,2024-02-24,16,66.95,APXMIDP
2024-02-24T08:00:00Z,2024-02-24,17,64.82,APXMIDP
2024-02-24T08:30:00Z,2024-02-24,18,73.71,APXMIDP
2024-02-24T09:00:00Z,2024-02-24,19,75.99,APXMIDP
2024-02-24T09:30:00Z,2024-02-24,20,75.24,APXMIDP
2024-02-24T10:00:00Z,2024-02-24,21,76.38,APXMIDP
2024-02-24T10:30:00Z,2024-02-24,22,74.54,APXMIDP
2024-02-24T11:00:00Z,2024-02-24,23,73.22,APXMIDP
2024-02-24T11:30:00Z,2024-02-24,24,68.27,APXMIDP
2024-02-24T12:00:00Z,2024-02-24,25,66.7,APXMIDP
2024-02-24T12:30:00Z,2024-02-24,26,68.69,APXMIDP
2024-02-24T13:00:00Z,2024-02-24,27,70.18,APXMIDP
2024-02-24T13:30:00Z,2024-02-24,28,70.04,APXMIDP
2024-02-24T14:00:00Z,2024-02-24,29,69.87,APXMIDP
2024-02-24T14:30:00Z,2024-02-24,30,69.15,APXMIDP
2024-02-24T15:00:00Z,2024-02-24,31,69.1,APXMIDP
2024-02-24T15:30:00Z,2024-02-24,32,67.9,APXMIDP
2024-02-24T16:00:00Z,2024-02-24,33,74.41,APXMIDP
2024-02-24T16:30:00Z,2024-02-24,34,77.85,APXMIDP
2024-02-24T17:00:00Z,2024-02-24,35,84.16,APXMIDP
2024-02-24T17:30:00Z,2024-02-24,36,86.47,APXMIDP
2024-02-24T18:00:00Z,2024-02-24,37,89.72,APXMIDP
2024-02-24T18:30:00Z,2024-02-24,38,87.69,APXMIDP
2024-02-24T19:00:00Z,2024-02-24,39,85.83,APXMIDP
2024-02-24T19:30:00Z,2024-02-24,40,84.57,APXMIDP
2024-02-24T20:00:00Z,2024-02-24,41,80.9,APXMIDP
2024-02-24T20:30:00Z,2024-02-24,42,70.84,APXMIDP
2024-02-24T21:00:00Z,2024-02-24,43,70.26,APXMIDP
2024-02-24T21:30:00Z,2024-02-24,44,63.87,APXMIDP
2024-02-24T22:00:00Z,2024-02-24,45,68.67,APXMIDP
2024-02-24T22:30:00Z,2024-02-24,46,61.23,APXMIDP
2024-02-24T23:00:00Z,2024-02-24,47,57.04,APXMIDP
2024-02-24T23:30:00Z,2024-02-24,48,57.85,APXMIDP
2024-02-25T00:00:00Z,2024-02-25,1,65.52,APXMIDP
2024-02-25T00:30:00Z,2024-02-25,2,71.6,APXMIDP
2024-02-25T01:00:00Z,2024-02-25,3,64.81,APXMIDP
2024-02-25T01:30:00Z,2024-02-25,4,59.03,APXMIDP
2024-02-25T02:00:00Z,2024-02-25,5,61.46,APXMIDP
2024-02-25T02:30:00Z,2024-02-25,6,56.53,APXMIDP
2024-02-25T03:00:00Z,2024-02-25,7,57.41,APXMIDP
2024-02-25T03:30:00Z,2024-02-25,8,56.33,APXMIDP
2024-02-25T04:00:00Z,2024-02-25,9,55.31,APXMIDP
2024-02-25T04:30:00Z,2024-02-25,10,53.75,APXMIDP
2024-02-25T05:00:00Z,2024-02-25,11,53.08,APXMIDP
2024-02-25T05:30:00Z,2024-02-25,12,56.28,APXMIDP
2024-02-25T06:00:00Z,2024-02-25,13,54.09,APXMIDP
2024-02-25T06:30:00Z,2024-02-25,14,53.68,APXMIDP
2024-02-25T07:00:00Z,2024-02-25,15,56.29,APXMIDP
2024-02-25T07:30:00Z,2024-02-25,16,54.04,APXMIDP
2024-02-25T08:00:00Z,2024-02-25,17,53.23,APXMIDP
2024-02-25T08:30:00Z,2024-02-25,18,56.06,APXMIDP
2024-02-25T09:00:00Z,2024-02-25,19,58.32,APXMIDP
2024-02-25T09:30:00Z,2024-02-25,20,58.87,APXMIDP
2024-02-25T10:00:00Z,2024-02-25,21,56.81,APXMIDP
2024-02-25T10:30:00Z,2024-02-25,22,56.49,APXMIDP
2024-02-25T11:00:00Z,2024-02-25,23,53.51,APXMIDP
2024-02-25T11:30:00Z,2024-02-25,24,53.17,APXMIDP
2024-02-25T12:00:00Z,2024-02-25,25,54.2,APXMIDP
2024-02-25T12:30:00Z,2024-02-25,26,55.79,APXMIDP
2024-02-25T13:00:00Z,2024-02-25,27,59.46,APXMIDP
2024-02-25T13:30:00Z,2024-02-25,28,59.42,APXMIDP
2024-02-25T14:00:00Z,2024-02-25,29,61.45,APXMIDP
2024-02-25T14:30:00Z,2024-02-25,30,59.43,APXMIDP
2024-02-25T15:00:00Z,2024-02-25,31,60.22,APXMIDP
2024-02-25T15:30:00Z,2024-02-25,32,60.39,APXMIDP
2024-02-25T16:00:00Z,2024-02-25,33,71.96,APXMIDP
2024-02-25T16:30:00Z,2024-02-25,34,69.42,APXMIDP
2024-02-25T17:00:00Z,2024-02-25,35,70.33,APXMIDP
2024-02-25T17:30:00Z,2024-02-25,36,72.87,APXMIDP
2024-02-25T18:00:00Z,2024-02-25,37,66.06,APXMIDP
2024-02-25T18:30:00Z,2024-02-25,38,63.95,APXMIDP
2024-02-25T19:00:00Z,2024-02-25,39,68.26,APXMIDP
2024-02-25T19:30:00Z,2024-02-25,40,61.86,APXMIDP
2024-02-25T20:00:00Z,2024-02-25,41,58.71,APXMIDP
2024-02-25T20:30:00Z,2024-02-25,42,52.17,APXMIDP
2024-02-25T21:00:00Z,2024-02-25,43,52.95,APXMIDP
2024-02-25T21:30:00Z,2024-02-25,44,47.77,APXMIDP
2024-02-25T22:00:00Z,2024-02-25,45,51.96,APXMIDP
2024-02-25T22:30:00Z,2024-02-25,46,52.87,APXMIDP
2024-02-25T23:00:00Z,2024-02-25,47,50.83,APXMIDP
2024-02-25T23:30:00Z,2024-02-25,48,46.81,APXMIDP
2024-02-26T00:00:00Z,2024-02-26,1,44.97,APXMIDP
2024-02-26T00:30:00Z,2024-02-26,2,49.46,APXMIDP
2024-02-26T01:00:00Z,2024-02-26,3,47.73,APXMIDP
2024-02-26T01:30:00Z,2024-02-26,4,46.87,APXMIDP
2024-02-26T02:00:00Z,2024-02-26,5,43.96,APXMIDP
2024-02-26T02:30:00Z,2024-02-26,6,42.56,APXMIDP
2024-02-26T03:00:00Z,2024-02-26,7,44.39,APXMIDP
2024-02-26T03:30:00Z,2024-02-26,8,43.8,APXMIDP
2024-02-26T04:00:00Z,2024-02-26,9,48.72,APXMIDP
2024-02-26T04:30:00Z,2024-02-26,10,43.48,APXMIDP
2024-02-26T05:00:00Z,2024-02-26,11,57.64,APXMIDP
2024-02-26T05:30:00Z,2024-02-26,12,51.06,APXMIDP
2024-02-26T06:00:00Z,2024-02-26,13,55.09,APXMIDP
2024-02-26T06:30:00Z,2024-02-26,14,54.9,APXMIDP
2024-02-26T07:00:00Z,2024-02-26,15,57.16,APXMIDP
2024-02-26T07:30:00Z,2024-02-26,16,68.2,APXMIDP
2024-02-26T08:00:00Z,2024-02-26,17,51.84,APXMIDP
2024-02-26T08:30:00Z,2024-02-26,18,60.06,APXMIDP
2024-02-26T09:00:00Z,2024-02-26,19,61.8,APXMIDP
2024-02-26T09:30:00Z,2024-02-26,20,55.56,APXMIDP
2024-02-26T10:00:00Z,2024-02-26,21,60.26,APXMIDP
2024-02-26T10:30:00Z,2024-02-26,22,58.66,APXMIDP
2024-02-26T11:00:00Z,2024-02-26,23,51.94,APXMIDP
2024-02-26T11:30:00Z,2024-02-26,24,53.74,APXMIDP
2024-02-26T12:00:00Z,2024-02-26,25,53.01,APXMIDP
2024-02-26T12:30:00Z,2024-02-26,26,52.26,APXMIDP
2024-02-26T13:00:00Z,2024-02-26,27,54.85,APXMIDP
2024-02-26T13:30:00Z,2024-02-26,28,54.62,APXMIDP
2024-02-26T14:00:00Z,2024-02-26,29,53.73,APXMIDP
2024-02-26T14:30:00Z,2024-02-26,30,53.74,APXMIDP
2024-02-26T15:00:00Z,2024-02-26,31,57.04,APXMIDP
2024-02-26T15:30:00Z,2024-02-26,32,58.71,APXMIDP
2024-02-26T16:00:00Z,2024-02-26,33,56.81,APXMIDP
2024-02-26T16:30:00Z,2024-02-26,34,67.33,APXMIDP
2024-02-26T17:00:00Z,2024-02-26,35,64.23,APXMIDP
2024-02-26T17:30:00Z,2024-02-26,36,69.93,APXMIDP
2024-02-26T18:00:00Z,2024-02-26,37,65.54,APXMIDP
2024-02-26T18:30:00Z,2024-02-26,38,66.83,APXMIDP
2024-02-26T19:00:00Z,2024-02-26,39,70.09,APXMIDP
2024-02-26T19:30:00Z,2024-02-26,40,65.27,APXMIDP
2024-02-26T20:00:00Z,2024-02-26,41,62.28,APXMIDP
2024-02-26T20:30:00Z,2024-02-26,42,61.69,APXMIDP
2024-02-26T21:00:00Z,2024-02-26,43,60.91,APXMIDP
2024-02-26T21:30:00Z,2024-02-26,44,58.92,APXMIDP
2024-02-26T22:00:00Z,2024-02-26,45,59.87,APXMIDP
2024-02-26T22:30:00Z,2024-02-26,46,56.98,APXMIDP
2024-02-26T23:00:00Z,2024-02-26,47,54.96,APXMIDP
2024-02-26T23:30:00Z,2024-02-26,48,50.15,APXMIDP
2024-02-27T00:00:00Z,2024-02-27,1,47.49,APXMIDP
2024-02-27T00:30:00Z,2024-02-27,2,47.15,APXMIDP
2024-02-27T01:00:00Z,2024-02-27,3,50.31,APXMIDP
2024-02-27T01:30:00Z,2024-02-27,4,48.61,APXMIDP
2024-02-27T02:00:00Z,2024-02-27,5,48.91,APXMIDP
2024-02-27T02:30:00Z,2024-02-27,6,48.59,APXMIDP
2024-02-27T03:00:00Z,2024-02-27,7,50.01,APXMIDP
2024-02-27T03:30:00Z,2024-02-27,8,47.25,APXMIDP
2024-02-27T04:00:00Z,2024-02-27,9,47.95,APXMIDP
2024-02-27T04:30:00Z,2024-02-27,10,43.91,APXMIDP
2024-02-27T05:00:00Z,2024-02-27,11,56.74,APXMIDP
2024-02-27T05:30:00Z,2024-02-27,12,50.7,APXMIDP
2024-02-27T06:00:00Z,2024-02-27,13,61.9,APXMIDP
2024-02-27T06:30:00Z,2024-02-27,14,56.05,APXMIDP
2024-02-27T07:00:00Z,2024-02-27,15,61.68,APXMIDP
2024-02-27T07:30:00Z,2024-02-27,16,70.82,APXMIDP
2024-02-27T08:00:00Z,2024-02-27,17,60.48,APXMIDP
2024-02-27T08:30:00Z,2024-02-27,18,60.95,APXMIDP
2024-02-27T09:00:00Z,2024-02-27,19,57.27,APXMIDP
2024-02-27T09:30:00Z,2024-02-27,20,59.31,APXMIDP
2024-02-27T10:00:00Z,2024-02-27,21,55.27,APXMIDP
2024-02-27T10:30:00Z,2024-02-27,22,54.58,APXMIDP
2024-02-27T11:00:00Z,2024-02-27,23,51.76,APXMIDP
2024-02-27T11:30:00Z,2024-02-27,24,50.87,APXMIDP
2024-02-27T12:00:00Z,2024-02-27,25,52.32,APXMIDP
2024-02-27T12:30:00Z,2024-02-27,26,49.7,APXMIDP
2024-02-27T13:00:00Z,2024-02-27,27,49.73,APXMIDP
2024-02-27T13:30:00Z,2024-02-27,28,49.05,APXMIDP
2024-02-27T14:00:00Z,2024-02-27,29,49.32,APXMIDP
2024-02-27T14:30:00Z,2024-02-27,30,48.67,APXMIDP
2024-02-27T15:00:00Z,2024-02-27,31,57.52,APXMIDP
2024-02-27T15:30:00Z,2024-02-27,32,58.35,APXMIDP
2024-02-27T16:00:00Z,2024-02-27,33,61.2,APXMIDP
2024-02-27T16:30:00Z,2024-02-27,34,70.89,APXMIDP
2024-02-27T17:00:00Z,2024-02-27,35,86.0,APXMIDP
2024-02-27T17:30:00Z,2024-02-27,36,90.93,APXMIDP
2024-02-27T18:00:00Z,2024-02-27,37,90.31,APXMIDP
2024-02-27T18:30:00Z,2024-02-27,38,90.7,APXMIDP
2024-02-27T19:00:00Z,2024-02-27,39,74.04,APXMIDP
2024-02-27T19:30:00Z,2024-02-27,40,73.07,APXMIDP
2024-02-27T20:00:00Z,2024-02-27,41,70.42,APXMIDP
2024-02-27T20:30:00Z,2024-02-27,42,67.49,APXMIDP
2024-02-27T21:00:00Z,2024-02-27,43,61.58,APXMIDP
2024-02-27T21:30:00Z,2024-02-27,44,62.14,APXMIDP
2024-02-27T22:00:00Z,2024-02-27,45,62.42,APXMIDP
2024-02-27T22:30:00Z,2024-02-27,46,58.44,APXMIDP
2024-02-27T23:00:00Z,2024-02-27,47,56.18,APXMIDP
2024-02-27T23:30:00Z,2024-02-27,48,57.69,APXMIDP
2024-02-28T00:00:00Z,2024-02-28,1,56.05,APXMIDP
2024-02-28T00:30:00Z,2024-02-28,2,57.8,APXMIDP
2024-02-28T01:00:00Z,2024-02-28,3,54.05,APXMIDP
2024-02-28T01:30:00Z,2024-02-28,4,55.08,APXMIDP
2024-02-28T02:00:00Z,2024-02-28,5,55.98,APXMIDP
2024-02-28T02:30:00Z,2024-02-28,6,59.66,APXMIDP
2024-02-28T03:00:00Z,2024-02-28,7,64.7,APXMIDP
2024-02-28T03:30:00Z,2024-02-28,8,60.58,APXMIDP
2024-02-28T04:00:00Z,2024-02-28,9,63.39,APXMIDP
2024-02-28T04:30:00Z,2024-02-28,10,56.32,APXMIDP
2024-02-28T05:00:00Z,2024-02-28,11,68.57,APXMIDP
2024-02-28T05:30:00Z,2024-02-28,12,65.18,APXMIDP
2024-02-28T06:00:00Z,2024-02-28,13,77.87,APXMIDP
2024-02-28T06:30:00Z,2024-02-28,14,86.61,APXMIDP
2024-02-28T07:00:00Z,2024-02-28,15,89.19,APXMIDP
2024-02-28T07:30:00Z,2024-02-28,16,90.69,APXMIDP
2024-02-28T08:00:00Z,2024-02-28,17,81.19,APXMIDP
2024-02-28T08:30:00Z,2024-02-28,18,80.63,APXMIDP
2024-02-28T09:00:00Z,2024-02-28,19,76.97,APXMIDP
2024-02-28T09:30:00Z,2024-02-28,20,73.9,APXMIDP
2024-02-28T10:00:00Z,2024-02-28,21,72.03,APXMIDP
2024-02-28T10:30:00Z,2024-02-28,22,71.5,APXMIDP
2024-02-28T11:00:00Z,2024-02-28,23,59.72,APXMIDP
2024-02-28T11:30:00Z,2024-02-28,24,61.5,APXMIDP
2024-02-28T12:00:00Z,2024-02-28,25,62.09,APXMIDP
2024-02-28T12:30:00Z,2024-02-28,26,60.03,APXMIDP
2024-02-28T13:00:00Z,2024-02-28,27,60.25,APXMIDP
2024-02-28T13:30:00Z,2024-02-28,28,55.57,APXMIDP
2024-02-28T14:00:00Z,2024-02-28,29,57.24,APXMIDP
2024-02-28T14:30:00Z,2024-02-28,30,58.27,APXMIDP
2024-02-28T15:00:00Z,2024-02-28,31,67.43,APXMIDP
2024-02-28T15:30:00Z,2024-02-28,32,60.21,APXMIDP
2024-02-28T16:00:00Z,2024-02-28,33,60.1,APXMIDP
2024-02-28T16:30:00Z,2024-02-28,34,64.23,APXMIDP
2024-02-28T17:00:00Z,2024-02-28,35,68.53,APXMIDP
2024-02-28T17:30:00Z,2024-02-28,36,67.96,APXMIDP
2024-02-28T18:00:00Z,2024-02-28,37,69.14,APXMIDP
2024-02-28T18:30:00Z,2024-02-28,38,66.02,APXMIDP
2024-02-28T19:00:00Z,2024-02-28,39,59.44,APXMIDP
2024-02-28T19:30:00Z,2024-02-28,40,60.89,APXMIDP
2024-02-28T20:00:00Z,2024-02-28,41,59.9,APXMIDP
2024-02-28T20:30:00Z,2024-02-28,42,60.8,APXMIDP
2024-02-28T21:00:00Z,2024-02-28,43,59.62,APXMIDP
2024-02-28T21:30:00Z,2024-02-28,44,48.44,APXMIDP
2024-02-28T22:00:00Z,2024-02-28,45,57.65,APXMIDP
2024-02-28T22:30:00Z,2024-02-28,46,51.57,APXMIDP
2024-02-28T23:00:00Z,2024-02-28,47,55.18,APXMIDP
2024-02-28T23:30:00Z,2024-02-28,48,47.33,APXMIDP
2024-02-29T00:00:00Z,2024-02-29,1,36.89,APXMIDP
2024-02-29T00:30:00Z,2024-02-29,2,46.67,APXMIDP
2024-02-29T01:00:00Z,2024-02-29,3,51.37,APXMIDP
2024-02-29T01:30:00Z,2024-02-29,4,46.18,APXMIDP
2024-02-29T02:00:00Z,2024-02-29,5,42.72,APXMIDP
2024-02-29T02:30:00Z,2024-02-29,6,42.86,APXMIDP
2024-02-29T03:00:00Z,2024-02-29,7,51.16,APXMIDP
2024-02-29T03:30:00Z,2024-02-29,8,50.08,APXMIDP
2024-02-29T04:00:00Z,2024-02-29,9,46.26,APXMIDP
2024-02-29T04:30:00Z,2024-02-29,10,49.5,APXMIDP
2024-02-29T05:00:00Z,2024-02-29,11,52.7,APXMIDP
2024-02-29T05:30:00Z,2024-02-29,12,54.56,APXMIDP
2024-02-29T06:00:00Z,2024-02-29,13,58.87,APXMIDP
2024-02-29T06:30:00Z,2024-02-29,14,56.74,APXMIDP
2024-02-29T07:00:00Z,2024-02-29,15,47.57,APXMIDP
2024-02-29T07:30:00Z,2024-02-29,16,63.32,APXMIDP
2024-02-29T08:00:00Z,2024-02-29,17,59.52,APXMIDP
2024-02-29T08:30:00Z,2024-02-29,18,69.58,APXMIDP
2024-02-29T09:00:00Z,2024-02-29,19,58.3,APXMIDP
2024-02-29T09:30:00Z,2024-02-29,20,64.1,APXMIDP
2024-02-29T10:00:00Z,2024-02-29,21,66.36,APXMIDP
2024-02-29T10:30:00Z,2024-02-29,22,68.81,APXMIDP
2024-02-29T11:00:00Z,2024-02-29,23,70.6,APXMIDP
2024-02-29T11:30:00Z,2024-02-29,24,68.95,APXMIDP
2024-02-29T12:00:00Z,2024-02-29,25,67.71,APXMIDP
2024-02-29T12:30:00Z,2024-02-29,26,67.58,APXMIDP
2024-02-29T13:00:00Z,2024-02-29,27,69.66,APXMIDP
2024-02-29T13:30:00Z,2024-02-29,28,70.05,APXMIDP
2024-02-29T14:00:00Z,2024-02-29,29,69.36,APXMIDP
2024-02-29T14:30:00Z,2024-02-29,30,65.01,APXMIDP
2024-02-29T15:00:00Z,2024-02-29,31,64.28,APXMIDP
2024-02-29T15:30:00Z,2024-02-29,32,64.74,APXMIDP
2024-02-29T16:00:00Z,2024-02-29,33,64.31,APXMIDP
2024-02-29T16:30:00Z,2024-02-29,34,67.94,APXMIDP
2024-02-29T17:00:00Z,2024-02-29,35,68.93,APXMIDP
2024-02-29T17:30:00Z,2024-02-29,36,76.18,APXMIDP
2024-02-29T18:00:00Z,2024-02-29,37,75.57,APXMIDP
2024-02-29T18:30:00Z,2024-02-29,38,76.89,APXMIDP
2024-02-29T19:00:00Z,2024-02-29,39,78.68,APXMIDP
2024-02-29T19:30:00Z,2024-02-29,40,78.25,APXMIDP
2024-02-29T20:00:00Z,2024-02-29,41,75.35,APXMIDP
2024-02-29T20:30:00Z,2024-02-29,42,72.5,APXMIDP
2024-02-29T21:00:00Z,2024-02-29,43,72.12,APXMIDP
2024-02-29T21:30:00Z,2024-02-29,44,70.2,APXMIDP
2024-02-29T22:00:00Z,2024-02-29,45,66.57,APXMIDP
2024-02-29T22:30:00Z,2024-02-29,46,64.79,APXMIDP
2024-02-29T23:00:00Z,2024-02-29,47,65.34,APXMIDP
2024-02-29T23:30:00Z,2024-02-29,48,60.06,APXMIDP
2024-03-01T00:00:00Z,2024-03-01,1,65.38,APXMIDP
2024-03-01T00:30:00Z,2024-03-01,2,68.53,APXMIDP
2024-03-01T01:00:00Z,2024-03-01,3,64.16,APXMIDP
2024-03-01T01:30:00Z,2024-03-01,4,61.48,APXMIDP
2024-03-01T02:00:00Z,2024-03-01,5,62.19,APXMIDP
2024-03-01T02:30:00Z,2024-03-01,6,61.67,APXMIDP
2024-03-01T03:00:00Z,2024-03-01,7,56.37,APXMIDP
2024-03-01T03:30:00Z,2024-03-01,8,54.51,APXMIDP
2024-03-01T04:00:00Z,2024-03-01,9,53.89,APXMIDP
2024-03-01T04:30:00Z,2024-03-01,10,53.79,APXMIDP
2024-03-01T05:00:00Z,2024-03-01,11,57.14,APXMIDP
2024-03-01T05:30:00Z,2024-03-01,12,55.62,APXMIDP
2024-03-01T06:00:00Z,2024-03-01,13,65.38,APXMIDP
2024-03-01T06:30:00Z,2024-03-01,14,77.58,APXMIDP
2024-03-01T07:00:00Z,2024-03-01,15,75.95,APXMIDP
2024-03-01T07:30:00Z,2024-03-01,16,84.31,APXMIDP
2024-03-01T08:00:00Z,2024-03-01,17,76.98,APXMIDP
2024-03-01T08:30:00Z,2024-03-01,18,79.57,APXMIDP
2024-03-01T09:00:00Z,2024-03-01,19,80.18,APXMIDP
2024-03-01T09:30:00Z,2024-03-01,20,76.19,APXMIDP
2024-03-01T10:00:00Z,2024-03-01,21,69.89,APXMIDP
2024-03-01T10:30:00Z,2024-03-01,22,67.2,APXMIDP
2024-03-01T11:00:00Z,2024-03-01,23,66.69,APXMIDP
2024-03-01T11:30:00Z,2024-03-01,24,64.26,APXMIDP
2024-03-01T12:00:00Z,2024-03-01,25,60.11,APXMIDP
2024-03-01T12:30:00Z,2024-03-01,26,60.55,APXMIDP
2024-03-01T13:00:00Z,2024-03-01,27,63.16,APXMIDP
2024-03-01T13:30:00Z,2024-03-01,28,60.99,APXMIDP
2024-03-01T14:00:00Z,2024-03-01,29,64.08,APXMIDP
2024-03-01T14:30:00Z,2024-03-01,30,58.17,APXMIDP
2024-03-01T15:00:00Z,2024-03-01,31,59.2,APXMIDP
2024-03-01T15:30:00Z,2024-03-01,32,67.36,APXMIDP
2024-03-01T16:00:00Z,2024-03-01,33,73.17,APXMIDP
2024-03-01T16:30:00Z,2024-03-01,34,79.69,APXMIDP
2024-03-01T17:00:00Z,2024-03-01,35,82.21,APXMIDP
2024-03-01T17:30:00Z,2024-03-01,36,86.21,APXMIDP
2024-03-01T18:00:00Z,2024-03-01,37,87.01,APXMIDP
2024-03-01T18:30:00Z,2024-03-01,38,91.33,APXMIDP
2024-03-01T19:00:00Z,2024-03-01,39,97.54,APXMIDP
2024-03-01T19:30:00Z,2024-03-01,40,91.72,APXMIDP
2024-03-01T20:00:00Z,2024-03-01,41,85.31,APXMIDP
2024-03-01T20:30:00Z,2024-03-01,42,77.9,APXMIDP
2024-03-01T21:00:00Z,2024-03-01,43,68.35,APXMIDP
2024-03-01T21:30:00Z,2024-03-01,44,65.55,APXMIDP
2024-03-01T22:00:00Z,2024-03-01,45,68.21,APXMIDP
2024-03-01T22:30:00Z,2024-03-01,46,71.21,APXMIDP
2024-03-01T23:00:00Z,2024-03-01,47,75.71,APXMIDP
2024-03-01T23:30:00Z,2024-03-01,48,67.36,APXMIDP
2024-03-02T00:00:00Z,2024-03-02,1,67.44,APXMIDP
2024-03-02T00:30:00Z,2024-03-02,2,71.36,APXMIDP
2024-03-02T01:00:00Z,2024-03-02,3,71.24,APXMIDP
2024-03-02T01:30:00Z,2024-03-02,4,69.22,APXMIDP
2024-03-02T02:00:00Z,2024-03-02,5,64.5,APXMIDP
2024-03-02T02:30:00Z,2024-03-02,6,61.43,APXMIDP
2024-03-02T03:00:00Z,2024-03-02,7,60.21,APXMIDP
2024-03-02T03:30:00Z,2024-03-02,8,61.72,APXMIDP
2024-03-02T04:00:00Z,2024-03-02,9,62.98,APXMIDP
2024-03-02T04:30:00Z,2024-03-02,10,61.85,APXMIDP
2024-03-02T05:00:00Z,2024-03-02,11,62.36,APXMIDP
2024-03-02T05:30:00Z,2024-03-02,12,60.26,APXMIDP
2024-03-02T06:00:00Z,2024-03-02,13,58.86,APXMIDP
2024-03-02T06:30:00Z,2024-03-02,14,55.95,APXMIDP
2024-03-02T07:00:00Z,2024-03-02,15,53.97,APXMIDP
2024-03-02T07:30:00Z,2024-03-02,16,58.52,APXMIDP
2024-03-02T08:00:00Z,2024-03-02,17,59.03,APXMIDP
2024-03-02T08:30:00Z,2024-03-02,18,63.38,APXMIDP
2024-03-02T09:00:00Z,2024-03-02,19,69.96,APXMIDP
2024-03-02T09:30:00Z,2024-03-02,20,71.24,APXMIDP
2024-03-02T10:00:00Z,2024-03-02,21,72.87,APXMIDP
2024-03-02T10:30:00Z,2024-03-02,22,69.44,APXMIDP
2024-03-02T11:00:00Z,2024-03-02,23,74.46,APXMIDP
2024-03-02T11:30:00Z,2024-03-02,24,74.74,APXMIDP
2024-03-02T12:00:00Z,2024-03-02,25,64.73,APXMIDP
2024-03-02T12:30:00Z,2024-03-02,26,59.39,APXMIDP
2024-03-02T13:00:00Z,2024-03-02,27,55.26,APXMIDP
2024-03-02T13:30:00Z,2024-03-02,28,58.82,APXMIDP
2024-03-02T14:00:00Z,2024-03-02,29,56.87,APXMIDP
2024-03-02T14:30:00Z,2024-03-02,30,55.76,APXMIDP
2024-03-02T15:00:00Z,2024-03-02,31,57.0,APXMIDP
2024-03-02T15:30:00Z,2024-03-02,32,55.49,APXMIDP
2024-03-02T16:00:00Z,2024-03-02,33,59.07,APXMIDP
2024-03-02T16:30:00Z,2024-03-02,34,67.85,APXMIDP
2024-03-02T17:00:00Z,2024-03-02,35,68.56,APXMIDP
2024-03-02T17:30:00Z,2024-03-02,36,72.7,APXMIDP
2024-03-02T18:00:00Z,2024-03-02,37,64.71,APXMIDP
2024-03-02T18:30:00Z,2024-03-02,38,67.71,APXMIDP
2024-03-02T19:00:00Z,2024-03-02,39,63.92,APXMIDP
2024-03-02T19:30:00Z,2024-03-02,40,63.2,APXMIDP
2024-03-02T20:00:00Z,2024-03-02,41,61.37,APXMIDP
2024-03-02T20:30:00Z,2024-03-02,42,60.88,APXMIDP
2024-03-02T21:00:00Z,2024-03-02,43,65.1,APXMIDP
2024-03-02T21:30:00Z,2024-03-02,44,61.32,APXMIDP
2024-03-02T22:00:00Z,2024-03-02,45,60.44,APXMIDP
2024-03-02T22:30:00Z,2024-03-02,46,59.17,APXMIDP
2024-03-02T23:00:00Z,2024-03-02,47,62.2,APXMIDP
2024-03-02T23:30:00Z,2024-03-02,48,57.02,APXMIDP
2024-03-03T00:00:00Z,2024-03-03,1,54.88,APXMIDP
2024-03-03T00:30:00Z,2024-03-03,2,59.69,APXMIDP
2024-03-03T01:00:00Z,2024-03-03,3,56.19,APXMIDP
2024-03-03T01:30:00Z,2024-03-03,4,56.53,APXMIDP
2024-03-03T02:00:00Z,2024-03-03,5,65.59,APXMIDP
2024-03-03T02:30:00Z,2024-03-03,6,71.72,APXMIDP
2024-03-03T03:00:00Z,2024-03-03,7,72.88,APXMIDP
2024-03-03T03:30:00Z,2024-03-03,8,69.13,APXMIDP
2024-03-03T04:00:00Z,2024-03-03,9,66.46,APXMIDP
2024-03-03T04:30:00Z,2024-03-03,10,64.33,APXMIDP
2024-03-03T05:00:00Z,2024-03-03,11,61.29,APXMIDP
2024-03-03T05:30:00Z,2024-03-03,12,65.27,APXMIDP
2024-03-03T06:00:00Z,2024-03-03,13,64.52,APXMIDP
2024-03-03T06:30:00Z,2024-03-03,14,64.17,APXMIDP
2024-03-03T07:00:00Z,2024-03-03,15,67.5,APXMIDP
2024-03-03T07:30:00Z,2024-03-03,16,65.69,APXMIDP
2024-03-03T08:00:00Z,2024-03-03,17,58.34,APXMIDP
2024-03-03T08:30:00Z,2024-03-03,18,59.95,APXMIDP
2024-03-03T09:00:00Z,2024-03-03,19,62.55,APXMIDP
2024-03-03T09:30:00Z,2024-03-03,20,63.21,APXMIDP
2024-03-03T10:00:00Z,2024-03-03,21,58.33,APXMIDP
2024-03-03T10:30:00Z,2024-03-03,22,59.22,APXMIDP
2024-03-03T11:00:00Z,2024-03-03,23,56.86,APXMIDP
2024-03-03T11:30:00Z,2024-03-03,24,53.88,APXMIDP
2024-03-03T12:00:00Z,2024-03-03,25,55.02,APXMIDP
2024-03-03T12:30:00Z,2024-03-03,26,51.93,APXMIDP
2024-03-03T13:00:00Z,2024-03-03,27,51.66,APXMIDP
2024-03-03T13:30:00Z,2024-03-03,28,56.43,APXMIDP
2024-03-03T14:00:00Z,2024-03-03,29,57.02,APXMIDP
2024-03-03T14:30:00Z,2024-03-03,30,58.62,APXMIDP
2024-03-03T15:00:00Z,2024-03-03,31,62.64,APXMIDP
2024-03-03T15:30:00Z,2024-03-03,32,58.22,APXMIDP
2024-03-03T16:00:00Z,2024-03-03,33,60.02,APXMIDP
2024-03-03T16:30:00Z,2024-03-03,34,67.55,APXMIDP
2024-03-03T17:00:00Z,2024-03-03,35,74.78,APXMIDP
2024-03-03T17:30:00Z,2024-03-03,36,75.43,APXMIDP
2024-03-03T18:00:00Z,2024-03-03,37,74.14,APXMIDP
2024-03-03T18:30:00Z,2024-03-03,38,75.25,APXMIDP
2024-03-03T19:00:00Z,2024-03-03,39,71.56,APXMIDP
2024-03-03T19:30:00Z,2024-03-03,40,65.2,APXMIDP
2024-03-03T20:00:00Z,2024-03-03,41,66.46,APXMIDP
2024-03-03T20:30:00Z,2024-03-03,42,59.66,APXMIDP
2024-03-03T21:00:00Z,2024-03-03,43,68.01,APXMIDP
2024-03-03T21:30:00Z,2024-03-03,44,61.99,APXMIDP
2024-03-03T22:00:00Z,2024-03-03,45,61.36,APXMIDP
2024-03-03T22:30:00Z,2024-03-03,46,60.22,APXMIDP
2024-03-03T23:00:00Z,2024-03-03,47,57.87,APXMIDP
2024-03-03T23:30:00Z,2024-03-03,48,56.79,APXMIDP
2024-03-04T00:00:00Z,2024-03-04,1,57.45,APXMIDP
2024-03-04T00:30:00Z,2024-03-04,2,63.53,APXMIDP
2024-03-04T01:00:00Z,2024-03-04,3,54.93,APXMIDP
2024-03-04T01:30:00Z,2024-03-04,4,55.88,APXMIDP
2024-03-04T02:00:00Z,2024-03-04,5,60.77,APXMIDP
2024-03-04T02:30:00Z,2024-03-04,6,57.23,APXMIDP
2024-03-04T03:00:00Z,2024-03-04,7,57.4,APXMIDP
2024-03-04T03:30:00Z,2024-03-04,8,55.22,APXMIDP
2024-03-04T04:00:00Z,2024-03-04,9,65.73,APXMIDP
2024-03-04T04:30:00Z,2024-03-04,10,61.34,APXMIDP
2024-03-04T05:00:00Z,2024-03-04,11,77.22,APXMIDP
2024-03-04T05:30:00Z,2024-03-04,12,72.37,APXMIDP
2024-03-04T06:00:00Z,2024-03-04,13,74.11,APXMIDP
2024-03-04T06:30:00Z,2024-03-04,14,83.98,APXMIDP
2024-03-04T07:00:00Z,2024-03-04,15,84.98,APXMIDP
2024-03-04T07:30:00Z,2024-03-04,16,88.12,APXMIDP
2024-03-04T08:00:00Z,2024-03-04,17,85.0,APXMIDP
2024-03-04T08:30:00Z,2024-03-04,18,78.45,APXMIDP
2024-03-04T09:00:00Z,2024-03-04,19,76.36,APXMIDP
2024-03-04T09:30:00Z,2024-03-04,20,64.48,APXMIDP
2024-03-04T10:00:00Z,2024-03-04,21,61.3,APXMIDP
2024-03-04T10:30:00Z,2024-03-04,22,57.5,APXMIDP
2024-03-04T11:00:00Z,2024-03-04,23,54.35,APXMIDP
2024-03-04T11:30:00Z,2024-03-04,24,52.61,APXMIDP
2024-03-04T12:00:00Z,2024-03-04,25,51.13,APXMIDP
2024-03-04T12:30:00Z,2024-03-04,26,50.78,APXMIDP
2024-03-04T13:00:00Z,2024-03-04,27,50.8,APXMIDP
2024-03-04T13:30:00Z,2024-03-04,28,51.1,APXMIDP
2024-03-04T14:00:00Z,2024-03-04,29,54.04,APXMIDP
2024-03-04T14:30:00Z,2024-03-04,30,52.98,APXMIDP
2024-03-04T15:00:00Z,2024-03-04,31,60.55,APXMIDP
2024-03-04T15:30:00Z,2024-03-04,32,66.35,APXMIDP
2024-03-04T16:00:00Z,2024-03-04,33,70.33,APXMIDP
2024-03-04T16:30:00Z,2024-03-04,34,71.76,APXMIDP
2024-03-04T17:00:00Z,2024-03-04,35,79.51,APXMIDP
2024-03-04T17:30:00Z,2024-03-04,36,80.05,APXMIDP
2024-03-04T18:00:00Z,2024-03-04,37,76.52,APXMIDP
2024-03-04T18:30:00Z,2024-03-04,38,73.57,APXMIDP
2024-03-04T19:00:00Z,2024-03-04,39,68.29,APXMIDP
2024-03-04T19:30:00Z,2024-03-04,40,69.86,APXMIDP
2024-03-04T20:00:00Z,2024-03-04,41,63.44,APXMIDP
2024-03-04T20:30:00Z,2024-03-04,42,60.52,APXMIDP
2024-03-04T21:00:00Z,2024-03-04,43,58.92,APXMIDP
2024-03-04T21:30:00Z,2024-03-04,44,57.9,APXMIDP
2024-03-04T22:00:00Z,2024-03-04,45,57.72,APXMIDP
2024-03-04T22:30:00Z,2024-03-04,46,47.25,APXMIDP
2024-03-04T23:00:00Z,2024-03-04,47,61.25,APXMIDP
2024-03-04T23:30:00Z,2024-03-04,48,56.68,APXMIDP
2024-03-05T00:00:00Z,2024-03-05,1,52.46,APXMIDP
2024-03-05T00:30:00Z,2024-03-05,2,61.3,APXMIDP
2024-03-05T01:00:00Z,2024-03-05,3,55.22,APXMIDP
2024-03-05T01:30:00Z,2024-03-05,4,53.27,APXMIDP
2024-03-05T02:00:00Z,2024-03-05,5,49.66,APXMIDP
2024-03-05T02:30:00Z,2024-03-05,6,52.74,APXMIDP
2024-03-05T03:00:00Z,2024-03-05,7,55.6,APXMIDP
2024-03-05T03:30:00Z,2024-03-05,8,55.94,APXMIDP
2024-03-05T04:00:00Z,2024-03-05,9,52.82,APXMIDP
2024-03-05T04:30:00Z,2024-03-05,10,52.63,APXMIDP
2024-03-05T05:00:00Z,2024-03-05,11,57.49,APXMIDP
2024-03-05T05:30:00Z,2024-03-05,12,56.6,APXMIDP
2024-03-05T06:00:00Z,2024-03-05,13,64.53,APXMIDP
2024-03-05T06:30:00Z,2024-03-05,14,66.2,APXMIDP
2024-03-05T07:00:00Z,2024-03-05,15,61.13,APXMIDP
2024-03-05T07:30:00Z,2024-03-05,16,75.28,APXMIDP
2024-03-05T08:00:00Z,2024-03-05,17,70.67,APXMIDP
2024-03-05T08:30:00Z,2024-03-05,18,74.98,APXMIDP
2024-03-05T09:00:00Z,2024-03-05,19,75.6,APXMIDP
2024-03-05T09:30:00Z,2024-03-05,20,72.61,APXMIDP
2024-03-05T10:00:00Z,2024-03-05,21,70.63,APXMIDP
2024-03-05T10:30:00Z,2024-03-05,22,69.93,APXMIDP
2024-03-05T11:00:00Z,2024-03-05,23,60.97,APXMIDP
2024-03-05T11:30:00Z,2024-03-05,24,60.16,APXMIDP
2024-03-05T12:00:00Z,2024-03-05,25,60.46,APXMIDP
2024-03-05T12:30:00Z,2024-03-05,26,59.99,APXMIDP
2024-03-05T13:00:00Z,2024-03-05,27,64.23,APXMIDP
2024-03-05T13:30:00Z,2024-03-05,28,59.59,APXMIDP
2024-03-05T14:00:00Z,2024-03-05,29,60.76,APXMIDP
2024-03-05T14:30:00Z,2024-03-05,30,62.98,APXMIDP
2024-03-05T15:00:00Z,2024-03-05,31,69.21,APXMIDP
2024-03-05T15:30:00Z,2024-03-05,32,66.3,APXMIDP
2024-03-05T16:00:00Z,2024-03-05,33,68.03,APXMIDP
2024-03-05T16:30:00Z,2024-03-05,34,72.13,APXMIDP
2024-03-05T17:00:00Z,2024-03-05,35,80.87,APXMIDP
2024-03-05T17:30:00Z,2024-03-05,36,88.19,APXMIDP
2024-03-05T18:00:00Z,2024-03-05,37,93.07,APXMIDP
2024-03-05T18:30:00Z,2024-03-05,38,95.23,APXMIDP
2024-03-05T19:00:00Z,2024-03-05,39,86.41,APXMIDP
2024-03-05T19:30:00Z,2024-03-05,40,81.35,APXMIDP
2024-03-05T20:00:00Z,2024-03-05,41,77.96,APXMIDP
2024-03-05T20:30:00Z,2024-03-05,42,68.8,APXMIDP
2024-03-05T21:00:00Z,2024-03-05,43,72.21,APXMIDP
2024-03-05T21:30:00Z,2024-03-05,44,67.79,APXMIDP
2024-03-05T22:00:00Z,2024-03-05,45,66.59,APXMIDP
2024-03-05T22:30:00Z,2024-03-05,46,65.02,APXMIDP
2024-03-05T23:00:00Z,2024-03-05,47,70.46,APXMIDP
2024-03-05T23:30:00Z,2024-03-05,48,60.23,APXMIDP
2024-03-06T00:00:00Z,2024-03-06,1,60.13,APXMIDP
2024-03-06T00:30:00Z,2024-03-06,2,60.3,APXMIDP
2024-03-06T01:00:00Z,2024-03-06,3,61.73,APXMIDP
2024-03-06T01:30:00Z,2024-03-06,4,62.48,APXMIDP
2024-03-06T02:00:00Z,2024-03-06,5,63.41,APXMIDP
2024-03-06T02:30:00Z,2024-03-06,6,61.88,APXMIDP
2024-03-06T03:00:00Z,2024-03-06,7,68.29,APXMIDP
2024-03-06T03:30:00Z,2024-03-06,8,66.47,APXMIDP
2024-03-06T04:00:00Z,2024-03-06,9,70.27,APXMIDP
2024-03-06T04:30:00Z,2024-03-06,10,67.17,APXMIDP
2024-03-06T05:00:00Z,2024-03-06,11,77.95,APXMIDP
2024-03-06T05:30:00Z,2024-03-06,12,74.38,APXMIDP
2024-03-06T06:00:00Z,2024-03-06,13,90.95,APXMIDP
2024-03-06T06:30:00Z,2024-03-06,14,95.65,APXMIDP
2024-03-06T07:00:00Z,2024-03-06,15,91.82,APXMIDP
2024-03-06T07:30:00Z,2024-03-06,16,95.54,APXMIDP
2024-03-06T08:00:00Z,2024-03-06,17,71.07,APXMIDP
2024-03-06T08:30:00Z,2024-03-06,18,76.32,APXMIDP
2024-03-06T09:00:00Z,2024-03-06,19,68.42,APXMIDP
2024-03-06T09:30:00Z,2024-03-06,20,62.67,APXMIDP
2024-03-06T10:00:00Z,2024-03-06,21,60.54,APXMIDP
2024-03-06T10:30:00Z,2024-03-06,22,58.49,APXMIDP
2024-03-06T11:00:00Z,2024-03-06,23,59.22,APXMIDP
2024-03-06T11:30:00Z,2024-03-06,24,58.89,APXMIDP
2024-03-06T12:00:00Z,2024-03-06,25,56.91,APXMIDP
2024-03-06T12:30:00Z,2024-03-06,26,55.52,APXMIDP
2024-03-06T13:00:00Z,2024-03-06,27,56.87,APXMIDP
2024-03-06T13:30:00Z,2024-03-06,28,61.34,APXMIDP
2024-03-06T14:00:00Z,2024-03-06,29,59.93,APXMIDP
2024-03-06T14:30:00Z,2024-03-06,30,60.07,APXMIDP
2024-03-06T15:00:00Z,2024-03-06,31,65.54,APXMIDP
2024-03-06T15:30:00Z,2024-03-06,32,66.44,APXMIDP
2024-03-06T16:00:00Z,2024-03-06,33,64.81,APXMIDP
2024-03-06T16:30:00Z,2024-03-06,34,69.74,APXMIDP
2024-03-06T17:00:00Z,2024-03-06,35,96.1,APXMIDP
2024-03-06T17:30:00Z,2024-03-06,36,98.34,APXMIDP
2024-03-06T18:00:00Z,2024-03-06,37,93.54,APXMIDP
2024-03-06T18:30:00Z,2024-03-06,38,94.39,APXMIDP
2024-03-06T19:00:00Z,2024-03-06,39,87.92,APXMIDP
2024-03-06T19:30:00Z,2024-03-06,40,72.31,APXMIDP
2024-03-06T20:00:00Z,2024-03-06,41,74.09,APXMIDP
2024-03-06T20:30:00Z,2024-03-06,42,69.71,APXMIDP
2024-03-06T21:00:00Z,2024-03-06,43,64.05,APXMIDP
2024-03-06T21:30:00Z,2024-03-06,44,58.49,APXMIDP
2024-03-06T22:00:00Z,2024-03-06,45,68.85,APXMIDP
2024-03-06T22:30:00Z,2024-03-06,46,63.31,APXMIDP
2024-03-06T23:00:00Z,2024-03-06,47,63.11,APXMIDP
2024-03-06T23:30:00Z,2024-03-06,48,66.12,APXMIDP
2024-03-07T00:00:00Z,2024-03-07,1,60.88,APXMIDP
2024-03-07T00:30:00Z,2024-03-07,2,59.61,APXMIDP
2024-03-07T01:00:00Z,2024-03-07,3,55.89,APXMIDP
2024-03-07T01:30:00Z,2024-03-07,4,58.81,APXMIDP
2024-03-07T02:00:00Z,2024-03-07,5,57.18,APXMIDP
2024-03-07T02:30:00Z,2024-03-07,6,59.89,APXMIDP
2024-03-07T03:00:00Z,2024-03-07,7,61.89,APXMIDP
2024-03-07T03:30:00Z,2024-03-07,8,64.55,APXMIDP
2024-03-07T04:00:00Z,2024-03-07,9,70.58,APXMIDP
2024-03-07T04:30:00Z,2024-03-07,10,62.7,APXMIDP
2024-03-07T05:00:00Z,2024-03-07,11,78.13,APXMIDP
2024-03-07T05:30:00Z,2024-03-07,12,83.74,APXMIDP
2024-03-07T06:00:00Z,2024-03-07,13,75.56,APXMIDP
2024-03-07T06:30:00Z,2024-03-07,14,90.1,APXMIDP
2024-03-07T07:00:00Z,2024-03-07,15,82.0,APXMIDP
2024-03-07T07:30:00Z,2024-03-07,16,86.45,APXMIDP
2024-03-07T08:00:00Z,2024-03-07,17,81.21,APXMIDP
2024-03-07T08:30:00Z,2024-03-07,18,73.63,APXMIDP
2024-03-07T09:00:00Z,2024-03-07,19,69.55,APXMIDP
2024-03-07T09:30:00Z,2024-03-07,20,66.55,APXMIDP
2024-03-07T10:00:00Z,2024-03-07,21,70.67,APXMIDP
2024-03-07T10:30:00Z,2024-03-07,22,66.51,APXMIDP
2024-03-07T11:00:00Z,2024-03-07,23,63.05,APXMIDP
2024-03-07T11:30:00Z,2024-03-07,24,62.27,APXMIDP
2024-03-07T12:00:00Z,2024-03-07,25,58.0,APXMIDP
2024-03-07T12:30:00Z,2024-03-07,26,59.4,APXMIDP
2024-03-07T13:00:00Z,2024-03-07,27,63.36,APXMIDP
2024-03-07T13:30:00Z,2024-03-07,28,60.47,APXMIDP
2024-03-07T14:00:00Z,2024-03-07,29,63.04,APXMIDP
2024-03-07T14:30:00Z,2024-03-07,30,62.15,APXMIDP
2024-03-07T15:00:00Z,2024-03-07,31,76.49,APXMIDP
2024-03-07T15:30:00Z,2024-03-07,32,73.68,APXMIDP
2024-03-07T16:00:00Z,2024-03-07,33,77.34,APXMIDP
2024-03-07T16:30:00Z,2024-03-07,34,83.69,APXMIDP
2024-03-07T17:00:00Z,2024-03-07,35,83.12,APXMIDP
2024-03-07T17:30:00Z,2024-03-07,36,83.23,APXMIDP
2024-03-07T18:00:00Z,2024-03-07,37,80.1,APXMIDP
2024-03-07T18:30:00Z,2024-03-07,38,81.42,APXMIDP
2024-03-07T19:00:00Z,2024-03-07,39,71.2,APXMIDP
2024-03-07T19:30:00Z,2024-03-07,40,63.99,APXMIDP
2024-03-07T20:00:00Z,2024-03-07,41,65.11,APXMIDP
2024-03-07T20:30:00Z,2024-03-07,42,64.48,APXMIDP
2024-03-07T21:00:00Z,2024-03-07,43,60.99,APXMIDP
2024-03-07T21:30:00Z,2024-03-07,44,55.73,APXMIDP
2024-03-07T22:00:00Z,2024-03-07,45,58.8,APXMIDP
2024-03-07T22:30:00Z,2024-03-07,46,49.83,APXMIDP
2024-03-07T23:00:00Z,2024-03-07,47,50.89,APXMIDP
2024-03-07T23:30:00Z,2024-03-07,48,51.12,APXMIDP
2024-03-08T00:00:00Z,2024-03-08,1,46.89,APXMIDP
2024-03-08T00:30:00Z,2024-03-08,2,52.51,APXMIDP
2024-03-08T01:00:00Z,2024-03-08,3,49.32,APXMIDP
2024-03-08T01:30:00Z,2024-03-08,4,46.62,APXMIDP
2024-03-08T02:00:00Z,2024-03-08,5,44.88,APXMIDP
2024-03-08T02:30:00Z,2024-03-08,6,42.68,APXMIDP
2024-03-08T03:00:00Z,2024-03-08,7,51.3,APXMIDP
2024-03-08T03:30:00Z,2024-03-08,8,46.41,APXMIDP
2024-03-08T04:00:00Z,2024-03-08,9,57.85,APXMIDP
2024-03-08T04:30:00Z,2024-03-08,10,49.68,APXMIDP
2024-03-08T05:00:00Z,2024-03-08,11,66.77,APXMIDP
2024-03-08T05:30:00Z,2024-03-08,12,71.88,APXMIDP
2024-03-08T06:00:00Z,2024-03-08,13,61.72,APXMIDP
2024-03-08T06:30:00Z,2024-03-08,14,82.55,APXMIDP
2024-03-08T07:00:00Z,2024-03-08,15,74.12,APXMIDP
2024-03-08T07:30:00Z,2024-03-08,16,77.21,APXMIDP
2024-03-08T08:00:00Z,2024-03-08,17,77.9,APXMIDP
2024-03-08T08:30:00Z,2024-03-08,18,79.06,APXMIDP
2024-03-08T09:00:00Z,2024-03-08,19,75.16,APXMIDP
2024-03-08T09:30:00Z,2024-03-08,20,68.71,APXMIDP
2024-03-08T10:00:00Z,2024-03-08,21,70.62,APXMIDP
2024-03-08T10:30:00Z,2024-03-08,22,69.53,APXMIDP
2024-03-08T11:00:00Z,2024-03-08,23,65.67,APXMIDP
2024-03-08T11:30:00Z,2024-03-08,24,63.63,APXMIDP
2024-03-08T12:00:00Z,2024-03-08,25,63.38,APXMIDP
2024-03-08T12:30:00Z,2024-03-08,26,63.64,APXMIDP
2024-03-08T13:00:00Z,2024-03-08,27,64.52,APXMIDP
2024-03-08T13:30:00Z,2024-03-08,28,61.14,APXMIDP
2024-03-08T14:00:00Z,2024-03-08,29,57.25,APXMIDP
2024-03-08T14:30:00Z,2024-03-08,30,56.86,APXMIDP
2024-03-08T15:00:00Z,2024-03-08,31,50.03,APXMIDP
2024-03-08T15:30:00Z,2024-03-08,32,57.54,APXMIDP
2024-03-08T16:00:00Z,2024-03-08,33,64.76,APXMIDP
2024-03-08T16:30:00Z,2024-03-08,34,74.01,APXMIDP
2024-03-08T17:00:00Z,2024-03-08,35,78.44,APXMIDP
2024-03-08T17:30:00Z,2024-03-08,36,84.21,APXMIDP
2024-03-08T18:00:00Z,2024-03-08,37,86.89,APXMIDP
2024-03-08T18:30:00Z,2024-03-08,38,90.16,APXMIDP
2024-03-08T19:00:00Z,2024-03-08,39,89.95,APXMIDP
2024-03-08T19:30:00Z,2024-03-08,40,82.37,APXMIDP
2024-03-08T20:00:00Z,2024-03-08,41,77.7,APXMIDP
2024-03-08T20:30:00Z,2024-03-08,42,64.93,APXMIDP
2024-03-08T21:00:00Z,2024-03-08,43,60.2,APXMIDP
2024-03-08T21:30:00Z,2024-03-08,44,51.85,APXMIDP
2024-03-08T22:00:00Z,2024-03-08,45,56.19,APXMIDP
2024-03-08T22:30:00Z,2024-03-08,46,42.77,APXMIDP
2024-03-08T23:00:00Z,2024-03-08,47,46.44,APXMIDP
2024-03-08T23:30:00Z,2024-03-08,48,35.86,APXMIDP
2024-03-09T00:00:00Z,2024-03-09,1,36.45,APXMIDP
2024-03-09T00:30:00Z,2024-03-09,2,40.59,APXMIDP
2024-03-09T01:00:00Z,2024-03-09,3,37.85,APXMIDP
2024-03-09T01:30:00Z,2024-03-09,4,34.36,APXMIDP
2024-03-09T02:00:00Z,2024-03-09,5,32.3,APXMIDP
2024-03-09T02:30:00Z,2024-03-09,6,30.97,APXMIDP
2024-03-09T03:00:00Z,2024-03-09,7,35.89,APXMIDP
2024-03-09T03:30:00Z,2024-03-09,8,32.47,APXMIDP
2024-03-09T04:00:00Z,2024-03-09,9,39.25,APXMIDP
2024-03-09T04:30:00Z,2024-03-09,10,40.34,APXMIDP
2024-03-09T05:00:00Z,2024-03-09,11,53.52,APXMIDP
2024-03-09T05:30:00Z,2024-03-09,12,54.0,APXMIDP
2024-03-09T06:00:00Z,2024-03-09,13,49.39,APXMIDP
2024-03-09T06:30:00Z,2024-03-09,14,51.56,APXMIDP
2024-03-09T07:00:00Z,2024-03-09,15,41.73,APXMIDP
2024-03-09T07:30:00Z,2024-03-09,16,51.86,APXMIDP
2024-03-09T08:00:00Z,2024-03-09,17,23.35,APXMIDP
2024-03-09T08:30:00Z,2024-03-09,18,54.69,APXMIDP
2024-03-09T09:00:00Z,2024-03-09,19,59.2,APXMIDP
2024-03-09T09:30:00Z,2024-03-09,20,61.59,APXMIDP
2024-03-09T10:00:00Z,2024-03-09,21,61.55,APXMIDP
2024-03-09T10:30:00Z,2024-03-09,22,61.28,APXMIDP
2024-03-09T11:00:00Z,2024-03-09,23,71.49,APXMIDP
2024-03-09T11:30:00Z,2024-03-09,24,73.63,APXMIDP
2024-03-09T12:00:00Z,2024-03-09,25,73.89,APXMIDP
2024-03-09T12:30:00Z,2024-03-09,26,74.46,APXMIDP
2024-03-09T13:00:00Z,2024-03-09,27,75.08,APXMIDP
2024-03-09T13:30:00Z,2024-03-09,28,73.45,APXMIDP
2024-03-09T14:00:00Z,2024-03-09,29,65.66,APXMIDP
2024-03-09T14:30:00Z,2024-03-09,30,68.21,APXMIDP
2024-03-09T15:00:00Z,2024-03-09,31,75.23,APXMIDP
2024-03-09T15:30:00Z,2024-03-09,32,76.96,APXMIDP
2024-03-09T16:00:00Z,2024-03-09,33,69.82,APXMIDP
2024-03-09T16:30:00Z,2024-03-09,34,72.58,APXMIDP
2024-03-09T17:00:00Z,2024-03-09,35,75.65,APXMIDP
2024-03-09T17:30:00Z,2024-03-09,36,77.96,APXMIDP
2024-03-09T18:00:00Z,2024-03-09,37,78.5,APXMIDP
2024-03-09T18:30:00Z,2024-03-09,38,75.51,APXMIDP
2024-03-09T19:00:00Z,2024-03-09,39,62.32,APXMIDP
2024-03-09T19:30:00Z,2024-03-09,40,53.13,APXMIDP
2024-03-09T20:00:00Z,2024-03-09,41,49.31,APXMIDP
2024-03-09T20:30:00Z,2024-03-09,42,46.21,APXMIDP
2024-03-09T21:00:00Z,2024-03-09,43,53.0,APXMIDP
2024-03-09T21:30:00Z,2024-03-09,44,42.84,APXMIDP
2024-03-09T22:00:00Z,2024-03-09,45,51.82,APXMIDP
2024-03-09T22:30:00Z,2024-03-09,46,34.21,APXMIDP
2024-03-09T23:00:00Z,2024-03-09,47,65.49,APXMIDP
2024-03-09T23:30:00Z,2024-03-09,48,60.94,APXMIDP
2024-03-10T00:00:00Z,2024-03-10,1,47.17,APXMIDP
2024-03-10T00:30:00Z,2024-03-10,2,59.97,APXMIDP
2024-03-10T01:00:00Z,2024-03-10,3,61.1,APXMIDP
2024-03-10T01:30:00Z,2024-03-10,4,54.55,APXMIDP
2024-03-10T02:00:00Z,2024-03-10,5,37.6,APXMIDP
2024-03-10T02:30:00Z,2024-03-10,6,33.12,APXMIDP
2024-03-10T03:00:00Z,2024-03-10,7,40.05,APXMIDP
2024-03-10T03:30:00Z,2024-03-10,8,37.02,APXMIDP
2024-03-10T04:00:00Z,2024-03-10,9,34.05,APXMIDP
2024-03-10T04:30:00Z,2024-03-10,10,29.62,APXMIDP
2024-03-10T05:00:00Z,2024-03-10,11,30.81,APXMIDP
2024-03-10T05:30:00Z,2024-03-10,12,38.28,APXMIDP
2024-03-10T06:00:00Z,2024-03-10,13,49.91,APXMIDP
2024-03-10T06:30:00Z,2024-03-10,14,57.0,APXMIDP
2024-03-10T07:00:00Z,2024-03-10,15,48.11,APXMIDP
2024-03-10T07:30:00Z,2024-03-10,16,58.37,APXMIDP
2024-03-10T08:00:00Z,2024-03-10,17,39.99,APXMIDP
2024-03-10T08:30:00Z,2024-03-10,18,67.07,APXMIDP
2024-03-10T09:00:00Z,2024-03-10,19,67.81,APXMIDP
2024-03-10T09:30:00Z,2024-03-10,20,73.29,APXMIDP
2024-03-10T10:00:00Z,2024-03-10,21,81.16,APXMIDP
2024-03-10T10:30:00Z,2024-03-10,22,81.06,APXMIDP
2024-03-10T11:00:00Z,2024-03-10,23,76.94,APXMIDP
2024-03-10T11:30:00Z,2024-03-10,24,78.11,APXMIDP
2024-03-10T12:00:00Z,2024-03-10,25,78.84,APXMIDP
2024-03-10T12:30:00Z,2024-03-10,26,79.05,APXMIDP
2024-03-10T13:00:00Z,2024-03-10,27,77.02,APXMIDP
2024-03-10T13:30:00Z,2024-03-10,28,73.9,APXMIDP
2024-03-10T14:00:00Z,2024-03-10,29,70.33,APXMIDP
2024-03-10T14:30:00Z,2024-03-10,30,71.06,APXMIDP
2024-03-10T15:00:00Z,2024-03-10,31,68.58,APXMIDP
2024-03-10T15:30:00Z,2024-03-10,32,68.27,APXMIDP
2024-03-10T16:00:00Z,2024-03-10,33,66.17,APXMIDP
2024-03-10T16:30:00Z,2024-03-10,34,63.46,APXMIDP
2024-03-10T17:00:00Z,2024-03-10,35,64.55,APXMIDP
2024-03-10T17:30:00Z,2024-03-10,36,66.38,APXMIDP
2024-03-10T18:00:00Z,2024-03-10,37,79.06,APXMIDP
2024-03-10T18:30:00Z,2024-03-10,38,80.97,APXMIDP
2024-03-10T19:00:00Z,2024-03-10,39,71.25,APXMIDP
2024-03-10T19:30:00Z,2024-03-10,40,68.28,APXMIDP
2024-03-10T20:00:00Z,2024-03-10,41,73.28,APXMIDP
2024-03-10T20:30:00Z,2024-03-10,42,72.14,APXMIDP
2024-03-10T21:00:00Z,2024-03-10,43,71.52,APXMIDP
2024-03-10T21:30:00Z,2024-03-10,44,64.38,APXMIDP
2024-03-10T22:00:00Z,2024-03-10,45,61.55,APXMIDP
2024-03-10T22:30:00Z,2024-03-10,46,56.48,APXMIDP
2024-03-10T23:00:00Z,2024-03-10,47,57.24,APXMIDP
2024-03-10T23:30:00Z,2024-03-10,48,54.75,APXMIDP
2024-03-11T00:00:00Z,2024-03-11,1,54.71,APXMIDP
2024-03-11T00:30:00Z,2024-03-11,2,61.52,APXMIDP
2024-03-11T01:00:00Z,2024-03-11,3,57.95,APXMIDP
2024-03-11T01:30:00Z,2024-03-11,4,49.12,APXMIDP
2024-03-11T02:00:00Z,2024-03-11,5,53.5,APXMIDP
2024-03-11T02:30:00Z,2024-03-11,6,54.5,APXMIDP
2024-03-11T03:00:00Z,2024-03-11,7,54.61,APXMIDP
2024-03-11T03:30:00Z,2024-03-11,8,52.95,APXMIDP
2024-03-11T04:00:00Z,2024-03-11,9,56.83,APXMIDP
2024-03-11T04:30:00Z,2024-03-11,10,53.62,APXMIDP
2024-03-11T05:00:00Z,2024-03-11,11,71.05,APXMIDP
2024-03-11T05:30:00Z,2024-03-11,12,69.31,APXMIDP
2024-03-11T06:00:00Z,2024-03-11,13,70.04,APXMIDP
2024-03-11T06:30:00Z,2024-03-11,14,58.7,APXMIDP
2024-03-11T07:00:00Z,2024-03-11,15,60.55,APXMIDP
2024-03-11T07:30:00Z,2024-03-11,16,84.18,APXMIDP
2024-03-11T08:00:00Z,2024-03-11,17,64.81,APXMIDP
2024-03-11T08:30:00Z,2024-03-11,18,78.54,APXMIDP
2024-03-11T09:00:00Z,2024-03-11,19,78.79,APXMIDP
2024-03-11T09:30:00Z,2024-03-11,20,80.89,APXMIDP
2024-03-11T10:00:00Z,2024-03-11,21,78.17,APXMIDP
2024-03-11T10:30:00Z,2024-03-11,22,82.2,APXMIDP
2024-03-11T11:00:00Z,2024-03-11,23,85.45,APXMIDP
2024-03-11T11:30:00Z,2024-03-11,24,82.77,APXMIDP
2024-03-11T12:00:00Z,2024-03-11,25,80.03,APXMIDP
2024-03-11T12:30:00Z,2024-03-11,26,75.79,APXMIDP
2024-03-11T13:00:00Z,2024-03-11,27,74.18,APXMIDP
2024-03-11T13:30:00Z,2024-03-11,28,73.89,APXMIDP
2024-03-11T14:00:00Z,2024-03-11,29,74.38,APXMIDP
2024-03-11T14:30:00Z,2024-03-11,30,75.75,APXMIDP
2024-03-11T15:00:00Z,2024-03-11,31,81.07,APXMIDP
2024-03-11T15:30:00Z,2024-03-11,32,83.66,APXMIDP
2024-03-11T16:00:00Z,2024-03-11,33,86.55,APXMIDP
2024-03-11T16:30:00Z,2024-03-11,34,88.2,APXMIDP
2024-03-11T17:00:00Z,2024-03-11,35,101.2,APXMIDP
2024-03-11T17:30:00Z,2024-03-11,36,105.38,APXMIDP
2024-03-11T18:00:00Z,2024-03-11,37,105.28,APXMIDP
2024-03-11T18:30:00Z,2024-03-11,38,108.32,APXMIDP
2024-03-11T19:00:00Z,2024-03-11,39,94.52,APXMIDP
2024-03-11T19:30:00Z,2024-03-11,40,88.87,APXMIDP
2024-03-11T20:00:00Z,2024-03-11,41,77.72,APXMIDP
2024-03-11T20:30:00Z,2024-03-11,42,72.66,APXMIDP
2024-03-11T21:00:00Z,2024-03-11,43,66.96,APXMIDP
2024-03-11T21:30:00Z,2024-03-11,44,65.81,APXMIDP
2024-03-11T22:00:00Z,2024-03-11,45,69.38,APXMIDP
2024-03-11T22:30:00Z,2024-03-11,46,67.4,APXMIDP
2024-03-11T23:00:00Z,2024-03-11,47,60.96,APXMIDP
2024-03-11T23:30:00Z,2024-03-11,48,60.96,APXMIDP
2024-03-12T00:00:00Z,2024-03-12,1,59.64,APXMIDP
2024-03-12T00:30:00Z,2024-03-12,2,61.88,APXMIDP
2024-03-12T01:00:00Z,2024-03-12,3,58.09,APXMIDP
2024-03-12T01:30:00Z,2024-03-12,4,55.83,APXMIDP
2024-03-12T02:00:00Z,2024-03-12,5,54.86,APXMIDP
2024-03-12T02:30:00Z,2024-03-12,6,55.39,APXMIDP
2024-03-12T03:00:00Z,2024-03-12,7,55.01,APXMIDP
2024-03-12T03:30:00Z,2024-03-12,8,53.23,APXMIDP
2024-03-12T04:00:00Z,2024-03-12,9,56.68,APXMIDP
2024-03-12T04:30:00Z,2024-03-12,10,56.09,APXMIDP
2024-03-12T05:00:00Z,2024-03-12,11,76.05,APXMIDP
2024-03-12T05:30:00Z,2024-03-12,12,61.6,APXMIDP
2024-03-12T06:00:00Z,2024-03-12,13,77.95,APXMIDP
2024-03-12T06:30:00Z,2024-03-12,14,77.25,APXMIDP
2024-03-12T07:00:00Z,2024-03-12,15,73.65,APXMIDP
2024-03-12T07:30:00Z,2024-03-12,16,81.74,APXMIDP
2024-03-12T08:00:00Z,2024-03-12,17,69.4,APXMIDP
2024-03-12T08:30:00Z,2024-03-12,18,70.23,APXMIDP
2024-03-12T09:00:00Z,2024-03-12,19,64.31,APXMIDP
2024-03-12T09:30:00Z,2024-03-12,20,61.49,APXMIDP
2024-03-12T10:00:00Z,2024-03-12,21,71.08,APXMIDP
2024-03-12T10:30:00Z,2024-03-12,22,65.06,APXMIDP
2024-03-12T11:00:00Z,2024-03-12,23,62.13,APXMIDP
2024-03-12T11:30:00Z,2024-03-12,24,61.27,APXMIDP
2024-03-12T12:00:00Z,2024-03-12,25,61.24,APXMIDP
2024-03-12T12:30:00Z,2024-03-12,26,59.44,APXMIDP
2024-03-12T13:00:00Z,2024-03-12,27,62.76,APXMIDP
2024-03-12T13:30:00Z,2024-03-12,28,60.13,APXMIDP
2024-03-12T14:00:00Z,2024-03-12,29,63.59,APXMIDP
2024-03-12T14:30:00Z,2024-03-12,30,65.94,APXMIDP
2024-03-12T15:00:00Z,2024-03-12,31,81.19,APXMIDP
2024-03-12T15:30:00Z,2024-03-12,32,83.2,APXMIDP
2024-03-12T16:00:00Z,2024-03-12,33,83.26,APXMIDP
2024-03-12T16:30:00Z,2024-03-12,34,86.62,APXMIDP
2024-03-12T17:00:00Z,2024-03-12,35,79.36,APXMIDP
2024-03-12T17:30:00Z,2024-03-12,36,79.62,APXMIDP
2024-03-12T18:00:00Z,2024-03-12,37,83.83,APXMIDP
2024-03-12T18:30:00Z,2024-03-12,38,81.3,APXMIDP
2024-03-12T19:00:00Z,2024-03-12,39,72.99,APXMIDP
2024-03-12T19:30:00Z,2024-03-12,40,70.97,APXMIDP
2024-03-12T20:00:00Z,2024-03-12,41,67.14,APXMIDP
2024-03-12T20:30:00Z,2024-03-12,42,66.42,APXMIDP
2024-03-12T21:00:00Z,2024-03-12,43,64.96,APXMIDP
2024-03-12T21:30:00Z,2024-03-12,44,65.25,APXMIDP
2024-03-12T22:00:00Z,2024-03-12,45,68.33,APXMIDP
2024-03-12T22:30:00Z,2024-03-12,46,57.27,APXMIDP
2024-03-12T23:00:00Z,2024-03-12,47,60.82,APXMIDP
2024-03-12T23:30:00Z,2024-03-12,48,51.26,APXMIDP
2024-03-13T00:00:00Z,2024-03-13,1,58.76,APXMIDP
2024-03-13T00:30:00Z,2024-03-13,2,62.85,APXMIDP
2024-03-13T01:00:00Z,2024-03-13,3,60.28,APXMIDP
2024-03-13T01:30:00Z,2024-03-13,4,45.9,APXMIDP
2024-03-13T02:00:00Z,2024-03-13,5,50.63,APXMIDP
2024-03-13T02:30:00Z,2024-03-13,6,45.72,APXMIDP
2024-03-13T03:00:00Z,2024-03-13,7,51.71,APXMIDP
2024-03-13T03:30:00Z,2024-03-13,8,50.24,APXMIDP
2024-03-13T04:00:00Z,2024-03-13,9,52.9,APXMIDP
2024-03-13T04:30:00Z,2024-03-13,10,52.93,APXMIDP
2024-03-13T05:00:00Z,2024-03-13,11,55.05,APXMIDP
2024-03-13T05:30:00Z,2024-03-13,12,59.39,APXMIDP
2024-03-13T06:00:00Z,2024-03-13,13,67.67,APXMIDP
2024-03-13T06:30:00Z,2024-03-13,14,69.37,APXMIDP
2024-03-13T07:00:00Z,2024-03-13,15,70.16,APXMIDP
2024-03-13T07:30:00Z,2024-03-13,16,82.26,APXMIDP
2024-03-13T08:00:00Z,2024-03-13,17,62.17,APXMIDP
2024-03-13T08:30:00Z,2024-03-13,18,61.29,APXMIDP
2024-03-13T09:00:00Z,2024-03-13,19,48.53,APXMIDP
2024-03-13T09:30:00Z,2024-03-13,20,54.12,APXMIDP
2024-03-13T10:00:00Z,2024-03-13,21,50.86,APXMIDP
2024-03-13T10:30:00Z,2024-03-13,22,51.35,APXMIDP
2024-03-13T11:00:00Z,2024-03-13,23,52.96,APXMIDP
2024-03-13T11:30:00Z,2024-03-13,24,55.14,APXMIDP
2024-03-13T12:00:00Z,2024-03-13,25,54.58,APXMIDP
2024-03-13T12:30:00Z,2024-03-13,26,54.81,APXMIDP
2024-03-13T13:00:00Z,2024-03-13,27,57.65,APXMIDP
2024-03-13T13:30:00Z,2024-03-13,28,57.28,APXMIDP
2024-03-13T14:00:00Z,2024-03-13,29,56.41,APXMIDP
2024-03-13T14:30:00Z,2024-03-13,30,57.65,APXMIDP
2024-03-13T15:00:00Z,2024-03-13,31,56.67,APXMIDP
2024-03-13T15:30:00Z,2024-03-13,32,57.11,APXMIDP
2024-03-13T16:00:00Z,2024-03-13,33,63.05,APXMIDP
2024-03-13T16:30:00Z,2024-03-13,34,66.13,APXMIDP
2024-03-13T17:00:00Z,2024-03-13,35,77.88,APXMIDP
2024-03-13T17:30:00Z,2024-03-13,36,82.78,APXMIDP
2024-03-13T18:00:00Z,2024-03-13,37,89.44,APXMIDP
2024-03-13T18:30:00Z,2024-03-13,38,89.89,APXMIDP
2024-03-13T19:00:00Z,2024-03-13,39,78.14,APXMIDP
2024-03-13T19:30:00Z,2024-03-13,40,74.09,APXMIDP
2024-03-13T20:00:00Z,2024-03-13,41,69.9,APXMIDP
2024-03-13T20:30:00Z,2024-03-13,42,62.86,APXMIDP
2024-03-13T21:00:00Z,2024-03-13,43,66.04,APXMIDP
2024-03-13T21:30:00Z,2024-03-13,44,67.0,APXMIDP
2024-03-13T22:00:00Z,2024-03-13,45,59.87,APXMIDP
2024-03-13T22:30:00Z,2024-03-13,46,60.56,APXMIDP
2024-03-13T23:00:00Z,2024-03-13,47,53.01,APXMIDP
2024-03-13T23:30:00Z,2024-03-13,48,41.71,APXMIDP
2024-03-14T00:00:00Z,2024-03-14,1,54.59,APXMIDP
2024-03-14T00:30:00Z,2024-03-14,2,61.47,APXMIDP
2024-03-14T01:00:00Z,2024-03-14,3,58.37,APXMIDP
2024-03-14T01:30:00Z,2024-03-14,4,56.67,APXMIDP
2024-03-14T02:00:00Z,2024-03-14,5,55.01,APXMIDP
2024-03-14T02:30:00Z,2024-03-14,6,50.88,APXMIDP
2024-03-14T03:00:00Z,2024-03-14,7,43.06,APXMIDP
2024-03-14T03:30:00Z,2024-03-14,8,41.66,APXMIDP
2024-03-14T04:00:00Z,2024-03-14,9,45.75,APXMIDP
2024-03-14T04:30:00Z,2024-03-14,10,46.56,APXMIDP
2024-03-14T05:00:00Z,2024-03-14,11,59.29,APXMIDP
2024-03-14T05:30:00Z,2024-03-14,12,54.23,APXMIDP
2024-03-14T06:00:00Z,2024-03-14,13,72.94,APXMIDP
2024-03-14T06:30:00Z,2024-03-14,14,73.64,APXMIDP
2024-03-14T07:00:00Z,2024-03-14,15,67.74,APXMIDP
2024-03-14T07:30:00Z,2024-03-14,16,83.76,APXMIDP
2024-03-14T08:00:00Z,2024-03-14,17,68.5,APXMIDP
2024-03-14T08:30:00Z,2024-03-14,18,69.76,APXMIDP
2024-03-14T09:00:00Z,2024-03-14,19,75.35,APXMIDP
2024-03-14T09:30:00Z,2024-03-14,20,69.85,APXMIDP
2024-03-14T10:00:00Z,2024-03-14,21,68.84,APXMIDP
2024-03-14T10:30:00Z,2024-03-14,22,68.81,APXMIDP
2024-03-14T11:00:00Z,2024-03-14,23,68.49,APXMIDP
2024-03-14T11:30:00Z,2024-03-14,24,71.3,APXMIDP
2024-03-14T12:00:00Z,2024-03-14,25,73.57,APXMIDP
2024-03-14T12:30:00Z,2024-03-14,26,73.07,APXMIDP
2024-03-14T13:00:00Z,2024-03-14,27,71.92,APXMIDP
2024-03-14T13:30:00Z,2024-03-14,28,69.12,APXMIDP
2024-03-14T14:00:00Z,2024-03-14,29,66.45,APXMIDP
2024-03-14T14:30:00Z,2024-03-14,30,64.7,APXMIDP
2024-03-14T15:00:00Z,2024-03-14,31,63.25,APXMIDP
2024-03-14T15:30:00Z,2024-03-14,32,65.48,APXMIDP
2024-03-14T16:00:00Z,2024-03-14,33,75.91,APXMIDP
2024-03-14T16:30:00Z,2024-03-14,34,77.02,APXMIDP
2024-03-14T17:00:00Z,2024-03-14,35,85.25,APXMIDP
2024-03-14T17:30:00Z,2024-03-14,36,87.0,APXMIDP
2024-03-14T18:00:00Z,2024-03-14,37,87.57,APXMIDP
2024-03-14T18:30:00Z,2024-03-14,38,85.41,APXMIDP
2024-03-14T19:00:00Z,2024-03-14,39,71.06,APXMIDP
2024-03-14T19:30:00Z,2024-03-14,40,67.48,APXMIDP
2024-03-14T20:00:00Z,2024-03-14,41,72.63,APXMIDP
2024-03-14T20:30:00Z,2024-03-14,42,72.01,APXMIDP
2024-03-14T21:00:00Z,2024-03-14,43,71.09,APXMIDP
2024-03-14T21:30:00Z,2024-03-14,44,67.82,APXMIDP
2024-03-14T22:00:00Z,2024-03-14,45,52.46,APXMIDP
2024-03-14T22:30:00Z,2024-03-14,46,40.31,APXMIDP
2024-03-14T23:00:00Z,2024-03-14,47,51.94,APXMIDP
2024-03-14T23:30:00Z,2024-03-14,48,45.71,APXMIDP
2024-03-15T00:00:00Z,2024-03-15,1,42.87,APXMIDP
2024-03-15T00:30:00Z,2024-03-15,2,49.66,APXMIDP
2024-03-15T01:00:00Z,2024-03-15,3,43.03,APXMIDP
2024-03-15T01:30:00Z,2024-03-15,4,33.59,APXMIDP
2024-03-15T02:00:00Z,2024-03-15,5,36.93,APXMIDP
2024-03-15T02:30:00Z,2024-03-15,6,32.83,APXMIDP
2024-03-15T03:00:00Z,2024-03-15,7,26.85,APXMIDP
2024-03-15T03:30:00Z,2024-03-15,8,25.17,APXMIDP
2024-03-15T04:00:00Z,2024-03-15,9,25.69,APXMIDP
2024-03-15T04:30:00Z,2024-03-15,10,24.94,APXMIDP
2024-03-15T05:00:00Z,2024-03-15,11,32.82,APXMIDP
2024-03-15T05:30:00Z,2024-03-15,12,37.09,APXMIDP
2024-03-15T06:00:00Z,2024-03-15,13,34.28,APXMIDP
2024-03-15T06:30:00Z,2024-03-15,14,45.51,APXMIDP
2024-03-15T07:00:00Z,2024-03-15,15,31.38,APXMIDP
2024-03-15T07:30:00Z,2024-03-15,16,34.09,APXMIDP
2024-03-15T08:00:00Z,2024-03-15,17,36.96,APXMIDP
2024-03-15T08:30:00Z,2024-03-15,18,40.42,APXMIDP
2024-03-15T09:00:00Z,2024-03-15,19,48.38,APXMIDP
2024-03-15T09:30:00Z,2024-03-15,20,48.72,APXMIDP
2024-03-15T10:00:00Z,2024-03-15,21,46.16,APXMIDP
2024-03-15T10:30:00Z,2024-03-15,22,45.31,APXMIDP
2024-03-15T11:00:00Z,2024-03-15,23,41.84,APXMIDP
2024-03-15T11:30:00Z,2024-03-15,24,43.61,APXMIDP
2024-03-15T12:00:00Z,2024-03-15,25,44.67,APXMIDP
2024-03-15T12:30:00Z,2024-03-15,26,38.85,APXMIDP
2024-03-15T13:00:00Z,2024-03-15,27,35.82,APXMIDP
2024-03-15T13:30:00Z,2024-03-15,28,35.38,APXMIDP
2024-03-15T14:00:00Z,2024-03-15,29,34.64,APXMIDP
2024-03-15T14:30:00Z,2024-03-15,30,34.09,APXMIDP
2024-03-15T15:00:00Z,2024-03-15,31,41.66,APXMIDP
2024-03-15T15:30:00Z,2024-03-15,32,43.4,APXMIDP
2024-03-15T16:00:00Z,2024-03-15,33,54.49,APXMIDP
2024-03-15T16:30:00Z,2024-03-15,34,57.4,APXMIDP
2024-03-15T17:00:00Z,2024-03-15,35,59.74,APXMIDP
2024-03-15T17:30:00Z,2024-03-15,36,67.08,APXMIDP
2024-03-15T18:00:00Z,2024-03-15,37,73.35,APXMIDP
2024-03-15T18:30:00Z,2024-03-15,38,76.01,APXMIDP
2024-03-15T19:00:00Z,2024-03-15,39,77.44,APXMIDP
2024-03-15T19:30:00Z,2024-03-15,40,75.22,APXMIDP
2024-03-15T20:00:00Z,2024-03-15,41,75.18,APXMIDP
2024-03-15T20:30:00Z,2024-03-15,42,75.16,APXMIDP
2024-03-15T21:00:00Z,2024-03-15,43,72.68,APXMIDP
2024-03-15T21:30:00Z,2024-03-15,44,64.63,APXMIDP
2024-03-15T22:00:00Z,2024-03-15,45,63.95,APXMIDP
2024-03-15T22:30:00Z,2024-03-15,46,57.07,APXMIDP
2024-03-15T23:00:00Z,2024-03-15,47,55.07,APXMIDP
2024-03-15T23:30:00Z,2024-03-15,48,57.63,APXMIDP
2024-03-16T00:00:00Z,2024-03-16,1,64.19,APXMIDP
2024-03-16T00:30:00Z,2024-03-16,2,67.31,APXMIDP
2024-03-16T01:00:00Z,2024-03-16,3,65.1,APXMIDP
2024-03-16T01:30:00Z,2024-03-16,4,60.68,APXMIDP
2024-03-16T02:00:00Z,2024-03-16,5,59.52,APXMIDP
2024-03-16T02:30:00Z,2024-03-16,6,64.38,APXMIDP
2024-03-16T03:00:00Z,2024-03-16,7,60.97,APXMIDP
2024-03-16T03:30:00Z,2024-03-16,8,61.06,APXMIDP
2024-03-16T04:00:00Z,2024-03-16,9,61.22,APXMIDP
2024-03-16T04:30:00Z,2024-03-16,10,62.6,APXMIDP
2024-03-16T05:00:00Z,2024-03-16,11,66.2,APXMIDP
2024-03-16T05:30:00Z,2024-03-16,12,63.78,APXMIDP
2024-03-16T06:00:00Z,2024-03-16,13,65.47,APXMIDP
2024-03-16T06:30:00Z,2024-03-16,14,60.47,APXMIDP
2024-03-16T07:00:00Z,2024-03-16,15,62.14,APXMIDP
2024-03-16T07:30:00Z,2024-03-16,16,67.59,APXMIDP
2024-03-16T08:00:00Z,2024-03-16,17,70.4,APXMIDP
2024-03-16T08:30:00Z,2024-03-16,18,71.19,APXMIDP
2024-03-16T09:00:00Z,2024-03-16,19,72.21,APXMIDP
2024-03-16T09:30:00Z,2024-03-16,20,69.15,APXMIDP
2024-03-16T10:00:00Z,2024-03-16,21,66.46,APXMIDP
2024-03-16T10:30:00Z,2024-03-16,22,65.26,APXMIDP
2024-03-16T11:00:00Z,2024-03-16,23,63.94,APXMIDP
2024-03-16T11:30:00Z,2024-03-16,24,61.92,APXMIDP
2024-03-16T12:00:00Z,2024-03-16,25,67.88,APXMIDP
2024-03-16T12:30:00Z,2024-03-16,26,67.95,APXMIDP
2024-03-16T13:00:00Z,2024-03-16,27,71.32,APXMIDP
2024-03-16T13:30:00Z,2024-03-16,28,69.51,APXMIDP
2024-03-16T14:00:00Z,2024-03-16,29,62.53,APXMIDP
2024-03-16T14:30:00Z,2024-03-16,30,65.67,APXMIDP
2024-03-16T15:00:00Z,2024-03-16,31,72.78,APXMIDP
2024-03-16T15:30:00Z,2024-03-16,32,73.48,APXMIDP
2024-03-16T16:00:00Z,2024-03-16,33,73.51,APXMIDP
2024-03-16T16:30:00Z,2024-03-16,34,72.71,APXMIDP
2024-03-16T17:00:00Z,2024-03-16,35,74.4,APXMIDP
2024-03-16T17:30:00Z,2024-03-16,36,75.58,APXMIDP
2024-03-16T18:00:00Z,2024-03-16,37,78.21,APXMIDP
2024-03-16T18:30:00Z,2024-03-16,38,77.36,APXMIDP
2024-03-16T19:00:00Z,2024-03-16,39,66.42,APXMIDP
2024-03-16T19:30:00Z,2024-03-16,40,66.79,APXMIDP
2024-03-16T20:00:00Z,2024-03-16,41,70.43,APXMIDP
2024-03-16T20:30:00Z,2024-03-16,42,66.52,APXMIDP
2024-03-16T21:00:00Z,2024-03-16,43,61.41,APXMIDP
2024-03-16T21:30:00Z,2024-03-16,44,49.96,APXMIDP
2024-03-16T22:00:00Z,2024-03-16,45,59.33,APXMIDP
2024-03-16T22:30:00Z,2024-03-16,46,57.28,APXMIDP
2024-03-16T23:00:00Z,2024-03-16,47,52.98,APXMIDP
2024-03-16T23:30:00Z,2024-03-16,48,52.45,APXMIDP
2024-03-17T00:00:00Z,2024-03-17,1,43.22,APXMIDP
2024-03-17T00:30:00Z,2024-03-17,2,46.18,APXMIDP
2024-03-17T01:00:00Z,2024-03-17,3,47.46,APXMIDP
2024-03-17T01:30:00Z,2024-03-17,4,45.59,APXMIDP
2024-03-17T02:00:00Z,2024-03-17,5,43.85,APXMIDP
2024-03-17T02:30:00Z,2024-03-17,6,44.61,APXMIDP
2024-03-17T03:00:00Z,2024-03-17,7,42.15,APXMIDP
2024-03-17T03:30:00Z,2024-03-17,8,41.54,APXMIDP
2024-03-17T04:00:00Z,2024-03-17,9,47.62,APXMIDP
2024-03-17T04:30:00Z,2024-03-17,10,46.0,APXMIDP
2024-03-17T05:00:00Z,2024-03-17,11,43.17,APXMIDP
2024-03-17T05:30:00Z,2024-03-17,12,52.62,APXMIDP
2024-03-17T06:00:00Z,2024-03-17,13,48.74,APXMIDP
2024-03-17T06:30:00Z,2024-03-17,14,50.53,APXMIDP
2024-03-17T07:00:00Z,2024-03-17,15,58.05,APXMIDP
2024-03-17T07:30:00Z,2024-03-17,16,69.18,APXMIDP
2024-03-17T08:00:00Z,2024-03-17,17,68.26,APXMIDP
2024-03-17T08:30:00Z,2024-03-17,18,80.24,APXMIDP
2024-03-17T09:00:00Z,2024-03-17,19,86.7,APXMIDP
2024-03-17T09:30:00Z,2024-03-17,20,86.66,APXMIDP
2024-03-17T10:00:00Z,2024-03-17,21,87.54,APXMIDP
2024-03-17T10:30:00Z,2024-03-17,22,89.49,APXMIDP
2024-03-17T11:00:00Z,2024-03-17,23,87.49,APXMIDP
2024-03-17T11:30:00Z,2024-03-17,24,88.65,APXMIDP
2024-03-17T12:00:00Z,2024-03-17,25,84.41,APXMIDP
2024-03-17T12:30:00Z,2024-03-17,26,78.05,APXMIDP
2024-03-17T13:00:00Z,2024-03-17,27,68.58,APXMIDP
2024-03-17T13:30:00Z,2024-03-17,28,63.75,APXMIDP
2024-03-17T14:00:00Z,2024-03-17,29,65.22,APXMIDP
2024-03-17T14:30:00Z,2024-03-17,30,64.95,APXMIDP
2024-03-17T15:00:00Z,2024-03-17,31,56.88,APXMIDP
2024-03-17T15:30:00Z,2024-03-17,32,58.57,APXMIDP
2024-03-17T16:00:00Z,2024-03-17,33,61.82,APXMIDP
2024-03-17T16:30:00Z,2024-03-17,34,72.45,APXMIDP
2024-03-17T17:00:00Z,2024-03-17,35,78.64,APXMIDP
2024-03-17T17:30:00Z,2024-03-17,36,80.24,APXMIDP
2024-03-17T18:00:00Z,2024-03-17,37,80.93,APXMIDP
2024-03-17T18:30:00Z,2024-03-17,38,83.4,APXMIDP
2024-03-17T19:00:00Z,2024-03-17,39,84.29,APXMIDP
2024-03-17T19:30:00Z,2024-03-17,40,76.53,APXMIDP
2024-03-17T20:00:00Z,2024-03-17,41,76.65,APXMIDP
2024-03-17T20:30:00Z,2024-03-17,42,72.19,APXMIDP
2024-03-17T21:00:00Z,2024-03-17,43,73.12,APXMIDP
2024-03-17T21:30:00Z,2024-03-17,44,65.5,APXMIDP
2024-03-17T22:00:00Z,2024-03-17,45,63.5,APXMIDP
2024-03-17T22:30:00Z,2024-03-17,46,56.8,APXMIDP
2024-03-17T23:00:00Z,2024-03-17,47,57.92,APXMIDP
2024-03-17T23:30:00Z,2024-03-17,48,57.2,APXMIDP
2024-03-18T00:00:00Z,2024-03-18,1,58.89,APXMIDP
2024-03-18T00:30:00Z,2024-03-18,2,67.32,APXMIDP
2024-03-18T01:00:00Z,2024-03-18,3,68.55,APXMIDP
2024-03-18T01:30:00Z,2024-03-18,4,64.57,APXMIDP
2024-03-18T02:00:00Z,2024-03-18,5,62.52,APXMIDP
2024-03-18T02:30:00Z,2024-03-18,6,60.78,APXMIDP
2024-03-18T03:00:00Z,2024-03-18,7,62.05,APXMIDP
2024-03-18T03:30:00Z,2024-03-18,8,61.28,APXMIDP
2024-03-18T04:00:00Z,2024-03-18,9,57.22,APXMIDP
2024-03-18T04:30:00Z,2024-03-18,10,56.71,APXMIDP
2024-03-18T05:00:00Z,2024-03-18,11,63.18,APXMIDP
2024-03-18T05:30:00Z,2024-03-18,12,60.19,APXMIDP
2024-03-18T06:00:00Z,2024-03-18,13,63.59,APXMIDP
2024-03-18T06:30:00Z,2024-03-18,14,75.1,APXMIDP
2024-03-18T07:00:00Z,2024-03-18,15,87.1,APXMIDP
2024-03-18T07:30:00Z,2024-03-18,16,99.88,APXMIDP
2024-03-18T08:00:00Z,2024-03-18,17,92.19,APXMIDP
2024-03-18T08:30:00Z,2024-03-18,18,82.37,APXMIDP
2024-03-18T09:00:00Z,2024-03-18,19,74.29,APXMIDP
2024-03-18T09:30:00Z,2024-03-18,20,72.41,APXMIDP
2024-03-18T10:00:00Z,2024-03-18,21,68.58,APXMIDP
2024-03-18T10:30:00Z,2024-03-18,22,64.95,APXMIDP
2024-03-18T11:00:00Z,2024-03-18,23,69.17,APXMIDP
2024-03-18T11:30:00Z,2024-03-18,24,69.5,APXMIDP
2024-03-18T12:00:00Z,2024-03-18,25,67.26,APXMIDP
2024-03-18T12:30:00Z,2024-03-18,26,61.83,APXMIDP
2024-03-18T13:00:00Z,2024-03-18,27,60.51,APXMIDP
2024-03-18T13:30:00Z,2024-03-18,28,58.0,APXMIDP
2024-03-18T14:00:00Z,2024-03-18,29,63.46,APXMIDP
2024-03-18T14:30:00Z,2024-03-18,30,62.33,APXMIDP
2024-03-18T15:00:00Z,2024-03-18,31,69.36,APXMIDP
2024-03-18T15:30:00Z,2024-03-18,32,70.15,APXMIDP
2024-03-18T16:00:00Z,2024-03-18,33,67.15,APXMIDP
2024-03-18T16:30:00Z,2024-03-18,34,65.48,APXMIDP
2024-03-18T17:00:00Z,2024-03-18,35,77.35,APXMIDP
2024-03-18T17:30:00Z,2024-03-18,36,76.79,APXMIDP
2024-03-18T18:00:00Z,2024-03-18,37,93.22,APXMIDP
2024-03-18T18:30:00Z,2024-03-18,38,90.98,APXMIDP
2024-03-18T19:00:00Z,2024-03-18,39,74.05,APXMIDP
2024-03-18T19:30:00Z,2024-03-18,40,74.57,APXMIDP
2024-03-18T20:00:00Z,2024-03-18,41,66.57,APXMIDP
2024-03-18T20:30:00Z,2024-03-18,42,64.68,APXMIDP
2024-03-18T21:00:00Z,2024-03-18,43,59.3,APXMIDP
2024-03-18T21:30:00Z,2024-03-18,44,37.91,APXMIDP
2024-03-18T22:00:00Z,2024-03-18,45,44.6,APXMIDP
2024-03-18T22:30:00Z,2024-03-18,46,26.14,APXMIDP
2024-03-18T23:00:00Z,2024-03-18,47,45.38,APXMIDP
2024-03-18T23:30:00Z,2024-03-18,48,42.95,APXMIDP
2024-03-19T00:00:00Z,2024-03-19,1,42.22,APXMIDP
2024-03-19T00:30:00Z,2024-03-19,2,48.37,APXMIDP
2024-03-19T01:00:00Z,2024-03-19,3,45.41,APXMIDP
2024-03-19T01:30:00Z,2024-03-19,4,41.84,APXMIDP
2024-03-19T02:00:00Z,2024-03-19,5,37.62,APXMIDP
2024-03-19T02:30:00Z,2024-03-19,6,43.04,APXMIDP
2024-03-19T03:00:00Z,2024-03-19,7,45.95,APXMIDP
2024-03-19T03:30:00Z,2024-03-19,8,40.04,APXMIDP
2024-03-19T04:00:00Z,2024-03-19,9,53.31,APXMIDP
2024-03-19T04:30:00Z,2024-03-19,10,47.96,APXMIDP
2024-03-19T05:00:00Z,2024-03-19,11,46.47,APXMIDP
2024-03-19T05:30:00Z,2024-03-19,12,58.47,APXMIDP
2024-03-19T06:00:00Z,2024-03-19,13,71.99,APXMIDP
2024-03-19T06:30:00Z,2024-03-19,14,81.63,APXMIDP
2024-03-19T07:00:00Z,2024-03-19,15,65.65,APXMIDP
2024-03-19T07:30:00Z,2024-03-19,16,77.87,APXMIDP
2024-03-19T08:00:00Z,2024-03-19,17,58.58,APXMIDP
2024-03-19T08:30:00Z,2024-03-19,18,59.91,APXMIDP
2024-03-19T09:00:00Z,2024-03-19,19,44.51,APXMIDP
2024-03-19T09:30:00Z,2024-03-19,20,40.35,APXMIDP
2024-03-19T10:00:00Z,2024-03-19,21,61.32,APXMIDP
2024-03-19T10:30:00Z,2024-03-19,22,63.98,APXMIDP
2024-03-19T11:00:00Z,2024-03-19,23,56.73,APXMIDP
2024-03-19T11:30:00Z,2024-03-19,24,63.38,APXMIDP
2024-03-19T12:00:00Z,2024-03-19,25,67.83,APXMIDP
2024-03-19T12:30:00Z,2024-03-19,26,72.18,APXMIDP
2024-03-19T13:00:00Z,2024-03-19,27,77.78,APXMIDP
2024-03-19T13:30:00Z,2024-03-19,28,76.53,APXMIDP
2024-03-19T14:00:00Z,2024-03-19,29,74.44,APXMIDP
2024-03-19T14:30:00Z,2024-03-19,30,72.06,APXMIDP
2024-03-19T15:00:00Z,2024-03-19,31,81.94,APXMIDP
2024-03-19T15:30:00Z,2024-03-19,32,81.95,APXMIDP
2024-03-19T16:00:00Z,2024-03-19,33,83.77,APXMIDP
2024-03-19T16:30:00Z,2024-03-19,34,87.05,APXMIDP
2024-03-19T17:00:00Z,2024-03-19,35,108.73,APXMIDP
2024-03-19T17:30:00Z,2024-03-19,36,113.84,APXMIDP
2024-03-19T18:00:00Z,2024-03-19,37,119.26,APXMIDP
2024-03-19T18:30:00Z,2024-03-19,38,123.23,APXMIDP
2024-03-19T19:00:00Z,2024-03-19,39,106.71,APXMIDP
2024-03-19T19:30:00Z,2024-03-19,40,101.19,APXMIDP
2024-03-19T20:00:00Z,2024-03-19,41,87.39,APXMIDP
2024-03-19T20:30:00Z,2024-03-19,42,80.17,APXMIDP
2024-03-19T21:00:00Z,2024-03-19,43,77.83,APXMIDP
2024-03-19T21:30:00Z,2024-03-19,44,76.84,APXMIDP
2024-03-19T22:00:00Z,2024-03-19,45,74.46,APXMIDP
2024-03-19T22:30:00Z,2024-03-19,46,68.84,APXMIDP
2024-03-19T23:00:00Z,2024-03-19,47,70.22,APXMIDP
2024-03-19T23:30:00Z,2024-03-19,48,66.95,APXMIDP
2024-03-20T00:00:00Z,2024-03-20,1,67.49,APXMIDP
2024-03-20T00:30:00Z,2024-03-20,2,76.43,APXMIDP
2024-03-20T01:00:00Z,2024-03-20,3,74.29,APXMIDP
2024-03-20T01:30:00Z,2024-03-20,4,67.26,APXMIDP
2024-03-20T02:00:00Z,2024-03-20,5,68.81,APXMIDP
2024-03-20T02:30:00Z,2024-03-20,6,66.19,APXMIDP
2024-03-20T03:00:00Z,2024-03-20,7,65.19,APXMIDP
2024-03-20T03:30:00Z,2024-03-20,8,64.73,APXMIDP
2024-03-20T04:00:00Z,2024-03-20,9,75.85,APXMIDP
2024-03-20T04:30:00Z,2024-03-20,10,70.33,APXMIDP
2024-03-20T05:00:00Z,2024-03-20,11,84.21,APXMIDP
2024-03-20T05:30:00Z,2024-03-20,12,75.2,APXMIDP
2024-03-20T06:00:00Z,2024-03-20,13,88.21,APXMIDP
2024-03-20T06:30:00Z,2024-03-20,14,99.0,APXMIDP
2024-03-20T07:00:00Z,2024-03-20,15,79.34,APXMIDP
2024-03-20T07:30:00Z,2024-03-20,16,89.28,APXMIDP
2024-03-20T08:00:00Z,2024-03-20,17,90.33,APXMIDP
2024-03-20T08:30:00Z,2024-03-20,18,90.15,APXMIDP
2024-03-20T09:00:00Z,2024-03-20,19,90.54,APXMIDP
2024-03-20T09:30:00Z,2024-03-20,20,85.83,APXMIDP
2024-03-20T10:00:00Z,2024-03-20,21,81.3,APXMIDP
2024-03-20T10:30:00Z,2024-03-20,22,78.63,APXMIDP
2024-03-20T11:00:00Z,2024-03-20,23,71.37,APXMIDP
2024-03-20T11:30:00Z,2024-03-20,24,69.41,APXMIDP
2024-03-20T12:00:00Z,2024-03-20,25,70.82,APXMIDP
2024-03-20T12:30:00Z,2024-03-20,26,72.43,APXMIDP
2024-03-20T13:00:00Z,2024-03-20,27,74.28,APXMIDP
2024-03-20T13:30:00Z,2024-03-20,28,74.77,APXMIDP
2024-03-20T14:00:00Z,2024-03-20,29,77.82,APXMIDP
2024-03-20T14:30:00Z,2024-03-20,30,75.8,APXMIDP
2024-03-20T15:00:00Z,2024-03-20,31,91.07,APXMIDP
2024-03-20T15:30:00Z,2024-03-20,32,86.44,APXMIDP
2024-03-20T16:00:00Z,2024-03-20,33,92.38,APXMIDP
2024-03-20T16:30:00Z,2024-03-20,34,93.29,APXMIDP
2024-03-20T17:00:00Z,2024-03-20,35,107.57,APXMIDP
2024-03-20T17:30:00Z,2024-03-20,36,104.29,APXMIDP
2024-03-20T18:00:00Z,2024-03-20,37,114.54,APXMIDP
2024-03-20T18:30:00Z,2024-03-20,38,120.63,APXMIDP
2024-03-20T19:00:00Z,2024-03-20,39,98.65,APXMIDP
2024-03-20T19:30:00Z,2024-03-20,40,97.73,APXMIDP
2024-03-20T20:00:00Z,2024-03-20,41,79.02,APXMIDP
2024-03-20T20:30:00Z,2024-03-20,42,72.86,APXMIDP
2024-03-20T21:00:00Z,2024-03-20,43,67.32,APXMIDP
2024-03-20T21:30:00Z,2024-03-20,44,75.61,APXMIDP
2024-03-20T22:00:00Z,2024-03-20,45,71.39,APXMIDP
2024-03-20T22:30:00Z,2024-03-20,46,67.62,APXMIDP
2024-03-20T23:00:00Z,2024-03-20,47,71.54,APXMIDP
2024-03-20T23:30:00Z,2024-03-20,48,77.22,APXMIDP
2024-03-21T00:00:00Z,2024-03-21,1,75.36,APXMIDP
2024-03-21T00:30:00Z,2024-03-21,2,76.34,APXMIDP
2024-03-21T01:00:00Z,2024-03-21,3,69.07,APXMIDP
2024-03-21T01:30:00Z,2024-03-21,4,63.59,APXMIDP
2024-03-21T02:00:00Z,2024-03-21,5,52.9,APXMIDP
2024-03-21T02:30:00Z,2024-03-21,6,51.52,APXMIDP
2024-03-21T03:00:00Z,2024-03-21,7,54.14,APXMIDP
2024-03-21T03:30:00Z,2024-03-21,8,47.17,APXMIDP
2024-03-21T04:00:00Z,2024-03-21,9,50.03,APXMIDP
2024-03-21T04:30:00Z,2024-03-21,10,56.32,APXMIDP
2024-03-21T05:00:00Z,2024-03-21,11,65.55,APXMIDP
2024-03-21T05:30:00Z,2024-03-21,12,60.51,APXMIDP
2024-03-21T06:00:00Z,2024-03-21,13,68.03,APXMIDP
2024-03-21T06:30:00Z,2024-03-21,14,80.0,APXMIDP
2024-03-21T07:00:00Z,2024-03-21,15,73.64,APXMIDP
2024-03-21T07:30:00Z,2024-03-21,16,84.13,APXMIDP
2024-03-21T08:00:00Z,2024-03-21,17,84.04,APXMIDP
2024-03-21T08:30:00Z,2024-03-21,18,83.5,APXMIDP
2024-03-21T09:00:00Z,2024-03-21,19,80.55,APXMIDP
2024-03-21T09:30:00Z,2024-03-21,20,77.14,APXMIDP
2024-03-21T10:00:00Z,2024-03-21,21,77.58,APXMIDP
2024-03-21T10:30:00Z,2024-03-21,22,76.78,APXMIDP
2024-03-21T11:00:00Z,2024-03-21,23,57.56,APXMIDP
2024-03-21T11:30:00Z,2024-03-21,24,52.27,APXMIDP
2024-03-21T12:00:00Z,2024-03-21,25,54.71,APXMIDP
2024-03-21T12:30:00Z,2024-03-21,26,52.0,APXMIDP
2024-03-21T13:00:00Z,2024-03-21,27,56.03,APXMIDP
2024-03-21T13:30:00Z,2024-03-21,28,52.88,APXMIDP
2024-03-21T14:00:00Z,2024-03-21,29,53.72,APXMIDP
2024-03-21T14:30:00Z,2024-03-21,30,52.92,APXMIDP
2024-03-21T15:00:00Z,2024-03-21,31,62.91,APXMIDP
2024-03-21T15:30:00Z,2024-03-21,32,64.35,APXMIDP
2024-03-21T16:00:00Z,2024-03-21,33,59.64,APXMIDP
2024-03-21T16:30:00Z,2024-03-21,34,63.57,APXMIDP
2024-03-21T17:00:00Z,2024-03-21,35,71.77,APXMIDP
2024-03-21T17:30:00Z,2024-03-21,36,75.57,APXMIDP
2024-03-21T18:00:00Z,2024-03-21,37,79.61,APXMIDP
2024-03-21T18:30:00Z,2024-03-21,38,81.47,APXMIDP
2024-03-21T19:00:00Z,2024-03-21,39,64.45,APXMIDP
2024-03-21T19:30:00Z,2024-03-21,40,62.44,APXMIDP
2024-03-21T20:00:00Z,2024-03-21,41,64.37,APXMIDP
2024-03-21T20:30:00Z,2024-03-21,42,60.37,APXMIDP
2024-03-21T21:00:00Z,2024-03-21,43,51.02,APXMIDP
2024-03-21T21:30:00Z,2024-03-21,44,31.79,APXMIDP
2024-03-21T22:00:00Z,2024-03-21,45,45.01,APXMIDP
2024-03-21T22:30:00Z,2024-03-21,46,23.84,APXMIDP
2024-03-21T23:00:00Z,2024-03-21,47,25.19,APXMIDP
2024-03-21T23:30:00Z,2024-03-21,48,17.41,APXMIDP
2024-03-22T00:00:00Z,2024-03-22,1,14.43,APXMIDP
2024-03-22T00:30:00Z,2024-03-22,2,16.47,APXMIDP
2024-03-22T01:00:00Z,2024-03-22,3,4.82,APXMIDP
2024-03-22T01:30:00Z,2024-03-22,4,-2.31,APXMIDP
2024-03-22T02:00:00Z,2024-03-22,5,2.21,APXMIDP
2024-03-22T02:30:00Z,2024-03-22,6,0.95,APXMIDP
2024-03-22T03:00:00Z,2024-03-22,7,27.03,APXMIDP
2024-03-22T03:30:00Z,2024-03-22,8,25.86,APXMIDP
2024-03-22T04:00:00Z,2024-03-22,9,9.19,APXMIDP
2024-03-22T04:30:00Z,2024-03-22,10,19.09,APXMIDP
2024-03-22T05:00:00Z,2024-03-22,11,15.45,APXMIDP
2024-03-22T05:30:00Z,2024-03-22,12,37.46,APXMIDP
2024-03-22T06:00:00Z,2024-03-22,13,32.06,APXMIDP
2024-03-22T06:30:00Z,2024-03-22,14,58.44,APXMIDP
2024-03-22T07:00:00Z,2024-03-22,15,8.42,APXMIDP
2024-03-22T07:30:00Z,2024-03-22,16,33.89,APXMIDP
2024-03-22T08:00:00Z,2024-03-22,17,50.43,APXMIDP
2024-03-22T08:30:00Z,2024-03-22,18,44.2,APXMIDP
2024-03-22T09:00:00Z,2024-03-22,19,32.01,APXMIDP
2024-03-22T09:30:00Z,2024-03-22,20,30.75,APXMIDP
2024-03-22T10:00:00Z,2024-03-22,21,44.94,APXMIDP
2024-03-22T10:30:00Z,2024-03-22,22,41.52,APXMIDP
2024-03-22T11:00:00Z,2024-03-22,23,31.96,APXMIDP
2024-03-22T11:30:00Z,2024-03-22,24,30.24,APXMIDP
2024-03-22T12:00:00Z,2024-03-22,25,47.1,APXMIDP
2024-03-22T12:30:00Z,2024-03-22,26,44.71,APXMIDP
2024-03-22T13:00:00Z,2024-03-22,27,52.4,APXMIDP
2024-03-22T13:30:00Z,2024-03-22,28,50.2,APXMIDP
2024-03-22T14:00:00Z,2024-03-22,29,41.34,APXMIDP
2024-03-22T14:30:00Z,2024-03-22,30,32.04,APXMIDP
2024-03-22T15:00:00Z,2024-03-22,31,28.3,APXMIDP
2024-03-22T15:30:00Z,2024-03-22,32,26.41,APXMIDP
2024-03-22T16:00:00Z,2024-03-22,33,27.03,APXMIDP
2024-03-22T16:30:00Z,2024-03-22,34,40.58,APXMIDP
2024-03-22T17:00:00Z,2024-03-22,35,47.49,APXMIDP
2024-03-22T17:30:00Z,2024-03-22,36,60.29,APXMIDP
2024-03-22T18:00:00Z,2024-03-22,37,71.59,APXMIDP
2024-03-22T18:30:00Z,2024-03-22,38,75.03,APXMIDP
2024-03-22T19:00:00Z,2024-03-22,39,79.41,APXMIDP
2024-03-22T19:30:00Z,2024-03-22,40,75.55,APXMIDP
2024-03-22T20:00:00Z,2024-03-22,41,69.09,APXMIDP
2024-03-22T20:30:00Z,2024-03-22,42,57.37,APXMIDP
2024-03-22T21:00:00Z,2024-03-22,43,55.25,APXMIDP
2024-03-22T21:30:00Z,2024-03-22,44,26.98,APXMIDP
2024-03-22T22:00:00Z,2024-03-22,45,47.34,APXMIDP
2024-03-22T22:30:00Z,2024-03-22,46,25.8,APXMIDP
2024-03-22T23:00:00Z,2024-03-22,47,44.82,APXMIDP
2024-03-22T23:30:00Z,2024-03-22,48,16.66,APXMIDP
2024-03-23T00:00:00Z,2024-03-23,1,16.64,APXMIDP
2024-03-23T00:30:00Z,2024-03-23,2,17.53,APXMIDP
2024-03-23T01:00:00Z,2024-03-23,3,13.77,APXMIDP
2024-03-23T01:30:00Z,2024-03-23,4,2.73,APXMIDP
2024-03-23T02:00:00Z,2024-03-23,5,14.93,APXMIDP
2024-03-23T02:30:00Z,2024-03-23,6,2.43,APXMIDP
2024-03-23T03:00:00Z,2024-03-23,7,-3.51,APXMIDP
2024-03-23T03:30:00Z,2024-03-23,8,-6.84,APXMIDP
2024-03-23T04:00:00Z,2024-03-23,9,-4.65,APXMIDP
2024-03-23T04:30:00Z,2024-03-23,10,-6.4,APXMIDP
2024-03-23T05:00:00Z,2024-03-23,11,-7.94,APXMIDP
2024-03-23T05:30:00Z,2024-03-23,12,-4.95,APXMIDP
2024-03-23T06:00:00Z,2024-03-23,13,2.07,APXMIDP
2024-03-23T06:30:00Z,2024-03-23,14,5.63,APXMIDP
2024-03-23T07:00:00Z,2024-03-23,15,-3.3,APXMIDP
2024-03-23T07:30:00Z,2024-03-23,16,-4.51,APXMIDP
2024-03-23T08:00:00Z,2024-03-23,17,-14.39,APXMIDP
2024-03-23T08:30:00Z,2024-03-23,18,-1.76,APXMIDP
2024-03-23T09:00:00Z,2024-03-23,19,-16.27,APXMIDP
2024-03-23T09:30:00Z,2024-03-23,20,-13.59,APXMIDP
2024-03-23T10:00:00Z,2024-03-23,21,1.4,APXMIDP
2024-03-23T10:30:00Z,2024-03-23,22,-1.39,APXMIDP
2024-03-23T11:00:00Z,2024-03-23,23,-14.17,APXMIDP
2024-03-23T11:30:00Z,2024-03-23,24,-15.39,APXMIDP
2024-03-23T12:00:00Z,2024-03-23,25,0.24,APXMIDP
2024-03-23T12:30:00Z,2024-03-23,26,-4.21,APXMIDP
2024-03-23T13:00:00Z,2024-03-23,27,-8.46,APXMIDP
2024-03-23T13:30:00Z,2024-03-23,28,-3.27,APXMIDP
2024-03-23T14:00:00Z,2024-03-23,29,-5.06,APXMIDP
2024-03-23T14:30:00Z,2024-03-23,30,-1.27,APXMIDP
2024-03-23T15:00:00Z,2024-03-23,31,9.28,APXMIDP
2024-03-23T15:30:00Z,2024-03-23,32,8.46,APXMIDP
2024-03-23T16:00:00Z,2024-03-23,33,10.56,APXMIDP
2024-03-23T16:30:00Z,2024-03-23,34,33.68,APXMIDP
2024-03-23T17:00:00Z,2024-03-23,35,47.21,APXMIDP
2024-03-23T17:30:00Z,2024-03-23,36,67.8,APXMIDP
2024-03-23T18:00:00Z,2024-03-23,37,64.08,APXMIDP
2024-03-23T18:30:00Z,2024-03-23,38,71.57,APXMIDP
2024-03-23T19:00:00Z,2024-03-23,39,70.77,APXMIDP
2024-03-23T19:30:00Z,2024-03-23,40,58.37,APXMIDP
2024-03-23T20:00:00Z,2024-03-23,41,57.95,APXMIDP
2024-03-23T20:30:00Z,2024-03-23,42,30.39,APXMIDP
2024-03-23T21:00:00Z,2024-03-23,43,57.99,APXMIDP
2024-03-23T21:30:00Z,2024-03-23,44,25.15,APXMIDP
2024-03-23T22:00:00Z,2024-03-23,45,42.2,APXMIDP
2024-03-23T22:30:00Z,2024-03-23,46,13.27,APXMIDP
2024-03-23T23:00:00Z,2024-03-23,47,23.42,APXMIDP
2024-03-23T23:30:00Z,2024-03-23,48,6.92,APXMIDP
2024-03-24T00:00:00Z,2024-03-24,1,-2.8,APXMIDP
2024-03-24T00:30:00Z,2024-03-24,2,11.34,APXMIDP
2024-03-24T01:00:00Z,2024-03-24,3,4.81,APXMIDP
2024-03-24T01:30:00Z,2024-03-24,4,-1.77,APXMIDP
2024-03-24T02:00:00Z,2024-03-24,5,0.91,APXMIDP
2024-03-24T02:30:00Z,2024-03-24,6,0.69,APXMIDP
2024-03-24T03:00:00Z,2024-03-24,7,-2.85,APXMIDP
2024-03-24T03:30:00Z,2024-03-24,8,-4.55,APXMIDP
2024-03-24T04:00:00Z,2024-03-24,9,-3.1,APXMIDP
2024-03-24T04:30:00Z,2024-03-24,10,-1.59,APXMIDP
2024-03-24T05:00:00Z,2024-03-24,11,-1.57,APXMIDP
2024-03-24T05:30:00Z,2024-03-24,12,-1.65,APXMIDP
2024-03-24T06:00:00Z,2024-03-24,13,-6.82,APXMIDP
2024-03-24T06:30:00Z,2024-03-24,14,-4.82,APXMIDP
2024-03-24T07:00:00Z,2024-03-24,15,-9.73,APXMIDP
2024-03-24T07:30:00Z,2024-03-24,16,-7.85,APXMIDP
2024-03-24T08:00:00Z,2024-03-24,17,-14.16,APXMIDP
2024-03-24T08:30:00Z,2024-03-24,18,-13.13,APXMIDP
2024-03-24T09:00:00Z,2024-03-24,19,-10.77,APXMIDP
2024-03-24T09:30:00Z,2024-03-24,20,-2.3,APXMIDP
2024-03-24T10:00:00Z,2024-03-24,21,6.89,APXMIDP
2024-03-24T10:30:00Z,2024-03-24,22,28.39,APXMIDP
2024-03-24T11:00:00Z,2024-03-24,23,50.17,APXMIDP
2024-03-24T11:30:00Z,2024-03-24,24,67.41,APXMIDP
2024-03-24T12:00:00Z,2024-03-24,25,72.3,APXMIDP
2024-03-24T12:30:00Z,2024-03-24,26,75.3,APXMIDP
2024-03-24T13:00:00Z,2024-03-24,27,73.6,APXMIDP
2024-03-24T13:30:00Z,2024-03-24,28,68.15,APXMIDP
2024-03-24T14:00:00Z,2024-03-24,29,65.48,APXMIDP
2024-03-24T14:30:00Z,2024-03-24,30,64.63,APXMIDP
2024-03-24T15:00:00Z,2024-03-24,31,62.51,APXMIDP
2024-03-24T15:30:00Z,2024-03-24,32,69.36,APXMIDP
2024-03-24T16:00:00Z,2024-03-24,33,70.44,APXMIDP
2024-03-24T16:30:00Z,2024-03-24,34,74.41,APXMIDP
2024-03-24T17:00:00Z,2024-03-24,35,80.89,APXMIDP
2024-03-24T17:30:00Z,2024-03-24,36,91.83,APXMIDP
2024-03-24T18:00:00Z,2024-03-24,37,96.72,APXMIDP
2024-03-24T18:30:00Z,2024-03-24,38,99.89,APXMIDP
2024-03-24T19:00:00Z,2024-03-24,39,96.61,APXMIDP
2024-03-24T19:30:00Z,2024-03-24,40,95.74,APXMIDP
2024-03-24T20:00:00Z,2024-03-24,41,98.37,APXMIDP
2024-03-24T20:30:00Z,2024-03-24,42,93.35,APXMIDP
2024-03-24T21:00:00Z,2024-03-24,43,87.08,APXMIDP
2024-03-24T21:30:00Z,2024-03-24,44,78.31,APXMIDP
2024-03-24T22:00:00Z,2024-03-24,45,78.25,APXMIDP
2024-03-24T22:30:00Z,2024-03-24,46,71.9,APXMIDP
2024-03-24T23:00:00Z,2024-03-24,47,70.62,APXMIDP
2024-03-24T23:30:00Z,2024-03-24,48,70.13,APXMIDP
2024-03-25T00:00:00Z,2024-03-25,1,60.86,APXMIDP
2024-03-25T00:30:00Z,2024-03-25,2,62.05,APXMIDP
2024-03-25T01:00:00Z,2024-03-25,3,61.78,APXMIDP
2024-03-25T01:30:00Z,2024-03-25,4,58.52,APXMIDP
2024-03-25T02:00:00Z,2024-03-25,5,56.58,APXMIDP
2024-03-25T02:30:00Z,2024-03-25,6,54.16,APXMIDP
2024-03-25T03:00:00Z,2024-03-25,7,54.35,APXMIDP
2024-03-25T03:30:00Z,2024-03-25,8,53.33,APXMIDP
2024-03-25T04:00:00Z,2024-03-25,9,56.23,APXMIDP
2024-03-25T04:30:00Z,2024-03-25,10,54.85,APXMIDP
2024-03-25T05:00:00Z,2024-03-25,11,63.21,APXMIDP
2024-03-25T05:30:00Z,2024-03-25,12,60.16,APXMIDP
2024-03-25T06:00:00Z,2024-03-25,13,72.56,APXMIDP
2024-03-25T06:30:00Z,2024-03-25,14,82.22,APXMIDP
2024-03-25T07:00:00Z,2024-03-25,15,66.52,APXMIDP
2024-03-25T07:30:00Z,2024-03-25,16,78.48,APXMIDP
2024-03-25T08:00:00Z,2024-03-25,17,69.11,APXMIDP
2024-03-25T08:30:00Z,2024-03-25,18,68.22,APXMIDP
2024-03-25T09:00:00Z,2024-03-25,19,72.89,APXMIDP
2024-03-25T09:30:00Z,2024-03-25,20,67.68,APXMIDP
2024-03-25T10:00:00Z,2024-03-25,21,67.24,APXMIDP
2024-03-25T10:30:00Z,2024-03-25,22,65.87,APXMIDP
2024-03-25T11:00:00Z,2024-03-25,23,63.64,APXMIDP
2024-03-25T11:30:00Z,2024-03-25,24,63.13,APXMIDP
2024-03-25T12:00:00Z,2024-03-25,25,64.5,APXMIDP
2024-03-25T12:30:00Z,2024-03-25,26,65.98,APXMIDP
2024-03-25T13:00:00Z,2024-03-25,27,67.98,APXMIDP
2024-03-25T13:30:00Z,2024-03-25,28,67.46,APXMIDP
2024-03-25T14:00:00Z,2024-03-25,29,66.85,APXMIDP
2024-03-25T14:30:00Z,2024-03-25,30,66.14,APXMIDP
2024-03-25T15:00:00Z,2024-03-25,31,73.97,APXMIDP
2024-03-25T15:30:00Z,2024-03-25,32,71.35,APXMIDP
2024-03-25T16:00:00Z,2024-03-25,33,78.47,APXMIDP
2024-03-25T16:30:00Z,2024-03-25,34,85.11,APXMIDP
2024-03-25T17:00:00Z,2024-03-25,35,105.72,APXMIDP
2024-03-25T17:30:00Z,2024-03-25,36,107.81,APXMIDP
2024-03-25T18:00:00Z,2024-03-25,37,103.82,APXMIDP
2024-03-25T18:30:00Z,2024-03-25,38,104.76,APXMIDP
2024-03-25T19:00:00Z,2024-03-25,39,85.41,APXMIDP
2024-03-25T19:30:00Z,2024-03-25,40,81.83,APXMIDP
2024-03-25T20:00:00Z,2024-03-25,41,79.32,APXMIDP
2024-03-25T20:30:00Z,2024-03-25,42,76.97,APXMIDP
2024-03-25T21:00:00Z,2024-03-25,43,84.86,APXMIDP
2024-03-25T21:30:00Z,2024-03-25,44,82.01,APXMIDP
2024-03-25T22:00:00Z,2024-03-25,45,75.56,APXMIDP
2024-03-25T22:30:00Z,2024-03-25,46,75.67,APXMIDP
2024-03-25T23:00:00Z,2024-03-25,47,70.4,APXMIDP
2024-03-25T23:30:00Z,2024-03-25,48,60.38,APXMIDP
2024-03-26T00:00:00Z,2024-03-26,1,59.55,APXMIDP
2024-03-26T00:30:00Z,2024-03-26,2,64.25,APXMIDP
2024-03-26T01:00:00Z,2024-03-26,3,59.87,APXMIDP
2024-03-26T01:30:00Z,2024-03-26,4,59.95,APXMIDP
2024-03-26T02:00:00Z,2024-03-26,5,60.44,APXMIDP
2024-03-26T02:30:00Z,2024-03-26,6,59.0,APXMIDP
2024-03-26T03:00:00Z,2024-03-26,7,60.69,APXMIDP
2024-03-26T03:30:00Z,2024-03-26,8,61.18,APXMIDP
2024-03-26T04:00:00Z,2024-03-26,9,66.01,APXMIDP
2024-03-26T04:30:00Z,2024-03-26,10,63.11,APXMIDP
2024-03-26T05:00:00Z,2024-03-26,11,67.42,APXMIDP
2024-03-26T05:30:00Z,2024-03-26,12,70.7,APXMIDP
2024-03-26T06:00:00Z,2024-03-26,13,74.6,APXMIDP
2024-03-26T06:30:00Z,2024-03-26,14,75.29,APXMIDP
2024-03-26T07:00:00Z,2024-03-26,15,76.25,APXMIDP
2024-03-26T07:30:00Z,2024-03-26,16,79.37,APXMIDP
2024-03-26T08:00:00Z,2024-03-26,17,86.08,APXMIDP
2024-03-26T08:30:00Z,2024-03-26,18,84.03,APXMIDP
2024-03-26T09:00:00Z,2024-03-26,19,85.53,APXMIDP
2024-03-26T09:30:00Z,2024-03-26,20,83.66,APXMIDP
2024-03-26T10:00:00Z,2024-03-26,21,76.87,APXMIDP
2024-03-26T10:30:00Z,2024-03-26,22,74.89,APXMIDP
2024-03-26T11:00:00Z,2024-03-26,23,71.81,APXMIDP
2024-03-26T11:30:00Z,2024-03-26,24,70.22,APXMIDP
2024-03-26T12:00:00Z,2024-03-26,25,67.5,APXMIDP
2024-03-26T12:30:00Z,2024-03-26,26,68.21,APXMIDP
2024-03-26T13:00:00Z,2024-03-26,27,69.73,APXMIDP
2024-03-26T13:30:00Z,2024-03-26,28,69.47,APXMIDP
2024-03-26T14:00:00Z,2024-03-26,29,70.31,APXMIDP
2024-03-26T14:30:00Z,2024-03-26,30,72.16,APXMIDP
2024-03-26T15:00:00Z,2024-03-26,31,80.87,APXMIDP
2024-03-26T15:30:00Z,2024-03-26,32,81.02,APXMIDP
2024-03-26T16:00:00Z,2024-03-26,33,80.58,APXMIDP
2024-03-26T16:30:00Z,2024-03-26,34,84.64,APXMIDP
2024-03-26T17:00:00Z,2024-03-26,35,90.9,APXMIDP
2024-03-26T17:30:00Z,2024-03-26,36,92.91,APXMIDP
2024-03-26T18:00:00Z,2024-03-26,37,96.5,APXMIDP
2024-03-26T18:30:00Z,2024-03-26,38,98.03,APXMIDP
2024-03-26T19:00:00Z,2024-03-26,39,75.28,APXMIDP
2024-03-26T19:30:00Z,2024-03-26,40,73.96,APXMIDP
2024-03-26T20:00:00Z,2024-03-26,41,68.65,APXMIDP
2024-03-26T20:30:00Z,2024-03-26,42,64.2,APXMIDP
2024-03-26T21:00:00Z,2024-03-26,43,63.46,APXMIDP
2024-03-26T21:30:00Z,2024-03-26,44,58.02,APXMIDP
2024-03-26T22:00:00Z,2024-03-26,45,56.93,APXMIDP
2024-03-26T22:30:00Z,2024-03-26,46,31.86,APXMIDP
2024-03-26T23:00:00Z,2024-03-26,47,64.92,APXMIDP
2024-03-26T23:30:00Z,2024-03-26,48,49.68,APXMIDP
2024-03-27T00:00:00Z,2024-03-27,1,38.82,APXMIDP
2024-03-27T00:30:00Z,2024-03-27,2,52.8,APXMIDP
2024-03-27T01:00:00Z,2024-03-27,3,57.09,APXMIDP
2024-03-27T01:30:00Z,2024-03-27,4,48.22,APXMIDP
2024-03-27T02:00:00Z,2024-03-27,5,43.91,APXMIDP
2024-03-27T02:30:00Z,2024-03-27,6,34.84,APXMIDP
2024-03-27T03:00:00Z,2024-03-27,7,43.26,APXMIDP
2024-03-27T03:30:00Z,2024-03-27,8,38.73,APXMIDP
2024-03-27T04:00:00Z,2024-03-27,9,34.2,APXMIDP
2024-03-27T04:30:00Z,2024-03-27,10,27.76,APXMIDP
2024-03-27T05:00:00Z,2024-03-27,11,53.45,APXMIDP
2024-03-27T05:30:00Z,2024-03-27,12,63.19,APXMIDP
2024-03-27T06:00:00Z,2024-03-27,13,67.86,APXMIDP
2024-03-27T06:30:00Z,2024-03-27,14,81.89,APXMIDP
2024-03-27T07:00:00Z,2024-03-27,15,76.63,APXMIDP
2024-03-27T07:30:00Z,2024-03-27,16,84.26,APXMIDP
2024-03-27T08:00:00Z,2024-03-27,17,83.1,APXMIDP
2024-03-27T08:30:00Z,2024-03-27,18,82.29,APXMIDP
2024-03-27T09:00:00Z,2024-03-27,19,76.05,APXMIDP
2024-03-27T09:30:00Z,2024-03-27,20,77.8,APXMIDP
2024-03-27T10:00:00Z,2024-03-27,21,67.56,APXMIDP
2024-03-27T10:30:00Z,2024-03-27,22,64.99,APXMIDP
2024-03-27T11:00:00Z,2024-03-27,23,61.49,APXMIDP
2024-03-27T11:30:00Z,2024-03-27,24,66.34,APXMIDP
2024-03-27T12:00:00Z,2024-03-27,25,69.44,APXMIDP
2024-03-27T12:30:00Z,2024-03-27,26,70.1,APXMIDP
2024-03-27T13:00:00Z,2024-03-27,27,73.35,APXMIDP
2024-03-27T13:30:00Z,2024-03-27,28,69.81,APXMIDP
2024-03-27T14:00:00Z,2024-03-27,29,66.78,APXMIDP
2024-03-27T14:30:00Z,2024-03-27,30,59.91,APXMIDP
2024-03-27T15:00:00Z,2024-03-27,31,56.54,APXMIDP
2024-03-27T15:30:00Z,2024-03-27,32,56.35,APXMIDP
2024-03-27T16:00:00Z,2024-03-27,33,63.97,APXMIDP
2024-03-27T16:30:00Z,2024-03-27,34,63.94,APXMIDP
2024-03-27T17:00:00Z,2024-03-27,35,75.83,APXMIDP
2024-03-27T17:30:00Z,2024-03-27,36,84.37,APXMIDP
2024-03-27T18:00:00Z,2024-03-27,37,82.68,APXMIDP
2024-03-27T18:30:00Z,2024-03-27,38,87.02,APXMIDP
2024-03-27T19:00:00Z,2024-03-27,39,74.7,APXMIDP
2024-03-27T19:30:00Z,2024-03-27,40,74.64,APXMIDP
2024-03-27T20:00:00Z,2024-03-27,41,78.91,APXMIDP
2024-03-27T20:30:00Z,2024-03-27,42,79.08,APXMIDP
2024-03-27T21:00:00Z,2024-03-27,43,76.56,APXMIDP
2024-03-27T21:30:00Z,2024-03-27,44,67.41,APXMIDP
2024-03-27T22:00:00Z,2024-03-27,45,73.13,APXMIDP
2024-03-27T22:30:00Z,2024-03-27,46,76.91,APXMIDP
2024-03-27T23:00:00Z,2024-03-27,47,70.35,APXMIDP
2024-03-27T23:30:00Z,2024-03-27,48,58.59,APXMIDP
2024-03-28T00:00:00Z,2024-03-28,1,63.44,APXMIDP
2024-03-28T00:30:00Z,2024-03-28,2,61.37,APXMIDP
2024-03-28T01:00:00Z,2024-03-28,3,59.34,APXMIDP
2024-03-28T01:30:00Z,2024-03-28,4,59.08,APXMIDP
2024-03-28T02:00:00Z,2024-03-28,5,62.91,APXMIDP
2024-03-28T02:30:00Z,2024-03-28,6,46.3,APXMIDP
2024-03-28T03:00:00Z,2024-03-28,7,50.01,APXMIDP
2024-03-28T03:30:00Z,2024-03-28,8,42.92,APXMIDP
2024-03-28T04:00:00Z,2024-03-28,9,48.78,APXMIDP
2024-03-28T04:30:00Z,2024-03-28,10,42.68,APXMIDP
2024-03-28T05:00:00Z,2024-03-28,11,46.02,APXMIDP
2024-03-28T05:30:00Z,2024-03-28,12,47.86,APXMIDP
2024-03-28T06:00:00Z,2024-03-28,13,51.5,APXMIDP
2024-03-28T06:30:00Z,2024-03-28,14,64.63,APXMIDP
2024-03-28T07:00:00Z,2024-03-28,15,40.54,APXMIDP
2024-03-28T07:30:00Z,2024-03-28,16,59.03,APXMIDP
2024-03-28T08:00:00Z,2024-03-28,17,64.71,APXMIDP
2024-03-28T08:30:00Z,2024-03-28,18,65.86,APXMIDP
2024-03-28T09:00:00Z,2024-03-28,19,70.51,APXMIDP
2024-03-28T09:30:00Z,2024-03-28,20,71.07,APXMIDP
2024-03-28T10:00:00Z,2024-03-28,21,70.71,APXMIDP
2024-03-28T10:30:00Z,2024-03-28,22,71.88,APXMIDP
2024-03-28T11:00:00Z,2024-03-28,23,80.92,APXMIDP
2024-03-28T11:30:00Z,2024-03-28,24,82.77,APXMIDP
2024-03-28T12:00:00Z,2024-03-28,25,83.43,APXMIDP
2024-03-28T12:30:00Z,2024-03-28,26,83.15,APXMIDP
2024-03-28T13:00:00Z,2024-03-28,27,83.68,APXMIDP
2024-03-28T13:30:00Z,2024-03-28,28,79.6,APXMIDP
2024-03-28T14:00:00Z,2024-03-28,29,69.5,APXMIDP
2024-03-28T14:30:00Z,2024-03-28,30,70.93,APXMIDP
2024-03-28T15:00:00Z,2024-03-28,31,65.92,APXMIDP
2024-03-28T15:30:00Z,2024-03-28,32,66.3,APXMIDP
2024-03-28T16:00:00Z,2024-03-28,33,66.62,APXMIDP
2024-03-28T16:30:00Z,2024-03-28,34,72.3,APXMIDP
2024-03-28T17:00:00Z,2024-03-28,35,81.15,APXMIDP
2024-03-28T17:30:00Z,2024-03-28,36,84.82,APXMIDP
2024-03-28T18:00:00Z,2024-03-28,37,87.42,APXMIDP
2024-03-28T18:30:00Z,2024-03-28,38,89.84,APXMIDP
2024-03-28T19:00:00Z,2024-03-28,39,90.51,APXMIDP
2024-03-28T19:30:00Z,2024-03-28,40,88.22,APXMIDP
2024-03-28T20:00:00Z,2024-03-28,41,86.96,APXMIDP
2024-03-28T20:30:00Z,2024-03-28,42,83.81,APXMIDP
2024-03-28T21:00:00Z,2024-03-28,43,84.47,APXMIDP
2024-03-28T21:30:00Z,2024-03-28,44,82.22,APXMIDP
2024-03-28T22:00:00Z,2024-03-28,45,73.88,APXMIDP
2024-03-28T22:30:00Z,2024-03-28,46,72.21,APXMIDP
2024-03-28T23:00:00Z,2024-03-28,47,75.51,APXMIDP
2024-03-28T23:30:00Z,2024-03-28,48,74.04,APXMIDP
2024-03-29T00:00:00Z,2024-03-29,1,70.66,APXMIDP
2024-03-29T00:30:00Z,2024-03-29,2,76.88,APXMIDP
2024-03-29T01:00:00Z,2024-03-29,3,75.17,APXMIDP
2024-03-29T01:30:00Z,2024-03-29,4,72.98,APXMIDP
2024-03-29T02:00:00Z,2024-03-29,5,72.62,APXMIDP
2024-03-29T02:30:00Z,2024-03-29,6,72.44,APXMIDP
2024-03-29T03:00:00Z,2024-03-29,7,74.23,APXMIDP
2024-03-29T03:30:00Z,2024-03-29,8,72.98,APXMIDP
2024-03-29T04:00:00Z,2024-03-29,9,73.44,APXMIDP
2024-03-29T04:30:00Z,2024-03-29,10,72.43,APXMIDP
2024-03-29T05:00:00Z,2024-03-29,11,76.9,APXMIDP
2024-03-29T05:30:00Z,2024-03-29,12,76.5,APXMIDP
2024-03-29T06:00:00Z,2024-03-29,13,76.43,APXMIDP
2024-03-29T06:30:00Z,2024-03-29,14,79.37,APXMIDP
2024-03-29T07:00:00Z,2024-03-29,15,82.24,APXMIDP
2024-03-29T07:30:00Z,2024-03-29,16,81.07,APXMIDP
2024-03-29T08:00:00Z,2024-03-29,17,74.13,APXMIDP
2024-03-29T08:30:00Z,2024-03-29,18,78.77,APXMIDP
2024-03-29T09:00:00Z,2024-03-29,19,80.68,APXMIDP
2024-03-29T09:30:00Z,2024-03-29,20,81.42,APXMIDP
2024-03-29T10:00:00Z,2024-03-29,21,79.99,APXMIDP
2024-03-29T10:30:00Z,2024-03-29,22,75.17,APXMIDP
2024-03-29T11:00:00Z,2024-03-29,23,70.86,APXMIDP
2024-03-29T11:30:00Z,2024-03-29,24,62.65,APXMIDP
2024-03-29T12:00:00Z,2024-03-29,25,63.41,APXMIDP
2024-03-29T12:30:00Z,2024-03-29,26,64.96,APXMIDP
2024-03-29T13:00:00Z,2024-03-29,27,68.71,APXMIDP
2024-03-29T13:30:00Z,2024-03-29,28,69.58,APXMIDP
2024-03-29T14:00:00Z,2024-03-29,29,66.8,APXMIDP
2024-03-29T14:30:00Z,2024-03-29,30,62.42,APXMIDP
2024-03-29T15:00:00Z,2024-03-29,31,65.48,APXMIDP
2024-03-29T15:30:00Z,2024-03-29,32,67.83,APXMIDP
2024-03-29T16:00:00Z,2024-03-29,33,80.62,APXMIDP
2024-03-29T16:30:00Z,2024-03-29,34,86.24,APXMIDP
2024-03-29T17:00:00Z,2024-03-29,35,100.94,APXMIDP
2024-03-29T17:30:00Z,2024-03-29,36,102.82,APXMIDP
2024-03-29T18:00:00Z,2024-03-29,37,104.15,APXMIDP
2024-03-29T18:30:00Z,2024-03-29,38,104.31,APXMIDP
2024-03-29T19:00:00Z,2024-03-29,39,94.18,APXMIDP
2024-03-29T19:30:00Z,2024-03-29,40,92.96,APXMIDP
2024-03-29T20:00:00Z,2024-03-29,41,91.45,APXMIDP
2024-03-29T20:30:00Z,2024-03-29,42,81.31,APXMIDP
2024-03-29T21:00:00Z,2024-03-29,43,73.93,APXMIDP
2024-03-29T21:30:00Z,2024-03-29,44,68.47,APXMIDP
2024-03-29T22:00:00Z,2024-03-29,45,73.2,APXMIDP
2024-03-29T22:30:00Z,2024-03-29,46,72.88,APXMIDP
2024-03-29T23:00:00Z,2024-03-29,47,71.09,APXMIDP
2024-03-29T23:30:00Z,2024-03-29,48,74.5,APXMIDP
2024-03-30T00:00:00Z,2024-03-30,1,73.91,APXMIDP
2024-03-30T00:30:00Z,2024-03-30,2,78.56,APXMIDP
2024-03-30T01:00:00Z,2024-03-30,3,79.24,APXMIDP
2024-03-30T01:30:00Z,2024-03-30,4,77.74,APXMIDP
2024-03-30T02:00:00Z,2024-03-30,5,76.33,APXMIDP
2024-03-30T02:30:00Z,2024-03-30,6,74.36,APXMIDP
2024-03-30T03:00:00Z,2024-03-30,7,72.72,APXMIDP
2024-03-30T03:30:00Z,2024-03-30,8,72.37,APXMIDP
2024-03-30T04:00:00Z,2024-03-30,9,71.6,APXMIDP
2024-03-30T04:30:00Z,2024-03-30,10,74.09,APXMIDP
2024-03-30T05:00:00Z,2024-03-30,11,71.48,APXMIDP
2024-03-30T05:30:00Z,2024-03-30,12,74.85,APXMIDP
2024-03-30T06:00:00Z,2024-03-30,13,74.76,APXMIDP
2024-03-30T06:30:00Z,2024-03-30,14,78.52,APXMIDP
2024-03-30T07:00:00Z,2024-03-30,15,80.98,APXMIDP
2024-03-30T07:30:00Z,2024-03-30,16,78.06,APXMIDP
2024-03-30T08:00:00Z,2024-03-30,17,81.64,APXMIDP
2024-03-30T08:30:00Z,2024-03-30,18,87.46,APXMIDP
2024-03-30T09:00:00Z,2024-03-30,19,87.57,APXMIDP
2024-03-30T09:30:00Z,2024-03-30,20,87.52,APXMIDP
2024-03-30T10:00:00Z,2024-03-30,21,86.15,APXMIDP
2024-03-30T10:30:00Z,2024-03-30,22,82.09,APXMIDP
2024-03-30T11:00:00Z,2024-03-30,23,78.65,APXMIDP
2024-03-30T11:30:00Z,2024-03-30,24,77.34,APXMIDP
2024-03-30T12:00:00Z,2024-03-30,25,78.63,APXMIDP
2024-03-30T12:30:00Z,2024-03-30,26,76.16,APXMIDP
2024-03-30T13:00:00Z,2024-03-30,27,66.24,APXMIDP
2024-03-30T13:30:00Z,2024-03-30,28,62.54,APXMIDP
2024-03-30T14:00:00Z,2024-03-30,29,65.27,APXMIDP
2024-03-30T14:30:00Z,2024-03-30,30,64.47,APXMIDP
2024-03-30T15:00:00Z,2024-03-30,31,61.05,APXMIDP
2024-03-30T15:30:00Z,2024-03-30,32,61.33,APXMIDP
2024-03-30T16:00:00Z,2024-03-30,33,63.22,APXMIDP
2024-03-30T16:30:00Z,2024-03-30,34,66.78,APXMIDP
2024-03-30T17:00:00Z,2024-03-30,35,75.51,APXMIDP
2024-03-30T17:30:00Z,2024-03-30,36,85.81,APXMIDP
2024-03-30T18:00:00Z,2024-03-30,37,89.79,APXMIDP
2024-03-30T18:30:00Z,2024-03-30,38,94.03,APXMIDP
2024-03-30T19:00:00Z,2024-03-30,39,91.05,APXMIDP
2024-03-30T19:30:00Z,2024-03-30,40,88.36,APXMIDP
2024-03-30T20:00:00Z,2024-03-30,41,85.64,APXMIDP
2024-03-30T20:30:00Z,2024-03-30,42,79.42,APXMIDP
2024-03-30T21:00:00Z,2024-03-30,43,73.9,APXMIDP
2024-03-30T21:30:00Z,2024-03-30,44,68.1,APXMIDP
2024-03-30T22:00:00Z,2024-03-30,45,68.49,APXMIDP
2024-03-30T22:30:00Z,2024-03-30,46,67.53,APXMIDP
2024-03-30T23:00:00Z,2024-03-30,47,61.81,APXMIDP
2024-03-30T23:30:00Z,2024-03-30,48,62.69,APXMIDP
2024-03-31T00:00:00Z,2024-03-31,1,62.03,APXMIDP
2024-03-31T00:30:00Z,2024-03-31,2,70.06,APXMIDP
2024-03-31T01:00:00Z,2024-03-31,3,75.06,APXMIDP
2024-03-31T01:30:00Z,2024-03-31,4,73.09,APXMIDP
2024-03-31T02:00:00Z,2024-03-31,5,76.11,APXMIDP
2024-03-31T02:30:00Z,2024-03-31,6,81.48,APXMIDP
2024-03-31T03:00:00Z,2024-03-31,7,74.66,APXMIDP
2024-03-31T03:30:00Z,2024-03-31,8,68.37,APXMIDP
2024-03-31T04:00:00Z,2024-03-31,9,58.04,APXMIDP
2024-03-31T04:30:00Z,2024-03-31,10,53.01,APXMIDP
2024-03-31T05:00:00Z,2024-03-31,11,52.13,APXMIDP
2024-03-31T05:30:00Z,2024-03-31,12,50.75,APXMIDP
2024-03-31T06:00:00Z,2024-03-31,13,49.58,APXMIDP
2024-03-31T06:30:00Z,2024-03-31,14,55.27,APXMIDP
2024-03-31T07:00:00Z,2024-03-31,15,53.66,APXMIDP
2024-03-31T07:30:00Z,2024-03-31,16,48.86,APXMIDP
2024-03-31T08:00:00Z,2024-03-31,17,53.64,APXMIDP
2024-03-31T08:30:00Z,2024-03-31,18,61.34,APXMIDP
2024-03-31T09:00:00Z,2024-03-31,19,62.86,APXMIDP
2024-03-31T09:30:00Z,2024-03-31,20,58.99,APXMIDP
2024-03-31T10:00:00Z,2024-03-31,21,64.41,APXMIDP
2024-03-31T10:30:00Z,2024-03-31,22,64.39,APXMIDP
2024-03-31T11:00:00Z,2024-03-31,23,67.37,APXMIDP
2024-03-31T11:30:00Z,2024-03-31,24,69.5,APXMIDP
2024-03-31T12:00:00Z,2024-03-31,25,69.51,APXMIDP
2024-03-31T12:30:00Z,2024-03-31,26,68.06,APXMIDP
2024-03-31T13:00:00Z,2024-03-31,27,64.12,APXMIDP
2024-03-31T13:30:00Z,2024-03-31,28,61.6,APXMIDP
2024-03-31T14:00:00Z,2024-03-31,29,62.33,APXMIDP
2024-03-31T14:30:00Z,2024-03-31,30,62.29,APXMIDP
2024-03-31T15:00:00Z,2024-03-31,31,55.1,APXMIDP
2024-03-31T15:30:00Z,2024-03-31,32,54.66,APXMIDP
2024-03-31T16:00:00Z,2024-03-31,33,60.61,APXMIDP
2024-03-31T16:30:00Z,2024-03-31,34,64.42,APXMIDP
2024-03-31T17:00:00Z,2024-03-31,35,66.96,APXMIDP
2024-03-31T17:30:00Z,2024-03-31,36,66.43,APXMIDP
2024-03-31T18:00:00Z,2024-03-31,37,69.79,APXMIDP
2024-03-31T18:30:00Z,2024-03-31,38,71.42,APXMIDP
2024-03-31T19:00:00Z,2024-03-31,39,66.53,APXMIDP
2024-03-31T19:30:00Z,2024-03-31,40,55.87,APXMIDP
2024-03-31T20:00:00Z,2024-03-31,41,51.01,APXMIDP
2024-03-31T20:30:00Z,2024-03-31,42,53.44,APXMIDP
2024-03-31T21:00:00Z,2024-03-31,43,48.34,APXMIDP
2024-03-31T21:30:00Z,2024-03-31,44,45.89,APXMIDP
2024-03-31T22:00:00Z,2024-03-31,45,32.43,APXMIDP
2024-03-31T22:30:00Z,2024-03-31,46,31.38,APXMIDP
2024-03-31T23:00:00Z,2024-04-01,1,27.54,APXMIDP
2024-03-31T23:30:00Z,2024-04-01,2,26.46,APXMIDP
2024-04-01T00:00:00Z,2024-04-01,3,25.19,APXMIDP
2024-04-01T00:30:00Z,2024-04-01,4,33.6,APXMIDP
2024-04-01T01:00:00Z,2024-04-01,5,47.54,APXMIDP
2024-04-01T01:30:00Z,2024-04-01,6,44.65,APXMIDP
2024-04-01T02:00:00Z,2024-04-01,7,47.36,APXMIDP
2024-04-01T02:30:00Z,2024-04-01,8,52.94,APXMIDP
2024-04-01T03:00:00Z,2024-04-01,9,55.34,APXMIDP
2024-04-01T03:30:00Z,2024-04-01,10,56.26,APXMIDP
2024-04-01T04:00:00Z,2024-04-01,11,53.73,APXMIDP
2024-04-01T04:30:00Z,2024-04-01,12,52.61,APXMIDP
2024-04-01T05:00:00Z,2024-04-01,13,52.57,APXMIDP
2024-04-01T05:30:00Z,2024-04-01,14,53.91,APXMIDP
2024-04-01T06:00:00Z,2024-04-01,15,54.5,APXMIDP
2024-04-01T06:30:00Z,2024-04-01,16,54.66,APXMIDP
2024-04-01T07:00:00Z,2024-04-01,17,55.86,APXMIDP
2024-04-01T07:30:00Z,2024-04-01,18,55.16,APXMIDP
2024-04-01T08:00:00Z,2024-04-01,19,55.25,APXMIDP
2024-04-01T08:30:00Z,2024-04-01,20,57.38,APXMIDP
2024-04-01T09:00:00Z,2024-04-01,21,63.12,APXMIDP
2024-04-01T09:30:00Z,2024-04-01,22,67.31,APXMIDP
2024-04-01T10:00:00Z,2024-04-01,23,79.4,APXMIDP
2024-04-01T10:30:00Z,2024-04-01,24,81.52,APXMIDP
2024-04-01T11:00:00Z,2024-04-01,25,75.43,APXMIDP
2024-04-01T11:30:00Z,2024-04-01,26,77.27,APXMIDP
2024-04-01T12:00:00Z,2024-04-01,27,74.43,APXMIDP
2024-04-01T12:30:00Z,2024-04-01,28,64.69,APXMIDP
2024-04-01T13:00:00Z,2024-04-01,29,63.64,APXMIDP
2024-04-01T13:30:00Z,2024-04-01,30,60.26,APXMIDP
2024-04-01T14:00:00Z,2024-04-01,31,58.84,APXMIDP
2024-04-01T14:30:00Z,2024-04-01,32,59.22,APXMIDP
2024-04-01T15:00:00Z,2024-04-01,33,59.38,APXMIDP
2024-04-01T15:30:00Z,2024-04-01,34,71.41,APXMIDP
2024-04-01T16:00:00Z,2024-04-01,35,71.49,APXMIDP
2024-04-01T16:30:00Z,2024-04-01,36,70.24,APXMIDP
2024-04-01T17:00:00Z,2024-04-01,37,84.13,APXMIDP
2024-04-01T17:30:00Z,2024-04-01,38,86.72,APXMIDP
2024-04-01T18:00:00Z,2024-04-01,39,90.73,APXMIDP
2024-04-01T18:30:00Z,2024-04-01,40,91.83,APXMIDP
2024-04-01T19:00:00Z,2024-04-01,41,92.69,APXMIDP
2024-04-01T19:30:00Z,2024-04-01,42,91.38,APXMIDP
2024-04-01T20:00:00Z,2024-04-01,43,81.63,APXMIDP
2024-04-01T20:30:00Z,2024-04-01,44,67.73,APXMIDP
2024-04-01T21:00:00Z,2024-04-01,45,71.53,APXMIDP
2024-04-01T21:30:00Z,2024-04-01,46,75.19,APXMIDP
2024-04-01T22:00:00Z,2024-04-01,47,73.11,APXMIDP
2024-04-01T22:30:00Z,2024-04-01,48,65.83,APXMIDP
2024-04-01T23:00:00Z,2024-04-02,1,68.58,APXMIDP
2024-04-01T23:30:00Z,2024-04-02,2,67.05,APXMIDP
2024-04-02T00:00:00Z,2024-04-02,3,67.0,APXMIDP
2024-04-02T00:30:00Z,2024-04-02,4,60.17,APXMIDP
2024-04-02T01:00:00Z,2024-04-02,5,50.07,APXMIDP
2024-04-02T01:30:00Z,2024-04-02,6,53.96,APXMIDP
2024-04-02T02:00:00Z,2024-04-02,7,55.86,APXMIDP
2024-04-02T02:30:00Z,2024-04-02,8,51.21,APXMIDP
2024-04-02T03:00:00Z,2024-04-02,9,50.77,APXMIDP
2024-04-02T03:30:00Z,2024-04-02,10,42.48,APXMIDP
2024-04-02T04:00:00Z,2024-04-02,11,41.85,APXMIDP
2024-04-02T04:30:00Z,2024-04-02,12,40.28,APXMIDP
2024-04-02T05:00:00Z,2024-04-02,13,52.43,APXMIDP
2024-04-02T05:30:00Z,2024-04-02,14,57.44,APXMIDP
2024-04-02T06:00:00Z,2024-04-02,15,60.56,APXMIDP
2024-04-02T06:30:00Z,2024-04-02,16,64.37,APXMIDP
2024-04-02T07:00:00Z,2024-04-02,17,79.26,APXMIDP
2024-04-02T07:30:00Z,2024-04-02,18,74.83,APXMIDP
2024-04-02T08:00:00Z,2024-04-02,19,72.29,APXMIDP
2024-04-02T08:30:00Z,2024-04-02,20,68.27,APXMIDP
2024-04-02T09:00:00Z,2024-04-02,21,64.03,APXMIDP
2024-04-02T09:30:00Z,2024-04-02,22,61.34,APXMIDP
2024-04-02T10:00:00Z,2024-04-02,23,59.45,APXMIDP
2024-04-02T10:30:00Z,2024-04-02,24,59.38,APXMIDP
2024-04-02T11:00:00Z,2024-04-02,25,61.11,APXMIDP
2024-04-02T11:30:00Z,2024-04-02,26,62.26,APXMIDP
2024-04-02T12:00:00Z,2024-04-02,27,62.64,APXMIDP
2024-04-02T12:30:00Z,2024-04-02,28,64.12,APXMIDP
2024-04-02T13:00:00Z,2024-04-02,29,66.62,APXMIDP
2024-04-02T13:30:00Z,2024-04-02,30,68.49,APXMIDP
2024-04-02T14:00:00Z,2024-04-02,31,73.17,APXMIDP
2024-04-02T14:30:00Z,2024-04-02,32,76.86,APXMIDP
2024-04-02T15:00:00Z,2024-04-02,33,73.83,APXMIDP
2024-04-02T15:30:00Z,2024-04-02,34,77.27,APXMIDP
2024-04-02T16:00:00Z,2024-04-02,35,79.84,APXMIDP
2024-04-02T16:30:00Z,2024-04-02,36,83.16,APXMIDP
2024-04-02T17:00:00Z,2024-04-02,37,85.68,APXMIDP
2024-04-02T17:30:00Z,2024-04-02,38,86.48,APXMIDP
2024-04-02T18:00:00Z,2024-04-02,39,87.23,APXMIDP
2024-04-02T18:30:00Z,2024-04-02,40,85.85,APXMIDP
2024-04-02T19:00:00Z,2024-04-02,41,82.28,APXMIDP
2024-04-02T19:30:00Z,2024-04-02,42,73.64,APXMIDP
2024-04-02T20:00:00Z,2024-04-02,43,68.92,APXMIDP
2024-04-02T20:30:00Z,2024-04-02,44,69.7,APXMIDP
2024-04-02T21:00:00Z,2024-04-02,45,67.46,APXMIDP
2024-04-02T21:30:00Z,2024-04-02,46,60.28,APXMIDP
2024-04-02T22:00:00Z,2024-04-02,47,67.61,APXMIDP
2024-04-02T22:30:00Z,2024-04-02,48,60.3,APXMIDP
2024-04-02T23:00:00Z,2024-04-03,1,61.46,APXMIDP
2024-04-02T23:30:00Z,2024-04-03,2,57.54,APXMIDP
2024-04-03T00:00:00Z,2024-04-03,3,59.02,APXMIDP
2024-04-03T00:30:00Z,2024-04-03,4,61.49,APXMIDP
2024-04-03T01:00:00Z,2024-04-03,5,62.41,APXMIDP
2024-04-03T01:30:00Z,2024-04-03,6,55.48,APXMIDP
2024-04-03T02:00:00Z,2024-04-03,7,58.7,APXMIDP
2024-04-03T02:30:00Z,2024-04-03,8,58.72,APXMIDP
2024-04-03T03:00:00Z,2024-04-03,9,59.53,APXMIDP
2024-04-03T03:30:00Z,2024-04-03,10,58.95,APXMIDP
2024-04-03T04:00:00Z,2024-04-03,11,54.76,APXMIDP
2024-04-03T04:30:00Z,2024-04-03,12,57.98,APXMIDP
2024-04-03T05:00:00Z,2024-04-03,13,70.3,APXMIDP
2024-04-03T05:30:00Z,2024-04-03,14,69.21,APXMIDP
2024-04-03T06:00:00Z,2024-04-03,15,76.28,APXMIDP
2024-04-03T06:30:00Z,2024-04-03,16,84.49,APXMIDP
2024-04-03T07:00:00Z,2024-04-03,17,78.32,APXMIDP
2024-04-03T07:30:00Z,2024-04-03,18,78.18,APXMIDP
2024-04-03T08:00:00Z,2024-04-03,19,78.43,APXMIDP
2024-04-03T08:30:00Z,2024-04-03,20,75.41,APXMIDP
2024-04-03T09:00:00Z,2024-04-03,21,67.3,APXMIDP
2024-04-03T09:30:00Z,2024-04-03,22,62.76,APXMIDP
2024-04-03T10:00:00Z,2024-04-03,23,60.07,APXMIDP
2024-04-03T10:30:00Z,2024-04-03,24,61.85,APXMIDP
2024-04-03T11:00:00Z,2024-04-03,25,64.29,APXMIDP
2024-04-03T11:30:00Z,2024-04-03,26,63.1,APXMIDP
2024-04-03T12:00:00Z,2024-04-03,27,61.03,APXMIDP
2024-04-03T12:30:00Z,2024-04-03,28,54.66,APXMIDP
2024-04-03T13:00:00Z,2024-04-03,29,59.07,APXMIDP
2024-04-03T13:30:00Z,2024-04-03,30,54.57,APXMIDP
2024-04-03T14:00:00Z,2024-04-03,31,58.43,APXMIDP
2024-04-03T14:30:00Z,2024-04-03,32,60.29,APXMIDP
2024-04-03T15:00:00Z,2024-04-03,33,55.69,APXMIDP
2024-04-03T15:30:00Z,2024-04-03,34,55.87,APXMIDP
2024-04-03T16:00:00Z,2024-04-03,35,59.71,APXMIDP
2024-04-03T16:30:00Z,2024-04-03,36,65.34,APXMIDP
2024-04-03T17:00:00Z,2024-04-03,37,62.27,APXMIDP
2024-04-03T17:30:00Z,2024-04-03,38,64.51,APXMIDP
2024-04-03T18:00:00Z,2024-04-03,39,62.58,APXMIDP
2024-04-03T18:30:00Z,2024-04-03,40,70.15,APXMIDP
2024-04-03T19:00:00Z,2024-04-03,41,73.58,APXMIDP
2024-04-03T19:30:00Z,2024-04-03,42,72.01,APXMIDP
2024-04-03T20:00:00Z,2024-04-03,43,69.48,APXMIDP
2024-04-03T20:30:00Z,2024-04-03,44,62.81,APXMIDP
2024-04-03T21:00:00Z,2024-04-03,45,57.59,APXMIDP
2024-04-03T21:30:00Z,2024-04-03,46,47.55,APXMIDP
2024-04-03T22:00:00Z,2024-04-03,47,33.89,APXMIDP
2024-04-03T22:30:00Z,2024-04-03,48,30.48,APXMIDP
2024-04-03T23:00:00Z,2024-04-04,1,31.11,APXMIDP
2024-04-03T23:30:00Z,2024-04-04,2,34.06,APXMIDP
2024-04-04T00:00:00Z,2024-04-04,3,34.31,APXMIDP
2024-04-04T00:30:00Z,2024-04-04,4,38.33,APXMIDP
2024-04-04T01:00:00Z,2024-04-04,5,42.21,APXMIDP
2024-04-04T01:30:00Z,2024-04-04,6,39.41,APXMIDP
2024-04-04T02:00:00Z,2024-04-04,7,39.57,APXMIDP
2024-04-04T02:30:00Z,2024-04-04,8,38.56,APXMIDP
2024-04-04T03:00:00Z,2024-04-04,9,40.41,APXMIDP
2024-04-04T03:30:00Z,2024-04-04,10,38.88,APXMIDP
2024-04-04T04:00:00Z,2024-04-04,11,43.27,APXMIDP
2024-04-04T04:30:00Z,2024-04-04,12,47.89,APXMIDP
2024-04-04T05:00:00Z,2024-04-04,13,50.33,APXMIDP
2024-04-04T05:30:00Z,2024-04-04,14,51.16,APXMIDP
2024-04-04T06:00:00Z,2024-04-04,15,54.82,APXMIDP
2024-04-04T06:30:00Z,2024-04-04,16,60.72,APXMIDP
2024-04-04T07:00:00Z,2024-04-04,17,58.2,APXMIDP
2024-04-04T07:30:00Z,2024-04-04,18,61.06,APXMIDP
2024-04-04T08:00:00Z,2024-04-04,19,59.01,APXMIDP
2024-04-04T08:30:00Z,2024-04-04,20,54.39,APXMIDP
2024-04-04T09:00:00Z,2024-04-04,21,51.9,APXMIDP
2024-04-04T09:30:00Z,2024-04-04,22,54.41,APXMIDP
2024-04-04T10:00:00Z,2024-04-04,23,59.0,APXMIDP
2024-04-04T10:30:00Z,2024-04-04,24,56.79,APXMIDP
2024-04-04T11:00:00Z,2024-04-04,25,55.85,APXMIDP
2024-04-04T11:30:00Z,2024-04-04,26,55.74,APXMIDP
2024-04-04T12:00:00Z,2024-04-04,27,53.92,APXMIDP
2024-04-04T12:30:00Z,2024-04-04,28,53.75,APXMIDP
2024-04-04T13:00:00Z,2024-04-04,29,54.21,APXMIDP
2024-04-04T13:30:00Z,2024-04-04,30,55.79,APXMIDP
2024-04-04T14:00:00Z,2024-04-04,31,58.53,APXMIDP
2024-04-04T14:30:00Z,2024-04-04,32,58.58,APXMIDP
2024-04-04T15:00:00Z,2024-04-04,33,60.2,APXMIDP
2024-04-04T15:30:00Z,2024-04-04,34,63.78,APXMIDP
2024-04-04T16:00:00Z,2024-04-04,35,69.65,APXMIDP
2024-04-04T16:30:00Z,2024-04-04,36,73.33,APXMIDP
2024-04-04T17:00:00Z,2024-04-04,37,65.85,APXMIDP
2024-04-04T17:30:00Z,2024-04-04,38,66.15,APXMIDP
2024-04-04T18:00:00Z,2024-04-04,39,72.6,APXMIDP
2024-04-04T18:30:00Z,2024-04-04,40,70.85,APXMIDP
2024-04-04T19:00:00Z,2024-04-04,41,72.84,APXMIDP
2024-04-04T19:30:00Z,2024-04-04,42,68.86,APXMIDP
2024-04-04T20:00:00Z,2024-04-04,43,64.27,APXMIDP
2024-04-04T20:30:00Z,2024-04-04,44,68.35,APXMIDP
2024-04-04T21:00:00Z,2024-04-04,45,58.13,APXMIDP
2024-04-04T21:30:00Z,2024-04-04,46,54.25,APXMIDP
2024-04-04T22:00:00Z,2024-04-04,47,52.14,APXMIDP
2024-04-04T22:30:00Z,2024-04-04,48,43.49,APXMIDP
2024-04-04T23:00:00Z,2024-04-05,1,49.55,APXMIDP
2024-04-04T23:30:00Z,2024-04-05,2,35.06,APXMIDP
2024-04-05T00:00:00Z,2024-04-05,3,39.58,APXMIDP
2024-04-05T00:30:00Z,2024-04-05,4,28.25,APXMIDP
2024-04-05T01:00:00Z,2024-04-05,5,35.84,APXMIDP
2024-04-05T01:30:00Z,2024-04-05,6,23.56,APXMIDP
2024-04-05T02:00:00Z,2024-04-05,7,14.59,APXMIDP
2024-04-05T02:30:00Z,2024-04-05,8,8.96,APXMIDP
2024-04-05T03:00:00Z,2024-04-05,9,6.09,APXMIDP
2024-04-05T03:30:00Z,2024-04-05,10,6.47,APXMIDP
2024-04-05T04:00:00Z,2024-04-05,11,3.23,APXMIDP
2024-04-05T04:30:00Z,2024-04-05,12,15.36,APXMIDP
2024-04-05T05:00:00Z,2024-04-05,13,19.18,APXMIDP
2024-04-05T05:30:00Z,2024-04-05,14,46.27,APXMIDP
2024-04-05T06:00:00Z,2024-04-05,15,52.78,APXMIDP
2024-04-05T06:30:00Z,2024-04-05,16,73.27,APXMIDP
2024-04-05T07:00:00Z,2024-04-05,17,70.87,APXMIDP
2024-04-05T07:30:00Z,2024-04-05,18,69.21,APXMIDP
2024-04-05T08:00:00Z,2024-04-05,19,64.7,APXMIDP
2024-04-05T08:30:00Z,2024-04-05,20,55.06,APXMIDP
2024-04-05T09:00:00Z,2024-04-05,21,53.98,APXMIDP
2024-04-05T09:30:00Z,2024-04-05,22,48.78,APXMIDP
2024-04-05T10:00:00Z,2024-04-05,23,50.97,APXMIDP
2024-04-05T10:30:00Z,2024-04-05,24,42.26,APXMIDP
2024-04-05T11:00:00Z,2024-04-05,25,39.79,APXMIDP
2024-04-05T11:30:00Z,2024-04-05,26,37.16,APXMIDP
2024-04-05T12:00:00Z,2024-04-05,27,19.2,APXMIDP
2024-04-05T12:30:00Z,2024-04-05,28,13.53,APXMIDP
2024-04-05T13:00:00Z,2024-04-05,29,13.92,APXMIDP
2024-04-05T13:30:00Z,2024-04-05,30,12.33,APXMIDP
2024-04-05T14:00:00Z,2024-04-05,31,6.52,APXMIDP
2024-04-05T14:30:00Z,2024-04-05,32,11.9,APXMIDP
2024-04-05T15:00:00Z,2024-04-05,33,16.39,APXMIDP
2024-04-05T15:30:00Z,2024-04-05,34,30.64,APXMIDP
2024-04-05T16:00:00Z,2024-04-05,35,29.12,APXMIDP
2024-04-05T16:30:00Z,2024-04-05,36,41.71,APXMIDP
2024-04-05T17:00:00Z,2024-04-05,37,46.54,APXMIDP
2024-04-05T17:30:00Z,2024-04-05,38,46.45,APXMIDP
2024-04-05T18:00:00Z,2024-04-05,39,44.96,APXMIDP
2024-04-05T18:30:00Z,2024-04-05,40,51.57,APXMIDP
2024-04-05T19:00:00Z,2024-04-05,41,56.04,APXMIDP
2024-04-05T19:30:00Z,2024-04-05,42,56.72,APXMIDP
2024-04-05T20:00:00Z,2024-04-05,43,59.21,APXMIDP
2024-04-05T20:30:00Z,2024-04-05,44,31.13,APXMIDP
2024-04-05T21:00:00Z,2024-04-05,45,41.25,APXMIDP
2024-04-05T21:30:00Z,2024-04-05,46,7.2,APXMIDP
2024-04-05T22:00:00Z,2024-04-05,47,6.23,APXMIDP
2024-04-05T22:30:00Z,2024-04-05,48,10.23,APXMIDP
2024-04-05T23:00:00Z,2024-04-06,1,18.48,APXMIDP
2024-04-05T23:30:00Z,2024-04-06,2,14.67,APXMIDP
2024-04-06T00:00:00Z,2024-04-06,3,4.4,APXMIDP
2024-04-06T00:30:00Z,2024-04-06,4,1.95,APXMIDP
2024-04-06T01:00:00Z,2024-04-06,5,6.28,APXMIDP
2024-04-06T01:30:00Z,2024-04-06,6,-8.8,APXMIDP
2024-04-06T02:00:00Z,2024-04-06,7,-14.67,APXMIDP
2024-04-06T02:30:00Z,2024-04-06,8,-17.55,APXMIDP
2024-04-06T03:00:00Z,2024-04-06,9,-19.86,APXMIDP
2024-04-06T03:30:00Z,2024-04-06,10,-24.69,APXMIDP
2024-04-06T04:00:00Z,2024-04-06,11,-22.75,APXMIDP
2024-04-06T04:30:00Z,2024-04-06,12,-20.46,APXMIDP
2024-04-06T05:00:00Z,2024-04-06,13,-24.67,APXMIDP
2024-04-06T05:30:00Z,2024-04-06,14,-16.69,APXMIDP
2024-04-06T06:00:00Z,2024-04-06,15,-27.72,APXMIDP
2024-04-06T06:30:00Z,2024-04-06,16,-16.58,APXMIDP
2024-04-06T07:00:00Z,2024-04-06,17,-12.31,APXMIDP
2024-04-06T07:30:00Z,2024-04-06,18,16.35,APXMIDP
2024-04-06T08:00:00Z,2024-04-06,19,-2.72,APXMIDP
2024-04-06T08:30:00Z,2024-04-06,20,2.54,APXMIDP
2024-04-06T09:00:00Z,2024-04-06,21,23.31,APXMIDP
2024-04-06T09:30:00Z,2024-04-06,22,20.14,APXMIDP
2024-04-06T10:00:00Z,2024-04-06,23,1.92,APXMIDP
2024-04-06T10:30:00Z,2024-04-06,24,18.65,APXMIDP
2024-04-06T11:00:00Z,2024-04-06,25,21.11,APXMIDP
2024-04-06T11:30:00Z,2024-04-06,26,0.36,APXMIDP
2024-04-06T12:00:00Z,2024-04-06,27,-10.21,APXMIDP
2024-04-06T12:30:00Z,2024-04-06,28,-20.91,APXMIDP
2024-04-06T13:00:00Z,2024-04-06,29,-24.39,APXMIDP
2024-04-06T13:30:00Z,2024-04-06,30,-24.36,APXMIDP
2024-04-06T14:00:00Z,2024-04-06,31,2.14,APXMIDP
2024-04-06T14:30:00Z,2024-04-06,32,-0.13,APXMIDP
2024-04-06T15:00:00Z,2024-04-06,33,0.03,APXMIDP
2024-04-06T15:30:00Z,2024-04-06,34,17.1,APXMIDP
2024-04-06T16:00:00Z,2024-04-06,35,17.59,APXMIDP
2024-04-06T16:30:00Z,2024-04-06,36,36.18,APXMIDP
2024-04-06T17:00:00Z,2024-04-06,37,46.77,APXMIDP
2024-04-06T17:30:00Z,2024-04-06,38,51.26,APXMIDP
2024-04-06T18:00:00Z,2024-04-06,39,57.27,APXMIDP
2024-04-06T18:30:00Z,2024-04-06,40,55.72,APXMIDP
2024-04-06T19:00:00Z,2024-04-06,41,55.69,APXMIDP
2024-04-06T19:30:00Z,2024-04-06,42,46.4,APXMIDP
2024-04-06T20:00:00Z,2024-04-06,43,40.37,APXMIDP
2024-04-06T20:30:00Z,2024-04-06,44,13.01,APXMIDP
2024-04-06T21:00:00Z,2024-04-06,45,19.5,APXMIDP
2024-04-06T21:30:00Z,2024-04-06,46,7.13,APXMIDP
2024-04-06T22:00:00Z,2024-04-06,47,22.72,APXMIDP
2024-04-06T22:30:00Z,2024-04-06,48,7.25,APXMIDP
2024-04-06T23:00:00Z,2024-04-07,1,-0.66,APXMIDP
2024-04-06T23:30:00Z,2024-04-07,2,7.46,APXMIDP
2024-04-07T00:00:00Z,2024-04-07,3,11.51,APXMIDP
2024-04-07T00:30:00Z,2024-04-07,4,19.46,APXMIDP
2024-04-07T01:00:00Z,2024-04-07,5,4.89,APXMIDP
2024-04-07T01:30:00Z,2024-04-07,6,-4.82,APXMIDP
2024-04-07T02:00:00Z,2024-04-07,7,3.33,APXMIDP
2024-04-07T02:30:00Z,2024-04-07,8,-2.5,APXMIDP
2024-04-07T03:00:00Z,2024-04-07,9,-1.59,APXMIDP
2024-04-07T03:30:00Z,2024-04-07,10,-8.42,APXMIDP
2024-04-07T04:00:00Z,2024-04-07,11,-4.25,APXMIDP
2024-04-07T04:30:00Z,2024-04-07,12,-1.99,APXMIDP
2024-04-07T05:00:00Z,2024-04-07,13,-9.37,APXMIDP
2024-04-07T05:30:00Z,2024-04-07,14,-8.91,APXMIDP
2024-04-07T06:00:00Z,2024-04-07,15,-19.97,APXMIDP
2024-04-07T06:30:00Z,2024-04-07,16,-19.32,APXMIDP
2024-04-07T07:00:00Z,2024-04-07,17,-19.27,APXMIDP
2024-04-07T07:30:00Z,2024-04-07,18,-17.88,APXMIDP
2024-04-07T08:00:00Z,2024-04-07,19,-17.2,APXMIDP
2024-04-07T08:30:00Z,2024-04-07,20,-18.51,APXMIDP
2024-04-07T09:00:00Z,2024-04-07,21,-21.65,APXMIDP
2024-04-07T09:30:00Z,2024-04-07,22,-26.77,APXMIDP
2024-04-07T10:00:00Z,2024-04-07,23,-61.09,APXMIDP
2024-04-07T10:30:00Z,2024-04-07,24,-59.63,APXMIDP
2024-04-07T11:00:00Z,2024-04-07,25,-53.55,APXMIDP
2024-04-07T11:30:00Z,2024-04-07,26,-54.87,APXMIDP
2024-04-07T12:00:00Z,2024-04-07,27,-60.65,APXMIDP
2024-04-07T12:30:00Z,2024-04-07,28,-59.38,APXMIDP
2024-04-07T13:00:00Z,2024-04-07,29,-50.18,APXMIDP
2024-04-07T13:30:00Z,2024-04-07,30,-50.41,APXMIDP
2024-04-07T14:00:00Z,2024-04-07,31,-42.39,APXMIDP
2024-04-07T14:30:00Z,2024-04-07,32,-48.52,APXMIDP
2024-04-07T15:00:00Z,2024-04-07,33,-31.8,APXMIDP
2024-04-07T15:30:00Z,2024-04-07,34,-9.8,APXMIDP
2024-04-07T16:00:00Z,2024-04-07,35,8.8,APXMIDP
2024-04-07T16:30:00Z,2024-04-07,36,35.75,APXMIDP
2024-04-07T17:00:00Z,2024-04-07,37,46.75,APXMIDP
2024-04-07T17:30:00Z,2024-04-07,38,56.02,APXMIDP
2024-04-07T18:00:00Z,2024-04-07,39,66.84,APXMIDP
2024-04-07T18:30:00Z,2024-04-07,40,67.89,APXMIDP
2024-04-07T19:00:00Z,2024-04-07,41,68.49,APXMIDP
2024-04-07T19:30:00Z,2024-04-07,42,64.91,APXMIDP
2024-04-07T20:00:00Z,2024-04-07,43,66.76,APXMIDP
2024-04-07T20:30:00Z,2024-04-07,44,60.47,APXMIDP
2024-04-07T21:00:00Z,2024-04-07,45,66.83,APXMIDP
2024-04-07T21:30:00Z,2024-04-07,46,36.24,APXMIDP
2024-04-07T22:00:00Z,2024-04-07,47,41.15,APXMIDP
2024-04-07T22:30:00Z,2024-04-07,48,28.73,APXMIDP
2024-04-07T23:00:00Z,2024-04-08,1,31.79,APXMIDP
2024-04-07T23:30:00Z,2024-04-08,2,39.61,APXMIDP
2024-04-08T00:00:00Z,2024-04-08,3,32.57,APXMIDP
2024-04-08T00:30:00Z,2024-04-08,4,38.07,APXMIDP
2024-04-08T01:00:00Z,2024-04-08,5,29.03,APXMIDP
2024-04-08T01:30:00Z,2024-04-08,6,39.66,APXMIDP
2024-04-08T02:00:00Z,2024-04-08,7,31.67,APXMIDP
2024-04-08T02:30:00Z,2024-04-08,8,32.66,APXMIDP
2024-04-08T03:00:00Z,2024-04-08,9,14.16,APXMIDP
2024-04-08T03:30:00Z,2024-04-08,10,25.03,APXMIDP
2024-04-08T04:00:00Z,2024-04-08,11,41.69,APXMIDP
2024-04-08T04:30:00Z,2024-04-08,12,42.17,APXMIDP
2024-04-08T05:00:00Z,2024-04-08,13,51.69,APXMIDP
2024-04-08T05:30:00Z,2024-04-08,14,53.42,APXMIDP
2024-04-08T06:00:00Z,2024-04-08,15,54.16,APXMIDP
2024-04-08T06:30:00Z,2024-04-08,16,72.04,APXMIDP
2024-04-08T07:00:00Z,2024-04-08,17,60.45,APXMIDP
2024-04-08T07:30:00Z,2024-04-08,18,75.73,APXMIDP
2024-04-08T08:00:00Z,2024-04-08,19,73.98,APXMIDP
2024-04-08T08:30:00Z,2024-04-08,20,75.57,APXMIDP
2024-04-08T09:00:00Z,2024-04-08,21,67.59,APXMIDP
2024-04-08T09:30:00Z,2024-04-08,22,65.32,APXMIDP
2024-04-08T10:00:00Z,2024-04-08,23,60.33,APXMIDP
2024-04-08T10:30:00Z,2024-04-08,24,59.07,APXMIDP
2024-04-08T11:00:00Z,2024-04-08,25,65.19,APXMIDP
2024-04-08T11:30:00Z,2024-04-08,26,60.62,APXMIDP
2024-04-08T12:00:00Z,2024-04-08,27,59.49,APXMIDP
2024-04-08T12:30:00Z,2024-04-08,28,55.45,APXMIDP
2024-04-08T13:00:00Z,2024-04-08,29,52.86,APXMIDP
2024-04-08T13:30:00Z,2024-04-08,30,51.54,APXMIDP
2024-04-08T14:00:00Z,2024-04-08,31,52.38,APXMIDP
2024-04-08T14:30:00Z,2024-04-08,32,50.38,APXMIDP
2024-04-08T15:00:00Z,2024-04-08,33,51.76,APXMIDP
2024-04-08T15:30:00Z,2024-04-08,34,55.36,APXMIDP
2024-04-08T16:00:00Z,2024-04-08,35,69.59,APXMIDP
2024-04-08T16:30:00Z,2024-04-08,36,74.94,APXMIDP
2024-04-08T17:00:00Z,2024-04-08,37,83.27,APXMIDP
2024-04-08T17:30:00Z,2024-04-08,38,85.16,APXMIDP
2024-04-08T18:00:00Z,2024-04-08,39,81.63,APXMIDP
2024-04-08T18:30:00Z,2024-04-08,40,80.49,APXMIDP
2024-04-08T19:00:00Z,2024-04-08,41,78.53,APXMIDP
2024-04-08T19:30:00Z,2024-04-08,42,81.47,APXMIDP
2024-04-08T20:00:00Z,2024-04-08,43,74.39,APXMIDP
2024-04-08T20:30:00Z,2024-04-08,44,74.2,APXMIDP
2024-04-08T21:00:00Z,2024-04-08,45,69.31,APXMIDP
2024-04-08T21:30:00Z,2024-04-08,46,66.3,APXMIDP
2024-04-08T22:00:00Z,2024-04-08,47,64.8,APXMIDP
2024-04-08T22:30:00Z,2024-04-08,48,60.64,APXMIDP
2024-04-08T23:00:00Z,2024-04-09,1,54.05,APXMIDP
2024-04-08T23:30:00Z,2024-04-09,2,49.31,APXMIDP
2024-04-09T00:00:00Z,2024-04-09,3,43.63,APXMIDP
2024-04-09T00:30:00Z,2024-04-09,4,42.25,APXMIDP
2024-04-09T01:00:00Z,2024-04-09,5,39.82,APXMIDP
2024-04-09T01:30:00Z,2024-04-09,6,29.36,APXMIDP
2024-04-09T02:00:00Z,2024-04-09,7,12.47,APXMIDP
2024-04-09T02:30:00Z,2024-04-09,8,9.96,APXMIDP
2024-04-09T03:00:00Z,2024-04-09,9,8.89,APXMIDP
2024-04-09T03:30:00Z,2024-04-09,10,4.94,APXMIDP
2024-04-09T04:00:00Z,2024-04-09,11,5.43,APXMIDP
2024-04-09T04:30:00Z,2024-04-09,12,4.8,APXMIDP
2024-04-09T05:00:00Z,2024-04-09,13,6.16,APXMIDP
2024-04-09T05:30:00Z,2024-04-09,14,16.12,APXMIDP
2024-04-09T06:00:00Z,2024-04-09,15,27.84,APXMIDP
2024-04-09T06:30:00Z,2024-04-09,16,48.89,APXMIDP
2024-04-09T07:00:00Z,2024-04-09,17,35.09,APXMIDP
2024-04-09T07:30:00Z,2024-04-09,18,32.43,APXMIDP
2024-04-09T08:00:00Z,2024-04-09,19,42.11,APXMIDP
2024-04-09T08:30:00Z,2024-04-09,20,39.87,APXMIDP
2024-04-09T09:00:00Z,2024-04-09,21,40.12,APXMIDP
2024-04-09T09:30:00Z,2024-04-09,22,27.41,APXMIDP
2024-04-09T10:00:00Z,2024-04-09,23,20.12,APXMIDP
2024-04-09T10:30:00Z,2024-04-09,24,16.79,APXMIDP
2024-04-09T11:00:00Z,2024-04-09,25,18.79,APXMIDP
2024-04-09T11:30:00Z,2024-04-09,26,11.21,APXMIDP
2024-04-09T12:00:00Z,2024-04-09,27,7.61,APXMIDP
2024-04-09T12:30:00Z,2024-04-09,28,4.54,APXMIDP
2024-04-09T13:00:00Z,2024-04-09,29,3.82,APXMIDP
2024-04-09T13:30:00Z,2024-04-09,30,2.53,APXMIDP
2024-04-09T14:00:00Z,2024-04-09,31,0.66,APXMIDP
2024-04-09T14:30:00Z,2024-04-09,32,0.76,APXMIDP
2024-04-09T15:00:00Z,2024-04-09,33,3.55,APXMIDP
2024-04-09T15:30:00Z,2024-04-09,34,10.52,APXMIDP
2024-04-09T16:00:00Z,2024-04-09,35,21.33,APXMIDP
2024-04-09T16:30:00Z,2024-04-09,36,31.37,APXMIDP
2024-04-09T17:00:00Z,2024-04-09,37,31.22,APXMIDP
2024-04-09T17:30:00Z,2024-04-09,38,41.34,APXMIDP
2024-04-09T18:00:00Z,2024-04-09,39,37.29,APXMIDP
2024-04-09T18:30:00Z,2024-04-09,40,35.84,APXMIDP
2024-04-09T19:00:00Z,2024-04-09,41,35.39,APXMIDP
2024-04-09T19:30:00Z,2024-04-09,42,38.39,APXMIDP
2024-04-09T20:00:00Z,2024-04-09,43,30.23,APXMIDP
2024-04-09T20:30:00Z,2024-04-09,44,23.17,APXMIDP
2024-04-09T21:00:00Z,2024-04-09,45,37.04,APXMIDP
2024-04-09T21:30:00Z,2024-04-09,46,12.66,APXMIDP
2024-04-09T22:00:00Z,2024-04-09,47,8.85,APXMIDP
2024-04-09T22:30:00Z,2024-04-09,48,2.07,APXMIDP
2024-04-09T23:00:00Z,2024-04-10,1,1.68,APXMIDP
2024-04-09T23:30:00Z,2024-04-10,2,4.92,APXMIDP
2024-04-10T00:00:00Z,2024-04-10,3,24.03,APXMIDP
2024-04-10T00:30:00Z,2024-04-10,4,32.27,APXMIDP
2024-04-10T01:00:00Z,2024-04-10,5,27.07,APXMIDP
2024-04-10T01:30:00Z,2024-04-10,6,35.6,APXMIDP
2024-04-10T02:00:00Z,2024-04-10,7,41.71,APXMIDP
2024-04-10T02:30:00Z,2024-04-10,8,45.82,APXMIDP
2024-04-10T03:00:00Z,2024-04-10,9,45.4,APXMIDP
2024-04-10T03:30:00Z,2024-04-10,10,44.71,APXMIDP
2024-04-10T04:00:00Z,2024-04-10,11,62.84,APXMIDP
2024-04-10T04:30:00Z,2024-04-10,12,68.87,APXMIDP
2024-04-10T05:00:00Z,2024-04-10,13,82.42,APXMIDP
2024-04-10T05:30:00Z,2024-04-10,14,89.21,APXMIDP
2024-04-10T06:00:00Z,2024-04-10,15,85.29,APXMIDP
2024-04-10T06:30:00Z,2024-04-10,16,93.79,APXMIDP
2024-04-10T07:00:00Z,2024-04-10,17,84.23,APXMIDP
2024-04-10T07:30:00Z,2024-04-10,18,83.36,APXMIDP
2024-04-10T08:00:00Z,2024-04-10,19,73.99,APXMIDP
2024-04-10T08:30:00Z,2024-04-10,20,71.4,APXMIDP
2024-04-10T09:00:00Z,2024-04-10,21,74.39,APXMIDP
2024-04-10T09:30:00Z,2024-04-10,22,67.66,APXMIDP
2024-04-10T10:00:00Z,2024-04-10,23,55.65,APXMIDP
2024-04-10T10:30:00Z,2024-04-10,24,59.78,APXMIDP
2024-04-10T11:00:00Z,2024-04-10,25,60.64,APXMIDP
2024-04-10T11:30:00Z,2024-04-10,26,59.56,APXMIDP
2024-04-10T12:00:00Z,2024-04-10,27,41.68,APXMIDP
2024-04-10T12:30:00Z,2024-04-10,28,24.53,APXMIDP
2024-04-10T13:00:00Z,2024-04-10,29,20.77,APXMIDP
2024-04-10T13:30:00Z,2024-04-10,30,20.4,APXMIDP
2024-04-10T14:00:00Z,2024-04-10,31,24.9,APXMIDP
2024-04-10T14:30:00Z,2024-04-10,32,36.85,APXMIDP
2024-04-10T15:00:00Z,2024-04-10,33,40.35,APXMIDP
2024-04-10T15:30:00Z,2024-04-10,34,51.35,APXMIDP
2024-04-10T16:00:00Z,2024-04-10,35,64.59,APXMIDP
2024-04-10T16:30:00Z,2024-04-10,36,65.57,APXMIDP
2024-04-10T17:00:00Z,2024-04-10,37,71.4,APXMIDP
2024-04-10T17:30:00Z,2024-04-10,38,67.59,APXMIDP
2024-04-10T18:00:00Z,2024-04-10,39,62.7,APXMIDP
2024-04-10T18:30:00Z,2024-04-10,40,57.1,APXMIDP
2024-04-10T19:00:00Z,2024-04-10,41,52.22,APXMIDP
2024-04-10T19:30:00Z,2024-04-10,42,43.08,APXMIDP
2024-04-10T20:00:00Z,2024-04-10,43,44.73,APXMIDP
2024-04-10T20:30:00Z,2024-04-10,44,18.26,APXMIDP
2024-04-10T21:00:00Z,2024-04-10,45,32.03,APXMIDP
2024-04-10T21:30:00Z,2024-04-10,46,23.31,APXMIDP
2024-04-10T22:00:00Z,2024-04-10,47,28.15,APXMIDP
2024-04-10T22:30:00Z,2024-04-10,48,0.21,APXMIDP
2024-04-10T23:00:00Z,2024-04-11,1,2.94,APXMIDP
2024-04-10T23:30:00Z,2024-04-11,2,2.65,APXMIDP
2024-04-11T00:00:00Z,2024-04-11,3,0.12,APXMIDP
2024-04-11T00:30:00Z,2024-04-11,4,13.76,APXMIDP
2024-04-11T01:30:00Z,2024-04-11,6,-3.3,APXMIDP
2024-04-11T02:00:00Z,2024-04-11,7,5.7,APXMIDP
2024-04-11T02:30:00Z,2024-04-11,8,7.06,APXMIDP
2024-04-11T03:00:00Z,2024-04-11,9,3.52,APXMIDP
2024-04-11T03:30:00Z,2024-04-11,10,7.78,APXMIDP
2024-04-11T04:00:00Z,2024-04-11,11,6.64,APXMIDP
2024-04-11T04:30:00Z,2024-04-11,12,34.66,APXMIDP
2024-04-11T05:00:00Z,2024-04-11,13,39.16,APXMIDP
2024-04-11T05:30:00Z,2024-04-11,14,59.54,APXMIDP
2024-04-11T06:00:00Z,2024-04-11,15,59.11,APXMIDP
2024-04-11T06:30:00Z,2024-04-11,16,75.62,APXMIDP
2024-04-11T07:00:00Z,2024-04-11,17,59.81,APXMIDP
2024-04-11T07:30:00Z,2024-04-11,18,67.7,APXMIDP
2024-04-11T08:00:00Z,2024-04-11,19,70.29,APXMIDP
2024-04-11T08:30:00Z,2024-04-11,20,71.8,APXMIDP
2024-04-11T09:00:00Z,2024-04-11,21,72.65,APXMIDP
2024-04-11T09:30:00Z,2024-04-11,22,68.26,APXMIDP
2024-04-11T10:00:00Z,2024-04-11,23,58.6,APXMIDP
2024-04-11T10:30:00Z,2024-04-11,24,59.71,APXMIDP
2024-04-11T11:00:00Z,2024-04-11,25,64.77,APXMIDP
2024-04-11T11:30:00Z,2024-04-11,26,65.65,APXMIDP
2024-04-11T12:00:00Z,2024-04-11,27,63.36,APXMIDP
2024-04-11T12:30:00Z,2024-04-11,28,56.58,APXMIDP
2024-04-11T13:00:00Z,2024-04-11,29,49.83,APXMIDP
2024-04-11T13:30:00Z,2024-04-11,30,47.02,APXMIDP
2024-04-11T14:00:00Z,2024-04-11,31,48.25,APXMIDP
2024-04-11T14:30:00Z,2024-04-11,32,56.98,APXMIDP
2024-04-11T15:00:00Z,2024-04-11,33,61.66,APXMIDP
2024-04-11T15:30:00Z,2024-04-11,34,65.56,APXMIDP
2024-04-11T16:00:00Z,2024-04-11,35,59.24,APXMIDP
2024-04-11T16:30:00Z,2024-04-11,36,68.23,APXMIDP
2024-04-11T17:00:00Z,2024-04-11,37,74.0,APXMIDP
2024-04-11T17:30:00Z,2024-04-11,38,73.93,APXMIDP
2024-04-11T18:00:00Z,2024-04-11,39,77.72,APXMIDP
2024-04-11T18:30:00Z,2024-04-11,40,75.04,APXMIDP
2024-04-11T19:00:00Z,2024-04-11,41,73.69,APXMIDP
2024-04-11T19:30:00Z,2024-04-11,42,69.83,APXMIDP
2024-04-11T20:00:00Z,2024-04-11,43,66.19,APXMIDP
2024-04-11T20:30:00Z,2024-04-11,44,61.31,APXMIDP
2024-04-11T21:00:00Z,2024-04-11,45,42.4,APXMIDP
2024-04-11T21:30:00Z,2024-04-11,46,31.82,APXMIDP
2024-04-11T22:00:00Z,2024-04-11,47,32.14,APXMIDP
2024-04-11T22:30:00Z,2024-04-11,48,24.68,APXMIDP
2024-04-11T23:00:00Z,2024-04-12,1,29.32,APXMIDP
2024-04-11T23:30:00Z,2024-04-12,2,14.9,APXMIDP
2024-04-12T00:00:00Z,2024-04-12,3,10.92,APXMIDP
2024-04-12T00:30:00Z,2024-04-12,4,8.99,APXMIDP
2024-04-12T01:00:00Z,2024-04-12,5,10.1,APXMIDP
2024-04-12T01:30:00Z,2024-04-12,6,6.4,APXMIDP
2024-04-12T02:00:00Z,2024-04-12,7,4.02,APXMIDP
2024-04-12T02:30:00Z,2024-04-12,8,1.92,APXMIDP
2024-04-12T03:00:00Z,2024-04-12,9,7.61,APXMIDP
2024-04-12T03:30:00Z,2024-04-12,10,7.15,APXMIDP
2024-04-12T04:00:00Z,2024-04-12,11,3.26,APXMIDP
2024-04-12T04:30:00Z,2024-04-12,12,3.88,APXMIDP
2024-04-12T05:00:00Z,2024-04-12,13,42.59,APXMIDP
2024-04-12T05:30:00Z,2024-04-12,14,66.08,APXMIDP
2024-04-12T06:00:00Z,2024-04-12,15,49.53,APXMIDP
2024-04-12T06:30:00Z,2024-04-12,16,68.77,APXMIDP
2024-04-12T07:00:00Z,2024-04-12,17,41.51,APXMIDP
2024-04-12T07:30:00Z,2024-04-12,18,48.69,APXMIDP
2024-04-12T08:00:00Z,2024-04-12,19,33.24,APXMIDP
2024-04-12T08:30:00Z,2024-04-12,20,22.32,APXMIDP
2024-04-12T09:00:00Z,2024-04-12,21,14.38,APXMIDP
2024-04-12T09:30:00Z,2024-04-12,22,4.03,APXMIDP
2024-04-12T10:00:00Z,2024-04-12,23,-5.06,APXMIDP
2024-04-12T10:30:00Z,2024-04-12,24,-4.45,APXMIDP
2024-04-12T11:00:00Z,2024-04-12,25,-2.29,APXMIDP
2024-04-12T11:30:00Z,2024-04-12,26,-5.61,APXMIDP
2024-04-12T12:00:00Z,2024-04-12,27,-3.7,APXMIDP
2024-04-12T12:30:00Z,2024-04-12,28,-5.32,APXMIDP
2024-04-12T13:00:00Z,2024-04-12,29,-1.37,APXMIDP
2024-04-12T13:30:00Z,2024-04-12,30,-2.23,APXMIDP
2024-04-12T14:00:00Z,2024-04-12,31,-4.6,APXMIDP
2024-04-12T14:30:00Z,2024-04-12,32,-4.28,APXMIDP
2024-04-12T15:00:00Z,2024-04-12,33,-2.17,APXMIDP
2024-04-12T15:30:00Z,2024-04-12,34,2.21,APXMIDP
2024-04-12T16:00:00Z,2024-04-12,35,11.11,APXMIDP
2024-04-12T16:30:00Z,2024-04-12,36,29.59,APXMIDP
2024-04-12T17:00:00Z,2024-04-12,37,34.28,APXMIDP
2024-04-12T17:30:00Z,2024-04-12,38,39.83,APXMIDP
2024-04-12T18:00:00Z,2024-04-12,39,56.19,APXMIDP
2024-04-12T18:30:00Z,2024-04-12,40,56.76,APXMIDP
2024-04-12T19:00:00Z,2024-04-12,41,59.44,APXMIDP
2024-04-12T19:30:00Z,2024-04-12,42,55.76,APXMIDP
2024-04-12T20:00:00Z,2024-04-12,43,44.25,APXMIDP
2024-04-12T20:30:00Z,2024-04-12,44,24.35,APXMIDP
2024-04-12T21:00:00Z,2024-04-12,45,20.2,APXMIDP
2024-04-12T21:30:00Z,2024-04-12,46,15.16,APXMIDP
2024-04-12T22:00:00Z,2024-04-12,47,15.62,APXMIDP
2024-04-12T22:30:00Z,2024-04-12,48,8.96,APXMIDP
2024-04-12T23:00:00Z,2024-04-13,1,23.88,APXMIDP
2024-04-12T23:30:00Z,2024-04-13,2,18.89,APXMIDP
2024-04-13T00:00:00Z,2024-04-13,3,8.21,APXMIDP
2024-04-13T00:30:00Z,2024-04-13,4,10.47,APXMIDP
2024-04-13T01:00:00Z,2024-04-13,5,7.83,APXMIDP
2024-04-13T01:30:00Z,2024-04-13,6,8.08,APXMIDP
2024-04-13T02:00:00Z,2024-04-13,7,6.09,APXMIDP
2024-04-13T02:30:00Z,2024-04-13,8,13.8,APXMIDP
2024-04-13T03:00:00Z,2024-04-13,9,21.83,APXMIDP
2024-04-13T03:30:00Z,2024-04-13,10,24.01,APXMIDP
2024-04-13T04:00:00Z,2024-04-13,11,4.66,APXMIDP
2024-04-13T04:30:00Z,2024-04-13,12,12.5,APXMIDP
2024-04-13T05:00:00Z,2024-04-13,13,4.42,APXMIDP
2024-04-13T05:30:00Z,2024-04-13,14,9.27,APXMIDP
2024-04-13T06:00:00Z,2024-04-13,15,-3.26,APXMIDP
2024-04-13T06:30:00Z,2024-04-13,16,1.71,APXMIDP
2024-04-13T07:30:00Z,2024-04-13,18,6.84,APXMIDP
2024-04-13T08:00:00Z,2024-04-13,19,-2.95,APXMIDP
2024-04-13T08:30:00Z,2024-04-13,20,-5.99,APXMIDP
2024-04-13T09:00:00Z,2024-04-13,21,17.32,APXMIDP
2024-04-13T09:30:00Z,2024-04-13,22,22.78,APXMIDP
2024-04-13T10:00:00Z,2024-04-13,23,4.8,APXMIDP
2024-04-13T10:30:00Z,2024-04-13,24,-2.95,APXMIDP
2024-04-13T11:00:00Z,2024-04-13,25,-9.5,APXMIDP
2024-04-13T11:30:00Z,2024-04-13,26,-16.42,APXMIDP
2024-04-13T12:00:00Z,2024-04-13,27,-29.46,APXMIDP
2024-04-13T12:30:00Z,2024-04-13,28,-32.86,APXMIDP
2024-04-13T13:00:00Z,2024-04-13,29,-30.06,APXMIDP
2024-04-13T13:30:00Z,2024-04-13,30,-33.02,APXMIDP
2024-04-13T14:00:00Z,2024-04-13,31,-6.56,APXMIDP
2024-04-13T14:30:00Z,2024-04-13,32,-8.46,APXMIDP
2024-04-13T15:00:00Z,2024-04-13,33,-5.4,APXMIDP
2024-04-13T15:30:00Z,2024-04-13,34,0.51,APXMIDP
2024-04-13T16:00:00Z,2024-04-13,35,-3.94,APXMIDP
2024-04-13T16:30:00Z,2024-04-13,36,16.13,APXMIDP
2024-04-13T17:00:00Z,2024-04-13,37,1.06,APXMIDP
2024-04-13T17:30:00Z,2024-04-13,38,11.62,APXMIDP
2024-04-13T18:00:00Z,2024-04-13,39,31.17,APXMIDP
2024-04-13T18:30:00Z,2024-04-13,40,36.22,APXMIDP
2024-04-13T19:00:00Z,2024-04-13,41,49.03,APXMIDP
2024-04-13T19:30:00Z,2024-04-13,42,44.1,APXMIDP
2024-04-13T20:00:00Z,2024-04-13,43,25.31,APXMIDP
2024-04-13T20:30:00Z,2024-04-13,44,19.48,APXMIDP
2024-04-13T21:00:00Z,2024-04-13,45,25.79,APXMIDP
2024-04-13T21:30:00Z,2024-04-13,46,5.57,APXMIDP
2024-04-13T22:00:00Z,2024-04-13,47,9.91,APXMIDP
2024-04-13T22:30:00Z,2024-04-13,48,6.62,APXMIDP
2024-04-13T23:00:00Z,2024-04-14,1,17.25,APXMIDP
2024-04-13T23:30:00Z,2024-04-14,2,23.74,APXMIDP
2024-04-14T00:00:00Z,2024-04-14,3,6.0,APXMIDP
2024-04-14T00:30:00Z,2024-04-14,4,4.05,APXMIDP
2024-04-14T01:00:00Z,2024-04-14,5,-0.77,APXMIDP
2024-04-14T01:30:00Z,2024-04-14,6,-2.02,APXMIDP
2024-04-14T02:00:00Z,2024-04-14,7,4.1,APXMIDP
2024-04-14T02:30:00Z,2024-04-14,8,7.53,APXMIDP
2024-04-14T03:00:00Z,2024-04-14,9,4.51,APXMIDP
2024-04-14T03:30:00Z,2024-04-14,10,7.16,APXMIDP
2024-04-14T04:00:00Z,2024-04-14,11,-0.74,APXMIDP
2024-04-14T04:30:00Z,2024-04-14,12,4.36,APXMIDP
2024-04-14T05:00:00Z,2024-04-14,13,0.49,APXMIDP
2024-04-14T05:30:00Z,2024-04-14,14,7.66,APXMIDP
2024-04-14T06:00:00Z,2024-04-14,15,-7.08,APXMIDP
2024-04-14T06:30:00Z,2024-04-14,16,1.35,APXMIDP
2024-04-14T07:00:00Z,2024-04-14,17,-1.25,APXMIDP
2024-04-14T07:30:00Z,2024-04-14,18,8.38,APXMIDP
2024-04-14T08:00:00Z,2024-04-14,19,3.82,APXMIDP
2024-04-14T08:30:00Z,2024-04-14,20,-1.42,APXMIDP
2024-04-14T09:00:00Z,2024-04-14,21,-4.83,APXMIDP
2024-04-14T09:30:00Z,2024-04-14,22,-8.13,APXMIDP
2024-04-14T10:00:00Z,2024-04-14,23,-24.46,APXMIDP
2024-04-14T10:30:00Z,2024-04-14,24,-26.32,APXMIDP
2024-04-14T11:00:00Z,2024-04-14,25,-33.38,APXMIDP
2024-04-14T11:30:00Z,2024-04-14,26,-36.38,APXMIDP
2024-04-14T12:00:00Z,2024-04-14,27,-44.2,APXMIDP
2024-04-14T12:30:00Z,2024-04-14,28,-45.05,APXMIDP
2024-04-14T13:00:00Z,2024-04-14,29,-47.29,APXMIDP
2024-04-14T13:30:00Z,2024-04-14,30,-48.78,APXMIDP
2024-04-14T14:00:00Z,2024-04-14,31,-29.37,APXMIDP
2024-04-14T14:30:00Z,2024-04-14,32,-20.88,APXMIDP
2024-04-14T15:00:00Z,2024-04-14,33,-20.0,APXMIDP
2024-04-14T15:30:00Z,2024-04-14,34,11.79,APXMIDP
2024-04-14T16:00:00Z,2024-04-14,35,26.13,APXMIDP
2024-04-14T16:30:00Z,2024-04-14,36,52.33,APXMIDP
2024-04-14T17:00:00Z,2024-04-14,37,77.13,APXMIDP
2024-04-14T17:30:00Z,2024-04-14,38,75.21,APXMIDP
2024-04-14T18:00:00Z,2024-04-14,39,85.07,APXMIDP
2024-04-14T18:30:00Z,2024-04-14,40,85.43,APXMIDP
2024-04-14T19:00:00Z,2024-04-14,41,84.62,APXMIDP
2024-04-14T19:30:00Z,2024-04-14,42,78.11,APXMIDP
2024-04-14T20:00:00Z,2024-04-14,43,73.35,APXMIDP
2024-04-14T20:30:00Z,2024-04-14,44,34.08,APXMIDP
2024-04-14T21:00:00Z,2024-04-14,45,26.94,APXMIDP
2024-04-14T21:30:00Z,2024-04-14,46,11.68,APXMIDP
2024-04-14T22:00:00Z,2024-04-14,47,-0.82,APXMIDP
2024-04-14T22:30:00Z,2024-04-14,48,-10.13,APXMIDP
2024-04-14T23:00:00Z,2024-04-15,1,-1.86,APXMIDP
2024-04-14T23:30:00Z,2024-04-15,2,-8.71,APXMIDP
2024-04-15T00:00:00Z,2024-04-15,3,-9.16,APXMIDP
2024-04-15T00:30:00Z,2024-04-15,4,-7.04,APXMIDP
2024-04-15T01:00:00Z,2024-04-15,5,-8.2,APXMIDP
2024-04-15T01:30:00Z,2024-04-15,6,-9.08,APXMIDP
2024-04-15T02:00:00Z,2024-04-15,7,-2.0,APXMIDP
2024-04-15T02:30:00Z,2024-04-15,8,7.43,APXMIDP
2024-04-15T03:00:00Z,2024-04-15,9,28.31,APXMIDP
2024-04-15T03:30:00Z,2024-04-15,10,25.72,APXMIDP
2024-04-15T04:00:00Z,2024-04-15,11,10.69,APXMIDP
2024-04-15T04:30:00Z,2024-04-15,12,17.12,APXMIDP
2024-04-15T05:00:00Z,2024-04-15,13,13.33,APXMIDP
2024-04-15T05:30:00Z,2024-04-15,14,45.7,APXMIDP
2024-04-15T06:00:00Z,2024-04-15,15,42.7,APXMIDP
2024-04-15T06:30:00Z,2024-04-15,16,71.95,APXMIDP
2024-04-15T07:00:00Z,2024-04-15,17,59.39,APXMIDP
2024-04-15T07:30:00Z,2024-04-15,18,64.56,APXMIDP
2024-04-15T08:00:00Z,2024-04-15,19,63.85,APXMIDP
2024-04-15T08:30:00Z,2024-04-15,20,59.0,APXMIDP
2024-04-15T09:00:00Z,2024-04-15,21,55.19,APXMIDP
2024-04-15T09:30:00Z,2024-04-15,22,39.9,APXMIDP
2024-04-15T10:00:00Z,2024-04-15,23,22.61,APXMIDP
2024-04-15T10:30:00Z,2024-04-15,24,13.1,APXMIDP
2024-04-15T11:00:00Z,2024-04-15,25,7.7,APXMIDP
2024-04-15T11:30:00Z,2024-04-15,26,3.38,APXMIDP
2024-04-15T12:00:00Z,2024-04-15,27,3.44,APXMIDP
2024-04-15T12:30:00Z,2024-04-15,28,-1.22,APXMIDP
2024-04-15T13:00:00Z,2024-04-15,29,-1.98,APXMIDP
2024-04-15T13:30:00Z,2024-04-15,30,-7.21,APXMIDP
2024-04-15T14:00:00Z,2024-04-15,31,-9.73,APXMIDP
2024-04-15T14:30:00Z,2024-04-15,32,-4.58,APXMIDP
2024-04-15T15:00:00Z,2024-04-15,33,-8.04,APXMIDP
2024-04-15T15:30:00Z,2024-04-15,34,25.96,APXMIDP
2024-04-15T16:00:00Z,2024-04-15,35,12.8,APXMIDP
2024-04-15T16:30:00Z,2024-04-15,36,29.74,APXMIDP
2024-04-15T17:00:00Z,2024-04-15,37,35.35,APXMIDP
2024-04-15T17:30:00Z,2024-04-15,38,43.07,APXMIDP
2024-04-15T18:00:00Z,2024-04-15,39,31.36,APXMIDP
2024-04-15T18:30:00Z,2024-04-15,40,29.29,APXMIDP
2024-04-15T19:00:00Z,2024-04-15,41,35.13,APXMIDP
2024-04-15T19:30:00Z,2024-04-15,42,30.4,APXMIDP
2024-04-15T20:00:00Z,2024-04-15,43,26.61,APXMIDP
2024-04-15T20:30:00Z,2024-04-15,44,13.99,APXMIDP
2024-04-15T21:00:00Z,2024-04-15,45,11.84,APXMIDP
2024-04-15T21:30:00Z,2024-04-15,46,-8.55,APXMIDP
2024-04-15T22:00:00Z,2024-04-15,47,10.88,APXMIDP
2024-04-15T22:30:00Z,2024-04-15,48,-8.18,APXMIDP
2024-04-15T23:00:00Z,2024-04-16,1,-0.18,APXMIDP
2024-04-15T23:30:00Z,2024-04-16,2,9.65,APXMIDP
2024-04-16T00:00:00Z,2024-04-16,3,3.65,APXMIDP
2024-04-16T00:30:00Z,2024-04-16,4,11.21,APXMIDP
2024-04-16T01:00:00Z,2024-04-16,5,7.62,APXMIDP
2024-04-16T01:30:00Z,2024-04-16,6,-0.41,APXMIDP
2024-04-16T02:00:00Z,2024-04-16,7,-10.2,APXMIDP
2024-04-16T02:30:00Z,2024-04-16,8,-10.6,APXMIDP
2024-04-16T03:00:00Z,2024-04-16,9,-0.6,APXMIDP
2024-04-16T03:30:00Z,2024-04-16,10,2.94,APXMIDP
2024-04-16T04:00:00Z,2024-04-16,11,2.94,APXMIDP
2024-04-16T04:30:00Z,2024-04-16,12,20.92,APXMIDP
2024-04-16T05:00:00Z,2024-04-16,13,19.92,APXMIDP
2024-04-16T05:30:00Z,2024-04-16,14,62.7,APXMIDP
2024-04-16T06:00:00Z,2024-04-16,15,74.21,APXMIDP
2024-04-16T06:30:00Z,2024-04-16,16,85.62,APXMIDP
2024-04-16T07:00:00Z,2024-04-16,17,78.57,APXMIDP
2024-04-16T07:30:00Z,2024-04-16,18,77.9,APXMIDP
2024-04-16T08:00:00Z,2024-04-16,19,74.96,APXMIDP
2024-04-16T08:30:00Z,2024-04-16,20,68.76,APXMIDP
2024-04-16T09:00:00Z,2024-04-16,21,65.9,APXMIDP
2024-04-16T09:30:00Z,2024-04-16,22,67.09,APXMIDP
2024-04-16T10:00:00Z,2024-04-16,23,61.17,APXMIDP
2024-04-16T10:30:00Z,2024-04-16,24,60.14,APXMIDP
2024-04-16T11:00:00Z,2024-04-16,25,65.1,APXMIDP
2024-04-16T11:30:00Z,2024-04-16,26,66.01,APXMIDP
2024-04-16T12:00:00Z,2024-04-16,27,66.9,APXMIDP
2024-04-16T12:30:00Z,2024-04-16,28,65.8,APXMIDP
2024-04-16T13:00:00Z,2024-04-16,29,65.58,APXMIDP
2024-04-16T13:30:00Z,2024-04-16,30,57.58,APXMIDP
2024-04-16T14:00:00Z,2024-04-16,31,57.11,APXMIDP
2024-04-16T14:30:00Z,2024-04-16,32,48.61,APXMIDP
2024-04-16T15:00:00Z,2024-04-16,33,60.88,APXMIDP
2024-04-16T15:30:00Z,2024-04-16,34,62.41,APXMIDP
2024-04-16T16:00:00Z,2024-04-16,35,55.06,APXMIDP
2024-04-16T16:30:00Z,2024-04-16,36,54.27,APXMIDP
2024-04-16T17:00:00Z,2024-04-16,37,66.23,APXMIDP
2024-04-16T17:30:00Z,2024-04-16,38,73.97,APXMIDP
2024-04-16T18:00:00Z,2024-04-16,39,84.04,APXMIDP
2024-04-16T18:30:00Z,2024-04-16,40,85.52,APXMIDP
2024-04-16T19:00:00Z,2024-04-16,41,74.91,APXMIDP
2024-04-16T19:30:00Z,2024-04-16,42,80.68,APXMIDP
2024-04-16T20:00:00Z,2024-04-16,43,84.97,APXMIDP
2024-04-16T20:30:00Z,2024-04-16,44,80.9,APXMIDP
2024-04-16T21:00:00Z,2024-04-16,45,83.33,APXMIDP
2024-04-16T21:30:00Z,2024-04-16,46,78.68,APXMIDP
2024-04-16T22:00:00Z,2024-04-16,47,78.81,APXMIDP
2024-04-16T22:30:00Z,2024-04-16,48,74.02,APXMIDP
2024-04-16T23:00:00Z,2024-04-17,1,77.88,APXMIDP
2024-04-16T23:30:00Z,2024-04-17,2,71.39,APXMIDP
2024-04-17T00:00:00Z,2024-04-17,3,68.56,APXMIDP
2024-04-17T00:30:00Z,2024-04-17,4,64.85,APXMIDP
2024-04-17T01:00:00Z,2024-04-17,5,67.9,APXMIDP
2024-04-17T01:30:00Z,2024-04-17,6,53.86,APXMIDP
2024-04-17T02:00:00Z,2024-04-17,7,56.18,APXMIDP
2024-04-17T02:30:00Z,2024-04-17,8,54.84,APXMIDP
2024-04-17T03:00:00Z,2024-04-17,9,61.36,APXMIDP
2024-04-17T03:30:00Z,2024-04-17,10,58.92,APXMIDP
2024-04-17T04:00:00Z,2024-04-17,11,75.88,APXMIDP
2024-04-17T04:30:00Z,2024-04-17,12,79.31,APXMIDP
2024-04-17T05:00:00Z,2024-04-17,13,102.75,APXMIDP
2024-04-17T05:30:00Z,2024-04-17,14,106.26,APXMIDP
2024-04-17T06:00:00Z,2024-04-17,15,94.17,APXMIDP
2024-04-17T06:30:00Z,2024-04-17,16,109.3,APXMIDP
2024-04-17T07:00:00Z,2024-04-17,17,88.18,APXMIDP
2024-04-17T07:30:00Z,2024-04-17,18,80.13,APXMIDP
2024-04-17T08:00:00Z,2024-04-17,19,64.52,APXMIDP
2024-04-17T08:30:00Z,2024-04-17,20,65.0,APXMIDP
2024-04-17T09:00:00Z,2024-04-17,21,70.66,APXMIDP
2024-04-17T09:30:00Z,2024-04-17,22,62.65,APXMIDP
2024-04-17T10:00:00Z,2024-04-17,23,53.58,APXMIDP
2024-04-17T10:30:00Z,2024-04-17,24,55.98,APXMIDP
2024-04-17T11:00:00Z,2024-04-17,25,56.37,APXMIDP
2024-04-17T11:30:00Z,2024-04-17,26,56.1,APXMIDP
2024-04-17T12:00:00Z,2024-04-17,27,55.04,APXMIDP
2024-04-17T12:30:00Z,2024-04-17,28,55.4,APXMIDP
2024-04-17T13:00:00Z,2024-04-17,29,55.9,APXMIDP
2024-04-17T13:30:00Z,2024-04-17,30,56.36,APXMIDP
2024-04-17T14:00:00Z,2024-04-17,31,62.61,APXMIDP
2024-04-17T14:30:00Z,2024-04-17,32,70.53,APXMIDP
2024-04-17T15:00:00Z,2024-04-17,33,69.33,APXMIDP
2024-04-17T15:30:00Z,2024-04-17,34,68.45,APXMIDP
2024-04-17T16:00:00Z,2024-04-17,35,76.57,APXMIDP
2024-04-17T16:30:00Z,2024-04-17,36,82.52,APXMIDP
2024-04-17T17:00:00Z,2024-04-17,37,98.26,APXMIDP
2024-04-17T17:30:00Z,2024-04-17,38,96.77,APXMIDP
2024-04-17T18:00:00Z,2024-04-17,39,96.32,APXMIDP
2024-04-17T18:30:00Z,2024-04-17,40,94.28,APXMIDP
2024-04-17T19:00:00Z,2024-04-17,41,93.99,APXMIDP
2024-04-17T19:30:00Z,2024-04-17,42,86.67,APXMIDP
2024-04-17T20:00:00Z,2024-04-17,43,79.95,APXMIDP
2024-04-17T20:30:00Z,2024-04-17,44,70.88,APXMIDP
2024-04-17T21:00:00Z,2024-04-17,45,73.82,APXMIDP
2024-04-17T21:30:00Z,2024-04-17,46,66.04,APXMIDP
2024-04-17T22:00:00Z,2024-04-17,47,69.61,APXMIDP
2024-04-17T22:30:00Z,2024-04-17,48,83.5,APXMIDP
2024-04-17T23:00:00Z,2024-04-18,1,76.66,APXMIDP
2024-04-17T23:30:00Z,2024-04-18,2,76.93,APXMIDP
2024-04-18T00:00:00Z,2024-04-18,3,74.93,APXMIDP
2024-04-18T00:30:00Z,2024-04-18,4,76.81,APXMIDP
2024-04-18T01:00:00Z,2024-04-18,5,70.23,APXMIDP
2024-04-18T01:30:00Z,2024-04-18,6,65.85,APXMIDP
2024-04-18T02:00:00Z,2024-04-18,7,68.21,APXMIDP
2024-04-18T02:30:00Z,2024-04-18,8,68.49,APXMIDP
2024-04-18T03:00:00Z,2024-04-18,9,65.45,APXMIDP
2024-04-18T03:30:00Z,2024-04-18,10,58.19,APXMIDP
2024-04-18T04:00:00Z,2024-04-18,11,68.07,APXMIDP
2024-04-18T04:30:00Z,2024-04-18,12,66.21,APXMIDP
2024-04-18T05:00:00Z,2024-04-18,13,85.55,APXMIDP
2024-04-18T05:30:00Z,2024-04-18,14,100.79,APXMIDP
2024-04-18T06:00:00Z,2024-04-18,15,93.2,APXMIDP
2024-04-18T06:30:00Z,2024-04-18,16,104.74,APXMIDP
2024-04-18T07:00:00Z,2024-04-18,17,83.49,APXMIDP
2024-04-18T07:30:00Z,2024-04-18,18,76.14,APXMIDP
2024-04-18T08:00:00Z,2024-04-18,19,64.27,APXMIDP
2024-04-18T08:30:00Z,2024-04-18,20,61.63,APXMIDP
2024-04-18T09:00:00Z,2024-04-18,21,69.08,APXMIDP
2024-04-18T09:30:00Z,2024-04-18,22,70.63,APXMIDP
2024-04-18T10:00:00Z,2024-04-18,23,59.82,APXMIDP
2024-04-18T10:30:00Z,2024-04-18,24,55.4,APXMIDP
2024-04-18T11:00:00Z,2024-04-18,25,53.3,APXMIDP
2024-04-18T11:30:00Z,2024-04-18,26,45.71,APXMIDP
2024-04-18T12:00:00Z,2024-04-18,27,36.77,APXMIDP
2024-04-18T12:30:00Z,2024-04-18,28,29.17,APXMIDP
2024-04-18T13:00:00Z,2024-04-18,29,31.04,APXMIDP
2024-04-18T13:30:00Z,2024-04-18,30,27.79,APXMIDP
2024-04-18T14:00:00Z,2024-04-18,31,21.26,APXMIDP
2024-04-18T14:30:00Z,2024-04-18,32,23.16,APXMIDP
2024-04-18T15:00:00Z,2024-04-18,33,29.01,APXMIDP
2024-04-18T15:30:00Z,2024-04-18,34,42.6,APXMIDP
2024-04-18T16:00:00Z,2024-04-18,35,57.69,APXMIDP
2024-04-18T16:30:00Z,2024-04-18,36,57.73,APXMIDP
2024-04-18T17:00:00Z,2024-04-18,37,77.3,APXMIDP
2024-04-18T17:30:00Z,2024-04-18,38,76.24,APXMIDP
2024-04-18T18:00:00Z,2024-04-18,39,85.26,APXMIDP
2024-04-18T18:30:00Z,2024-04-18,40,85.44,APXMIDP
2024-04-18T19:00:00Z,2024-04-18,41,77.72,APXMIDP
2024-04-18T19:30:00Z,2024-04-18,42,74.46,APXMIDP
2024-04-18T20:00:00Z,2024-04-18,43,75.63,APXMIDP
2024-04-18T20:30:00Z,2024-04-18,44,69.16,APXMIDP
2024-04-18T21:00:00Z,2024-04-18,45,68.06,APXMIDP
2024-04-18T21:30:00Z,2024-04-18,46,59.68,APXMIDP
2024-04-18T22:00:00Z,2024-04-18,47,37.7,APXMIDP
2024-04-18T22:30:00Z,2024-04-18,48,17.35,APXMIDP
2024-04-18T23:00:00Z,2024-04-19,1,17.0,APXMIDP
2024-04-18T23:30:00Z,2024-04-19,2,13.74,APXMIDP
2024-04-19T00:00:00Z,2024-04-19,3,12.19,APXMIDP
2024-04-19T00:30:00Z,2024-04-19,4,14.9,APXMIDP
2024-04-19T01:00:00Z,2024-04-19,5,8.89,APXMIDP
2024-04-19T01:30:00Z,2024-04-19,6,1.5,APXMIDP
2024-04-19T02:00:00Z,2024-04-19,7,-0.64,APXMIDP
2024-04-19T02:30:00Z,2024-04-19,8,-3.44,APXMIDP
2024-04-19T03:00:00Z,2024-04-19,9,1.32,APXMIDP
2024-04-19T03:30:00Z,2024-04-19,10,3.88,APXMIDP
2024-04-19T04:00:00Z,2024-04-19,11,-4.82,APXMIDP
2024-04-19T04:30:00Z,2024-04-19,12,18.66,APXMIDP
2024-04-19T05:00:00Z,2024-04-19,13,15.4,APXMIDP
2024-04-19T05:30:00Z,2024-04-19,14,51.22,APXMIDP
2024-04-19T06:00:00Z,2024-04-19,15,58.1,APXMIDP
2024-04-19T06:30:00Z,2024-04-19,16,81.27,APXMIDP
2024-04-19T07:00:00Z,2024-04-19,17,69.08,APXMIDP
2024-04-19T07:30:00Z,2024-04-19,18,72.88,APXMIDP
2024-04-19T08:00:00Z,2024-04-19,19,78.54,APXMIDP
2024-04-19T08:30:00Z,2024-04-19,20,75.75,APXMIDP
2024-04-19T09:00:00Z,2024-04-19,21,71.84,APXMIDP
2024-04-19T09:30:00Z,2024-04-19,22,70.08,APXMIDP
2024-04-19T10:00:00Z,2024-04-19,23,67.24,APXMIDP
2024-04-19T10:30:00Z,2024-04-19,24,57.78,APXMIDP
2024-04-19T11:00:00Z,2024-04-19,25,58.2,APXMIDP
2024-04-19T11:30:00Z,2024-04-19,26,44.37,APXMIDP
2024-04-19T12:00:00Z,2024-04-19,27,49.64,APXMIDP
2024-04-19T12:30:00Z,2024-04-19,28,39.91,APXMIDP
2024-04-19T13:00:00Z,2024-04-19,29,31.23,APXMIDP
2024-04-19T13:30:00Z,2024-04-19,30,24.21,APXMIDP
2024-04-19T14:00:00Z,2024-04-19,31,25.16,APXMIDP
2024-04-19T14:30:00Z,2024-04-19,32,26.01,APXMIDP
2024-04-19T15:00:00Z,2024-04-19,33,25.4,APXMIDP
2024-04-19T15:30:00Z,2024-04-19,34,42.94,APXMIDP
2024-04-19T16:00:00Z,2024-04-19,35,55.67,APXMIDP
2024-04-19T16:30:00Z,2024-04-19,36,66.6,APXMIDP
2024-04-19T17:00:00Z,2024-04-19,37,57.7,APXMIDP
2024-04-19T17:30:00Z,2024-04-19,38,69.49,APXMIDP
2024-04-19T18:00:00Z,2024-04-19,39,82.67,APXMIDP
2024-04-19T18:30:00Z,2024-04-19,40,81.76,APXMIDP
2024-04-19T19:00:00Z,2024-04-19,41,80.82,APXMIDP
2024-04-19T19:30:00Z,2024-04-19,42,83.15,APXMIDP
2024-04-19T20:00:00Z,2024-04-19,43,83.26,APXMIDP
2024-04-19T20:30:00Z,2024-04-19,44,82.27,APXMIDP
2024-04-19T21:00:00Z,2024-04-19,45,82.03,APXMIDP
2024-04-19T21:30:00Z,2024-04-19,46,76.53,APXMIDP
2024-04-19T22:00:00Z,2024-04-19,47,65.15,APXMIDP
2024-04-19T22:30:00Z,2024-04-19,48,67.1,APXMIDP
2024-04-19T23:00:00Z,2024-04-20,1,71.75,APXMIDP
2024-04-19T23:30:00Z,2024-04-20,2,69.37,APXMIDP
2024-04-20T00:00:00Z,2024-04-20,3,71.28,APXMIDP
2024-04-20T00:30:00Z,2024-04-20,4,73.85,APXMIDP
2024-04-20T01:00:00Z,2024-04-20,5,71.31,APXMIDP
2024-04-20T01:30:00Z,2024-04-20,6,71.6,APXMIDP
2024-04-20T02:00:00Z,2024-04-20,7,67.15,APXMIDP
2024-04-20T02:30:00Z,2024-04-20,8,70.4,APXMIDP
2024-04-20T03:00:00Z,2024-04-20,9,63.9,APXMIDP
2024-04-20T03:30:00Z,2024-04-20,10,66.75,APXMIDP
2024-04-20T04:00:00Z,2024-04-20,11,66.11,APXMIDP
2024-04-20T04:30:00Z,2024-04-20,12,64.52,APXMIDP
2024-04-20T05:00:00Z,2024-04-20,13,64.64,APXMIDP
2024-04-20T05:30:00Z,2024-04-20,14,61.34,APXMIDP
2024-04-20T06:00:00Z,2024-04-20,15,63.12,APXMIDP
2024-04-20T06:30:00Z,2024-04-20,16,64.23,APXMIDP
2024-04-20T07:00:00Z,2024-04-20,17,70.88,APXMIDP
2024-04-20T07:30:00Z,2024-04-20,18,74.91,APXMIDP
2024-04-20T08:00:00Z,2024-04-20,19,78.46,APXMIDP
2024-04-20T08:30:00Z,2024-04-20,20,72.54,APXMIDP
2024-04-20T09:00:00Z,2024-04-20,21,67.28,APXMIDP
2024-04-20T09:30:00Z,2024-04-20,22,58.95,APXMIDP
2024-04-20T10:00:00Z,2024-04-20,23,48.82,APXMIDP
2024-04-20T10:30:00Z,2024-04-20,24,49.29,APXMIDP
2024-04-20T11:00:00Z,2024-04-20,25,46.92,APXMIDP
2024-04-20T11:30:00Z,2024-04-20,26,45.42,APXMIDP
2024-04-20T12:00:00Z,2024-04-20,27,40.28,APXMIDP
2024-04-20T12:30:00Z,2024-04-20,28,34.34,APXMIDP
2024-04-20T13:00:00Z,2024-04-20,29,45.23,APXMIDP
2024-04-20T13:30:00Z,2024-04-20,30,46.14,APXMIDP
2024-04-20T14:00:00Z,2024-04-20,31,53.95,APXMIDP
2024-04-20T14:30:00Z,2024-04-20,32,58.74,APXMIDP
2024-04-20T15:00:00Z,2024-04-20,33,62.08,APXMIDP
2024-04-20T15:30:00Z,2024-04-20,34,66.88,APXMIDP
2024-04-20T16:00:00Z,2024-04-20,35,69.12,APXMIDP
2024-04-20T16:30:00Z,2024-04-20,36,73.69,APXMIDP
2024-04-20T17:00:00Z,2024-04-20,37,82.3,APXMIDP
2024-04-20T17:30:00Z,2024-04-20,38,84.48,APXMIDP
2024-04-20T18:00:00Z,2024-04-20,39,81.76,APXMIDP
2024-04-20T18:30:00Z,2024-04-20,40,83.32,APXMIDP
2024-04-20T19:00:00Z,2024-04-20,41,86.61,APXMIDP
2024-04-20T19:30:00Z,2024-04-20,42,84.5,APXMIDP
2024-04-20T20:00:00Z,2024-04-20,43,85.46,APXMIDP
2024-04-20T20:30:00Z,2024-04-20,44,80.76,APXMIDP
2024-04-20T21:00:00Z,2024-04-20,45,68.36,APXMIDP
2024-04-20T21:30:00Z,2024-04-20,46,67.49,APXMIDP
2024-04-20T22:00:00Z,2024-04-20,47,63.67,APXMIDP
2024-04-20T22:30:00Z,2024-04-20,48,62.46,APXMIDP
2024-04-20T23:00:00Z,2024-04-21,1,55.82,APXMIDP
2024-04-20T23:30:00Z,2024-04-21,2,53.93,APXMIDP
2024-04-21T00:00:00Z,2024-04-21,3,55.79,APXMIDP
2024-04-21T00:30:00Z,2024-04-21,4,55.34,APXMIDP
2024-04-21T01:00:00Z,2024-04-21,5,52.48,APXMIDP
2024-04-21T01:30:00Z,2024-04-21,6,51.7,APXMIDP
2024-04-21T02:00:00Z,2024-04-21,7,47.35,APXMIDP
2024-04-21T02:30:00Z,2024-04-21,8,46.2,APXMIDP
2024-04-21T03:00:00Z,2024-04-21,9,43.99,APXMIDP
2024-04-21T03:30:00Z,2024-04-21,10,39.72,APXMIDP
2024-04-21T04:00:00Z,2024-04-21,11,39.65,APXMIDP
2024-04-21T04:30:00Z,2024-04-21,12,39.3,APXMIDP
2024-04-21T05:00:00Z,2024-04-21,13,41.87,APXMIDP
2024-04-21T05:30:00Z,2024-04-21,14,41.41,APXMIDP
2024-04-21T06:00:00Z,2024-04-21,15,41.53,APXMIDP
2024-04-21T06:30:00Z,2024-04-21,16,47.3,APXMIDP
2024-04-21T07:00:00Z,2024-04-21,17,38.48,APXMIDP
2024-04-21T07:30:00Z,2024-04-21,18,38.94,APXMIDP
2024-04-21T08:00:00Z,2024-04-21,19,32.07,APXMIDP
2024-04-21T08:30:00Z,2024-04-21,20,29.67,APXMIDP
2024-04-21T09:00:00Z,2024-04-21,21,28.85,APXMIDP
2024-04-21T09:30:00Z,2024-04-21,22,31.77,APXMIDP
2024-04-21T10:00:00Z,2024-04-21,23,21.46,APXMIDP
2024-04-21T10:30:00Z,2024-04-21,24,24.16,APXMIDP
2024-04-21T11:00:00Z,2024-04-21,25,30.06,APXMIDP
2024-04-21T11:30:00Z,2024-04-21,26,27.32,APXMIDP
2024-04-21T12:00:00Z,2024-04-21,27,28.46,APXMIDP
2024-04-21T12:30:00Z,2024-04-21,28,37.5,APXMIDP
2024-04-21T13:00:00Z,2024-04-21,29,41.72,APXMIDP
2024-04-21T13:30:00Z,2024-04-21,30,42.34,APXMIDP
2024-04-21T14:00:00Z,2024-04-21,31,46.91,APXMIDP
2024-04-21T14:30:00Z,2024-04-21,32,50.47,APXMIDP
2024-04-21T15:00:00Z,2024-04-21,33,55.07,APXMIDP
2024-04-21T15:30:00Z,2024-04-21,34,53.87,APXMIDP
2024-04-21T16:00:00Z,2024-04-21,35,55.55,APXMIDP
2024-04-21T16:30:00Z,2024-04-21,36,61.71,APXMIDP
2024-04-21T17:00:00Z,2024-04-21,37,70.45,APXMIDP
2024-04-21T17:30:00Z,2024-04-21,38,76.87,APXMIDP
2024-04-21T18:00:00Z,2024-04-21,39,80.47,APXMIDP
2024-04-21T18:30:00Z,2024-04-21,40,89.36,APXMIDP
2024-04-21T19:00:00Z,2024-04-21,41,87.71,APXMIDP
2024-04-21T19:30:00Z,2024-04-21,42,87.06,APXMIDP
2024-04-21T20:00:00Z,2024-04-21,43,88.28,APXMIDP
2024-04-21T20:30:00Z,2024-04-21,44,83.34,APXMIDP
2024-04-21T21:00:00Z,2024-04-21,45,79.3,APXMIDP
2024-04-21T21:30:00Z,2024-04-21,46,58.67,APXMIDP
2024-04-21T22:00:00Z,2024-04-21,47,62.31,APXMIDP
2024-04-21T22:30:00Z,2024-04-21,48,53.84,APXMIDP
2024-04-21T23:00:00Z,2024-04-22,1,67.35,APXMIDP
2024-04-21T23:30:00Z,2024-04-22,2,63.4,APXMIDP
2024-04-22T00:00:00Z,2024-04-22,3,58.9,APXMIDP
2024-04-22T00:30:00Z,2024-04-22,4,62.55,APXMIDP
2024-04-22T01:00:00Z,2024-04-22,5,64.62,APXMIDP
2024-04-22T01:30:00Z,2024-04-22,6,61.58,APXMIDP
2024-04-22T02:00:00Z,2024-04-22,7,59.32,APXMIDP
2024-04-22T02:30:00Z,2024-04-22,8,58.72,APXMIDP
2024-04-22T03:00:00Z,2024-04-22,9,57.56,APXMIDP
2024-04-22T03:30:00Z,2024-04-22,10,55.52,APXMIDP
2024-04-22T04:00:00Z,2024-04-22,11,77.27,APXMIDP
2024-04-22T04:30:00Z,2024-04-22,12,77.0,APXMIDP
2024-04-22T05:00:00Z,2024-04-22,13,98.33,APXMIDP
2024-04-22T05:30:00Z,2024-04-22,14,109.48,APXMIDP
2024-04-22T06:00:00Z,2024-04-22,15,108.67,APXMIDP
2024-04-22T06:30:00Z,2024-04-22,16,113.52,APXMIDP
2024-04-22T07:00:00Z,2024-04-22,17,78.58,APXMIDP
2024-04-22T07:30:00Z,2024-04-22,18,84.04,APXMIDP
2024-04-22T08:00:00Z,2024-04-22,19,91.44,APXMIDP
2024-04-22T08:30:00Z,2024-04-22,20,79.05,APXMIDP
2024-04-22T09:00:00Z,2024-04-22,21,77.68,APXMIDP
2024-04-22T09:30:00Z,2024-04-22,22,76.89,APXMIDP
2024-04-22T10:00:00Z,2024-04-22,23,79.12,APXMIDP
2024-04-22T10:30:00Z,2024-04-22,24,75.23,APXMIDP
2024-04-22T11:00:00Z,2024-04-22,25,76.26,APXMIDP
2024-04-22T11:30:00Z,2024-04-22,26,74.77,APXMIDP
2024-04-22T12:00:00Z,2024-04-22,27,71.25,APXMIDP
2024-04-22T12:30:00Z,2024-04-22,28,68.31,APXMIDP
2024-04-22T13:00:00Z,2024-04-22,29,72.61,APXMIDP
2024-04-22T13:30:00Z,2024-04-22,30,72.17,APXMIDP
2024-04-22T14:00:00Z,2024-04-22,31,69.96,APXMIDP
2024-04-22T14:30:00Z,2024-04-22,32,69.81,APXMIDP
2024-04-22T15:00:00Z,2024-04-22,33,73.88,APXMIDP
2024-04-22T15:30:00Z,2024-04-22,34,74.16,APXMIDP
2024-04-22T16:00:00Z,2024-04-22,35,90.59,APXMIDP
2024-04-22T16:30:00Z,2024-04-22,36,92.25,APXMIDP
2024-04-22T17:00:00Z,2024-04-22,37,92.57,APXMIDP
2024-04-22T17:30:00Z,2024-04-22,38,92.54,APXMIDP
2024-04-22T18:00:00Z,2024-04-22,39,97.64,APXMIDP
2024-04-22T18:30:00Z,2024-04-22,40,95.4,APXMIDP
2024-04-22T19:00:00Z,2024-04-22,41,95.33,APXMIDP
2024-04-22T19:30:00Z,2024-04-22,42,93.57,APXMIDP
2024-04-22T20:00:00Z,2024-04-22,43,86.22,APXMIDP
2024-04-22T20:30:00Z,2024-04-22,44,82.91,APXMIDP
2024-04-22T21:00:00Z,2024-04-22,45,83.16,APXMIDP
2024-04-22T21:30:00Z,2024-04-22,46,81.63,APXMIDP
2024-04-22T22:00:00Z,2024-04-22,47,69.58,APXMIDP
2024-04-22T22:30:00Z,2024-04-22,48,76.45,APXMIDP
2024-04-22T23:00:00Z,2024-04-23,1,74.68,APXMIDP
2024-04-22T23:30:00Z,2024-04-23,2,74.65,APXMIDP
2024-04-23T00:00:00Z,2024-04-23,3,72.45,APXMIDP
2024-04-23T00:30:00Z,2024-04-23,4,72.68,APXMIDP
2024-04-23T01:00:00Z,2024-04-23,5,69.76,APXMIDP
2024-04-23T01:30:00Z,2024-04-23,6,68.91,APXMIDP
2024-04-23T02:00:00Z,2024-04-23,7,65.2,APXMIDP
2024-04-23T02:30:00Z,2024-04-23,8,62.53,APXMIDP
2024-04-23T03:00:00Z,2024-04-23,9,63.93,APXMIDP
2024-04-23T03:30:00Z,2024-04-23,10,61.42,APXMIDP
2024-04-23T04:00:00Z,2024-04-23,11,68.96,APXMIDP
2024-04-23T04:30:00Z,2024-04-23,12,63.91,APXMIDP
2024-04-23T05:00:00Z,2024-04-23,13,81.6,APXMIDP
2024-04-23T05:30:00Z,2024-04-23,14,88.06,APXMIDP
2024-04-23T06:00:00Z,2024-04-23,15,82.13,APXMIDP
2024-04-23T06:30:00Z,2024-04-23,16,95.66,APXMIDP
2024-04-23T07:00:00Z,2024-04-23,17,75.09,APXMIDP
2024-04-23T07:30:00Z,2024-04-23,18,77.54,APXMIDP
2024-04-23T08:00:00Z,2024-04-23,19,75.47,APXMIDP
2024-04-23T08:30:00Z,2024-04-23,20,72.38,APXMIDP
2024-04-23T09:00:00Z,2024-04-23,21,73.61,APXMIDP
2024-04-23T09:30:00Z,2024-04-23,22,73.53,APXMIDP
2024-04-23T10:00:00Z,2024-04-23,23,75.02,APXMIDP
2024-04-23T10:30:00Z,2024-04-23,24,73.49,APXMIDP
2024-04-23T11:00:00Z,2024-04-23,25,67.93,APXMIDP
2024-04-23T11:30:00Z,2024-04-23,26,62.47,APXMIDP
2024-04-23T12:00:00Z,2024-04-23,27,63.08,APXMIDP
2024-04-23T12:30:00Z,2024-04-23,28,61.75,APXMIDP
2024-04-23T13:00:00Z,2024-04-23,29,61.03,APXMIDP
2024-04-23T13:30:00Z,2024-04-23,30,60.86,APXMIDP
2024-04-23T14:00:00Z,2024-04-23,31,55.98,APXMIDP
2024-04-23T14:30:00Z,2024-04-23,32,60.56,APXMIDP
2024-04-23T15:00:00Z,2024-04-23,33,59.82,APXMIDP
2024-04-23T15:30:00Z,2024-04-23,34,61.49,APXMIDP
2024-04-23T16:00:00Z,2024-04-23,35,66.22,APXMIDP
2024-04-23T16:30:00Z,2024-04-23,36,66.09,APXMIDP
2024-04-23T17:00:00Z,2024-04-23,37,67.57,APXMIDP
2024-04-23T17:30:00Z,2024-04-23,38,66.08,APXMIDP
2024-04-23T18:00:00Z,2024-04-23,39,74.1,APXMIDP
2024-04-23T18:30:00Z,2024-04-23,40,77.43,APXMIDP
2024-04-23T19:00:00Z,2024-04-23,41,77.56,APXMIDP
2024-04-23T19:30:00Z,2024-04-23,42,77.73,APXMIDP
2024-04-23T20:00:00Z,2024-04-23,43,77.68,APXMIDP
2024-04-23T20:30:00Z,2024-04-23,44,71.54,APXMIDP
2024-04-23T21:00:00Z,2024-04-23,45,68.28,APXMIDP
2024-04-23T21:30:00Z,2024-04-23,46,73.37,APXMIDP
2024-04-23T22:00:00Z,2024-04-23,47,65.81,APXMIDP
2024-04-23T22:30:00Z,2024-04-23,48,67.56,APXMIDP
2024-04-23T23:00:00Z,2024-04-24,1,60.79,APXMIDP
2024-04-23T23:30:00Z,2024-04-24,2,61.89,APXMIDP
2024-04-24T00:00:00Z,2024-04-24,3,62.19,APXMIDP
2024-04-24T00:30:00Z,2024-04-24,4,63.13,APXMIDP
2024-04-24T01:00:00Z,2024-04-24,5,59.72,APXMIDP
2024-04-24T01:30:00Z,2024-04-24,6,62.09,APXMIDP
2024-04-24T02:00:00Z,2024-04-24,7,64.58,APXMIDP
2024-04-24T02:30:00Z,2024-04-24,8,63.6,APXMIDP
2024-04-24T03:00:00Z,2024-04-24,9,63.72,APXMIDP
2024-04-24T03:30:00Z,2024-04-24,10,63.5,APXMIDP
2024-04-24T04:00:00Z,2024-04-24,11,65.85,APXMIDP
2024-04-24T04:30:00Z,2024-04-24,12,64.76,APXMIDP
2024-04-24T05:00:00Z,2024-04-24,13,74.89,APXMIDP
2024-04-24T05:30:00Z,2024-04-24,14,86.8,APXMIDP
2024-04-24T06:00:00Z,2024-04-24,15,94.43,APXMIDP
2024-04-24T06:30:00Z,2024-04-24,16,99.34,APXMIDP
2024-04-24T07:00:00Z,2024-04-24,17,88.52,APXMIDP
2024-04-24T07:30:00Z,2024-04-24,18,86.27,APXMIDP
2024-04-24T08:00:00Z,2024-04-24,19,76.53,APXMIDP
2024-04-24T08:30:00Z,2024-04-24,20,72.21,APXMIDP
2024-04-24T09:00:00Z,2024-04-24,21,74.98,APXMIDP
2024-04-24T09:30:00Z,2024-04-24,22,74.33,APXMIDP
2024-04-24T10:00:00Z,2024-04-24,23,77.72,APXMIDP
2024-04-24T10:30:00Z,2024-04-24,24,73.96,APXMIDP
2024-04-24T11:00:00Z,2024-04-24,25,73.36,APXMIDP
2024-04-24T11:30:00Z,2024-04-24,26,72.87,APXMIDP
2024-04-24T12:00:00Z,2024-04-24,27,70.27,APXMIDP
2024-04-24T12:30:00Z,2024-04-24,28,74.12,APXMIDP
2024-04-24T13:00:00Z,2024-04-24,29,76.51,APXMIDP
2024-04-24T13:30:00Z,2024-04-24,30,73.7,APXMIDP
2024-04-24T14:00:00Z,2024-04-24,31,74.49,APXMIDP
2024-04-24T14:30:00Z,2024-04-24,32,75.23,APXMIDP
2024-04-24T15:00:00Z,2024-04-24,33,74.23,APXMIDP
2024-04-24T15:30:00Z,2024-04-24,34,72.81,APXMIDP
2024-04-24T16:00:00Z,2024-04-24,35,76.75,APXMIDP
2024-04-24T16:30:00Z,2024-04-24,36,73.84,APXMIDP
2024-04-24T17:00:00Z,2024-04-24,37,88.54,APXMIDP
2024-04-24T17:30:00Z,2024-04-24,38,88.53,APXMIDP
2024-04-24T18:00:00Z,2024-04-24,39,94.39,APXMIDP
2024-04-24T18:30:00Z,2024-04-24,40,95.7,APXMIDP
2024-04-24T19:00:00Z,2024-04-24,41,94.38,APXMIDP
2024-04-24T19:30:00Z,2024-04-24,42,95.33,APXMIDP
2024-04-24T20:00:00Z,2024-04-24,43,92.04,APXMIDP
2024-04-24T20:30:00Z,2024-04-24,44,86.22,APXMIDP
2024-04-24T21:00:00Z,2024-04-24,45,84.23,APXMIDP
2024-04-24T21:30:00Z,2024-04-24,46,74.41,APXMIDP
2024-04-24T22:00:00Z,2024-04-24,47,73.73,APXMIDP
2024-04-24T22:30:00Z,2024-04-24,48,68.04,APXMIDP
2024-04-24T23:00:00Z,2024-04-25,1,67.4,APXMIDP
2024-04-24T23:30:00Z,2024-04-25,2,63.88,APXMIDP
2024-04-25T00:00:00Z,2024-04-25,3,67.95,APXMIDP
2024-04-25T00:30:00Z,2024-04-25,4,69.26,APXMIDP
2024-04-25T01:00:00Z,2024-04-25,5,69.34,APXMIDP
2024-04-25T01:30:00Z,2024-04-25,6,65.11,APXMIDP
2024-04-25T02:00:00Z,2024-04-25,7,61.05,APXMIDP
2024-04-25T02:30:00Z,2024-04-25,8,55.99,APXMIDP
2024-04-25T03:00:00Z,2024-04-25,9,62.96,APXMIDP
2024-04-25T03:30:00Z,2024-04-25,10,56.54,APXMIDP
2024-04-25T04:00:00Z,2024-04-25,11,60.44,APXMIDP
2024-04-25T04:30:00Z,2024-04-25,12,60.56,APXMIDP
2024-04-25T05:00:00Z,2024-04-25,13,68.86,APXMIDP
2024-04-25T05:30:00Z,2024-04-25,14,76.46,APXMIDP
2024-04-25T06:00:00Z,2024-04-25,15,83.06,APXMIDP
2024-04-25T06:30:00Z,2024-04-25,16,95.43,APXMIDP
2024-04-25T07:00:00Z,2024-04-25,17,77.93,APXMIDP
2024-04-25T07:30:00Z,2024-04-25,18,73.65,APXMIDP
2024-04-25T08:00:00Z,2024-04-25,19,65.94,APXMIDP
2024-04-25T08:30:00Z,2024-04-25,20,60.78,APXMIDP
2024-04-25T09:00:00Z,2024-04-25,21,63.43,APXMIDP
2024-04-25T09:30:00Z,2024-04-25,22,65.01,APXMIDP
2024-04-25T10:00:00Z,2024-04-25,23,56.59,APXMIDP
2024-04-25T10:30:00Z,2024-04-25,24,63.65,APXMIDP
2024-04-25T11:00:00Z,2024-04-25,25,60.67,APXMIDP
2024-04-25T11:30:00Z,2024-04-25,26,59.59,APXMIDP
2024-04-25T12:00:00Z,2024-04-25,27,60.76,APXMIDP
2024-04-25T12:30:00Z,2024-04-25,28,64.98,APXMIDP
2024-04-25T13:00:00Z,2024-04-25,29,66.0,APXMIDP
2024-04-25T13:30:00Z,2024-04-25,30,65.51,APXMIDP
2024-04-25T14:00:00Z,2024-04-25,31,68.43,APXMIDP
2024-04-25T14:30:00Z,2024-04-25,32,68.92,APXMIDP
2024-04-25T15:00:00Z,2024-04-25,33,70.28,APXMIDP
2024-04-25T15:30:00Z,2024-04-25,34,70.65,APXMIDP
2024-04-25T16:00:00Z,2024-04-25,35,79.95,APXMIDP
2024-04-25T16:30:00Z,2024-04-25,36,81.64,APXMIDP
2024-04-25T17:00:00Z,2024-04-25,37,83.73,APXMIDP
2024-04-25T17:30:00Z,2024-04-25,38,81.0,APXMIDP
2024-04-25T18:00:00Z,2024-04-25,39,80.53,APXMIDP
2024-04-25T18:30:00Z,2024-04-25,40,81.6,APXMIDP
2024-04-25T19:00:00Z,2024-04-25,41,78.69,APXMIDP
2024-04-25T19:30:00Z,2024-04-25,42,80.01,APXMIDP
2024-04-25T20:00:00Z,2024-04-25,43,75.68,APXMIDP
2024-04-25T20:30:00Z,2024-04-25,44,71.43,APXMIDP
2024-04-25T21:00:00Z,2024-04-25,45,72.05,APXMIDP
2024-04-25T21:30:00Z,2024-04-25,46,69.72,APXMIDP
2024-04-25T22:00:00Z,2024-04-25,47,68.21,APXMIDP
2024-04-25T22:30:00Z,2024-04-25,48,63.48,APXMIDP
2024-04-25T23:00:00Z,2024-04-26,1,70.85,APXMIDP
2024-04-25T23:30:00Z,2024-04-26,2,65.79,APXMIDP
2024-04-26T00:00:00Z,2024-04-26,3,64.1,APXMIDP
2024-04-26T00:30:00Z,2024-04-26,4,64.98,APXMIDP
2024-04-26T01:00:00Z,2024-04-26,5,64.81,APXMIDP
2024-04-26T01:30:00Z,2024-04-26,6,64.17,APXMIDP
2024-04-26T02:00:00Z,2024-04-26,7,65.42,APXMIDP
2024-04-26T02:30:00Z,2024-04-26,8,61.5,APXMIDP
2024-04-26T03:00:00Z,2024-04-26,9,63.79,APXMIDP
2024-04-26T03:30:00Z,2024-04-26,10,60.87,APXMIDP
2024-04-26T04:00:00Z,2024-04-26,11,68.77,APXMIDP
2024-04-26T04:30:00Z,2024-04-26,12,63.03,APXMIDP
2024-04-26T05:00:00Z,2024-04-26,13,69.42,APXMIDP
2024-04-26T05:30:00Z,2024-04-26,14,84.78,APXMIDP
2024-04-26T06:00:00Z,2024-04-26,15,74.12,APXMIDP
2024-04-26T06:30:00Z,2024-04-26,16,84.29,APXMIDP
2024-04-26T07:00:00Z,2024-04-26,17,86.92,APXMIDP
2024-04-26T07:30:00Z,2024-04-26,18,84.35,APXMIDP
2024-04-26T08:00:00Z,2024-04-26,19,76.9,APXMIDP
2024-04-26T08:30:00Z,2024-04-26,20,71.68,APXMIDP
2024-04-26T09:00:00Z,2024-04-26,21,67.4,APXMIDP
2024-04-26T09:30:00Z,2024-04-26,22,66.81,APXMIDP
2024-04-26T10:00:00Z,2024-04-26,23,62.92,APXMIDP
2024-04-26T10:30:00Z,2024-04-26,24,62.54,APXMIDP
2024-04-26T11:00:00Z,2024-04-26,25,62.85,APXMIDP
2024-04-26T11:30:00Z,2024-04-26,26,63.05,APXMIDP
2024-04-26T12:00:00Z,2024-04-26,27,63.16,APXMIDP
2024-04-26T12:30:00Z,2024-04-26,28,62.37,APXMIDP
2024-04-26T13:00:00Z,2024-04-26,29,62.34,APXMIDP
2024-04-26T13:30:00Z,2024-04-26,30,62.0,APXMIDP
2024-04-26T14:00:00Z,2024-04-26,31,63.49,APXMIDP
2024-04-26T14:30:00Z,2024-04-26,32,63.99,APXMIDP
2024-04-26T15:00:00Z,2024-04-26,33,65.94,APXMIDP
2024-04-26T15:30:00Z,2024-04-26,34,67.07,APXMIDP
2024-04-26T16:00:00Z,2024-04-26,35,77.69,APXMIDP
2024-04-26T16:30:00Z,2024-04-26,36,84.51,APXMIDP
2024-04-26T17:00:00Z,2024-04-26,37,93.01,APXMIDP
2024-04-26T17:30:00Z,2024-04-26,38,92.11,APXMIDP
2024-04-26T18:00:00Z,2024-04-26,39,100.66,APXMIDP
2024-04-26T18:30:00Z,2024-04-26,40,98.01,APXMIDP
2024-04-26T19:00:00Z,2024-04-26,41,91.84,APXMIDP
2024-04-26T19:30:00Z,2024-04-26,42,90.72,APXMIDP
2024-04-26T20:00:00Z,2024-04-26,43,86.21,APXMIDP
2024-04-26T20:30:00Z,2024-04-26,44,78.5,APXMIDP
2024-04-26T21:00:00Z,2024-04-26,45,73.58,APXMIDP
2024-04-26T21:30:00Z,2024-04-26,46,70.18,APXMIDP
2024-04-26T22:00:00Z,2024-04-26,47,68.42,APXMIDP
2024-04-26T22:30:00Z,2024-04-26,48,77.71,APXMIDP
2024-04-26T23:00:00Z,2024-04-27,1,72.64,APXMIDP
2024-04-26T23:30:00Z,2024-04-27,2,73.97,APXMIDP
2024-04-27T00:00:00Z,2024-04-27,3,71.2,APXMIDP
2024-04-27T00:30:00Z,2024-04-27,4,74.12,APXMIDP
2024-04-27T01:00:00Z,2024-04-27,5,73.29,APXMIDP
2024-04-27T01:30:00Z,2024-04-27,6,68.9,APXMIDP
2024-04-27T02:00:00Z,2024-04-27,7,68.66,APXMIDP
2024-04-27T02:30:00Z,2024-04-27,8,66.22,APXMIDP
2024-04-27T03:00:00Z,2024-04-27,9,66.07,APXMIDP
2024-04-27T03:30:00Z,2024-04-27,10,64.92,APXMIDP
2024-04-27T04:00:00Z,2024-04-27,11,66.05,APXMIDP
2024-04-27T04:30:00Z,2024-04-27,12,65.99,APXMIDP
2024-04-27T05:00:00Z,2024-04-27,13,67.86,APXMIDP
2024-04-27T05:30:00Z,2024-04-27,14,67.61,APXMIDP
2024-04-27T06:00:00Z,2024-04-27,15,63.47,APXMIDP
2024-04-27T06:30:00Z,2024-04-27,16,65.85,APXMIDP
2024-04-27T07:00:00Z,2024-04-27,17,65.09,APXMIDP
2024-04-27T07:30:00Z,2024-04-27,18,65.8,APXMIDP
2024-04-27T08:00:00Z,2024-04-27,19,70.38,APXMIDP
2024-04-27T08:30:00Z,2024-04-27,20,74.24,APXMIDP
2024-04-27T09:00:00Z,2024-04-27,21,74.31,APXMIDP
2024-04-27T09:30:00Z,2024-04-27,22,76.73,APXMIDP
2024-04-27T10:00:00Z,2024-04-27,23,84.32,APXMIDP
2024-04-27T10:30:00Z,2024-04-27,24,87.45,APXMIDP
2024-04-27T11:00:00Z,2024-04-27,25,88.75,APXMIDP
2024-04-27T11:30:00Z,2024-04-27,26,90.34,APXMIDP
2024-04-27T12:00:00Z,2024-04-27,27,93.64,APXMIDP
2024-04-27T12:30:00Z,2024-04-27,28,92.88,APXMIDP
2024-04-27T13:00:00Z,2024-04-27,29,88.72,APXMIDP
2024-04-27T13:30:00Z,2024-04-27,30,83.14,APXMIDP
2024-04-27T14:00:00Z,2024-04-27,31,82.47,APXMIDP
2024-04-27T14:30:00Z,2024-04-27,32,84.34,APXMIDP
2024-04-27T15:00:00Z,2024-04-27,33,87.99,APXMIDP
2024-04-27T15:30:00Z,2024-04-27,34,90.66,APXMIDP
2024-04-27T16:00:00Z,2024-04-27,35,90.78,APXMIDP
2024-04-27T16:30:00Z,2024-04-27,36,92.07,APXMIDP
2024-04-27T17:00:00Z,2024-04-27,37,95.7,APXMIDP
2024-04-27T17:30:00Z,2024-04-27,38,95.29,APXMIDP
2024-04-27T18:00:00Z,2024-04-27,39,90.38,APXMIDP
2024-04-27T18:30:00Z,2024-04-27,40,89.34,APXMIDP
2024-04-27T19:00:00Z,2024-04-27,41,88.22,APXMIDP
2024-04-27T19:30:00Z,2024-04-27,42,86.85,APXMIDP
2024-04-27T20:00:00Z,2024-04-27,43,79.32,APXMIDP
2024-04-27T20:30:00Z,2024-04-27,44,78.37,APXMIDP
2024-04-27T21:00:00Z,2024-04-27,45,74.19,APXMIDP
2024-04-27T21:30:00Z,2024-04-27,46,74.96,APXMIDP
2024-04-27T22:00:00Z,2024-04-27,47,78.41,APXMIDP
2024-04-27T22:30:00Z,2024-04-27,48,78.39,APXMIDP
2024-04-27T23:00:00Z,2024-04-28,1,77.22,APXMIDP
2024-04-27T23:30:00Z,2024-04-28,2,75.62,APXMIDP
2024-04-28T00:00:00Z,2024-04-28,3,72.95,APXMIDP
2024-04-28T00:30:00Z,2024-04-28,4,74.1,APXMIDP
2024-04-28T01:00:00Z,2024-04-28,5,67.04,APXMIDP
2024-04-28T01:30:00Z,2024-04-28,6,64.3,APXMIDP
2024-04-28T02:00:00Z,2024-04-28,7,52.28,APXMIDP
2024-04-28T02:30:00Z,2024-04-28,8,47.41,APXMIDP
2024-04-28T03:00:00Z,2024-04-28,9,36.81,APXMIDP
2024-04-28T03:30:00Z,2024-04-28,10,32.47,APXMIDP
2024-04-28T04:00:00Z,2024-04-28,11,24.41,APXMIDP
2024-04-28T04:30:00Z,2024-04-28,12,22.11,APXMIDP
2024-04-28T05:00:00Z,2024-04-28,13,20.95,APXMIDP
2024-04-28T05:30:00Z,2024-04-28,14,29.12,APXMIDP
2024-04-28T06:00:00Z,2024-04-28,15,54.64,APXMIDP
2024-04-28T06:30:00Z,2024-04-28,16,67.14,APXMIDP
2024-04-28T07:00:00Z,2024-04-28,17,65.91,APXMIDP
2024-04-28T07:30:00Z,2024-04-28,18,72.33,APXMIDP
2024-04-28T08:00:00Z,2024-04-28,19,82.61,APXMIDP
2024-04-28T08:30:00Z,2024-04-28,20,83.42,APXMIDP
2024-04-28T09:00:00Z,2024-04-28,21,80.96,APXMIDP
2024-04-28T09:30:00Z,2024-04-28,22,80.27,APXMIDP
2024-04-28T10:00:00Z,2024-04-28,23,79.38,APXMIDP
2024-04-28T10:30:00Z,2024-04-28,24,78.03,APXMIDP
2024-04-28T11:00:00Z,2024-04-28,25,78.76,APXMIDP
2024-04-28T11:30:00Z,2024-04-28,26,71.61,APXMIDP
2024-04-28T12:00:00Z,2024-04-28,27,64.05,APXMIDP
2024-04-28T12:30:00Z,2024-04-28,28,59.99,APXMIDP
2024-04-28T13:00:00Z,2024-04-28,29,61.06,APXMIDP
2024-04-28T13:30:00Z,2024-04-28,30,54.17,APXMIDP
2024-04-28T14:00:00Z,2024-04-28,31,56.28,APXMIDP
2024-04-28T14:30:00Z,2024-04-28,32,64.02,APXMIDP
2024-04-28T15:00:00Z,2024-04-28,33,68.34,APXMIDP
2024-04-28T15:30:00Z,2024-04-28,34,70.33,APXMIDP
2024-04-28T16:00:00Z,2024-04-28,35,75.31,APXMIDP
2024-04-28T16:30:00Z,2024-04-28,36,79.0,APXMIDP
2024-04-28T17:00:00Z,2024-04-28,37,76.84,APXMIDP
2024-04-28T17:30:00Z,2024-04-28,38,74.83,APXMIDP
2024-04-28T18:00:00Z,2024-04-28,39,67.66,APXMIDP
2024-04-28T18:30:00Z,2024-04-28,40,65.46,APXMIDP
2024-04-28T19:00:00Z,2024-04-28,41,72.22,APXMIDP
2024-04-28T19:30:00Z,2024-04-28,42,68.15,APXMIDP
2024-04-28T20:00:00Z,2024-04-28,43,63.44,APXMIDP
2024-04-28T20:30:00Z,2024-04-28,44,66.17,APXMIDP
2024-04-28T21:00:00Z,2024-04-28,45,72.27,APXMIDP
2024-04-28T21:30:00Z,2024-04-28,46,64.29,APXMIDP
2024-04-28T22:00:00Z,2024-04-28,47,52.63,APXMIDP
2024-04-28T22:30:00Z,2024-04-28,48,34.66,APXMIDP
2024-04-28T23:00:00Z,2024-04-29,1,35.81,APXMIDP
2024-04-28T23:30:00Z,2024-04-29,2,38.35,APXMIDP
2024-04-29T00:00:00Z,2024-04-29,3,45.06,APXMIDP
2024-04-29T00:30:00Z,2024-04-29,4,45.48,APXMIDP
2024-04-29T01:00:00Z,2024-04-29,5,47.01,APXMIDP
2024-04-29T01:30:00Z,2024-04-29,6,46.8,APXMIDP
2024-04-29T02:00:00Z,2024-04-29,7,44.5,APXMIDP
2024-04-29T02:30:00Z,2024-04-29,8,48.57,APXMIDP
2024-04-29T03:00:00Z,2024-04-29,9,62.28,APXMIDP
2024-04-29T03:30:00Z,2024-04-29,10,55.1,APXMIDP
2024-04-29T04:00:00Z,2024-04-29,11,74.28,APXMIDP
2024-04-29T04:30:00Z,2024-04-29,12,85.23,APXMIDP
2024-04-29T05:00:00Z,2024-04-29,13,85.44,APXMIDP
2024-04-29T05:30:00Z,2024-04-29,14,93.68,APXMIDP
2024-04-29T06:00:00Z,2024-04-29,15,85.88,APXMIDP
2024-04-29T06:30:00Z,2024-04-29,16,95.49,APXMIDP
2024-04-29T07:00:00Z,2024-04-29,17,86.24,APXMIDP
2024-04-29T07:30:00Z,2024-04-29,18,80.9,APXMIDP
2024-04-29T08:00:00Z,2024-04-29,19,67.45,APXMIDP
2024-04-29T08:30:00Z,2024-04-29,20,63.06,APXMIDP
2024-04-29T09:00:00Z,2024-04-29,21,59.99,APXMIDP
2024-04-29T09:30:00Z,2024-04-29,22,53.68,APXMIDP
2024-04-29T10:00:00Z,2024-04-29,23,32.64,APXMIDP
2024-04-29T10:30:00Z,2024-04-29,24,31.0,APXMIDP
2024-04-29T11:00:00Z,2024-04-29,25,33.54,APXMIDP
2024-04-29T11:30:00Z,2024-04-29,26,31.11,APXMIDP
2024-04-29T12:00:00Z,2024-04-29,27,28.29,APXMIDP
2024-04-29T12:30:00Z,2024-04-29,28,23.05,APXMIDP
2024-04-29T13:00:00Z,2024-04-29,29,33.55,APXMIDP
2024-04-29T13:30:00Z,2024-04-29,30,29.78,APXMIDP
2024-04-29T14:00:00Z,2024-04-29,31,35.5,APXMIDP
2024-04-29T14:30:00Z,2024-04-29,32,40.6,APXMIDP
2024-04-29T15:00:00Z,2024-04-29,33,58.32,APXMIDP
2024-04-29T15:30:00Z,2024-04-29,34,58.01,APXMIDP
2024-04-29T16:00:00Z,2024-04-29,35,63.23,APXMIDP
2024-04-29T16:30:00Z,2024-04-29,36,63.05,APXMIDP
2024-04-29T17:00:00Z,2024-04-29,37,64.08,APXMIDP
2024-04-29T17:30:00Z,2024-04-29,38,72.71,APXMIDP
2024-04-29T18:00:00Z,2024-04-29,39,78.97,APXMIDP
2024-04-29T18:30:00Z,2024-04-29,40,80.79,APXMIDP
2024-04-29T19:00:00Z,2024-04-29,41,76.06,APXMIDP
2024-04-29T19:30:00Z,2024-04-29,42,76.5,APXMIDP
2024-04-29T20:00:00Z,2024-04-29,43,74.51,APXMIDP
2024-04-29T20:30:00Z,2024-04-29,44,67.78,APXMIDP
2024-04-29T21:00:00Z,2024-04-29,45,66.06,APXMIDP
2024-04-29T21:30:00Z,2024-04-29,46,64.09,APXMIDP
2024-04-29T22:00:00Z,2024-04-29,47,61.47,APXMIDP
2024-04-29T22:30:00Z,2024-04-29,48,61.35,APXMIDP
2024-04-29T23:00:00Z,2024-04-30,1,38.5,APXMIDP
2024-04-29T23:30:00Z,2024-04-30,2,45.29,APXMIDP
2024-04-30T00:00:00Z,2024-04-30,3,54.44,APXMIDP
2024-04-30T00:30:00Z,2024-04-30,4,53.71,APXMIDP
2024-04-30T01:00:00Z,2024-04-30,5,41.85,APXMIDP
2024-04-30T01:30:00Z,2024-04-30,6,50.38,APXMIDP
2024-04-30T02:00:00Z,2024-04-30,7,44.39,APXMIDP
2024-04-30T02:30:00Z,2024-04-30,8,43.78,APXMIDP
2024-04-30T03:00:00Z,2024-04-30,9,51.81,APXMIDP
2024-04-30T03:30:00Z,2024-04-30,10,52.18,APXMIDP
2024-04-30T04:00:00Z,2024-04-30,11,57.89,APXMIDP
2024-04-30T04:30:00Z,2024-04-30,12,68.25,APXMIDP
2024-04-30T05:00:00Z,2024-04-30,13,69.76,APXMIDP
2024-04-30T05:30:00Z,2024-04-30,14,79.82,APXMIDP
2024-04-30T06:00:00Z,2024-04-30,15,61.34,APXMIDP
2024-04-30T06:30:00Z,2024-04-30,16,73.19,APXMIDP
2024-04-30T07:00:00Z,2024-04-30,17,66.31,APXMIDP
2024-04-30T07:30:00Z,2024-04-30,18,59.4,APXMIDP
2024-04-30T08:00:00Z,2024-04-30,19,54.66,APXMIDP
2024-04-30T08:30:00Z,2024-04-30,20,47.09,APXMIDP
2024-04-30T09:00:00Z,2024-04-30,21,36.5,APXMIDP
2024-04-30T09:30:00Z,2024-04-30,22,24.71,APXMIDP
2024-04-30T10:00:00Z,2024-04-30,23,16.38,APXMIDP
2024-04-30T10:30:00Z,2024-04-30,24,16.27,APXMIDP
2024-04-30T11:00:00Z,2024-04-30,25,14.54,APXMIDP
2024-04-30T11:30:00Z,2024-04-30,26,12.48,APXMIDP
2024-04-30T12:00:00Z,2024-04-30,27,7.91,APXMIDP
2024-04-30T12:30:00Z,2024-04-30,28,5.93,APXMIDP
2024-04-30T13:00:00Z,2024-04-30,29,7.65,APXMIDP
2024-04-30T13:30:00Z,2024-04-30,30,8.41,APXMIDP
2024-04-30T14:00:00Z,2024-04-30,31,11.7,APXMIDP
2024-04-30T14:30:00Z,2024-04-30,32,24.46,APXMIDP
2024-04-30T15:00:00Z,2024-04-30,33,34.68,APXMIDP
2024-04-30T15:30:00Z,2024-04-30,34,46.62,APXMIDP
2024-04-30T16:00:00Z,2024-04-30,35,56.05,APXMIDP
2024-04-30T16:30:00Z,2024-04-30,36,60.72,APXMIDP
2024-04-30T17:00:00Z,2024-04-30,37,68.89,APXMIDP
2024-04-30T17:30:00Z,2024-04-30,38,73.19,APXMIDP
2024-04-30T18:00:00Z,2024-04-30,39,81.58,APXMIDP
2024-04-30T18:30:00Z,2024-04-30,40,84.59,APXMIDP
2024-04-30T19:00:00Z,2024-04-30,41,86.41,APXMIDP
2024-04-30T19:30:00Z,2024-04-30,42,85.02,APXMIDP
2024-04-30T20:00:00Z,2024-04-30,43,84.74,APXMIDP
2024-04-30T20:30:00Z,2024-04-30,44,76.85,APXMIDP
2024-04-30T21:00:00Z,2024-04-30,45,68.96,APXMIDP
2024-04-30T21:30:00Z,2024-04-30,46,62.74,APXMIDP
2024-04-30T22:00:00Z,2024-04-30,47,67.13,APXMIDP
2024-04-30T22:30:00Z,2024-04-30,48,67.31,APXMIDP
2024-04-30T23:00:00Z,2024-05-01,1,61.97,APXMIDP
2024-04-30T23:30:00Z,2024-05-01,2,68.36,APXMIDP
2024-05-01T00:00:00Z,2024-05-01,3,69.85,APXMIDP
2024-05-01T00:30:00Z,2024-05-01,4,72.2,APXMIDP
2024-05-01T01:00:00Z,2024-05-01,5,67.83,APXMIDP
2024-05-01T01:30:00Z,2024-05-01,6,61.01,APXMIDP
2024-05-01T02:00:00Z,2024-05-01,7,59.25,APXMIDP
2024-05-01T02:30:00Z,2024-05-01,8,57.71,APXMIDP
2024-05-01T03:00:00Z,2024-05-01,9,58.41,APXMIDP
2024-05-01T03:30:00Z,2024-05-01,10,64.07,APXMIDP
2024-05-01T04:00:00Z,2024-05-01,11,60.99,APXMIDP
2024-05-01T04:30:00Z,2024-05-01,12,60.94,APXMIDP
2024-05-01T05:00:00Z,2024-05-01,13,67.96,APXMIDP
2024-05-01T05:30:00Z,2024-05-01,14,68.49,APXMIDP
2024-05-01T06:00:00Z,2024-05-01,15,73.81,APXMIDP
2024-05-01T06:30:00Z,2024-05-01,16,82.96,APXMIDP
2024-05-01T07:00:00Z,2024-05-01,17,89.62,APXMIDP
2024-05-01T07:30:00Z,2024-05-01,18,89.76,APXMIDP
2024-05-01T08:00:00Z,2024-05-01,19,89.97,APXMIDP
2024-05-01T08:30:00Z,2024-05-01,20,84.91,APXMIDP
2024-05-01T09:00:00Z,2024-05-01,21,83.94,APXMIDP
2024-05-01T09:30:00Z,2024-05-01,22,81.57,APXMIDP
2024-05-01T10:00:00Z,2024-05-01,23,75.72,APXMIDP
2024-05-01T10:30:00Z,2024-05-01,24,68.74,APXMIDP
2024-05-01T11:00:00Z,2024-05-01,25,66.81,APXMIDP
2024-05-01T11:30:00Z,2024-05-01,26,69.31,APXMIDP
2024-05-01T12:00:00Z,2024-05-01,27,67.08,APXMIDP
2024-05-01T12:30:00Z,2024-05-01,28,63.96,APXMIDP
2024-05-01T13:00:00Z,2024-05-01,29,63.26,APXMIDP
2024-05-01T13:30:00Z,2024-05-01,30,64.56,APXMIDP
2024-05-01T14:00:00Z,2024-05-01,31,73.33,APXMIDP
2024-05-01T14:30:00Z,2024-05-01,32,80.02,APXMIDP
2024-05-01T15:00:00Z,2024-05-01,33,80.28,APXMIDP
2024-05-01T15:30:00Z,2024-05-01,34,85.62,APXMIDP
2024-05-01T16:00:00Z,2024-05-01,35,91.2,APXMIDP
2024-05-01T16:30:00Z,2024-05-01,36,97.07,APXMIDP
2024-05-01T17:00:00Z,2024-05-01,37,104.29,APXMIDP
2024-05-01T17:30:00Z,2024-05-01,38,101.55,APXMIDP
2024-05-01T18:00:00Z,2024-05-01,39,106.56,APXMIDP
2024-05-01T18:30:00Z,2024-05-01,40,98.25,APXMIDP
2024-05-01T19:00:00Z,2024-05-01,41,93.64,APXMIDP
2024-05-01T19:30:00Z,2024-05-01,42,90.98,APXMIDP
2024-05-01T20:00:00Z,2024-05-01,43,76.84,APXMIDP
2024-05-01T20:30:00Z,2024-05-01,44,65.29,APXMIDP
2024-05-01T21:00:00Z,2024-05-01,45,64.52,APXMIDP
2024-05-01T21:30:00Z,2024-05-01,46,61.28,APXMIDP
2024-05-01T22:00:00Z,2024-05-01,47,81.03,APXMIDP
2024-05-01T22:30:00Z,2024-05-01,48,70.25,APXMIDP
2024-05-01T23:00:00Z,2024-05-02,1,50.29,APXMIDP
2024-05-01T23:30:00Z,2024-05-02,2,46.79,APXMIDP
2024-05-02T00:00:00Z,2024-05-02,3,37.33,APXMIDP
2024-05-02T00:30:00Z,2024-05-02,4,37.33,APXMIDP
2024-05-02T01:00:00Z,2024-05-02,5,34.01,APXMIDP
2024-05-02T01:30:00Z,2024-05-02,6,32.54,APXMIDP
2024-05-02T02:00:00Z,2024-05-02,7,27.42,APXMIDP
2024-05-02T02:30:00Z,2024-05-02,8,26.26,APXMIDP
2024-05-02T03:00:00Z,2024-05-02,9,30.53,APXMIDP
2024-05-02T03:30:00Z,2024-05-02,10,35.4,APXMIDP
2024-05-02T04:00:00Z,2024-05-02,11,64.0,APXMIDP
2024-05-02T04:30:00Z,2024-05-02,12,62.77,APXMIDP
2024-05-02T05:00:00Z,2024-05-02,13,53.99,APXMIDP
2024-05-02T05:30:00Z,2024-05-02,14,63.51,APXMIDP
2024-05-02T06:00:00Z,2024-05-02,15,63.49,APXMIDP
2024-05-02T06:30:00Z,2024-05-02,16,73.23,APXMIDP
2024-05-02T07:00:00Z,2024-05-02,17,76.83,APXMIDP
2024-05-02T07:30:00Z,2024-05-02,18,78.74,APXMIDP
2024-05-02T08:00:00Z,2024-05-02,19,85.34,APXMIDP
2024-05-02T08:30:00Z,2024-05-02,20,83.94,APXMIDP
2024-05-02T09:00:00Z,2024-05-02,21,85.98,APXMIDP
2024-05-02T09:30:00Z,2024-05-02,22,82.93,APXMIDP
2024-05-02T10:00:00Z,2024-05-02,23,73.05,APXMIDP
2024-05-02T10:30:00Z,2024-05-02,24,64.48,APXMIDP
2024-05-02T11:00:00Z,2024-05-02,25,59.48,APXMIDP
2024-05-02T11:30:00Z,2024-05-02,26,64.87,APXMIDP
2024-05-02T12:00:00Z,2024-05-02,27,65.67,APXMIDP
2024-05-02T12:30:00Z,2024-05-02,28,64.28,APXMIDP
2024-05-02T13:00:00Z,2024-05-02,29,63.75,APXMIDP
2024-05-02T13:30:00Z,2024-05-02,30,60.08,APXMIDP
2024-05-02T14:00:00Z,2024-05-02,31,63.85,APXMIDP
2024-05-02T14:30:00Z,2024-05-02,32,63.72,APXMIDP
2024-05-02T15:00:00Z,2024-05-02,33,75.12,APXMIDP
2024-05-02T15:30:00Z,2024-05-02,34,84.09,APXMIDP
2024-05-02T16:00:00Z,2024-05-02,35,80.32,APXMIDP
2024-05-02T16:30:00Z,2024-05-02,36,79.84,APXMIDP
2024-05-02T17:00:00Z,2024-05-02,37,77.16,APXMIDP
2024-05-02T17:30:00Z,2024-05-02,38,75.51,APXMIDP
2024-05-02T18:00:00Z,2024-05-02,39,82.28,APXMIDP
2024-05-02T18:30:00Z,2024-05-02,40,84.28,APXMIDP
2024-05-02T19:00:00Z,2024-05-02,41,76.51,APXMIDP
2024-05-02T19:30:00Z,2024-05-02,42,73.8,APXMIDP
2024-05-02T20:00:00Z,2024-05-02,43,71.82,APXMIDP
2024-05-02T20:30:00Z,2024-05-02,44,66.31,APXMIDP
2024-05-02T21:00:00Z,2024-05-02,45,63.96,APXMIDP
2024-05-02T21:30:00Z,2024-05-02,46,60.22,APXMIDP
2024-05-02T22:00:00Z,2024-05-02,47,66.08,APXMIDP
2024-05-02T22:30:00Z,2024-05-02,48,66.77,APXMIDP
2024-05-02T23:00:00Z,2024-05-03,1,63.14,APXMIDP
2024-05-02T23:30:00Z,2024-05-03,2,61.44,APXMIDP
2024-05-03T00:00:00Z,2024-05-03,3,61.6,APXMIDP
2024-05-03T00:30:00Z,2024-05-03,4,62.28,APXMIDP
2024-05-03T01:00:00Z,2024-05-03,5,61.58,APXMIDP
2024-05-03T01:30:00Z,2024-05-03,6,59.52,APXMIDP
2024-05-03T02:00:00Z,2024-05-03,7,53.69,APXMIDP
2024-05-03T02:30:00Z,2024-05-03,8,51.3,APXMIDP
2024-05-03T03:00:00Z,2024-05-03,9,50.02,APXMIDP
2024-05-03T03:30:00Z,2024-05-03,10,46.26,APXMIDP
2024-05-03T04:00:00Z,2024-05-03,11,56.87,APXMIDP
2024-05-03T04:30:00Z,2024-05-03,12,52.61,APXMIDP
2024-05-03T05:00:00Z,2024-05-03,13,67.07,APXMIDP
2024-05-03T05:30:00Z,2024-05-03,14,70.04,APXMIDP
2024-05-03T06:00:00Z,2024-05-03,15,72.32,APXMIDP
2024-05-03T06:30:00Z,2024-05-03,16,85.46,APXMIDP
2024-05-03T07:00:00Z,2024-05-03,17,83.07,APXMIDP
2024-05-03T07:30:00Z,2024-05-03,18,84.77,APXMIDP
2024-05-03T08:00:00Z,2024-05-03,19,86.9,APXMIDP
2024-05-03T08:30:00Z,2024-05-03,20,81.76,APXMIDP
2024-05-03T09:00:00Z,2024-05-03,21,79.55,APXMIDP
2024-05-03T09:30:00Z,2024-05-03,22,81.74,APXMIDP
2024-05-03T10:00:00Z,2024-05-03,23,81.33,APXMIDP
2024-05-03T10:30:00Z,2024-05-03,24,76.61,APXMIDP
2024-05-03T11:00:00Z,2024-05-03,25,71.17,APXMIDP
2024-05-03T11:30:00Z,2024-05-03,26,68.91,APXMIDP
2024-05-03T12:00:00Z,2024-05-03,27,65.3,APXMIDP
2024-05-03T12:30:00Z,2024-05-03,28,64.85,APXMIDP
2024-05-03T13:00:00Z,2024-05-03,29,67.19,APXMIDP
2024-05-03T13:30:00Z,2024-05-03,30,64.46,APXMIDP
2024-05-03T14:00:00Z,2024-05-03,31,64.41,APXMIDP
2024-05-03T14:30:00Z,2024-05-03,32,64.79,APXMIDP
2024-05-03T15:00:00Z,2024-05-03,33,66.25,APXMIDP
2024-05-03T15:30:00Z,2024-05-03,34,74.17,APXMIDP
2024-05-03T16:00:00Z,2024-05-03,35,90.3,APXMIDP
2024-05-03T16:30:00Z,2024-05-03,36,94.37,APXMIDP
2024-05-03T17:00:00Z,2024-05-03,37,100.09,APXMIDP
2024-05-03T17:30:00Z,2024-05-03,38,100.24,APXMIDP
2024-05-03T18:00:00Z,2024-05-03,39,94.68,APXMIDP
2024-05-03T18:30:00Z,2024-05-03,40,90.95,APXMIDP
2024-05-03T19:00:00Z,2024-05-03,41,88.27,APXMIDP
2024-05-03T19:30:00Z,2024-05-03,42,86.58,APXMIDP
2024-05-03T20:00:00Z,2024-05-03,43,79.06,APXMIDP
2024-05-03T20:30:00Z,2024-05-03,44,73.13,APXMIDP
2024-05-03T21:00:00Z,2024-05-03,45,74.2,APXMIDP
2024-05-03T21:30:00Z,2024-05-03,46,72.15,APXMIDP
2024-05-03T22:00:00Z,2024-05-03,47,71.18,APXMIDP
2024-05-03T22:30:00Z,2024-05-03,48,73.1,APXMIDP
2024-05-03T23:00:00Z,2024-05-04,1,69.33,APXMIDP
2024-05-03T23:30:00Z,2024-05-04,2,66.84,APXMIDP
2024-05-04T00:00:00Z,2024-05-04,3,70.73,APXMIDP
2024-05-04T00:30:00Z,2024-05-04,4,73.27,APXMIDP
2024-05-04T01:00:00Z,2024-05-04,5,79.22,APXMIDP
2024-05-04T01:30:00Z,2024-05-04,6,76.8,APXMIDP
2024-05-04T02:00:00Z,2024-05-04,7,72.06,APXMIDP
2024-05-04T02:30:00Z,2024-05-04,8,68.61,APXMIDP
2024-05-04T03:00:00Z,2024-05-04,9,69.85,APXMIDP
2024-05-04T03:30:00Z,2024-05-04,10,67.75,APXMIDP
2024-05-04T04:00:00Z,2024-05-04,11,77.18,APXMIDP
2024-05-04T04:30:00Z,2024-05-04,12,80.16,APXMIDP
2024-05-04T05:00:00Z,2024-05-04,13,71.43,APXMIDP
2024-05-04T05:30:00Z,2024-05-04,14,76.11,APXMIDP
2024-05-04T06:00:00Z,2024-05-04,15,72.77,APXMIDP
2024-05-04T06:30:00Z,2024-05-04,16,69.13,APXMIDP
2024-05-04T07:00:00Z,2024-05-04,17,66.53,APXMIDP
2024-05-04T07:30:00Z,2024-05-04,18,79.71,APXMIDP
2024-05-04T08:00:00Z,2024-05-04,19,85.22,APXMIDP
2024-05-04T08:30:00Z,2024-05-04,20,80.16,APXMIDP
2024-05-04T09:00:00Z,2024-05-04,21,72.26,APXMIDP
2024-05-04T09:30:00Z,2024-05-04,22,63.38,APXMIDP
2024-05-04T10:00:00Z,2024-05-04,23,64.91,APXMIDP
2024-05-04T10:30:00Z,2024-05-04,24,64.82,APXMIDP
2024-05-04T11:00:00Z,2024-05-04,25,53.61,APXMIDP
2024-05-04T11:30:00Z,2024-05-04,26,60.92,APXMIDP
2024-05-04T12:00:00Z,2024-05-04,27,61.96,APXMIDP
2024-05-04T12:30:00Z,2024-05-04,28,50.4,APXMIDP
2024-05-04T13:00:00Z,2024-05-04,29,61.47,APXMIDP
2024-05-04T13:30:00Z,2024-05-04,30,64.01,APXMIDP
2024-05-04T14:00:00Z,2024-05-04,31,60.47,APXMIDP
2024-05-04T14:30:00Z,2024-05-04,32,61.42,APXMIDP
2024-05-04T15:00:00Z,2024-05-04,33,68.56,APXMIDP
2024-05-04T15:30:00Z,2024-05-04,34,68.22,APXMIDP
2024-05-04T16:00:00Z,2024-05-04,35,79.41,APXMIDP
2024-05-04T16:30:00Z,2024-05-04,36,82.22,APXMIDP
2024-05-04T17:00:00Z,2024-05-04,37,92.73,APXMIDP
2024-05-04T17:30:00Z,2024-05-04,38,93.07,APXMIDP
2024-05-04T18:00:00Z,2024-05-04,39,97.99,APXMIDP
2024-05-04T18:30:00Z,2024-05-04,40,97.96,APXMIDP
2024-05-04T19:00:00Z,2024-05-04,41,95.59,APXMIDP
2024-05-04T19:30:00Z,2024-05-04,42,98.53,APXMIDP
2024-05-04T20:00:00Z,2024-05-04,43,97.65,APXMIDP
2024-05-04T20:30:00Z,2024-05-04,44,96.89,APXMIDP
2024-05-04T21:00:00Z,2024-05-04,45,80.24,APXMIDP
2024-05-04T21:30:00Z,2024-05-04,46,76.49,APXMIDP
2024-05-04T22:00:00Z,2024-05-04,47,71.21,APXMIDP
2024-05-04T22:30:00Z,2024-05-04,48,71.0,APXMIDP
2024-05-04T23:00:00Z,2024-05-05,1,81.34,APXMIDP
2024-05-04T23:30:00Z,2024-05-05,2,82.18,APXMIDP
2024-05-05T00:00:00Z,2024-05-05,3,73.44,APXMIDP
2024-05-05T00:30:00Z,2024-05-05,4,73.53,APXMIDP
2024-05-05T01:00:00Z,2024-05-05,5,75.23,APXMIDP
2024-05-05T01:30:00Z,2024-05-05,6,76.11,APXMIDP
2024-05-05T02:00:00Z,2024-05-05,7,75.1,APXMIDP
2024-05-05T02:30:00Z,2024-05-05,8,73.68,APXMIDP
2024-05-05T03:00:00Z,2024-05-05,9,77.17,APXMIDP
2024-05-05T03:30:00Z,2024-05-05,10,78.93,APXMIDP
2024-05-05T04:00:00Z,2024-05-05,11,71.31,APXMIDP
2024-05-05T04:30:00Z,2024-05-05,12,71.47,APXMIDP
2024-05-05T05:00:00Z,2024-05-05,13,68.11,APXMIDP
2024-05-05T05:30:00Z,2024-05-05,14,68.37,APXMIDP
2024-05-05T06:00:00Z,2024-05-05,15,75.85,APXMIDP
2024-05-05T06:30:00Z,2024-05-05,16,74.68,APXMIDP
2024-05-05T07:00:00Z,2024-05-05,17,64.21,APXMIDP
2024-05-05T07:30:00Z,2024-05-05,18,69.82,APXMIDP
2024-05-05T08:00:00Z,2024-05-05,19,69.88,APXMIDP
2024-05-05T08:30:00Z,2024-05-05,20,68.54,APXMIDP
2024-05-05T09:00:00Z,2024-05-05,21,68.39,APXMIDP
2024-05-05T09:30:00Z,2024-05-05,22,67.84,APXMIDP
2024-05-05T10:00:00Z,2024-05-05,23,66.33,APXMIDP
2024-05-05T10:30:00Z,2024-05-05,24,70.28,APXMIDP
2024-05-05T11:00:00Z,2024-05-05,25,77.01,APXMIDP
2024-05-05T11:30:00Z,2024-05-05,26,77.51,APXMIDP
2024-05-05T12:00:00Z,2024-05-05,27,81.55,APXMIDP
2024-05-05T12:30:00Z,2024-05-05,28,82.02,APXMIDP
2024-05-05T13:00:00Z,2024-05-05,29,85.06,APXMIDP
2024-05-05T13:30:00Z,2024-05-05,30,86.23,APXMIDP
2024-05-05T14:00:00Z,2024-05-05,31,86.44,APXMIDP
2024-05-05T14:30:00Z,2024-05-05,32,82.86,APXMIDP
2024-05-05T15:00:00Z,2024-05-05,33,75.11,APXMIDP
2024-05-05T15:30:00Z,2024-05-05,34,70.97,APXMIDP
2024-05-05T16:00:00Z,2024-05-05,35,71.29,APXMIDP
2024-05-05T16:30:00Z,2024-05-05,36,70.9,APXMIDP
2024-05-05T17:00:00Z,2024-05-05,37,75.44,APXMIDP
2024-05-05T17:30:00Z,2024-05-05,38,74.92,APXMIDP
2024-05-05T18:00:00Z,2024-05-05,39,79.05,APXMIDP
2024-05-05T18:30:00Z,2024-05-05,40,78.82,APXMIDP
2024-05-05T19:00:00Z,2024-05-05,41,80.07,APXMIDP
2024-05-05T19:30:00Z,2024-05-05,42,79.65,APXMIDP
2024-05-05T20:00:00Z,2024-05-05,43,81.74,APXMIDP
2024-05-05T20:30:00Z,2024-05-05,44,80.41,APXMIDP
2024-05-05T21:00:00Z,2024-05-05,45,77.35,APXMIDP
2024-05-05T21:30:00Z,2024-05-05,46,74.87,APXMIDP
2024-05-05T22:00:00Z,2024-05-05,47,70.87,APXMIDP
2024-05-05T22:30:00Z,2024-05-05,48,76.31,APXMIDP
2024-05-05T23:00:00Z,2024-05-06,1,73.13,APXMIDP
2024-05-05T23:30:00Z,2024-05-06,2,72.08,APXMIDP
2024-05-06T00:00:00Z,2024-05-06,3,79.96,APXMIDP
2024-05-06T00:30:00Z,2024-05-06,4,82.69,APXMIDP
2024-05-06T01:00:00Z,2024-05-06,5,71.75,APXMIDP
2024-05-06T01:30:00Z,2024-05-06,6,71.99,APXMIDP
2024-05-06T02:00:00Z,2024-05-06,7,71.21,APXMIDP
2024-05-06T02:30:00Z,2024-05-06,8,68.62,APXMIDP
2024-05-06T03:00:00Z,2024-05-06,9,71.19,APXMIDP
2024-05-06T03:30:00Z,2024-05-06,10,71.3,APXMIDP
2024-05-06T04:00:00Z,2024-05-06,11,97.28,APXMIDP
2024-05-06T04:30:00Z,2024-05-06,12,90.38,APXMIDP
2024-05-06T05:00:00Z,2024-05-06,13,95.24,APXMIDP
2024-05-06T05:30:00Z,2024-05-06,14,87.38,APXMIDP
2024-05-06T06:00:00Z,2024-05-06,15,72.46,APXMIDP
2024-05-06T06:30:00Z,2024-05-06,16,75.44,APXMIDP
2024-05-06T07:00:00Z,2024-05-06,17,68.56,APXMIDP
2024-05-06T07:30:00Z,2024-05-06,18,70.01,APXMIDP
2024-05-06T08:00:00Z,2024-05-06,19,63.3,APXMIDP
2024-05-06T08:30:00Z,2024-05-06,20,62.74,APXMIDP
2024-05-06T09:00:00Z,2024-05-06,21,63.51,APXMIDP
2024-05-06T09:30:00Z,2024-05-06,22,63.93,APXMIDP
2024-05-06T10:00:00Z,2024-05-06,23,61.19,APXMIDP
2024-05-06T10:30:00Z,2024-05-06,24,61.18,APXMIDP
2024-05-06T11:00:00Z,2024-05-06,25,63.2,APXMIDP
2024-05-06T11:30:00Z,2024-05-06,26,62.08,APXMIDP
2024-05-06T12:00:00Z,2024-05-06,27,61.47,APXMIDP
2024-05-06T12:30:00Z,2024-05-06,28,62.23,APXMIDP
2024-05-06T13:00:00Z,2024-05-06,29,66.37,APXMIDP
2024-05-06T13:30:00Z,2024-05-06,30,66.62,APXMIDP
2024-05-06T14:00:00Z,2024-05-06,31,74.29,APXMIDP
2024-05-06T14:30:00Z,2024-05-06,32,75.73,APXMIDP
2024-05-06T15:00:00Z,2024-05-06,33,80.04,APXMIDP
2024-05-06T15:30:00Z,2024-05-06,34,87.78,APXMIDP
2024-05-06T16:00:00Z,2024-05-06,35,97.53,APXMIDP
2024-05-06T16:30:00Z,2024-05-06,36,97.3,APXMIDP
2024-05-06T17:00:00Z,2024-05-06,37,98.73,APXMIDP
2024-05-06T17:30:00Z,2024-05-06,38,100.49,APXMIDP
2024-05-06T18:00:00Z,2024-05-06,39,101.36,APXMIDP
2024-05-06T18:30:00Z,2024-05-06,40,100.24,APXMIDP
2024-05-06T19:00:00Z,2024-05-06,41,90.24,APXMIDP
2024-05-06T19:30:00Z,2024-05-06,42,90.22,APXMIDP
2024-05-06T20:00:00Z,2024-05-06,43,89.73,APXMIDP
2024-05-06T20:30:00Z,2024-05-06,44,80.09,APXMIDP
2024-05-06T21:00:00Z,2024-05-06,45,74.43,APXMIDP
2024-05-06T21:30:00Z,2024-05-06,46,70.39,APXMIDP
2024-05-06T22:00:00Z,2024-05-06,47,65.59,APXMIDP
2024-05-06T22:30:00Z,2024-05-06,48,66.57,APXMIDP
2024-05-06T23:00:00Z,2024-05-07,1,66.9,APXMIDP
2024-05-06T23:30:00Z,2024-05-07,2,65.35,APXMIDP
2024-05-07T00:00:00Z,2024-05-07,3,65.98,APXMIDP
2024-05-07T00:30:00Z,2024-05-07,4,65.23,APXMIDP
2024-05-07T01:00:00Z,2024-05-07,5,65.22,APXMIDP
2024-05-07T01:30:00Z,2024-05-07,6,64.27,APXMIDP
2024-05-07T02:00:00Z,2024-05-07,7,70.37,APXMIDP
2024-05-07T02:30:00Z,2024-05-07,8,66.66,APXMIDP
2024-05-07T03:00:00Z,2024-05-07,9,67.18,APXMIDP
2024-05-07T03:30:00Z,2024-05-07,10,65.85,APXMIDP
2024-05-07T04:00:00Z,2024-05-07,11,68.64,APXMIDP
2024-05-07T04:30:00Z,2024-05-07,12,67.92,APXMIDP
2024-05-07T05:00:00Z,2024-05-07,13,73.82,APXMIDP
2024-05-07T05:30:00Z,2024-05-07,14,85.93,APXMIDP
2024-05-07T06:00:00Z,2024-05-07,15,85.96,APXMIDP
2024-05-07T06:30:00Z,2024-05-07,16,100.21,APXMIDP
2024-05-07T07:00:00Z,2024-05-07,17,82.17,APXMIDP
2024-05-07T07:30:00Z,2024-05-07,18,76.27,APXMIDP
2024-05-07T08:00:00Z,2024-05-07,19,71.79,APXMIDP
2024-05-07T08:30:00Z,2024-05-07,20,66.59,APXMIDP
2024-05-07T09:00:00Z,2024-05-07,21,61.15,APXMIDP
2024-05-07T09:30:00Z,2024-05-07,22,61.32,APXMIDP
2024-05-07T10:00:00Z,2024-05-07,23,66.87,APXMIDP
2024-05-07T10:30:00Z,2024-05-07,24,68.77,APXMIDP
2024-05-07T11:00:00Z,2024-05-07,25,68.17,APXMIDP
2024-05-07T11:30:00Z,2024-05-07,26,64.04,APXMIDP
2024-05-07T12:00:00Z,2024-05-07,27,62.9,APXMIDP
2024-05-07T12:30:00Z,2024-05-07,28,62.81,APXMIDP
2024-05-07T13:00:00Z,2024-05-07,29,63.77,APXMIDP
2024-05-07T13:30:00Z,2024-05-07,30,64.64,APXMIDP
2024-05-07T14:00:00Z,2024-05-07,31,68.26,APXMIDP
2024-05-07T14:30:00Z,2024-05-07,32,65.94,APXMIDP
2024-05-07T15:00:00Z,2024-05-07,33,76.66,APXMIDP
2024-05-07T15:30:00Z,2024-05-07,34,80.86,APXMIDP
2024-05-07T16:00:00Z,2024-05-07,35,86.4,APXMIDP
2024-05-07T16:30:00Z,2024-05-07,36,82.74,APXMIDP
2024-05-07T17:00:00Z,2024-05-07,37,89.98,APXMIDP
2024-05-07T17:30:00Z,2024-05-07,38,88.4,APXMIDP
2024-05-07T18:00:00Z,2024-05-07,39,94.34,APXMIDP
2024-05-07T18:30:00Z,2024-05-07,40,89.86,APXMIDP
2024-05-07T19:00:00Z,2024-05-07,41,84.13,APXMIDP
2024-05-07T19:30:00Z,2024-05-07,42,88.65,APXMIDP
2024-05-07T20:00:00Z,2024-05-07,43,79.67,APXMIDP
2024-05-07T20:30:00Z,2024-05-07,44,72.28,APXMIDP
2024-05-07T21:00:00Z,2024-05-07,45,69.17,APXMIDP
2024-05-07T21:30:00Z,2024-05-07,46,70.93,APXMIDP
2024-05-07T22:00:00Z,2024-05-07,47,66.82,APXMIDP
2024-05-07T22:30:00Z,2024-05-07,48,73.93,APXMIDP
2024-05-07T23:00:00Z,2024-05-08,1,74.94,APXMIDP
2024-05-07T23:30:00Z,2024-05-08,2,69.92,APXMIDP
2024-05-08T00:00:00Z,2024-05-08,3,69.11,APXMIDP
2024-05-08T00:30:00Z,2024-05-08,4,70.71,APXMIDP
2024-05-08T01:00:00Z,2024-05-08,5,72.85,APXMIDP
2024-05-08T01:30:00Z,2024-05-08,6,69.49,APXMIDP
2024-05-08T02:00:00Z,2024-05-08,7,69.55,APXMIDP
2024-05-08T02:30:00Z,2024-05-08,8,68.21,APXMIDP
2024-05-08T03:00:00Z,2024-05-08,9,69.41,APXMIDP
2024-05-08T03:30:00Z,2024-05-08,10,65.47,APXMIDP
2024-05-08T04:00:00Z,2024-05-08,11,69.17,APXMIDP
2024-05-08T04:30:00Z,2024-05-08,12,72.01,APXMIDP
2024-05-08T05:00:00Z,2024-05-08,13,76.04,APXMIDP
2024-05-08T05:30:00Z,2024-05-08,14,81.81,APXMIDP
2024-05-08T06:00:00Z,2024-05-08,15,72.83,APXMIDP
2024-05-08T06:30:00Z,2024-05-08,16,81.85,APXMIDP
2024-05-08T07:00:00Z,2024-05-08,17,80.87,APXMIDP
2024-05-08T07:30:00Z,2024-05-08,18,80.71,APXMIDP
2024-05-08T08:00:00Z,2024-05-08,19,80.48,APXMIDP
2024-05-08T08:30:00Z,2024-05-08,20,78.34,APXMIDP
2024-05-08T09:00:00Z,2024-05-08,21,79.79,APXMIDP
2024-05-08T09:30:00Z,2024-05-08,22,75.96,APXMIDP
2024-05-08T10:00:00Z,2024-05-08,23,65.13,APXMIDP
2024-05-08T10:30:00Z,2024-05-08,24,63.46,APXMIDP
2024-05-08T11:00:00Z,2024-05-08,25,60.26,APXMIDP
2024-05-08T11:30:00Z,2024-05-08,26,61.58,APXMIDP
2024-05-08T12:00:00Z,2024-05-08,27,60.61,APXMIDP
2024-05-08T12:30:00Z,2024-05-08,28,61.07,APXMIDP
2024-05-08T13:00:00Z,2024-05-08,29,60.51,APXMIDP
2024-05-08T13:30:00Z,2024-05-08,30,59.69,APXMIDP
2024-05-08T14:00:00Z,2024-05-08,31,59.86,APXMIDP
2024-05-08T14:30:00Z,2024-05-08,32,60.99,APXMIDP
2024-05-08T15:00:00Z,2024-05-08,33,67.87,APXMIDP
2024-05-08T15:30:00Z,2024-05-08,34,63.72,APXMIDP
2024-05-08T16:00:00Z,2024-05-08,35,69.06,APXMIDP
2024-05-08T16:30:00Z,2024-05-08,36,67.54,APXMIDP
2024-05-08T17:00:00Z,2024-05-08,37,70.94,APXMIDP
2024-05-08T17:30:00Z,2024-05-08,38,74.68,APXMIDP
2024-05-08T18:00:00Z,2024-05-08,39,82.17,APXMIDP
2024-05-08T18:30:00Z,2024-05-08,40,85.11,APXMIDP
2024-05-08T19:00:00Z,2024-05-08,41,84.23,APXMIDP
2024-05-08T19:30:00Z,2024-05-08,42,81.24,APXMIDP
2024-05-08T20:00:00Z,2024-05-08,43,70.88,APXMIDP
2024-05-08T20:30:00Z,2024-05-08,44,67.87,APXMIDP
2024-05-08T21:00:00Z,2024-05-08,45,66.38,APXMIDP
2024-05-08T21:30:00Z,2024-05-08,46,68.74,APXMIDP
2024-05-08T22:00:00Z,2024-05-08,47,65.65,APXMIDP
2024-05-08T22:30:00Z,2024-05-08,48,72.79,APXMIDP
2024-05-08T23:00:00Z,2024-05-09,1,65.77,APXMIDP
2024-05-08T23:30:00Z,2024-05-09,2,63.07,APXMIDP
2024-05-09T00:00:00Z,2024-05-09,3,68.2,APXMIDP
2024-05-09T00:30:00Z,2024-05-09,4,67.35,APXMIDP
2024-05-09T01:00:00Z,2024-05-09,5,63.65,APXMIDP
2024-05-09T01:30:00Z,2024-05-09,6,63.43,APXMIDP
2024-05-09T02:00:00Z,2024-05-09,7,57.95,APXMIDP
2024-05-09T02:30:00Z,2024-05-09,8,62.36,APXMIDP
2024-05-09T03:00:00Z,2024-05-09,9,65.11,APXMIDP
2024-05-09T03:30:00Z,2024-05-09,10,62.51,APXMIDP
2024-05-09T04:00:00Z,2024-05-09,11,66.53,APXMIDP
2024-05-09T04:30:00Z,2024-05-09,12,69.05,APXMIDP
2024-05-09T05:00:00Z,2024-05-09,13,67.5,APXMIDP
2024-05-09T05:30:00Z,2024-05-09,14,78.98,APXMIDP
2024-05-09T06:00:00Z,2024-05-09,15,60.21,APXMIDP
2024-05-09T06:30:00Z,2024-05-09,16,70.87,APXMIDP
2024-05-09T07:00:00Z,2024-05-09,17,76.91,APXMIDP
2024-05-09T07:30:00Z,2024-05-09,18,66.61,APXMIDP
2024-05-09T08:00:00Z,2024-05-09,19,61.24,APXMIDP
2024-05-09T08:30:00Z,2024-05-09,20,59.15,APXMIDP
2024-05-09T09:00:00Z,2024-05-09,21,58.44,APXMIDP
2024-05-09T09:30:00Z,2024-05-09,22,55.42,APXMIDP
2024-05-09T10:00:00Z,2024-05-09,23,60.0,APXMIDP
2024-05-09T10:30:00Z,2024-05-09,24,59.88,APXMIDP
2024-05-09T11:00:00Z,2024-05-09,25,59.8,APXMIDP
2024-05-09T11:30:00Z,2024-05-09,26,59.32,APXMIDP
2024-05-09T12:00:00Z,2024-05-09,27,58.71,APXMIDP
2024-05-09T12:30:00Z,2024-05-09,28,59.04,APXMIDP
2024-05-09T13:00:00Z,2024-05-09,29,58.87,APXMIDP
2024-05-09T13:30:00Z,2024-05-09,30,58.87,APXMIDP
2024-05-09T14:00:00Z,2024-05-09,31,60.46,APXMIDP
2024-05-09T14:30:00Z,2024-05-09,32,62.14,APXMIDP
2024-05-09T15:00:00Z,2024-05-09,33,65.09,APXMIDP
2024-05-09T15:30:00Z,2024-05-09,34,64.69,APXMIDP
2024-05-09T16:00:00Z,2024-05-09,35,65.52,APXMIDP
2024-05-09T16:30:00Z,2024-05-09,36,67.31,APXMIDP
2024-05-09T17:00:00Z,2024-05-09,37,79.03,APXMIDP
2024-05-09T17:30:00Z,2024-05-09,38,86.25,APXMIDP
2024-05-09T18:00:00Z,2024-05-09,39,92.84,APXMIDP
2024-05-09T18:30:00Z,2024-05-09,40,93.68,APXMIDP
2024-05-09T19:00:00Z,2024-05-09,41,94.97,APXMIDP
2024-05-09T19:30:00Z,2024-05-09,42,96.15,APXMIDP
2024-05-09T20:00:00Z,2024-05-09,43,89.23,APXMIDP
2024-05-09T20:30:00Z,2024-05-09,44,83.44,APXMIDP
2024-05-09T21:00:00Z,2024-05-09,45,89.95,APXMIDP
2024-05-09T21:30:00Z,2024-05-09,46,77.15,APXMIDP
2024-05-09T22:00:00Z,2024-05-09,47,80.26,APXMIDP
2024-05-09T22:30:00Z,2024-05-09,48,82.68,APXMIDP
2024-05-09T23:00:00Z,2024-05-10,1,78.2,APXMIDP
2024-05-09T23:30:00Z,2024-05-10,2,71.47,APXMIDP
2024-05-10T00:00:00Z,2024-05-10,3,70.54,APXMIDP
2024-05-10T00:30:00Z,2024-05-10,4,68.16,APXMIDP
2024-05-10T01:00:00Z,2024-05-10,5,66.78,APXMIDP
2024-05-10T01:30:00Z,2024-05-10,6,65.97,APXMIDP
2024-05-10T02:00:00Z,2024-05-10,7,64.96,APXMIDP
2024-05-10T02:30:00Z,2024-05-10,8,64.49,APXMIDP
2024-05-10T03:00:00Z,2024-05-10,9,64.04,APXMIDP
2024-05-10T03:30:00Z,2024-05-10,10,64.14,APXMIDP
2024-05-10T04:00:00Z,2024-05-10,11,66.01,APXMIDP
2024-05-10T04:30:00Z,2024-05-10,12,64.85,APXMIDP
2024-05-10T05:00:00Z,2024-05-10,13,70.98,APXMIDP
2024-05-10T05:30:00Z,2024-05-10,14,84.65,APXMIDP
2024-05-10T06:00:00Z,2024-05-10,15,73.74,APXMIDP
2024-05-10T06:30:00Z,2024-05-10,16,84.9,APXMIDP
2024-05-10T07:00:00Z,2024-05-10,17,86.46,APXMIDP
2024-05-10T07:30:00Z,2024-05-10,18,82.11,APXMIDP
2024-05-10T08:00:00Z,2024-05-10,19,77.57,APXMIDP
2024-05-10T08:30:00Z,2024-05-10,20,75.69,APXMIDP
2024-05-10T09:00:00Z,2024-05-10,21,72.16,APXMIDP
2024-05-10T09:30:00Z,2024-05-10,22,65.11,APXMIDP
2024-05-10T10:00:00Z,2024-05-10,23,61.69,APXMIDP
2024-05-10T10:30:00Z,2024-05-10,24,64.14,APXMIDP
2024-05-10T11:00:00Z,2024-05-10,25,63.42,APXMIDP
2024-05-10T11:30:00Z,2024-05-10,26,61.39,APXMIDP
2024-05-10T12:00:00Z,2024-05-10,27,61.49,APXMIDP
2024-05-10T12:30:00Z,2024-05-10,28,60.59,APXMIDP
2024-05-10T13:00:00Z,2024-05-10,29,57.38,APXMIDP
2024-05-10T13:30:00Z,2024-05-10,30,56.06,APXMIDP
2024-05-10T14:00:00Z,2024-05-10,31,58.58,APXMIDP
2024-05-10T14:30:00Z,2024-05-10,32,59.42,APXMIDP
2024-05-10T15:00:00Z,2024-05-10,33,58.41,APXMIDP
2024-05-10T15:30:00Z,2024-05-10,34,58.65,APXMIDP
2024-05-10T16:00:00Z,2024-05-10,35,64.81,APXMIDP
2024-05-10T16:30:00Z,2024-05-10,36,65.39,APXMIDP
2024-05-10T17:00:00Z,2024-05-10,37,75.51,APXMIDP
2024-05-10T17:30:00Z,2024-05-10,38,77.75,APXMIDP
2024-05-10T18:00:00Z,2024-05-10,39,79.38,APXMIDP
2024-05-10T18:30:00Z,2024-05-10,40,79.13,APXMIDP
2024-05-10T19:00:00Z,2024-05-10,41,79.23,APXMIDP
2024-05-10T19:30:00Z,2024-05-10,42,81.08,APXMIDP
2024-05-10T20:00:00Z,2024-05-10,43,80.71,APXMIDP
2024-05-10T20:30:00Z,2024-05-10,44,75.16,APXMIDP
2024-05-10T21:00:00Z,2024-05-10,45,77.72,APXMIDP
2024-05-10T21:30:00Z,2024-05-10,46,74.19,APXMIDP
2024-05-10T22:00:00Z,2024-05-10,47,82.79,APXMIDP
2024-05-10T22:30:00Z,2024-05-10,48,88.06,APXMIDP
2024-05-10T23:00:00Z,2024-05-11,1,82.81,APXMIDP
2024-05-10T23:30:00Z,2024-05-11,2,90.25,APXMIDP
2024-05-11T00:00:00Z,2024-05-11,3,85.86,APXMIDP
2024-05-11T00:30:00Z,2024-05-11,4,87.85,APXMIDP
2024-05-11T01:00:00Z,2024-05-11,5,85.4,APXMIDP
2024-05-11T01:30:00Z,2024-05-11,6,78.73,APXMIDP
2024-05-11T02:00:00Z,2024-05-11,7,70.66,APXMIDP
2024-05-11T02:30:00Z,2024-05-11,8,67.61,APXMIDP
2024-05-11T03:00:00Z,2024-05-11,9,67.52,APXMIDP
2024-05-11T03:30:00Z,2024-05-11,10,64.92,APXMIDP
2024-05-11T04:00:00Z,2024-05-11,11,73.24,APXMIDP
2024-05-11T04:30:00Z,2024-05-11,12,72.96,APXMIDP
2024-05-11T05:00:00Z,2024-05-11,13,68.4,APXMIDP
2024-05-11T05:30:00Z,2024-05-11,14,72.35,APXMIDP
2024-05-11T06:00:00Z,2024-05-11,15,81.56,APXMIDP
2024-05-11T06:30:00Z,2024-05-11,16,87.0,APXMIDP
2024-05-11T07:00:00Z,2024-05-11,17,86.55,APXMIDP
2024-05-11T07:30:00Z,2024-05-11,18,90.6,APXMIDP
2024-05-11T08:00:00Z,2024-05-11,19,94.45,APXMIDP
2024-05-11T08:30:00Z,2024-05-11,20,91.02,APXMIDP
2024-05-11T09:00:00Z,2024-05-11,21,85.53,APXMIDP
2024-05-11T09:30:00Z,2024-05-11,22,76.8,APXMIDP
2024-05-11T10:00:00Z,2024-05-11,23,58.27,APXMIDP
2024-05-11T10:30:00Z,2024-05-11,24,51.48,APXMIDP
2024-05-11T11:00:00Z,2024-05-11,25,47.08,APXMIDP
2024-05-11T11:30:00Z,2024-05-11,26,38.63,APXMIDP
2024-05-11T12:00:00Z,2024-05-11,27,7.06,APXMIDP
2024-05-11T12:30:00Z,2024-05-11,28,-1.34,APXMIDP
2024-05-11T13:00:00Z,2024-05-11,29,-1.2,APXMIDP
2024-05-11T13:30:00Z,2024-05-11,30,-5.19,APXMIDP
2024-05-11T14:00:00Z,2024-05-11,31,-6.93,APXMIDP
2024-05-11T14:30:00Z,2024-05-11,32,4.22,APXMIDP
2024-05-11T15:00:00Z,2024-05-11,33,23.39,APXMIDP
2024-05-11T15:30:00Z,2024-05-11,34,39.14,APXMIDP
2024-05-11T16:00:00Z,2024-05-11,35,53.37,APXMIDP
2024-05-11T16:30:00Z,2024-05-11,36,56.67,APXMIDP
2024-05-11T17:00:00Z,2024-05-11,37,66.67,APXMIDP
2024-05-11T17:30:00Z,2024-05-11,38,70.6,APXMIDP
2024-05-11T18:00:00Z,2024-05-11,39,96.34,APXMIDP
2024-05-11T18:30:00Z,2024-05-11,40,95.49,APXMIDP
2024-05-11T19:00:00Z,2024-05-11,41,78.73,APXMIDP
2024-05-11T19:30:00Z,2024-05-11,42,77.95,APXMIDP
2024-05-11T20:00:00Z,2024-05-11,43,70.51,APXMIDP
2024-05-11T20:30:00Z,2024-05-11,44,63.94,APXMIDP
2024-05-11T21:00:00Z,2024-05-11,45,54.86,APXMIDP
2024-05-11T21:30:00Z,2024-05-11,46,51.25,APXMIDP
2024-05-11T22:00:00Z,2024-05-11,47,30.59,APXMIDP
2024-05-11T22:30:00Z,2024-05-11,48,25.31,APXMIDP
2024-05-11T23:00:00Z,2024-05-12,1,21.93,APXMIDP
2024-05-11T23:30:00Z,2024-05-12,2,19.9,APXMIDP
2024-05-12T00:00:00Z,2024-05-12,3,25.46,APXMIDP
2024-05-12T00:30:00Z,2024-05-12,4,29.0,APXMIDP
2024-05-12T01:00:00Z,2024-05-12,5,22.56,APXMIDP
2024-05-12T01:30:00Z,2024-05-12,6,17.08,APXMIDP
2024-05-12T02:00:00Z,2024-05-12,7,20.01,APXMIDP
2024-05-12T02:30:00Z,2024-05-12,8,17.56,APXMIDP
2024-05-12T03:00:00Z,2024-05-12,9,24.51,APXMIDP
2024-05-12T03:30:00Z,2024-05-12,10,22.01,APXMIDP
2024-05-12T04:00:00Z,2024-05-12,11,10.26,APXMIDP
2024-05-12T04:30:00Z,2024-05-12,12,12.98,APXMIDP
2024-05-12T05:00:00Z,2024-05-12,13,11.55,APXMIDP
2024-05-12T05:30:00Z,2024-05-12,14,10.82,APXMIDP
2024-05-12T06:00:00Z,2024-05-12,15,1.05,APXMIDP
2024-05-12T06:30:00Z,2024-05-12,16,2.49,APXMIDP
2024-05-12T07:00:00Z,2024-05-12,17,-5.89,APXMIDP
2024-05-12T07:30:00Z,2024-05-12,18,9.87,APXMIDP
2024-05-12T08:00:00Z,2024-05-12,19,18.12,APXMIDP
2024-05-12T08:30:00Z,2024-05-12,20,4.62,APXMIDP
2024-05-12T09:00:00Z,2024-05-12,21,14.02,APXMIDP
2024-05-12T09:30:00Z,2024-05-12,22,16.63,APXMIDP
2024-05-12T10:00:00Z,2024-05-12,23,-4.86,APXMIDP
2024-05-12T10:30:00Z,2024-05-12,24,-17.62,APXMIDP
2024-05-12T11:00:00Z,2024-05-12,25,-21.94,APXMIDP
2024-05-12T11:30:00Z,2024-05-12,26,-31.93,APXMIDP
2024-05-12T12:00:00Z,2024-05-12,27,-16.68,APXMIDP
2024-05-12T12:30:00Z,2024-05-12,28,-13.9,APXMIDP
2024-05-12T13:00:00Z,2024-05-12,29,-25.27,APXMIDP
2024-05-12T13:30:00Z,2024-05-12,30,-22.59,APXMIDP
2024-05-12T14:00:00Z,2024-05-12,31,-21.04,APXMIDP
2024-05-12T14:30:00Z,2024-05-12,32,-6.12,APXMIDP
2024-05-12T15:00:00Z,2024-05-12,33,6.9,APXMIDP
2024-05-12T15:30:00Z,2024-05-12,34,21.29,APXMIDP
2024-05-12T16:00:00Z,2024-05-12,35,50.54,APXMIDP
2024-05-12T16:30:00Z,2024-05-12,36,63.95,APXMIDP
2024-05-12T17:00:00Z,2024-05-12,37,70.53,APXMIDP
2024-05-12T17:30:00Z,2024-05-12,38,72.18,APXMIDP
2024-05-12T18:00:00Z,2024-05-12,39,78.24,APXMIDP
2024-05-12T18:30:00Z,2024-05-12,40,80.22,APXMIDP
2024-05-12T19:00:00Z,2024-05-12,41,83.12,APXMIDP
2024-05-12T19:30:00Z,2024-05-12,42,83.22,APXMIDP
2024-05-12T20:00:00Z,2024-05-12,43,83.9,APXMIDP
2024-05-12T20:30:00Z,2024-05-12,44,81.06,APXMIDP
2024-05-12T21:00:00Z,2024-05-12,45,78.62,APXMIDP
2024-05-12T21:30:00Z,2024-05-12,46,71.42,APXMIDP
2024-05-12T22:00:00Z,2024-05-12,47,75.4,APXMIDP
2024-05-12T22:30:00Z,2024-05-12,48,73.7,APXMIDP
2024-05-12T23:00:00Z,2024-05-13,1,69.02,APXMIDP
2024-05-12T23:30:00Z,2024-05-13,2,66.56,APXMIDP
2024-05-13T00:00:00Z,2024-05-13,3,69.74,APXMIDP
2024-05-13T00:30:00Z,2024-05-13,4,73.23,APXMIDP
2024-05-13T01:00:00Z,2024-05-13,5,69.41,APXMIDP
2024-05-13T01:30:00Z,2024-05-13,6,67.28,APXMIDP
2024-05-13T02:00:00Z,2024-05-13,7,59.08,APXMIDP
2024-05-13T02:30:00Z,2024-05-13,8,60.22,APXMIDP
2024-05-13T03:00:00Z,2024-05-13,9,67.68,APXMIDP
2024-05-13T03:30:00Z,2024-05-13,10,66.36,APXMIDP
2024-05-13T04:00:00Z,2024-05-13,11,79.0,APXMIDP
2024-05-13T04:30:00Z,2024-05-13,12,80.57,APXMIDP
2024-05-13T05:00:00Z,2024-05-13,13,88.27,APXMIDP
2024-05-13T05:30:00Z,2024-05-13,14,90.42,APXMIDP
2024-05-13T06:00:00Z,2024-05-13,15,92.69,APXMIDP
2024-05-13T06:30:00Z,2024-05-13,16,98.46,APXMIDP
2024-05-13T07:00:00Z,2024-05-13,17,98.14,APXMIDP
2024-05-13T07:30:00Z,2024-05-13,18,98.2,APXMIDP
2024-05-13T08:00:00Z,2024-05-13,19,97.73,APXMIDP
2024-05-13T08:30:00Z,2024-05-13,20,91.94,APXMIDP
2024-05-13T09:00:00Z,2024-05-13,21,86.11,APXMIDP
2024-05-13T09:30:00Z,2024-05-13,22,84.98,APXMIDP
2024-05-13T10:00:00Z,2024-05-13,23,74.22,APXMIDP
2024-05-13T10:30:00Z,2024-05-13,24,76.72,APXMIDP
2024-05-13T11:00:00Z,2024-05-13,25,74.88,APXMIDP
2024-05-13T11:30:00Z,2024-05-13,26,71.59,APXMIDP
2024-05-13T12:00:00Z,2024-05-13,27,67.67,APXMIDP
2024-05-13T12:30:00Z,2024-05-13,28,67.46,APXMIDP
2024-05-13T13:00:00Z,2024-05-13,29,74.18,APXMIDP
2024-05-13T13:30:00Z,2024-05-13,30,73.94,APXMIDP
2024-05-13T14:00:00Z,2024-05-13,31,74.57,APXMIDP
2024-05-13T14:30:00Z,2024-05-13,32,76.77,APXMIDP
2024-05-13T15:00:00Z,2024-05-13,33,75.91,APXMIDP
2024-05-13T15:30:00Z,2024-05-13,34,78.7,APXMIDP
2024-05-13T16:00:00Z,2024-05-13,35,83.87,APXMIDP
2024-05-13T16:30:00Z,2024-05-13,36,87.79,APXMIDP
2024-05-13T17:00:00Z,2024-05-13,37,93.26,APXMIDP
2024-05-13T17:30:00Z,2024-05-13,38,95.33,APXMIDP
2024-05-13T18:00:00Z,2024-05-13,39,94.11,APXMIDP
2024-05-13T18:30:00Z,2024-05-13,40,92.34,APXMIDP
2024-05-13T19:00:00Z,2024-05-13,41,87.53,APXMIDP
2024-05-13T19:30:00Z,2024-05-13,42,82.86,APXMIDP
2024-05-13T20:00:00Z,2024-05-13,43,76.79,APXMIDP
2024-05-13T20:30:00Z,2024-05-13,44,72.57,APXMIDP
2024-05-13T21:00:00Z,2024-05-13,45,72.96,APXMIDP
2024-05-13T21:30:00Z,2024-05-13,46,71.84,APXMIDP
2024-05-13T22:00:00Z,2024-05-13,47,75.06,APXMIDP
2024-05-13T22:30:00Z,2024-05-13,48,72.37,APXMIDP
2024-05-13T23:00:00Z,2024-05-14,1,69.59,APXMIDP
2024-05-13T23:30:00Z,2024-05-14,2,67.48,APXMIDP
2024-05-14T00:00:00Z,2024-05-14,3,67.56,APXMIDP
2024-05-14T00:30:00Z,2024-05-14,4,70.48,APXMIDP
2024-05-14T01:00:00Z,2024-05-14,5,71.14,APXMIDP
2024-05-14T01:30:00Z,2024-05-14,6,70.14,APXMIDP
2024-05-14T02:00:00Z,2024-05-14,7,68.35,APXMIDP
2024-05-14T02:30:00Z,2024-05-14,8,69.82,APXMIDP
2024-05-14T03:00:00Z,2024-05-14,9,70.28,APXMIDP
2024-05-14T03:30:00Z,2024-05-14,10,68.24,APXMIDP
2024-05-14T04:00:00Z,2024-05-14,11,71.04,APXMIDP
2024-05-14T04:30:00Z,2024-05-14,12,71.39,APXMIDP
2024-05-14T05:00:00Z,2024-05-14,13,69.2,APXMIDP
2024-05-14T05:30:00Z,2024-05-14,14,70.68,APXMIDP
2024-05-14T06:00:00Z,2024-05-14,15,71.65,APXMIDP
2024-05-14T06:30:00Z,2024-05-14,16,81.38,APXMIDP
2024-05-14T07:00:00Z,2024-05-14,17,80.78,APXMIDP
2024-05-14T07:30:00Z,2024-05-14,18,72.85,APXMIDP
2024-05-14T08:00:00Z,2024-05-14,19,76.27,APXMIDP
2024-05-14T08:30:00Z,2024-05-14,20,78.85,APXMIDP
2024-05-14T09:00:00Z,2024-05-14,21,79.5,APXMIDP
2024-05-14T09:30:00Z,2024-05-14,22,80.38,APXMIDP
2024-05-14T10:00:00Z,2024-05-14,23,76.64,APXMIDP
2024-05-14T10:30:00Z,2024-05-14,24,78.01,APXMIDP
2024-05-14T11:00:00Z,2024-05-14,25,77.73,APXMIDP
2024-05-14T11:30:00Z,2024-05-14,26,76.51,APXMIDP
2024-05-14T12:00:00Z,2024-05-14,27,74.82,APXMIDP
2024-05-14T12:30:00Z,2024-05-14,28,73.67,APXMIDP
2024-05-14T13:00:00Z,2024-05-14,29,72.41,APXMIDP
2024-05-14T13:30:00Z,2024-05-14,30,72.89,APXMIDP
2024-05-14T14:00:00Z,2024-05-14,31,73.54,APXMIDP
2024-05-14T14:30:00Z,2024-05-14,32,76.86,APXMIDP
2024-05-14T15:00:00Z,2024-05-14,33,81.93,APXMIDP
2024-05-14T15:30:00Z,2024-05-14,34,85.12,APXMIDP
2024-05-14T16:00:00Z,2024-05-14,35,89.47,APXMIDP
2024-05-14T16:30:00Z,2024-05-14,36,95.46,APXMIDP
2024-05-14T17:00:00Z,2024-05-14,37,96.76,APXMIDP
2024-05-14T17:30:00Z,2024-05-14,38,97.05,APXMIDP
2024-05-14T18:00:00Z,2024-05-14,39,103.63,APXMIDP
2024-05-14T18:30:00Z,2024-05-14,40,100.59,APXMIDP
2024-05-14T19:00:00Z,2024-05-14,41,96.13,APXMIDP
2024-05-14T19:30:00Z,2024-05-14,42,93.77,APXMIDP
2024-05-14T20:00:00Z,2024-05-14,43,89.31,APXMIDP
2024-05-14T20:30:00Z,2024-05-14,44,85.84,APXMIDP
2024-05-14T21:00:00Z,2024-05-14,45,78.04,APXMIDP
2024-05-14T21:30:00Z,2024-05-14,46,74.7,APXMIDP
2024-05-14T22:00:00Z,2024-05-14,47,70.36,APXMIDP
2024-05-14T22:30:00Z,2024-05-14,48,72.15,APXMIDP
2024-05-14T23:00:00Z,2024-05-15,1,72.56,APXMIDP
2024-05-14T23:30:00Z,2024-05-15,2,71.24,APXMIDP
2024-05-15T00:00:00Z,2024-05-15,3,72.73,APXMIDP
2024-05-15T00:30:00Z,2024-05-15,4,75.81,APXMIDP
2024-05-15T01:00:00Z,2024-05-15,5,71.82,APXMIDP
2024-05-15T01:30:00Z,2024-05-15,6,69.96,APXMIDP
2024-05-15T02:00:00Z,2024-05-15,7,73.5,APXMIDP
2024-05-15T02:30:00Z,2024-05-15,8,73.87,APXMIDP
2024-05-15T03:00:00Z,2024-05-15,9,71.29,APXMIDP
2024-05-15T03:30:00Z,2024-05-15,10,72.75,APXMIDP
2024-05-15T04:00:00Z,2024-05-15,11,69.88,APXMIDP
2024-05-15T04:30:00Z,2024-05-15,12,65.18,APXMIDP
2024-05-15T05:00:00Z,2024-05-15,13,78.51,APXMIDP
2024-05-15T05:30:00Z,2024-05-15,14,83.67,APXMIDP
2024-05-15T06:00:00Z,2024-05-15,15,81.43,APXMIDP
2024-05-15T06:30:00Z,2024-05-15,16,91.69,APXMIDP
2024-05-15T07:00:00Z,2024-05-15,17,86.69,APXMIDP
2024-05-15T07:30:00Z,2024-05-15,18,84.18,APXMIDP
2024-05-15T08:00:00Z,2024-05-15,19,87.34,APXMIDP
2024-05-15T08:30:00Z,2024-05-15,20,83.91,APXMIDP
2024-05-15T09:00:00Z,2024-05-15,21,84.17,APXMIDP
2024-05-15T09:30:00Z,2024-05-15,22,82.54,APXMIDP
2024-05-15T10:00:00Z,2024-05-15,23,76.12,APXMIDP
2024-05-15T10:30:00Z,2024-05-15,24,73.7,APXMIDP
2024-05-15T11:00:00Z,2024-05-15,25,71.3,APXMIDP
2024-05-15T11:30:00Z,2024-05-15,26,70.69,APXMIDP
2024-05-15T12:00:00Z,2024-05-15,27,67.03,APXMIDP
2024-05-15T12:30:00Z,2024-05-15,28,65.44,APXMIDP
2024-05-15T13:00:00Z,2024-05-15,29,69.06,APXMIDP
2024-05-15T13:30:00Z,2024-05-15,30,67.47,APXMIDP
2024-05-15T14:00:00Z,2024-05-15,31,70.19,APXMIDP
2024-05-15T14:30:00Z,2024-05-15,32,70.07,APXMIDP
2024-05-15T15:00:00Z,2024-05-15,33,67.49,APXMIDP
2024-05-15T15:30:00Z,2024-05-15,34,73.13,APXMIDP
2024-05-15T16:00:00Z,2024-05-15,35,79.83,APXMIDP
2024-05-15T16:30:00Z,2024-05-15,36,81.52,APXMIDP
2024-05-15T17:00:00Z,2024-05-15,37,79.47,APXMIDP
2024-05-15T17:30:00Z,2024-05-15,38,82.17,APXMIDP
2024-05-15T18:00:00Z,2024-05-15,39,96.31,APXMIDP
2024-05-15T18:30:00Z,2024-05-15,40,95.62,APXMIDP
2024-05-15T19:00:00Z,2024-05-15,41,91.88,APXMIDP
2024-05-15T19:30:00Z,2024-05-15,42,90.11,APXMIDP
2024-05-15T20:00:00Z,2024-05-15,43,86.21,APXMIDP
2024-05-15T20:30:00Z,2024-05-15,44,82.08,APXMIDP
2024-05-15T21:00:00Z,2024-05-15,45,76.5,APXMIDP
2024-05-15T21:30:00Z,2024-05-15,46,75.63,APXMIDP
2024-05-15T22:00:00Z,2024-05-15,47,85.3,APXMIDP
2024-05-15T22:30:00Z,2024-05-15,48,79.86,APXMIDP
2024-05-15T23:00:00Z,2024-05-16,1,73.31,APXMIDP
2024-05-15T23:30:00Z,2024-05-16,2,71.81,APXMIDP
2024-05-16T00:00:00Z,2024-05-16,3,66.08,APXMIDP
2024-05-16T00:30:00Z,2024-05-16,4,68.36,APXMIDP
2024-05-16T01:00:00Z,2024-05-16,5,69.75,APXMIDP
2024-05-16T01:30:00Z,2024-05-16,6,66.26,APXMIDP
2024-05-16T02:00:00Z,2024-05-16,7,64.66,APXMIDP
2024-05-16T02:30:00Z,2024-05-16,8,66.85,APXMIDP
2024-05-16T03:00:00Z,2024-05-16,9,66.55,APXMIDP
2024-05-16T03:30:00Z,2024-05-16,10,64.11,APXMIDP
2024-05-16T04:00:00Z,2024-05-16,11,74.35,APXMIDP
2024-05-16T04:30:00Z,2024-05-16,12,73.14,APXMIDP
2024-05-16T05:00:00Z,2024-05-16,13,74.12,APXMIDP
2024-05-16T05:30:00Z,2024-05-16,14,79.88,APXMIDP
2024-05-16T06:00:00Z,2024-05-16,15,83.6,APXMIDP
2024-05-16T06:30:00Z,2024-05-16,16,86.14,APXMIDP
2024-05-16T07:00:00Z,2024-05-16,17,92.73,APXMIDP
2024-05-16T07:30:00Z,2024-05-16,18,92.42,APXMIDP
2024-05-16T08:00:00Z,2024-05-16,19,91.43,APXMIDP
2024-05-16T08:30:00Z,2024-05-16,20,90.45,APXMIDP
2024-05-16T09:00:00Z,2024-05-16,21,89.46,APXMIDP
2024-05-16T09:30:00Z,2024-05-16,22,90.18,APXMIDP
2024-05-16T10:00:00Z,2024-05-16,23,87.67,APXMIDP
2024-05-16T10:30:00Z,2024-05-16,24,86.47,APXMIDP
2024-05-16T11:00:00Z,2024-05-16,25,84.79,APXMIDP
2024-05-16T11:30:00Z,2024-05-16,26,80.71,APXMIDP
2024-05-16T12:00:00Z,2024-05-16,27,74.13,APXMIDP
2024-05-16T12:30:00Z,2024-05-16,28,72.62,APXMIDP
2024-05-16T13:00:00Z,2024-05-16,29,74.38,APXMIDP
2024-05-16T13:30:00Z,2024-05-16,30,77.97,APXMIDP
2024-05-16T14:00:00Z,2024-05-16,31,75.65,APXMIDP
2024-05-16T14:30:00Z,2024-05-16,32,73.69,APXMIDP
2024-05-16T15:00:00Z,2024-05-16,33,73.26,APXMIDP
2024-05-16T15:30:00Z,2024-05-16,34,74.72,APXMIDP
2024-05-16T16:00:00Z,2024-05-16,35,83.81,APXMIDP
2024-05-16T16:30:00Z,2024-05-16,36,87.93,APXMIDP
2024-05-16T17:00:00Z,2024-05-16,37,84.59,APXMIDP
2024-05-16T17:30:00Z,2024-05-16,38,87.02,APXMIDP
2024-05-16T18:00:00Z,2024-05-16,39,89.96,APXMIDP
2024-05-16T18:30:00Z,2024-05-16,40,88.93,APXMIDP
2024-05-16T19:00:00Z,2024-05-16,41,90.49,APXMIDP
2024-05-16T19:30:00Z,2024-05-16,42,89.34,APXMIDP
2024-05-16T20:00:00Z,2024-05-16,43,88.38,APXMIDP
2024-05-16T20:30:00Z,2024-05-16,44,83.91,APXMIDP
2024-05-16T21:00:00Z,2024-05-16,45,74.87,APXMIDP
2024-05-16T21:30:00Z,2024-05-16,46,74.48,APXMIDP
2024-05-16T22:00:00Z,2024-05-16,47,67.86,APXMIDP
2024-05-16T22:30:00Z,2024-05-16,48,65.74,APXMIDP
2024-05-16T23:00:00Z,2024-05-17,1,62.36,APXMIDP
2024-05-16T23:30:00Z,2024-05-17,2,62.66,APXMIDP
2024-05-17T00:00:00Z,2024-05-17,3,59.36,APXMIDP
2024-05-17T00:30:00Z,2024-05-17,4,60.15,APXMIDP
2024-05-17T01:00:00Z,2024-05-17,5,59.36,APXMIDP
2024-05-17T01:30:00Z,2024-05-17,6,59.94,APXMIDP
2024-05-17T02:00:00Z,2024-05-17,7,59.45,APXMIDP
2024-05-17T02:30:00Z,2024-05-17,8,59.05,APXMIDP
2024-05-17T03:00:00Z,2024-05-17,9,59.35,APXMIDP
2024-05-17T03:30:00Z,2024-05-17,10,58.17,APXMIDP
2024-05-17T04:00:00Z,2024-05-17,11,61.46,APXMIDP
2024-05-17T04:30:00Z,2024-05-17,12,63.91,APXMIDP
2024-05-17T05:00:00Z,2024-05-17,13,67.58,APXMIDP
2024-05-17T05:30:00Z,2024-05-17,14,75.12,APXMIDP
2024-05-17T06:00:00Z,2024-05-17,15,74.68,APXMIDP
2024-05-17T06:30:00Z,2024-05-17,16,82.83,APXMIDP
2024-05-17T07:00:00Z,2024-05-17,17,81.51,APXMIDP
2024-05-17T07:30:00Z,2024-05-17,18,81.2,APXMIDP
2024-05-17T08:00:00Z,2024-05-17,19,78.07,APXMIDP
2024-05-17T08:30:00Z,2024-05-17,20,70.86,APXMIDP
2024-05-17T09:00:00Z,2024-05-17,21,64.09,APXMIDP
2024-05-17T09:30:00Z,2024-05-17,22,64.12,APXMIDP
2024-05-17T10:00:00Z,2024-05-17,23,66.84,APXMIDP
2024-05-17T10:30:00Z,2024-05-17,24,65.28,APXMIDP
2024-05-17T11:00:00Z,2024-05-17,25,63.77,APXMIDP
2024-05-17T11:30:00Z,2024-05-17,26,63.35,APXMIDP
2024-05-17T12:00:00Z,2024-05-17,27,63.27,APXMIDP
2024-05-17T12:30:00Z,2024-05-17,28,62.61,APXMIDP
2024-05-17T13:00:00Z,2024-05-17,29,62.57,APXMIDP
2024-05-17T13:30:00Z,2024-05-17,30,65.27,APXMIDP
2024-05-17T14:00:00Z,2024-05-17,31,71.32,APXMIDP
2024-05-17T14:30:00Z,2024-05-17,32,75.84,APXMIDP
2024-05-17T15:00:00Z,2024-05-17,33,79.12,APXMIDP
2024-05-17T15:30:00Z,2024-05-17,34,73.04,APXMIDP
2024-05-17T16:00:00Z,2024-05-17,35,72.42,APXMIDP
2024-05-17T16:30:00Z,2024-05-17,36,77.3,APXMIDP
2024-05-17T17:00:00Z,2024-05-17,37,80.45,APXMIDP
2024-05-17T17:30:00Z,2024-05-17,38,79.52,APXMIDP
2024-05-17T18:00:00Z,2024-05-17,39,81.61,APXMIDP
2024-05-17T18:30:00Z,2024-05-17,40,80.61,APXMIDP
2024-05-17T19:00:00Z,2024-05-17,41,82.16,APXMIDP
2024-05-17T19:30:00Z,2024-05-17,42,79.62,APXMIDP
2024-05-17T20:00:00Z,2024-05-17,43,81.79,APXMIDP
2024-05-17T20:30:00Z,2024-05-17,44,78.69,APXMIDP
2024-05-17T21:00:00Z,2024-05-17,45,67.3,APXMIDP
2024-05-17T21:30:00Z,2024-05-17,46,72.16,APXMIDP
2024-05-17T22:00:00Z,2024-05-17,47,74.65,APXMIDP
2024-05-17T22:30:00Z,2024-05-17,48,78.18,APXMIDP
2024-05-17T23:00:00Z,2024-05-18,1,76.49,APXMIDP
2024-05-17T23:30:00Z,2024-05-18,2,73.9,APXMIDP
2024-05-18T00:00:00Z,2024-05-18,3,75.65,APXMIDP
2024-05-18T00:30:00Z,2024-05-18,4,74.9,APXMIDP
2024-05-18T01:00:00Z,2024-05-18,5,73.58,APXMIDP
2024-05-18T01:30:00Z,2024-05-18,6,66.68,APXMIDP
2024-05-18T02:00:00Z,2024-05-18,7,67.5,APXMIDP
2024-05-18T02:30:00Z,2024-05-18,8,65.43,APXMIDP
2024-05-18T03:00:00Z,2024-05-18,9,67.14,APXMIDP
2024-05-18T03:30:00Z,2024-05-18,10,67.29,APXMIDP
2024-05-18T04:00:00Z,2024-05-18,11,63.05,APXMIDP
2024-05-18T04:30:00Z,2024-05-18,12,64.93,APXMIDP
2024-05-18T05:00:00Z,2024-05-18,13,70.2,APXMIDP
2024-05-18T05:30:00Z,2024-05-18,14,71.07,APXMIDP
2024-05-18T06:00:00Z,2024-05-18,15,70.96,APXMIDP
2024-05-18T06:30:00Z,2024-05-18,16,81.56,APXMIDP
2024-05-18T07:00:00Z,2024-05-18,17,85.41,APXMIDP
2024-05-18T07:30:00Z,2024-05-18,18,86.47,APXMIDP
2024-05-18T08:00:00Z,2024-05-18,19,82.7,APXMIDP
2024-05-18T08:30:00Z,2024-05-18,20,82.13,APXMIDP
2024-05-18T09:00:00Z,2024-05-18,21,84.57,APXMIDP
2024-05-18T09:30:00Z,2024-05-18,22,85.03,APXMIDP
2024-05-18T10:00:00Z,2024-05-18,23,84.31,APXMIDP
2024-05-18T10:30:00Z,2024-05-18,24,83.27,APXMIDP
2024-05-18T11:00:00Z,2024-05-18,25,82.78,APXMIDP
2024-05-18T11:30:00Z,2024-05-18,26,81.62,APXMIDP
2024-05-18T12:00:00Z,2024-05-18,27,81.46,APXMIDP
2024-05-18T12:30:00Z,2024-05-18,28,79.77,APXMIDP
2024-05-18T13:00:00Z,2024-05-18,29,77.77,APXMIDP
2024-05-18T13:30:00Z,2024-05-18,30,70.07,APXMIDP
2024-05-18T14:00:00Z,2024-05-18,31,69.77,APXMIDP
2024-05-18T14:30:00Z,2024-05-18,32,69.98,APXMIDP
2024-05-18T15:00:00Z,2024-05-18,33,68.42,APXMIDP
2024-05-18T15:30:00Z,2024-05-18,34,67.18,APXMIDP
2024-05-18T16:00:00Z,2024-05-18,35,69.49,APXMIDP
2024-05-18T16:30:00Z,2024-05-18,36,66.58,APXMIDP
2024-05-18T17:00:00Z,2024-05-18,37,77.39,APXMIDP
2024-05-18T17:30:00Z,2024-05-18,38,80.41,APXMIDP
2024-05-18T18:00:00Z,2024-05-18,39,88.37,APXMIDP
2024-05-18T18:30:00Z,2024-05-18,40,87.43,APXMIDP
2024-05-18T19:00:00Z,2024-05-18,41,85.19,APXMIDP
2024-05-18T19:30:00Z,2024-05-18,42,83.23,APXMIDP
2024-05-18T20:00:00Z,2024-05-18,43,78.15,APXMIDP
2024-05-18T20:30:00Z,2024-05-18,44,69.0,APXMIDP
2024-05-18T21:00:00Z,2024-05-18,45,71.58,APXMIDP
2024-05-18T21:30:00Z,2024-05-18,46,72.42,APXMIDP
2024-05-18T22:00:00Z,2024-05-18,47,74.49,APXMIDP
2024-05-18T22:30:00Z,2024-05-18,48,75.99,APXMIDP
2024-05-18T23:00:00Z,2024-05-19,1,75.06,APXMIDP
2024-05-18T23:30:00Z,2024-05-19,2,75.17,APXMIDP
2024-05-19T00:00:00Z,2024-05-19,3,75.72,APXMIDP
2024-05-19T00:30:00Z,2024-05-19,4,74.92,APXMIDP
2024-05-19T01:00:00Z,2024-05-19,5,69.27,APXMIDP
2024-05-19T01:30:00Z,2024-05-19,6,67.88,APXMIDP
2024-05-19T02:00:00Z,2024-05-19,7,69.2,APXMIDP
2024-05-19T02:30:00Z,2024-05-19,8,68.84,APXMIDP
2024-05-19T03:00:00Z,2024-05-19,9,70.6,APXMIDP
2024-05-19T03:30:00Z,2024-05-19,10,67.74,APXMIDP
2024-05-19T04:00:00Z,2024-05-19,11,64.9,APXMIDP
2024-05-19T04:30:00Z,2024-05-19,12,63.55,APXMIDP
2024-05-19T05:00:00Z,2024-05-19,13,64.81,APXMIDP
2024-05-19T05:30:00Z,2024-05-19,14,63.34,APXMIDP
2024-05-19T06:00:00Z,2024-05-19,15,66.38,APXMIDP
2024-05-19T06:30:00Z,2024-05-19,16,66.56,APXMIDP
2024-05-19T07:00:00Z,2024-05-19,17,66.08,APXMIDP
2024-05-19T07:30:00Z,2024-05-19,18,69.0,APXMIDP
2024-05-19T08:00:00Z,2024-05-19,19,70.1,APXMIDP
2024-05-19T08:30:00Z,2024-05-19,20,68.67,APXMIDP
2024-05-19T09:00:00Z,2024-05-19,21,71.87,APXMIDP
2024-05-19T09:30:00Z,2024-05-19,22,69.0,APXMIDP
2024-05-19T10:00:00Z,2024-05-19,23,64.04,APXMIDP
2024-05-19T10:30:00Z,2024-05-19,24,61.56,APXMIDP
2024-05-19T11:00:00Z,2024-05-19,25,62.77,APXMIDP
2024-05-19T11:30:00Z,2024-05-19,26,62.13,APXMIDP
2024-05-19T12:00:00Z,2024-05-19,27,61.17,APXMIDP
2024-05-19T12:30:00Z,2024-05-19,28,61.91,APXMIDP
2024-05-19T13:00:00Z,2024-05-19,29,56.9,APXMIDP
2024-05-19T13:30:00Z,2024-05-19,30,60.23,APXMIDP
2024-05-19T14:00:00Z,2024-05-19,31,61.7,APXMIDP
2024-05-19T14:30:00Z,2024-05-19,32,66.31,APXMIDP
2024-05-19T15:00:00Z,2024-05-19,33,69.27,APXMIDP
2024-05-19T15:30:00Z,2024-05-19,34,73.45,APXMIDP
2024-05-19T16:00:00Z,2024-05-19,35,83.44,APXMIDP
2024-05-19T16:30:00Z,2024-05-19,36,76.3,APXMIDP
2024-05-19T17:00:00Z,2024-05-19,37,78.56,APXMIDP
2024-05-19T17:30:00Z,2024-05-19,38,87.36,APXMIDP
2024-05-19T18:00:00Z,2024-05-19,39,95.47,APXMIDP
2024-05-19T18:30:00Z,2024-05-19,40,97.7,APXMIDP
2024-05-19T19:00:00Z,2024-05-19,41,95.1,APXMIDP
2024-05-19T19:30:00Z,2024-05-19,42,91.6,APXMIDP
2024-05-19T20:00:00Z,2024-05-19,43,91.7,APXMIDP
2024-05-19T20:30:00Z,2024-05-19,44,89.85,APXMIDP
2024-05-19T21:00:00Z,2024-05-19,45,87.54,APXMIDP
2024-05-19T21:30:00Z,2024-05-19,46,77.4,APXMIDP
2024-05-19T22:00:00Z,2024-05-19,47,80.82,APXMIDP
2024-05-19T22:30:00Z,2024-05-19,48,75.69,APXMIDP
2024-05-19T23:00:00Z,2024-05-20,1,78.98,APXMIDP
2024-05-19T23:30:00Z,2024-05-20,2,78.44,APXMIDP
2024-05-20T00:00:00Z,2024-05-20,3,79.3,APXMIDP
2024-05-20T00:30:00Z,2024-05-20,4,75.39,APXMIDP
2024-05-20T01:00:00Z,2024-05-20,5,76.86,APXMIDP
2024-05-20T01:30:00Z,2024-05-20,6,75.55,APXMIDP
2024-05-20T02:00:00Z,2024-05-20,7,73.39,APXMIDP
2024-05-20T02:30:00Z,2024-05-20,8,72.61,APXMIDP
2024-05-20T03:00:00Z,2024-05-20,9,77.38,APXMIDP
2024-05-20T03:30:00Z,2024-05-20,10,74.64,APXMIDP
2024-05-20T04:00:00Z,2024-05-20,11,74.33,APXMIDP
2024-05-20T04:30:00Z,2024-05-20,12,76.37,APXMIDP
2024-05-20T05:00:00Z,2024-05-20,13,76.34,APXMIDP
2024-05-20T05:30:00Z,2024-05-20,14,82.67,APXMIDP
2024-05-20T06:00:00Z,2024-05-20,15,74.49,APXMIDP
2024-05-20T06:30:00Z,2024-05-20,16,82.74,APXMIDP
2024-05-20T07:00:00Z,2024-05-20,17,88.9,APXMIDP
2024-05-20T07:30:00Z,2024-05-20,18,86.96,APXMIDP
2024-05-20T08:00:00Z,2024-05-20,19,82.12,APXMIDP
2024-05-20T08:30:00Z,2024-05-20,20,79.33,APXMIDP
2024-05-20T09:00:00Z,2024-05-20,21,75.96,APXMIDP
2024-05-20T09:30:00Z,2024-05-20,22,68.2,APXMIDP
2024-05-20T10:00:00Z,2024-05-20,23,63.86,APXMIDP
2024-05-20T10:30:00Z,2024-05-20,24,67.14,APXMIDP
2024-05-20T11:00:00Z,2024-05-20,25,71.0,APXMIDP
2024-05-20T11:30:00Z,2024-05-20,26,70.49,APXMIDP
2024-05-20T12:00:00Z,2024-05-20,27,72.81,APXMIDP
2024-05-20T12:30:00Z,2024-05-20,28,69.24,APXMIDP
2024-05-20T13:00:00Z,2024-05-20,29,68.53,APXMIDP
2024-05-20T13:30:00Z,2024-05-20,30,68.74,APXMIDP
2024-05-20T14:00:00Z,2024-05-20,31,72.01,APXMIDP
2024-05-20T14:30:00Z,2024-05-20,32,70.77,APXMIDP
2024-05-20T15:00:00Z,2024-05-20,33,74.12,APXMIDP
2024-05-20T15:30:00Z,2024-05-20,34,72.33,APXMIDP
2024-05-20T16:00:00Z,2024-05-20,35,72.49,APXMIDP
2024-05-20T16:30:00Z,2024-05-20,36,77.14,APXMIDP
2024-05-20T17:00:00Z,2024-05-20,37,93.47,APXMIDP
2024-05-20T17:30:00Z,2024-05-20,38,95.21,APXMIDP
2024-05-20T18:00:00Z,2024-05-20,39,105.62,APXMIDP
2024-05-20T18:30:00Z,2024-05-20,40,106.46,APXMIDP
2024-05-20T19:00:00Z,2024-05-20,41,99.81,APXMIDP
2024-05-20T19:30:00Z,2024-05-20,42,100.15,APXMIDP
2024-05-20T20:00:00Z,2024-05-20,43,92.43,APXMIDP
2024-05-20T20:30:00Z,2024-05-20,44,84.34,APXMIDP
2024-05-20T21:00:00Z,2024-05-20,45,86.78,APXMIDP
2024-05-20T21:30:00Z,2024-05-20,46,81.16,APXMIDP
2024-05-20T22:00:00Z,2024-05-20,47,72.0,APXMIDP
2024-05-20T22:30:00Z,2024-05-20,48,71.29,APXMIDP
2024-05-20T23:00:00Z,2024-05-21,1,70.6,APXMIDP
2024-05-20T23:30:00Z,2024-05-21,2,69.89,APXMIDP
2024-05-21T00:00:00Z,2024-05-21,3,72.5,APXMIDP
2024-05-21T00:30:00Z,2024-05-21,4,68.74,APXMIDP
2024-05-21T01:00:00Z,2024-05-21,5,66.04,APXMIDP
2024-05-21T01:30:00Z,2024-05-21,6,65.92,APXMIDP
2024-05-21T02:00:00Z,2024-05-21,7,65.1,APXMIDP
2024-05-21T02:30:00Z,2024-05-21,8,63.48,APXMIDP
2024-05-21T03:00:00Z,2024-05-21,9,65.44,APXMIDP
2024-05-21T03:30:00Z,2024-05-21,10,64.77,APXMIDP
2024-05-21T04:00:00Z,2024-05-21,11,65.49,APXMIDP
2024-05-21T04:30:00Z,2024-05-21,12,65.92,APXMIDP
2024-05-21T05:00:00Z,2024-05-21,13,75.46,APXMIDP
2024-05-21T05:30:00Z,2024-05-21,14,77.11,APXMIDP
2024-05-21T06:00:00Z,2024-05-21,15,79.09,APXMIDP
2024-05-21T06:30:00Z,2024-05-21,16,86.9,APXMIDP
2024-05-21T07:00:00Z,2024-05-21,17,84.18,APXMIDP
2024-05-21T07:30:00Z,2024-05-21,18,85.37,APXMIDP
2024-05-21T08:00:00Z,2024-05-21,19,86.65,APXMIDP
2024-05-21T08:30:00Z,2024-05-21,20,84.74,APXMIDP
2024-05-21T09:00:00Z,2024-05-21,21,85.16,APXMIDP
2024-05-21T09:30:00Z,2024-05-21,22,84.81,APXMIDP
2024-05-21T10:00:00Z,2024-05-21,23,82.04,APXMIDP
2024-05-21T10:30:00Z,2024-05-21,24,81.46,APXMIDP
2024-05-21T11:00:00Z,2024-05-21,25,81.47,APXMIDP
2024-05-21T11:30:00Z,2024-05-21,26,81.54,APXMIDP
2024-05-21T12:00:00Z,2024-05-21,27,81.18,APXMIDP
2024-05-21T12:30:00Z,2024-05-21,28,77.19,APXMIDP
2024-05-21T13:00:00Z,2024-05-21,29,82.28,APXMIDP
2024-05-21T13:30:00Z,2024-05-21,30,82.1,APXMIDP
2024-05-21T14:00:00Z,2024-05-21,31,91.31,APXMIDP
2024-05-21T14:30:00Z,2024-05-21,32,95.16,APXMIDP
2024-05-21T15:00:00Z,2024-05-21,33,96.34,APXMIDP
2024-05-21T15:30:00Z,2024-05-21,34,99.29,APXMIDP
2024-05-21T16:00:00Z,2024-05-21,35,104.23,APXMIDP
2024-05-21T16:30:00Z,2024-05-21,36,105.95,APXMIDP
2024-05-21T17:00:00Z,2024-05-21,37,106.45,APXMIDP
2024-05-21T17:30:00Z,2024-05-21,38,104.73,APXMIDP
2024-05-21T18:00:00Z,2024-05-21,39,95.25,APXMIDP
2024-05-21T18:30:00Z,2024-05-21,40,92.67,APXMIDP
2024-05-21T19:00:00Z,2024-05-21,41,92.5,APXMIDP
2024-05-21T19:30:00Z,2024-05-21,42,90.84,APXMIDP
2024-05-21T20:00:00Z,2024-05-21,43,87.75,APXMIDP
2024-05-21T20:30:00Z,2024-05-21,44,81.85,APXMIDP
2024-05-21T21:00:00Z,2024-05-21,45,85.67,APXMIDP
2024-05-21T21:30:00Z,2024-05-21,46,77.51,APXMIDP
2024-05-21T22:00:00Z,2024-05-21,47,85.9,APXMIDP
2024-05-21T22:30:00Z,2024-05-21,48,81.81,APXMIDP
2024-05-21T23:00:00Z,2024-05-22,1,77.32,APXMIDP
2024-05-21T23:30:00Z,2024-05-22,2,77.06,APXMIDP
2024-05-22T00:00:00Z,2024-05-22,3,69.3,APXMIDP
2024-05-22T00:30:00Z,2024-05-22,4,66.8,APXMIDP
2024-05-22T01:00:00Z,2024-05-22,5,65.13,APXMIDP
2024-05-22T01:30:00Z,2024-05-22,6,64.52,APXMIDP
2024-05-22T02:00:00Z,2024-05-22,7,64.8,APXMIDP
2024-05-22T02:30:00Z,2024-05-22,8,64.53,APXMIDP
2024-05-22T03:00:00Z,2024-05-22,9,65.32,APXMIDP
2024-05-22T03:30:00Z,2024-05-22,10,63.87,APXMIDP
2024-05-22T04:00:00Z,2024-05-22,11,63.09,APXMIDP
2024-05-22T04:30:00Z,2024-05-22,12,62.26,APXMIDP
2024-05-22T05:00:00Z,2024-05-22,13,62.72,APXMIDP
2024-05-22T05:30:00Z,2024-05-22,14,65.77,APXMIDP
2024-05-22T06:00:00Z,2024-05-22,15,73.98,APXMIDP
2024-05-22T06:30:00Z,2024-05-22,16,83.37,APXMIDP
2024-05-22T07:00:00Z,2024-05-22,17,86.54,APXMIDP
2024-05-22T07:30:00Z,2024-05-22,18,84.77,APXMIDP
2024-05-22T08:00:00Z,2024-05-22,19,85.71,APXMIDP
2024-05-22T08:30:00Z,2024-05-22,20,88.17,APXMIDP
2024-05-22T09:00:00Z,2024-05-22,21,90.73,APXMIDP
2024-05-22T09:30:00Z,2024-05-22,22,91.41,APXMIDP
2024-05-22T10:00:00Z,2024-05-22,23,90.44,APXMIDP
2024-05-22T10:30:00Z,2024-05-22,24,88.46,APXMIDP
2024-05-22T11:00:00Z,2024-05-22,25,81.7,APXMIDP
2024-05-22T11:30:00Z,2024-05-22,26,73.5,APXMIDP
2024-05-22T12:00:00Z,2024-05-22,27,71.18,APXMIDP
2024-05-22T12:30:00Z,2024-05-22,28,71.55,APXMIDP
2024-05-22T13:00:00Z,2024-05-22,29,70.41,APXMIDP
2024-05-22T13:30:00Z,2024-05-22,30,70.1,APXMIDP
2024-05-22T14:00:00Z,2024-05-22,31,67.11,APXMIDP
2024-05-22T14:30:00Z,2024-05-22,32,63.72,APXMIDP
2024-05-22T15:00:00Z,2024-05-22,33,64.05,APXMIDP
2024-05-22T15:30:00Z,2024-05-22,34,63.0,APXMIDP
2024-05-22T16:00:00Z,2024-05-22,35,67.86,APXMIDP
2024-05-22T16:30:00Z,2024-05-22,36,67.51,APXMIDP
2024-05-22T17:00:00Z,2024-05-22,37,69.97,APXMIDP
2024-05-22T17:30:00Z,2024-05-22,38,71.08,APXMIDP
2024-05-22T18:00:00Z,2024-05-22,39,75.88,APXMIDP
2024-05-22T18:30:00Z,2024-05-22,40,69.11,APXMIDP
2024-05-22T19:00:00Z,2024-05-22,41,67.79,APXMIDP
2024-05-22T19:30:00Z,2024-05-22,42,67.29,APXMIDP
2024-05-22T20:00:00Z,2024-05-22,43,67.57,APXMIDP
2024-05-22T20:30:00Z,2024-05-22,44,64.41,APXMIDP
2024-05-22T21:00:00Z,2024-05-22,45,54.35,APXMIDP
2024-05-22T21:30:00Z,2024-05-22,46,46.92,APXMIDP
2024-05-22T22:00:00Z,2024-05-22,47,58.47,APXMIDP
2024-05-22T22:30:00Z,2024-05-22,48,38.23,APXMIDP
2024-05-22T23:00:00Z,2024-05-23,1,44.45,APXMIDP
2024-05-22T23:30:00Z,2024-05-23,2,35.36,APXMIDP
2024-05-23T00:00:00Z,2024-05-23,3,19.77,APXMIDP
2024-05-23T00:30:00Z,2024-05-23,4,22.93,APXMIDP
2024-05-23T01:00:00Z,2024-05-23,5,42.59,APXMIDP
2024-05-23T01:30:00Z,2024-05-23,6,29.24,APXMIDP
2024-05-23T02:00:00Z,2024-05-23,7,16.36,APXMIDP
2024-05-23T02:30:00Z,2024-05-23,8,23.57,APXMIDP
2024-05-23T03:00:00Z,2024-05-23,9,22.97,APXMIDP
2024-05-23T03:30:00Z,2024-05-23,10,23.38,APXMIDP
2024-05-23T04:00:00Z,2024-05-23,11,35.81,APXMIDP
2024-05-23T04:30:00Z,2024-05-23,12,61.06,APXMIDP
2024-05-23T05:00:00Z,2024-05-23,13,64.95,APXMIDP
2024-05-23T05:30:00Z,2024-05-23,14,81.44,APXMIDP
2024-05-23T06:00:00Z,2024-05-23,15,81.15,APXMIDP
2024-05-23T06:30:00Z,2024-05-23,16,93.99,APXMIDP
2024-05-23T07:00:00Z,2024-05-23,17,78.76,APXMIDP
2024-05-23T07:30:00Z,2024-05-23,18,83.92,APXMIDP
2024-05-23T08:00:00Z,2024-05-23,19,85.36,APXMIDP
2024-05-23T08:30:00Z,2024-05-23,20,87.48,APXMIDP
2024-05-23T09:00:00Z,2024-05-23,21,88.28,APXMIDP
2024-05-23T09:30:00Z,2024-05-23,22,88.37,APXMIDP
2024-05-23T10:00:00Z,2024-05-23,23,93.5,APXMIDP
2024-05-23T10:30:00Z,2024-05-23,24,89.65,APXMIDP
2024-05-23T11:00:00Z,2024-05-23,25,88.02,APXMIDP
2024-05-23T11:30:00Z,2024-05-23,26,86.58,APXMIDP
2024-05-23T12:00:00Z,2024-05-23,27,82.63,APXMIDP
2024-05-23T12:30:00Z,2024-05-23,28,80.83,APXMIDP
2024-05-23T13:00:00Z,2024-05-23,29,77.01,APXMIDP
2024-05-23T13:30:00Z,2024-05-23,30,76.18,APXMIDP
2024-05-23T14:00:00Z,2024-05-23,31,84.71,APXMIDP
2024-05-23T14:30:00Z,2024-05-23,32,84.5,APXMIDP
2024-05-23T15:00:00Z,2024-05-23,33,83.38,APXMIDP
2024-05-23T15:30:00Z,2024-05-23,34,87.31,APXMIDP
2024-05-23T16:00:00Z,2024-05-23,35,100.01,APXMIDP
2024-05-23T16:30:00Z,2024-05-23,36,96.43,APXMIDP
2024-05-23T17:00:00Z,2024-05-23,37,104.46,APXMIDP
2024-05-23T17:30:00Z,2024-05-23,38,105.48,APXMIDP
2024-05-23T18:00:00Z,2024-05-23,39,108.52,APXMIDP
2024-05-23T18:30:00Z,2024-05-23,40,109.03,APXMIDP
2024-05-23T19:00:00Z,2024-05-23,41,106.93,APXMIDP
2024-05-23T19:30:00Z,2024-05-23,42,104.87,APXMIDP
2024-05-23T20:00:00Z,2024-05-23,43,100.84,APXMIDP
2024-05-23T20:30:00Z,2024-05-23,44,99.8,APXMIDP
2024-05-23T21:00:00Z,2024-05-23,45,100.09,APXMIDP
2024-05-23T21:30:00Z,2024-05-23,46,90.56,APXMIDP
2024-05-23T22:00:00Z,2024-05-23,47,87.42,APXMIDP
2024-05-23T22:30:00Z,2024-05-23,48,88.29,APXMIDP
2024-05-23T23:00:00Z,2024-05-24,1,88.16,APXMIDP
2024-05-23T23:30:00Z,2024-05-24,2,86.15,APXMIDP
2024-05-24T00:00:00Z,2024-05-24,3,80.43,APXMIDP
2024-05-24T00:30:00Z,2024-05-24,4,81.53,APXMIDP
2024-05-24T01:00:00Z,2024-05-24,5,82.14,APXMIDP
2024-05-24T01:30:00Z,2024-05-24,6,80.38,APXMIDP
2024-05-24T02:00:00Z,2024-05-24,7,85.11,APXMIDP
2024-05-24T02:30:00Z,2024-05-24,8,85.56,APXMIDP
2024-05-24T03:00:00Z,2024-05-24,9,90.25,APXMIDP
2024-05-24T03:30:00Z,2024-05-24,10,90.44,APXMIDP
2024-05-24T04:00:00Z,2024-05-24,11,92.03,APXMIDP
2024-05-24T04:30:00Z,2024-05-24,12,79.2,APXMIDP
2024-05-24T05:00:00Z,2024-05-24,13,98.12,APXMIDP
2024-05-24T05:30:00Z,2024-05-24,14,103.81,APXMIDP
2024-05-24T06:00:00Z,2024-05-24,15,93.05,APXMIDP
2024-05-24T06:30:00Z,2024-05-24,16,108.18,APXMIDP
2024-05-24T07:00:00Z,2024-05-24,17,103.29,APXMIDP
2024-05-24T07:30:00Z,2024-05-24,18,105.82,APXMIDP
2024-05-24T08:00:00Z,2024-05-24,19,106.92,APXMIDP
2024-05-24T08:30:00Z,2024-05-24,20,101.8,APXMIDP
2024-05-24T09:00:00Z,2024-05-24,21,103.14,APXMIDP
2024-05-24T09:30:00Z,2024-05-24,22,102.32,APXMIDP
2024-05-24T10:00:00Z,2024-05-24,23,101.87,APXMIDP
2024-05-24T10:30:00Z,2024-05-24,24,104.71,APXMIDP
2024-05-24T11:00:00Z,2024-05-24,25,108.93,APXMIDP
2024-05-24T11:30:00Z,2024-05-24,26,108.71,APXMIDP
2024-05-24T12:00:00Z,2024-05-24,27,104.08,APXMIDP
2024-05-24T12:30:00Z,2024-05-24,28,97.44,APXMIDP
2024-05-24T13:00:00Z,2024-05-24,29,89.35,APXMIDP
2024-05-24T13:30:00Z,2024-05-24,30,85.0,APXMIDP
2024-05-24T14:00:00Z,2024-05-24,31,84.26,APXMIDP
2024-05-24T14:30:00Z,2024-05-24,32,85.66,APXMIDP
2024-05-24T15:00:00Z,2024-05-24,33,85.76,APXMIDP
2024-05-24T15:30:00Z,2024-05-24,34,89.36,APXMIDP
2024-05-24T16:00:00Z,2024-05-24,35,93.02,APXMIDP
2024-05-24T16:30:00Z,2024-05-24,36,98.55,APXMIDP
2024-05-24T17:00:00Z,2024-05-24,37,100.26,APXMIDP
2024-05-24T17:30:00Z,2024-05-24,38,95.07,APXMIDP
2024-05-24T18:00:00Z,2024-05-24,39,91.75,APXMIDP
2024-05-24T18:30:00Z,2024-05-24,40,91.59,APXMIDP
2024-05-24T19:00:00Z,2024-05-24,41,104.02,APXMIDP
2024-05-24T19:30:00Z,2024-05-24,42,90.4,APXMIDP
2024-05-24T20:00:00Z,2024-05-24,43,92.76,APXMIDP
2024-05-24T20:30:00Z,2024-05-24,44,93.03,APXMIDP
2024-05-24T21:00:00Z,2024-05-24,45,88.74,APXMIDP
2024-05-24T21:30:00Z,2024-05-24,46,84.28,APXMIDP
2024-05-24T22:00:00Z,2024-05-24,47,80.64,APXMIDP
2024-05-24T22:30:00Z,2024-05-24,48,85.58,APXMIDP
2024-05-24T23:00:00Z,2024-05-25,1,79.6,APXMIDP
2024-05-24T23:30:00Z,2024-05-25,2,78.17,APXMIDP
2024-05-25T00:00:00Z,2024-05-25,3,76.72,APXMIDP
2024-05-25T00:30:00Z,2024-05-25,4,81.77,APXMIDP
2024-05-25T01:00:00Z,2024-05-25,5,89.46,APXMIDP
2024-05-25T01:30:00Z,2024-05-25,6,87.85,APXMIDP
2024-05-25T02:00:00Z,2024-05-25,7,80.31,APXMIDP
2024-05-25T02:30:00Z,2024-05-25,8,80.85,APXMIDP
2024-05-25T03:00:00Z,2024-05-25,9,78.31,APXMIDP
2024-05-25T03:30:00Z,2024-05-25,10,76.94,APXMIDP
2024-05-25T04:00:00Z,2024-05-25,11,76.79,APXMIDP
2024-05-25T04:30:00Z,2024-05-25,12,79.15,APXMIDP
2024-05-25T05:00:00Z,2024-05-25,13,72.87,APXMIDP
2024-05-25T05:30:00Z,2024-05-25,14,75.99,APXMIDP
2024-05-25T06:00:00Z,2024-05-25,15,79.34,APXMIDP
2024-05-25T06:30:00Z,2024-05-25,16,86.93,APXMIDP
2024-05-25T07:00:00Z,2024-05-25,17,80.8,APXMIDP
2024-05-25T07:30:00Z,2024-05-25,18,79.38,APXMIDP
2024-05-25T08:00:00Z,2024-05-25,19,58.59,APXMIDP
2024-05-25T08:30:00Z,2024-05-25,20,56.07,APXMIDP
2024-05-25T09:00:00Z,2024-05-25,21,63.31,APXMIDP
2024-05-25T09:30:00Z,2024-05-25,22,72.01,APXMIDP
2024-05-25T10:00:00Z,2024-05-25,23,49.34,APXMIDP
2024-05-25T10:30:00Z,2024-05-25,24,50.0,APXMIDP
2024-05-25T11:00:00Z,2024-05-25,25,58.3,APXMIDP
2024-05-25T11:30:00Z,2024-05-25,26,56.88,APXMIDP
2024-05-25T12:00:00Z,2024-05-25,27,49.12,APXMIDP
2024-05-25T12:30:00Z,2024-05-25,28,38.09,APXMIDP
2024-05-25T13:00:00Z,2024-05-25,29,51.2,APXMIDP
2024-05-25T13:30:00Z,2024-05-25,30,47.42,APXMIDP
2024-05-25T14:00:00Z,2024-05-25,31,49.84,APXMIDP
2024-05-25T14:30:00Z,2024-05-25,32,45.77,APXMIDP
2024-05-25T15:00:00Z,2024-05-25,33,52.79,APXMIDP
2024-05-25T15:30:00Z,2024-05-25,34,51.63,APXMIDP
2024-05-25T16:00:00Z,2024-05-25,35,76.83,APXMIDP
2024-05-25T16:30:00Z,2024-05-25,36,60.73,APXMIDP
2024-05-25T17:00:00Z,2024-05-25,37,69.02,APXMIDP
2024-05-25T17:30:00Z,2024-05-25,38,77.23,APXMIDP
2024-05-25T18:00:00Z,2024-05-25,39,81.26,APXMIDP
2024-05-25T18:30:00Z,2024-05-25,40,84.48,APXMIDP
2024-05-25T19:00:00Z,2024-05-25,41,84.69,APXMIDP
2024-05-25T19:30:00Z,2024-05-25,42,82.05,APXMIDP
2024-05-25T20:00:00Z,2024-05-25,43,86.47,APXMIDP
2024-05-25T20:30:00Z,2024-05-25,44,81.55,APXMIDP
2024-05-25T21:00:00Z,2024-05-25,45,78.45,APXMIDP
2024-05-25T21:30:00Z,2024-05-25,46,82.3,APXMIDP
2024-05-25T22:00:00Z,2024-05-25,47,80.52,APXMIDP
2024-05-25T22:30:00Z,2024-05-25,48,84.84,APXMIDP
2024-05-25T23:00:00Z,2024-05-26,1,80.93,APXMIDP
2024-05-25T23:30:00Z,2024-05-26,2,78.26,APXMIDP
2024-05-26T00:00:00Z,2024-05-26,3,76.38,APXMIDP
2024-05-26T00:30:00Z,2024-05-26,4,81.0,APXMIDP
2024-05-26T01:00:00Z,2024-05-26,5,79.56,APXMIDP
2024-05-26T01:30:00Z,2024-05-26,6,77.52,APXMIDP
2024-05-26T02:00:00Z,2024-05-26,7,76.51,APXMIDP
2024-05-26T02:30:00Z,2024-05-26,8,76.52,APXMIDP
2024-05-26T03:00:00Z,2024-05-26,9,73.63,APXMIDP
2024-05-26T03:30:00Z,2024-05-26,10,70.62,APXMIDP
2024-05-26T04:00:00Z,2024-05-26,11,66.15,APXMIDP
2024-05-26T04:30:00Z,2024-05-26,12,66.54,APXMIDP
2024-05-26T05:00:00Z,2024-05-26,13,59.69,APXMIDP
2024-05-26T05:30:00Z,2024-05-26,14,67.17,APXMIDP
2024-05-26T06:00:00Z,2024-05-26,15,78.14,APXMIDP
2024-05-26T06:30:00Z,2024-05-26,16,83.7,APXMIDP
2024-05-26T07:00:00Z,2024-05-26,17,88.59,APXMIDP
2024-05-26T07:30:00Z,2024-05-26,18,93.88,APXMIDP
2024-05-26T08:00:00Z,2024-05-26,19,96.01,APXMIDP
2024-05-26T08:30:00Z,2024-05-26,20,98.37,APXMIDP
2024-05-26T09:00:00Z,2024-05-26,21,96.84,APXMIDP
2024-05-26T09:30:00Z,2024-05-26,22,97.35,APXMIDP
2024-05-26T10:00:00Z,2024-05-26,23,93.58,APXMIDP
2024-05-26T10:30:00Z,2024-05-26,24,92.34,APXMIDP
2024-05-26T11:00:00Z,2024-05-26,25,90.55,APXMIDP
2024-05-26T11:30:00Z,2024-05-26,26,87.96,APXMIDP
2024-05-26T12:00:00Z,2024-05-26,27,81.8,APXMIDP
2024-05-26T12:30:00Z,2024-05-26,28,79.37,APXMIDP
2024-05-26T13:00:00Z,2024-05-26,29,79.1,APXMIDP
2024-05-26T13:30:00Z,2024-05-26,30,68.66,APXMIDP
2024-05-26T14:00:00Z,2024-05-26,31,66.37,APXMIDP
2024-05-26T14:30:00Z,2024-05-26,32,63.3,APXMIDP
2024-05-26T15:00:00Z,2024-05-26,33,56.8,APXMIDP
2024-05-26T15:30:00Z,2024-05-26,34,59.45,APXMIDP
2024-05-26T16:00:00Z,2024-05-26,35,69.11,APXMIDP
2024-05-26T16:30:00Z,2024-05-26,36,67.4,APXMIDP
2024-05-26T17:00:00Z,2024-05-26,37,81.01,APXMIDP
2024-05-26T17:30:00Z,2024-05-26,38,84.03,APXMIDP
2024-05-26T18:00:00Z,2024-05-26,39,82.99,APXMIDP
2024-05-26T18:30:00Z,2024-05-26,40,77.53,APXMIDP
2024-05-26T19:00:00Z,2024-05-26,41,81.58,APXMIDP
2024-05-26T19:30:00Z,2024-05-26,42,82.84,APXMIDP
2024-05-26T20:00:00Z,2024-05-26,43,84.16,APXMIDP
2024-05-26T20:30:00Z,2024-05-26,44,85.29,APXMIDP
2024-05-26T21:00:00Z,2024-05-26,45,86.19,APXMIDP
2024-05-26T21:30:00Z,2024-05-26,46,78.61,APXMIDP
2024-05-26T22:00:00Z,2024-05-26,47,49.16,APXMIDP
2024-05-26T22:30:00Z,2024-05-26,48,42.41,APXMIDP
2024-05-26T23:00:00Z,2024-05-27,1,35.72,APXMIDP
2024-05-26T23:30:00Z,2024-05-27,2,35.73,APXMIDP
2024-05-27T00:00:00Z,2024-05-27,3,33.22,APXMIDP
2024-05-27T00:30:00Z,2024-05-27,4,28.97,APXMIDP
2024-05-27T01:00:00Z,2024-05-27,5,25.35,APXMIDP
2024-05-27T01:30:00Z,2024-05-27,6,25.85,APXMIDP
2024-05-27T02:00:00Z,2024-05-27,7,30.63,APXMIDP
2024-05-27T02:30:00Z,2024-05-27,8,40.47,APXMIDP
2024-05-27T03:00:00Z,2024-05-27,9,52.95,APXMIDP
2024-05-27T03:30:00Z,2024-05-27,10,50.39,APXMIDP
2024-05-27T04:00:00Z,2024-05-27,11,68.81,APXMIDP
2024-05-27T04:30:00Z,2024-05-27,12,69.65,APXMIDP
2024-05-27T05:00:00Z,2024-05-27,13,69.47,APXMIDP
2024-05-27T05:30:00Z,2024-05-27,14,76.74,APXMIDP
2024-05-27T06:00:00Z,2024-05-27,15,67.68,APXMIDP
2024-05-27T06:30:00Z,2024-05-27,16,62.66,APXMIDP
2024-05-27T07:00:00Z,2024-05-27,17,57.19,APXMIDP
2024-05-27T07:30:00Z,2024-05-27,18,61.01,APXMIDP
2024-05-27T08:00:00Z,2024-05-27,19,53.12,APXMIDP
2024-05-27T08:30:00Z,2024-05-27,20,50.54,APXMIDP
2024-05-27T09:00:00Z,2024-05-27,21,50.26,APXMIDP
2024-05-27T09:30:00Z,2024-05-27,22,48.31,APXMIDP
2024-05-27T10:00:00Z,2024-05-27,23,50.92,APXMIDP
2024-05-27T10:30:00Z,2024-05-27,24,49.0,APXMIDP
2024-05-27T11:00:00Z,2024-05-27,25,51.83,APXMIDP
2024-05-27T11:30:00Z,2024-05-27,26,50.15,APXMIDP
2024-05-27T12:00:00Z,2024-05-27,27,53.8,APXMIDP
2024-05-27T12:30:00Z,2024-05-27,28,48.36,APXMIDP
2024-05-27T13:00:00Z,2024-05-27,29,51.23,APXMIDP
2024-05-27T13:30:00Z,2024-05-27,30,49.87,APXMIDP
2024-05-27T14:00:00Z,2024-05-27,31,52.76,APXMIDP
2024-05-27T14:30:00Z,2024-05-27,32,49.0,APXMIDP
2024-05-27T15:00:00Z,2024-05-27,33,64.24,APXMIDP
2024-05-27T15:30:00Z,2024-05-27,34,71.4,APXMIDP
2024-05-27T16:00:00Z,2024-05-27,35,92.47,APXMIDP
2024-05-27T16:30:00Z,2024-05-27,36,101.52,APXMIDP
2024-05-27T17:00:00Z,2024-05-27,37,105.74,APXMIDP
2024-05-27T17:30:00Z,2024-05-27,38,108.1,APXMIDP
2024-05-27T18:00:00Z,2024-05-27,39,114.35,APXMIDP
2024-05-27T18:30:00Z,2024-05-27,40,114.16,APXMIDP
2024-05-27T19:00:00Z,2024-05-27,41,105.29,APXMIDP
2024-05-27T19:30:00Z,2024-05-27,42,105.09,APXMIDP
2024-05-27T20:00:00Z,2024-05-27,43,101.31,APXMIDP
2024-05-27T20:30:00Z,2024-05-27,44,98.53,APXMIDP
2024-05-27T21:00:00Z,2024-05-27,45,91.56,APXMIDP
2024-05-27T21:30:00Z,2024-05-27,46,85.64,APXMIDP
2024-05-27T22:00:00Z,2024-05-27,47,89.83,APXMIDP
2024-05-27T22:30:00Z,2024-05-27,48,91.75,APXMIDP
2024-05-27T23:00:00Z,2024-05-28,1,92.67,APXMIDP
2024-05-27T23:30:00Z,2024-05-28,2,82.64,APXMIDP
2024-05-28T00:00:00Z,2024-05-28,3,77.91,APXMIDP
2024-05-28T00:30:00Z,2024-05-28,4,79.84,APXMIDP
2024-05-28T01:00:00Z,2024-05-28,5,79.12,APXMIDP
2024-05-28T01:30:00Z,2024-05-28,6,74.74,APXMIDP
2024-05-28T02:00:00Z,2024-05-28,7,74.31,APXMIDP
2024-05-28T02:30:00Z,2024-05-28,8,73.37,APXMIDP
2024-05-28T03:00:00Z,2024-05-28,9,77.4,APXMIDP
2024-05-28T03:30:00Z,2024-05-28,10,77.96,APXMIDP
2024-05-28T04:00:00Z,2024-05-28,11,88.51,APXMIDP
2024-05-28T04:30:00Z,2024-05-28,12,92.42,APXMIDP
2024-05-28T05:00:00Z,2024-05-28,13,94.04,APXMIDP
2024-05-28T05:30:00Z,2024-05-28,14,96.66,APXMIDP
2024-05-28T06:00:00Z,2024-05-28,15,94.33,APXMIDP
2024-05-28T06:30:00Z,2024-05-28,16,107.33,APXMIDP
2024-05-28T07:00:00Z,2024-05-28,17,99.06,APXMIDP
2024-05-28T07:30:00Z,2024-05-28,18,98.15,APXMIDP
2024-05-28T08:00:00Z,2024-05-28,19,96.48,APXMIDP
2024-05-28T08:30:00Z,2024-05-28,20,93.06,APXMIDP
2024-05-28T09:00:00Z,2024-05-28,21,95.23,APXMIDP
2024-05-28T09:30:00Z,2024-05-28,22,93.03,APXMIDP
2024-05-28T10:00:00Z,2024-05-28,23,83.06,APXMIDP
2024-05-28T10:30:00Z,2024-05-28,24,80.74,APXMIDP
2024-05-28T11:00:00Z,2024-05-28,25,73.37,APXMIDP
2024-05-28T11:30:00Z,2024-05-28,26,65.95,APXMIDP
2024-05-28T12:00:00Z,2024-05-28,27,70.05,APXMIDP
2024-05-28T12:30:00Z,2024-05-28,28,70.26,APXMIDP
2024-05-28T13:00:00Z,2024-05-28,29,69.18,APXMIDP
2024-05-28T13:30:00Z,2024-05-28,30,66.83,APXMIDP
2024-05-28T14:00:00Z,2024-05-28,31,66.68,APXMIDP
2024-05-28T14:30:00Z,2024-05-28,32,67.88,APXMIDP
2024-05-28T15:00:00Z,2024-05-28,33,68.34,APXMIDP
2024-05-28T15:30:00Z,2024-05-28,34,67.82,APXMIDP
2024-05-28T16:00:00Z,2024-05-28,35,73.53,APXMIDP
2024-05-28T16:30:00Z,2024-05-28,36,78.4,APXMIDP
2024-05-28T17:00:00Z,2024-05-28,37,83.93,APXMIDP
2024-05-28T17:30:00Z,2024-05-28,38,84.09,APXMIDP
2024-05-28T18:00:00Z,2024-05-28,39,90.51,APXMIDP
2024-05-28T18:30:00Z,2024-05-28,40,91.66,APXMIDP
2024-05-28T19:00:00Z,2024-05-28,41,87.92,APXMIDP
2024-05-28T19:30:00Z,2024-05-28,42,85.14,APXMIDP
2024-05-28T20:00:00Z,2024-05-28,43,78.2,APXMIDP
2024-05-28T20:30:00Z,2024-05-28,44,81.77,APXMIDP
2024-05-28T21:00:00Z,2024-05-28,45,74.84,APXMIDP
2024-05-28T21:30:00Z,2024-05-28,46,68.76,APXMIDP
2024-05-28T22:00:00Z,2024-05-28,47,42.0,APXMIDP
2024-05-28T22:30:00Z,2024-05-28,48,31.22,APXMIDP
2024-05-28T23:00:00Z,2024-05-29,1,30.85,APXMIDP
2024-05-28T23:30:00Z,2024-05-29,2,26.14,APXMIDP
2024-05-29T00:00:00Z,2024-05-29,3,20.38,APXMIDP
2024-05-29T00:30:00Z,2024-05-29,4,20.36,APXMIDP
2024-05-29T01:00:00Z,2024-05-29,5,17.3,APXMIDP
2024-05-29T01:30:00Z,2024-05-29,6,16.34,APXMIDP
2024-05-29T02:00:00Z,2024-05-29,7,12.29,APXMIDP
2024-05-29T02:30:00Z,2024-05-29,8,11.34,APXMIDP
2024-05-29T03:00:00Z,2024-05-29,9,15.46,APXMIDP
2024-05-29T03:30:00Z,2024-05-29,10,14.51,APXMIDP
2024-05-29T04:00:00Z,2024-05-29,11,21.23,APXMIDP
2024-05-29T04:30:00Z,2024-05-29,12,25.58,APXMIDP
2024-05-29T05:00:00Z,2024-05-29,13,38.47,APXMIDP
2024-05-29T05:30:00Z,2024-05-29,14,40.15,APXMIDP
2024-05-29T06:00:00Z,2024-05-29,15,60.66,APXMIDP
2024-05-29T06:30:00Z,2024-05-29,16,68.89,APXMIDP
2024-05-29T07:00:00Z,2024-05-29,17,67.64,APXMIDP
2024-05-29T07:30:00Z,2024-05-29,18,69.83,APXMIDP
2024-05-29T08:00:00Z,2024-05-29,19,63.41,APXMIDP
2024-05-29T08:30:00Z,2024-05-29,20,60.55,APXMIDP
2024-05-29T09:00:00Z,2024-05-29,21,64.31,APXMIDP
2024-05-29T09:30:00Z,2024-05-29,22,83.51,APXMIDP
2024-05-29T10:00:00Z,2024-05-29,23,88.92,APXMIDP
2024-05-29T10:30:00Z,2024-05-29,24,85.35,APXMIDP
2024-05-29T11:00:00Z,2024-05-29,25,88.44,APXMIDP
2024-05-29T11:30:00Z,2024-05-29,26,90.76,APXMIDP
2024-05-29T12:00:00Z,2024-05-29,27,89.95,APXMIDP
2024-05-29T12:30:00Z,2024-05-29,28,90.33,APXMIDP
2024-05-29T13:00:00Z,2024-05-29,29,89.44,APXMIDP
2024-05-29T13:30:00Z,2024-05-29,30,88.37,APXMIDP
2024-05-29T14:00:00Z,2024-05-29,31,82.09,APXMIDP
2024-05-29T14:30:00Z,2024-05-29,32,85.74,APXMIDP
2024-05-29T15:00:00Z,2024-05-29,33,81.62,APXMIDP
2024-05-29T15:30:00Z,2024-05-29,34,82.25,APXMIDP
2024-05-29T16:00:00Z,2024-05-29,35,83.27,APXMIDP
2024-05-29T16:30:00Z,2024-05-29,36,79.75,APXMIDP
2024-05-29T17:00:00Z,2024-05-29,37,83.61,APXMIDP
2024-05-29T17:30:00Z,2024-05-29,38,85.67,APXMIDP
2024-05-29T18:00:00Z,2024-05-29,39,98.73,APXMIDP
2024-05-29T18:30:00Z,2024-05-29,40,96.25,APXMIDP
2024-05-29T19:00:00Z,2024-05-29,41,103.19,APXMIDP
2024-05-29T19:30:00Z,2024-05-29,42,98.44,APXMIDP
2024-05-29T20:00:00Z,2024-05-29,43,95.44,APXMIDP
2024-05-29T20:30:00Z,2024-05-29,44,88.97,APXMIDP
2024-05-29T21:00:00Z,2024-05-29,45,84.78,APXMIDP
2024-05-29T21:30:00Z,2024-05-29,46,84.08,APXMIDP
2024-05-29T22:00:00Z,2024-05-29,47,87.07,APXMIDP
2024-05-29T22:30:00Z,2024-05-29,48,83.41,APXMIDP
2024-05-29T23:00:00Z,2024-05-30,1,77.03,APXMIDP
2024-05-29T23:30:00Z,2024-05-30,2,81.5,APXMIDP
2024-05-30T00:00:00Z,2024-05-30,3,83.64,APXMIDP
2024-05-30T00:30:00Z,2024-05-30,4,87.18,APXMIDP
2024-05-30T01:00:00Z,2024-05-30,5,82.55,APXMIDP
2024-05-30T01:30:00Z,2024-05-30,6,73.44,APXMIDP
2024-05-30T02:00:00Z,2024-05-30,7,49.58,APXMIDP
2024-05-30T02:30:00Z,2024-05-30,8,49.02,APXMIDP
2024-05-30T03:00:00Z,2024-05-30,9,55.32,APXMIDP
2024-05-30T03:30:00Z,2024-05-30,10,51.7,APXMIDP
2024-05-30T04:00:00Z,2024-05-30,11,53.82,APXMIDP
2024-05-30T04:30:00Z,2024-05-30,12,49.05,APXMIDP
2024-05-30T05:00:00Z,2024-05-30,13,71.92,APXMIDP
2024-05-30T05:30:00Z,2024-05-30,14,89.4,APXMIDP
2024-05-30T06:00:00Z,2024-05-30,15,80.75,APXMIDP
2024-05-30T06:30:00Z,2024-05-30,16,92.09,APXMIDP
2024-05-30T07:00:00Z,2024-05-30,17,79.1,APXMIDP
2024-05-30T07:30:00Z,2024-05-30,18,81.34,APXMIDP
2024-05-30T08:00:00Z,2024-05-30,19,81.42,APXMIDP
2024-05-30T08:30:00Z,2024-05-30,20,76.59,APXMIDP
2024-05-30T09:00:00Z,2024-05-30,21,68.48,APXMIDP
2024-05-30T09:30:00Z,2024-05-30,22,63.41,APXMIDP
2024-05-30T10:00:00Z,2024-05-30,23,55.12,APXMIDP
2024-05-30T10:30:00Z,2024-05-30,24,54.79,APXMIDP
2024-05-30T11:00:00Z,2024-05-30,25,58.49,APXMIDP
2024-05-30T11:30:00Z,2024-05-30,26,53.54,APXMIDP
2024-05-30T12:00:00Z,2024-05-30,27,62.29,APXMIDP
2024-05-30T12:30:00Z,2024-05-30,28,57.36,APXMIDP
2024-05-30T13:00:00Z,2024-05-30,29,64.25,APXMIDP
2024-05-30T13:30:00Z,2024-05-30,30,62.83,APXMIDP
2024-05-30T14:00:00Z,2024-05-30,31,68.67,APXMIDP
2024-05-30T14:30:00Z,2024-05-30,32,77.01,APXMIDP
2024-05-30T15:00:00Z,2024-05-30,33,77.06,APXMIDP
2024-05-30T15:30:00Z,2024-05-30,34,82.23,APXMIDP
2024-05-30T16:00:00Z,2024-05-30,35,71.99,APXMIDP
2024-05-30T16:30:00Z,2024-05-30,36,75.86,APXMIDP
2024-05-30T17:00:00Z,2024-05-30,37,96.18,APXMIDP
2024-05-30T17:30:00Z,2024-05-30,38,96.03,APXMIDP
2024-05-30T18:00:00Z,2024-05-30,39,98.52,APXMIDP
2024-05-30T18:30:00Z,2024-05-30,40,99.12,APXMIDP
2024-05-30T19:00:00Z,2024-05-30,41,81.81,APXMIDP
2024-05-30T19:30:00Z,2024-05-30,42,81.05,APXMIDP
2024-05-30T20:00:00Z,2024-05-30,43,82.78,APXMIDP
2024-05-30T20:30:00Z,2024-05-30,44,75.05,APXMIDP
2024-05-30T21:00:00Z,2024-05-30,45,81.8,APXMIDP
2024-05-30T21:30:00Z,2024-05-30,46,82.33,APXMIDP
2024-05-30T22:00:00Z,2024-05-30,47,76.11,APXMIDP
2024-05-30T22:30:00Z,2024-05-30,48,74.93,APXMIDP
2024-05-30T23:00:00Z,2024-05-31,1,75.85,APXMIDP
2024-05-30T23:30:00Z,2024-05-31,2,63.27,APXMIDP
2024-05-31T00:00:00Z,2024-05-31,3,61.17,APXMIDP
2024-05-31T00:30:00Z,2024-05-31,4,60.79,APXMIDP
2024-05-31T01:00:00Z,2024-05-31,5,56.16,APXMIDP
2024-05-31T01:30:00Z,2024-05-31,6,55.38,APXMIDP
2024-05-31T02:00:00Z,2024-05-31,7,56.91,APXMIDP
2024-05-31T02:30:00Z,2024-05-31,8,56.75,APXMIDP
2024-05-31T03:00:00Z,2024-05-31,9,65.84,APXMIDP
2024-05-31T03:30:00Z,2024-05-31,10,64.46,APXMIDP
2024-05-31T04:00:00Z,2024-05-31,11,73.41,APXMIDP
2024-05-31T04:30:00Z,2024-05-31,12,80.82,APXMIDP
2024-05-31T05:00:00Z,2024-05-31,13,82.03,APXMIDP
2024-05-31T05:30:00Z,2024-05-31,14,88.37,APXMIDP
2024-05-31T06:00:00Z,2024-05-31,15,79.56,APXMIDP
2024-05-31T06:30:00Z,2024-05-31,16,85.25,APXMIDP
2024-05-31T07:00:00Z,2024-05-31,17,73.79,APXMIDP
2024-05-31T07:30:00Z,2024-05-31,18,76.98,APXMIDP
2024-05-31T08:00:00Z,2024-05-31,19,80.61,APXMIDP
2024-05-31T08:30:00Z,2024-05-31,20,81.22,APXMIDP
2024-05-31T09:00:00Z,2024-05-31,21,77.64,APXMIDP
2024-05-31T09:30:00Z,2024-05-31,22,81.78,APXMIDP
2024-05-31T10:00:00Z,2024-05-31,23,87.35,APXMIDP
2024-05-31T10:30:00Z,2024-05-31,24,86.46,APXMIDP
2024-05-31T11:00:00Z,2024-05-31,25,83.35,APXMIDP
2024-05-31T11:30:00Z,2024-05-31,26,84.2,APXMIDP
2024-05-31T12:00:00Z,2024-05-31,27,84.22,APXMIDP
2024-05-31T12:30:00Z,2024-05-31,28,86.96,APXMIDP
2024-05-31T13:00:00Z,2024-05-31,29,83.2,APXMIDP
2024-05-31T13:30:00Z,2024-05-31,30,82.42,APXMIDP
2024-05-31T14:00:00Z,2024-05-31,31,82.77,APXMIDP
2024-05-31T14:30:00Z,2024-05-31,32,84.05,APXMIDP
2024-05-31T15:00:00Z,2024-05-31,33,84.73,APXMIDP
2024-05-31T15:30:00Z,2024-05-31,34,89.18,APXMIDP
2024-05-31T16:00:00Z,2024-05-31,35,96.89,APXMIDP
2024-05-31T16:30:00Z,2024-05-31,36,97.41,APXMIDP
2024-05-31T17:00:00Z,2024-05-31,37,99.13,APXMIDP
2024-05-31T17:30:00Z,2024-05-31,38,99.73,APXMIDP
2024-05-31T18:00:00Z,2024-05-31,39,100.72,APXMIDP
2024-05-31T18:30:00Z,2024-05-31,40,100.56,APXMIDP
2024-05-31T19:00:00Z,2024-05-31,41,100.3,APXMIDP
2024-05-31T19:30:00Z,2024-05-31,42,98.49,APXMIDP
2024-05-31T20:00:00Z,2024-05-31,43,98.61,APXMIDP
2024-05-31T20:30:00Z,2024-05-31,44,98.27,APXMIDP
2024-05-31T21:00:00Z,2024-05-31,45,95.92,APXMIDP
2024-05-31T21:30:00Z,2024-05-31,46,87.03,APXMIDP
2024-05-31T22:00:00Z,2024-05-31,47,80.51,APXMIDP
2024-05-31T22:30:00Z,2024-05-31,48,83.74,APXMIDP
2024-05-31T23:00:00Z,2024-06-01,1,81.47,APXMIDP
2024-05-31T23:30:00Z,2024-06-01,2,79.36,APXMIDP
2024-06-01T00:00:00Z,2024-06-01,3,80.7,APXMIDP
2024-06-01T00:30:00Z,2024-06-01,4,79.08,APXMIDP
2024-06-01T01:00:00Z,2024-06-01,5,68.56,APXMIDP
2024-06-01T01:30:00Z,2024-06-01,6,69.57,APXMIDP
2024-06-01T02:00:00Z,2024-06-01,7,71.75,APXMIDP
2024-06-01T02:30:00Z,2024-06-01,8,71.28,APXMIDP
2024-06-01T03:00:00Z,2024-06-01,9,71.24,APXMIDP
2024-06-01T03:30:00Z,2024-06-01,10,68.45,APXMIDP
2024-06-01T04:00:00Z,2024-06-01,11,74.85,APXMIDP
2024-06-01T04:30:00Z,2024-06-01,12,71.6,APXMIDP
2024-06-01T05:00:00Z,2024-06-01,13,70.99,APXMIDP
2024-06-01T05:30:00Z,2024-06-01,14,71.76,APXMIDP
2024-06-01T06:00:00Z,2024-06-01,15,66.25,APXMIDP
2024-06-01T06:30:00Z,2024-06-01,16,69.41,APXMIDP
2024-06-01T07:00:00Z,2024-06-01,17,64.29,APXMIDP
2024-06-01T07:30:00Z,2024-06-01,18,71.44,APXMIDP
2024-06-01T08:00:00Z,2024-06-01,19,80.44,APXMIDP
2024-06-01T08:30:00Z,2024-06-01,20,78.49,APXMIDP
2024-06-01T09:00:00Z,2024-06-01,21,70.57,APXMIDP
2024-06-01T09:30:00Z,2024-06-01,22,76.78,APXMIDP
2024-06-01T10:00:00Z,2024-06-01,23,87.61,APXMIDP
2024-06-01T10:30:00Z,2024-06-01,24,88.55,APXMIDP
2024-06-01T11:00:00Z,2024-06-01,25,90.95,APXMIDP
2024-06-01T11:30:00Z,2024-06-01,26,90.74,APXMIDP
2024-06-01T12:00:00Z,2024-06-01,27,91.08,APXMIDP
2024-06-01T12:30:00Z,2024-06-01,28,88.7,APXMIDP
2024-06-01T13:00:00Z,2024-06-01,29,85.32,APXMIDP
2024-06-01T13:30:00Z,2024-06-01,30,81.75,APXMIDP
2024-06-01T14:00:00Z,2024-06-01,31,74.06,APXMIDP
2024-06-01T14:30:00Z,2024-06-01,32,72.67,APXMIDP
2024-06-01T15:00:00Z,2024-06-01,33,74.31,APXMIDP
2024-06-01T15:30:00Z,2024-06-01,34,79.04,APXMIDP
2024-06-01T16:00:00Z,2024-06-01,35,91.26,APXMIDP
2024-06-01T16:30:00Z,2024-06-01,36,95.03,APXMIDP
2024-06-01T17:00:00Z,2024-06-01,37,92.69,APXMIDP
2024-06-01T17:30:00Z,2024-06-01,38,95.42,APXMIDP
2024-06-01T18:00:00Z,2024-06-01,39,91.41,APXMIDP
2024-06-01T18:30:00Z,2024-06-01,40,89.71,APXMIDP
2024-06-01T19:00:00Z,2024-06-01,41,88.39,APXMIDP
2024-06-01T19:30:00Z,2024-06-01,42,88.33,APXMIDP
2024-06-01T20:00:00Z,2024-06-01,43,89.37,APXMIDP
2024-06-01T20:30:00Z,2024-06-01,44,92.85,APXMIDP
2024-06-01T21:00:00Z,2024-06-01,45,92.59,APXMIDP
2024-06-01T21:30:00Z,2024-06-01,46,90.53,APXMIDP
2024-06-01T22:00:00Z,2024-06-01,47,90.07,APXMIDP
2024-06-01T22:30:00Z,2024-06-01,48,85.89,APXMIDP
2024-06-01T23:00:00Z,2024-06-02,1,77.57,APXMIDP
2024-06-01T23:30:00Z,2024-06-02,2,69.04,APXMIDP
2024-06-02T00:00:00Z,2024-06-02,3,67.0,APXMIDP
2024-06-02T00:30:00Z,2024-06-02,4,70.14,APXMIDP
2024-06-02T01:00:00Z,2024-06-02,5,67.01,APXMIDP
2024-06-02T01:30:00Z,2024-06-02,6,66.54,APXMIDP
2024-06-02T02:00:00Z,2024-06-02,7,58.71,APXMIDP
2024-06-02T02:30:00Z,2024-06-02,8,44.74,APXMIDP
2024-06-02T03:00:00Z,2024-06-02,9,47.41,APXMIDP
2024-06-02T03:30:00Z,2024-06-02,10,41.36,APXMIDP
2024-06-02T04:00:00Z,2024-06-02,11,39.83,APXMIDP
2024-06-02T04:30:00Z,2024-06-02,12,39.15,APXMIDP
2024-06-02T05:00:00Z,2024-06-02,13,33.73,APXMIDP
2024-06-02T05:30:00Z,2024-06-02,14,42.25,APXMIDP
2024-06-02T06:00:00Z,2024-06-02,15,41.72,APXMIDP
2024-06-02T06:30:00Z,2024-06-02,16,44.32,APXMIDP
2024-06-02T07:00:00Z,2024-06-02,17,56.06,APXMIDP
2024-06-02T07:30:00Z,2024-06-02,18,47.67,APXMIDP
2024-06-02T08:00:00Z,2024-06-02,19,44.98,APXMIDP
2024-06-02T08:30:00Z,2024-06-02,20,45.62,APXMIDP
2024-06-02T09:00:00Z,2024-06-02,21,40.59,APXMIDP
2024-06-02T09:30:00Z,2024-06-02,22,32.78,APXMIDP
2024-06-02T10:00:00Z,2024-06-02,23,39.83,APXMIDP
2024-06-02T10:30:00Z,2024-06-02,24,42.04,APXMIDP
2024-06-02T11:00:00Z,2024-06-02,25,44.21,APXMIDP
2024-06-02T11:30:00Z,2024-06-02,26,45.45,APXMIDP
2024-06-02T12:00:00Z,2024-06-02,27,33.9,APXMIDP
2024-06-02T12:30:00Z,2024-06-02,28,25.2,APXMIDP
2024-06-02T13:00:00Z,2024-06-02,29,23.41,APXMIDP
2024-06-02T13:30:00Z,2024-06-02,30,20.1,APXMIDP
2024-06-02T14:00:00Z,2024-06-02,31,7.06,APXMIDP
2024-06-02T14:30:00Z,2024-06-02,32,11.44,APXMIDP
2024-06-02T15:00:00Z,2024-06-02,33,18.19,APXMIDP
2024-06-02T15:30:00Z,2024-06-02,34,40.28,APXMIDP
2024-06-02T16:00:00Z,2024-06-02,35,40.34,APXMIDP
2024-06-02T16:30:00Z,2024-06-02,36,63.72,APXMIDP
2024-06-02T17:00:00Z,2024-06-02,37,76.21,APXMIDP
2024-06-02T17:30:00Z,2024-06-02,38,87.77,APXMIDP
2024-06-02T18:00:00Z,2024-06-02,39,106.95,APXMIDP
2024-06-02T18:30:00Z,2024-06-02,40,108.91,APXMIDP
2024-06-02T19:00:00Z,2024-06-02,41,107.13,APXMIDP
2024-06-02T19:30:00Z,2024-06-02,42,107.4,APXMIDP
2024-06-02T20:00:00Z,2024-06-02,43,103.96,APXMIDP
2024-06-02T20:30:00Z,2024-06-02,44,101.98,APXMIDP
2024-06-02T21:00:00Z,2024-06-02,45,99.56,APXMIDP
2024-06-02T21:30:00Z,2024-06-02,46,92.93,APXMIDP
2024-06-02T22:00:00Z,2024-06-02,47,91.87,APXMIDP
2024-06-02T22:30:00Z,2024-06-02,48,88.59,APXMIDP
2024-06-02T23:00:00Z,2024-06-03,1,85.35,APXMIDP
2024-06-02T23:30:00Z,2024-06-03,2,74.16,APXMIDP
2024-06-03T00:00:00Z,2024-06-03,3,70.34,APXMIDP
2024-06-03T00:30:00Z,2024-06-03,4,71.26,APXMIDP
2024-06-03T01:00:00Z,2024-06-03,5,68.25,APXMIDP
2024-06-03T01:30:00Z,2024-06-03,6,64.77,APXMIDP
2024-06-03T02:00:00Z,2024-06-03,7,66.99,APXMIDP
2024-06-03T02:30:00Z,2024-06-03,8,63.07,APXMIDP
2024-06-03T03:00:00Z,2024-06-03,9,69.95,APXMIDP
2024-06-03T03:30:00Z,2024-06-03,10,76.15,APXMIDP
2024-06-03T04:00:00Z,2024-06-03,11,81.39,APXMIDP
2024-06-03T04:30:00Z,2024-06-03,12,79.42,APXMIDP
2024-06-03T05:00:00Z,2024-06-03,13,94.31,APXMIDP
2024-06-03T05:30:00Z,2024-06-03,14,100.33,APXMIDP
2024-06-03T06:00:00Z,2024-06-03,15,107.15,APXMIDP
2024-06-03T06:30:00Z,2024-06-03,16,110.53,APXMIDP
2024-06-03T07:00:00Z,2024-06-03,17,101.01,APXMIDP
2024-06-03T07:30:00Z,2024-06-03,18,104.87,APXMIDP
2024-06-03T08:00:00Z,2024-06-03,19,99.89,APXMIDP
2024-06-03T08:30:00Z,2024-06-03,20,101.98,APXMIDP
2024-06-03T09:00:00Z,2024-06-03,21,101.99,APXMIDP
2024-06-03T09:30:00Z,2024-06-03,22,98.29,APXMIDP
2024-06-03T10:00:00Z,2024-06-03,23,77.72,APXMIDP
2024-06-03T10:30:00Z,2024-06-03,24,76.62,APXMIDP
2024-06-03T11:00:00Z,2024-06-03,25,78.37,APXMIDP
2024-06-03T11:30:00Z,2024-06-03,26,78.43,APXMIDP
2024-06-03T12:00:00Z,2024-06-03,27,77.81,APXMIDP
2024-06-03T12:30:00Z,2024-06-03,28,76.93,APXMIDP
2024-06-03T13:00:00Z,2024-06-03,29,75.92,APXMIDP
2024-06-03T13:30:00Z,2024-06-03,30,73.15,APXMIDP
2024-06-03T14:00:00Z,2024-06-03,31,75.4,APXMIDP
2024-06-03T14:30:00Z,2024-06-03,32,75.7,APXMIDP
2024-06-03T15:00:00Z,2024-06-03,33,80.58,APXMIDP
2024-06-03T15:30:00Z,2024-06-03,34,85.8,APXMIDP
2024-06-03T16:00:00Z,2024-06-03,35,109.45,APXMIDP
2024-06-03T16:30:00Z,2024-06-03,36,108.04,APXMIDP
2024-06-03T17:00:00Z,2024-06-03,37,126.57,APXMIDP
2024-06-03T17:30:00Z,2024-06-03,38,126.12,APXMIDP
2024-06-03T18:00:00Z,2024-06-03,39,126.02,APXMIDP
2024-06-03T18:30:00Z,2024-06-03,40,125.4,APXMIDP
2024-06-03T19:00:00Z,2024-06-03,41,124.9,APXMIDP
2024-06-03T19:30:00Z,2024-06-03,42,122.83,APXMIDP
2024-06-03T20:00:00Z,2024-06-03,43,116.41,APXMIDP
2024-06-03T20:30:00Z,2024-06-03,44,109.69,APXMIDP
2024-06-03T21:00:00Z,2024-06-03,45,94.72,APXMIDP
2024-06-03T21:30:00Z,2024-06-03,46,91.07,APXMIDP
2024-06-03T22:00:00Z,2024-06-03,47,73.48,APXMIDP
2024-06-03T22:30:00Z,2024-06-03,48,81.62,APXMIDP
2024-06-03T23:00:00Z,2024-06-04,1,78.33,APXMIDP
2024-06-03T23:30:00Z,2024-06-04,2,73.11,APXMIDP
2024-06-04T00:00:00Z,2024-06-04,3,72.5,APXMIDP
2024-06-04T00:30:00Z,2024-06-04,4,74.26,APXMIDP
2024-06-04T01:00:00Z,2024-06-04,5,76.21,APXMIDP
2024-06-04T01:30:00Z,2024-06-04,6,69.45,APXMIDP
2024-06-04T02:00:00Z,2024-06-04,7,59.67,APXMIDP
2024-06-04T02:30:00Z,2024-06-04,8,51.05,APXMIDP
2024-06-04T03:00:00Z,2024-06-04,9,66.01,APXMIDP
2024-06-04T03:30:00Z,2024-06-04,10,66.23,APXMIDP
2024-06-04T04:00:00Z,2024-06-04,11,68.73,APXMIDP
2024-06-04T04:30:00Z,2024-06-04,12,68.94,APXMIDP
2024-06-04T05:00:00Z,2024-06-04,13,72.36,APXMIDP
2024-06-04T05:30:00Z,2024-06-04,14,89.45,APXMIDP
2024-06-04T06:00:00Z,2024-06-04,15,90.0,APXMIDP
2024-06-04T06:30:00Z,2024-06-04,16,107.24,APXMIDP
2024-06-04T07:00:00Z,2024-06-04,17,81.24,APXMIDP
2024-06-04T07:30:00Z,2024-06-04,18,79.75,APXMIDP
2024-06-04T08:00:00Z,2024-06-04,19,58.72,APXMIDP
2024-06-04T08:30:00Z,2024-06-04,20,58.66,APXMIDP
2024-06-04T09:00:00Z,2024-06-04,21,66.07,APXMIDP
2024-06-04T09:30:00Z,2024-06-04,22,63.84,APXMIDP
2024-06-04T10:00:00Z,2024-06-04,23,55.03,APXMIDP
2024-06-04T10:30:00Z,2024-06-04,24,58.45,APXMIDP
2024-06-04T11:00:00Z,2024-06-04,25,41.6,APXMIDP
2024-06-04T11:30:00Z,2024-06-04,26,30.62,APXMIDP
2024-06-04T12:00:00Z,2024-06-04,27,44.54,APXMIDP
2024-06-04T12:30:00Z,2024-06-04,28,31.58,APXMIDP
2024-06-04T13:00:00Z,2024-06-04,29,33.18,APXMIDP
2024-06-04T13:30:00Z,2024-06-04,30,33.44,APXMIDP
2024-06-04T14:00:00Z,2024-06-04,31,34.85,APXMIDP
2024-06-04T14:30:00Z,2024-06-04,32,58.76,APXMIDP
2024-06-04T15:00:00Z,2024-06-04,33,61.3,APXMIDP
2024-06-04T15:30:00Z,2024-06-04,34,60.29,APXMIDP
2024-06-04T16:00:00Z,2024-06-04,35,74.03,APXMIDP
2024-06-04T16:30:00Z,2024-06-04,36,76.49,APXMIDP
2024-06-04T17:00:00Z,2024-06-04,37,82.65,APXMIDP
2024-06-04T17:30:00Z,2024-06-04,38,84.69,APXMIDP
2024-06-04T18:00:00Z,2024-06-04,39,87.52,APXMIDP
2024-06-04T18:30:00Z,2024-06-04,40,83.0,APXMIDP
2024-06-04T19:00:00Z,2024-06-04,41,85.96,APXMIDP
2024-06-04T19:30:00Z,2024-06-04,42,90.66,APXMIDP
2024-06-04T20:00:00Z,2024-06-04,43,84.25,APXMIDP
2024-06-04T20:30:00Z,2024-06-04,44,81.04,APXMIDP
2024-06-04T21:00:00Z,2024-06-04,45,81.87,APXMIDP
2024-06-04T21:30:00Z,2024-06-04,46,75.58,APXMIDP
2024-06-04T22:00:00Z,2024-06-04,47,60.96,APXMIDP
2024-06-04T22:30:00Z,2024-06-04,48,38.93,APXMIDP
2024-06-04T23:00:00Z,2024-06-05,1,29.87,APXMIDP
2024-06-04T23:30:00Z,2024-06-05,2,22.2,APXMIDP
2024-06-05T00:00:00Z,2024-06-05,3,47.88,APXMIDP
2024-06-05T00:30:00Z,2024-06-05,4,48.26,APXMIDP
2024-06-05T01:00:00Z,2024-06-05,5,27.85,APXMIDP
2024-06-05T01:30:00Z,2024-06-05,6,22.98,APXMIDP
2024-06-05T02:00:00Z,2024-06-05,7,27.88,APXMIDP
2024-06-05T02:30:00Z,2024-06-05,8,23.25,APXMIDP
2024-06-05T03:00:00Z,2024-06-05,9,32.56,APXMIDP
2024-06-05T03:30:00Z,2024-06-05,10,40.82,APXMIDP
2024-06-05T04:00:00Z,2024-06-05,11,35.08,APXMIDP
2024-06-05T04:30:00Z,2024-06-05,12,50.57,APXMIDP
2024-06-05T05:00:00Z,2024-06-05,13,49.2,APXMIDP
2024-06-05T05:30:00Z,2024-06-05,14,78.89,APXMIDP
2024-06-05T06:00:00Z,2024-06-05,15,73.61,APXMIDP
2024-06-05T06:30:00Z,2024-06-05,16,82.01,APXMIDP
2024-06-05T07:00:00Z,2024-06-05,17,68.68,APXMIDP
2024-06-05T07:30:00Z,2024-06-05,18,47.16,APXMIDP
2024-06-05T08:00:00Z,2024-06-05,19,19.41,APXMIDP
2024-06-05T08:30:00Z,2024-06-05,20,10.16,APXMIDP
2024-06-05T09:00:00Z,2024-06-05,21,11.69,APXMIDP
2024-06-05T09:30:00Z,2024-06-05,22,4.7,APXMIDP
2024-06-05T10:00:00Z,2024-06-05,23,-10.3,APXMIDP
2024-06-05T10:30:00Z,2024-06-05,24,-10.95,APXMIDP
2024-06-05T11:00:00Z,2024-06-05,25,-12.83,APXMIDP
2024-06-05T11:30:00Z,2024-06-05,26,-19.09,APXMIDP
2024-06-05T12:00:00Z,2024-06-05,27,-11.01,APXMIDP
2024-06-05T12:30:00Z,2024-06-05,28,-12.44,APXMIDP
2024-06-05T13:00:00Z,2024-06-05,29,-35.65,APXMIDP
2024-06-05T13:30:00Z,2024-06-05,30,-35.44,APXMIDP
2024-06-05T14:00:00Z,2024-06-05,31,0.65,APXMIDP
2024-06-05T14:30:00Z,2024-06-05,32,17.58,APXMIDP
2024-06-05T15:00:00Z,2024-06-05,33,1.37,APXMIDP
2024-06-05T15:30:00Z,2024-06-05,34,10.4,APXMIDP
2024-06-05T16:00:00Z,2024-06-05,35,24.03,APXMIDP
2024-06-05T16:30:00Z,2024-06-05,36,24.09,APXMIDP
2024-06-05T17:00:00Z,2024-06-05,37,47.76,APXMIDP
2024-06-05T17:30:00Z,2024-06-05,38,52.27,APXMIDP
2024-06-05T18:00:00Z,2024-06-05,39,90.2,APXMIDP
2024-06-05T18:30:00Z,2024-06-05,40,94.35,APXMIDP
2024-06-05T19:00:00Z,2024-06-05,41,94.84,APXMIDP
2024-06-05T19:30:00Z,2024-06-05,42,96.53,APXMIDP
2024-06-05T20:00:00Z,2024-06-05,43,88.03,APXMIDP
2024-06-05T20:30:00Z,2024-06-05,44,89.83,APXMIDP
2024-06-05T21:00:00Z,2024-06-05,45,90.68,APXMIDP
2024-06-05T21:30:00Z,2024-06-05,46,91.96,APXMIDP
2024-06-05T22:00:00Z,2024-06-05,47,88.15,APXMIDP
2024-06-05T22:30:00Z,2024-06-05,48,73.87,APXMIDP
2024-06-05T23:00:00Z,2024-06-06,1,85.4,APXMIDP
2024-06-05T23:30:00Z,2024-06-06,2,76.04,APXMIDP
2024-06-06T00:00:00Z,2024-06-06,3,60.05,APXMIDP
2024-06-06T00:30:00Z,2024-06-06,4,60.36,APXMIDP
2024-06-06T01:00:00Z,2024-06-06,5,56.92,APXMIDP
2024-06-06T01:30:00Z,2024-06-06,6,65.73,APXMIDP
2024-06-06T02:00:00Z,2024-06-06,7,72.9,APXMIDP
2024-06-06T02:30:00Z,2024-06-06,8,69.1,APXMIDP
2024-06-06T03:00:00Z,2024-06-06,9,66.25,APXMIDP
2024-06-06T03:30:00Z,2024-06-06,10,64.59,APXMIDP
2024-06-06T04:00:00Z,2024-06-06,11,72.76,APXMIDP
2024-06-06T04:30:00Z,2024-06-06,12,72.46,APXMIDP
2024-06-06T05:00:00Z,2024-06-06,13,72.73,APXMIDP
2024-06-06T05:30:00Z,2024-06-06,14,89.12,APXMIDP
2024-06-06T06:00:00Z,2024-06-06,15,91.24,APXMIDP
2024-06-06T06:30:00Z,2024-06-06,16,99.16,APXMIDP
2024-06-06T07:00:00Z,2024-06-06,17,94.33,APXMIDP
2024-06-06T07:30:00Z,2024-06-06,18,90.14,APXMIDP
2024-06-06T08:00:00Z,2024-06-06,19,85.27,APXMIDP
2024-06-06T08:30:00Z,2024-06-06,20,70.41,APXMIDP
2024-06-06T09:00:00Z,2024-06-06,21,60.73,APXMIDP
2024-06-06T09:30:00Z,2024-06-06,22,69.01,APXMIDP
2024-06-06T10:00:00Z,2024-06-06,23,83.81,APXMIDP
2024-06-06T10:30:00Z,2024-06-06,24,82.43,APXMIDP
2024-06-06T11:00:00Z,2024-06-06,25,82.0,APXMIDP
2024-06-06T11:30:00Z,2024-06-06,26,76.08,APXMIDP
2024-06-06T12:00:00Z,2024-06-06,27,66.39,APXMIDP
2024-06-06T12:30:00Z,2024-06-06,28,56.19,APXMIDP
2024-06-06T13:00:00Z,2024-06-06,29,54.04,APXMIDP
2024-06-06T13:30:00Z,2024-06-06,30,49.32,APXMIDP
2024-06-06T14:00:00Z,2024-06-06,31,29.41,APXMIDP
2024-06-06T14:30:00Z,2024-06-06,32,30.61,APXMIDP
2024-06-06T15:00:00Z,2024-06-06,33,51.87,APXMIDP
2024-06-06T15:30:00Z,2024-06-06,34,57.16,APXMIDP
2024-06-06T16:00:00Z,2024-06-06,35,68.15,APXMIDP
2024-06-06T16:30:00Z,2024-06-06,36,73.1,APXMIDP
2024-06-06T17:00:00Z,2024-06-06,37,85.18,APXMIDP
2024-06-06T17:30:00Z,2024-06-06,38,75.35,APXMIDP
2024-06-06T18:00:00Z,2024-06-06,39,84.91,APXMIDP
2024-06-06T18:30:00Z,2024-06-06,40,93.26,APXMIDP
2024-06-06T19:00:00Z,2024-06-06,41,103.76,APXMIDP
2024-06-06T19:30:00Z,2024-06-06,42,100.52,APXMIDP
2024-06-06T20:00:00Z,2024-06-06,43,84.17,APXMIDP
2024-06-06T20:30:00Z,2024-06-06,44,76.45,APXMIDP
2024-06-06T21:00:00Z,2024-06-06,45,72.16,APXMIDP
2024-06-06T21:30:00Z,2024-06-06,46,72.42,APXMIDP
2024-06-06T22:00:00Z,2024-06-06,47,74.99,APXMIDP
2024-06-06T22:30:00Z,2024-06-06,48,77.67,APXMIDP
2024-06-06T23:00:00Z,2024-06-07,1,56.07,APXMIDP
2024-06-06T23:30:00Z,2024-06-07,2,76.04,APXMIDP
2024-06-07T00:00:00Z,2024-06-07,3,77.82,APXMIDP
2024-06-07T00:30:00Z,2024-06-07,4,74.56,APXMIDP
2024-06-07T01:00:00Z,2024-06-07,5,78.95,APXMIDP
2024-06-07T01:30:00Z,2024-06-07,6,70.72,APXMIDP
2024-06-07T02:00:00Z,2024-06-07,7,64.48,APXMIDP
2024-06-07T02:30:00Z,2024-06-07,8,66.67,APXMIDP
2024-06-07T03:00:00Z,2024-06-07,9,72.47,APXMIDP
2024-06-07T03:30:00Z,2024-06-07,10,66.45,APXMIDP
2024-06-07T04:00:00Z,2024-06-07,11,65.75,APXMIDP
2024-06-07T04:30:00Z,2024-06-07,12,64.44,APXMIDP
2024-06-07T05:00:00Z,2024-06-07,13,76.83,APXMIDP
2024-06-07T05:30:00Z,2024-06-07,14,88.71,APXMIDP
2024-06-07T06:00:00Z,2024-06-07,15,71.97,APXMIDP
2024-06-07T06:30:00Z,2024-06-07,16,81.94,APXMIDP
2024-06-07T07:00:00Z,2024-06-07,17,60.55,APXMIDP
2024-06-07T07:30:00Z,2024-06-07,18,63.3,APXMIDP
2024-06-07T08:00:00Z,2024-06-07,19,66.41,APXMIDP
2024-06-07T08:30:00Z,2024-06-07,20,67.15,APXMIDP
2024-06-07T09:00:00Z,2024-06-07,21,38.95,APXMIDP
2024-06-07T09:30:00Z,2024-06-07,22,21.0,APXMIDP
2024-06-07T10:00:00Z,2024-06-07,23,21.42,APXMIDP
2024-06-07T10:30:00Z,2024-06-07,24,17.28,APXMIDP
2024-06-07T11:00:00Z,2024-06-07,25,23.03,APXMIDP
2024-06-07T11:30:00Z,2024-06-07,26,21.84,APXMIDP
2024-06-07T12:00:00Z,2024-06-07,27,21.64,APXMIDP
2024-06-07T12:30:00Z,2024-06-07,28,15.11,APXMIDP
2024-06-07T13:00:00Z,2024-06-07,29,9.21,APXMIDP
2024-06-07T13:30:00Z,2024-06-07,30,0.23,APXMIDP
2024-06-07T14:00:00Z,2024-06-07,31,8.39,APXMIDP
2024-06-07T14:30:00Z,2024-06-07,32,6.45,APXMIDP
2024-06-07T15:00:00Z,2024-06-07,33,14.62,APXMIDP
2024-06-07T15:30:00Z,2024-06-07,34,30.53,APXMIDP
2024-06-07T16:00:00Z,2024-06-07,35,44.66,APXMIDP
2024-06-07T16:30:00Z,2024-06-07,36,60.24,APXMIDP
2024-06-07T17:00:00Z,2024-06-07,37,55.75,APXMIDP
2024-06-07T17:30:00Z,2024-06-07,38,48.2,APXMIDP
2024-06-07T18:00:00Z,2024-06-07,39,77.12,APXMIDP
2024-06-07T18:30:00Z,2024-06-07,40,80.34,APXMIDP
2024-06-07T19:00:00Z,2024-06-07,41,72.65,APXMIDP
2024-06-07T19:30:00Z,2024-06-07,42,66.61,APXMIDP
2024-06-07T20:00:00Z,2024-06-07,43,69.09,APXMIDP
2024-06-07T20:30:00Z,2024-06-07,44,72.54,APXMIDP
2024-06-07T21:00:00Z,2024-06-07,45,77.93,APXMIDP
2024-06-07T21:30:00Z,2024-06-07,46,74.22,APXMIDP
2024-06-07T22:00:00Z,2024-06-07,47,68.81,APXMIDP
2024-06-07T22:30:00Z,2024-06-07,48,51.45,APXMIDP
2024-06-07T23:00:00Z,2024-06-08,1,35.07,APXMIDP
2024-06-07T23:30:00Z,2024-06-08,2,22.88,APXMIDP
2024-06-08T00:00:00Z,2024-06-08,3,23.38,APXMIDP
2024-06-08T00:30:00Z,2024-06-08,4,22.03,APXMIDP
2024-06-08T01:00:00Z,2024-06-08,5,22.41,APXMIDP
2024-06-08T01:30:00Z,2024-06-08,6,14.26,APXMIDP
2024-06-08T02:00:00Z,2024-06-08,7,18.19,APXMIDP
2024-06-08T02:30:00Z,2024-06-08,8,27.86,APXMIDP
2024-06-08T03:00:00Z,2024-06-08,9,22.43,APXMIDP
2024-06-08T03:30:00Z,2024-06-08,10,26.91,APXMIDP
2024-06-08T04:00:00Z,2024-06-08,11,36.96,APXMIDP
2024-06-08T04:30:00Z,2024-06-08,12,42.89,APXMIDP
2024-06-08T05:00:00Z,2024-06-08,13,49.45,APXMIDP
2024-06-08T05:30:00Z,2024-06-08,14,53.97,APXMIDP
2024-06-08T06:00:00Z,2024-06-08,15,45.2,APXMIDP
2024-06-08T06:30:00Z,2024-06-08,16,62.87,APXMIDP
2024-06-08T07:00:00Z,2024-06-08,17,51.13,APXMIDP
2024-06-08T07:30:00Z,2024-06-08,18,55.62,APXMIDP
2024-06-08T08:00:00Z,2024-06-08,19,59.52,APXMIDP
2024-06-08T08:30:00Z,2024-06-08,20,55.97,APXMIDP
2024-06-08T09:00:00Z,2024-06-08,21,49.98,APXMIDP
2024-06-08T09:30:00Z,2024-06-08,22,27.57,APXMIDP
2024-06-08T10:00:00Z,2024-06-08,23,8.8,APXMIDP
2024-06-08T10:30:00Z,2024-06-08,24,-1.42,APXMIDP
2024-06-08T11:00:00Z,2024-06-08,25,-5.01,APXMIDP
2024-06-08T11:30:00Z,2024-06-08,26,-5.36,APXMIDP
2024-06-08T12:00:00Z,2024-06-08,27,-8.4,APXMIDP
2024-06-08T12:30:00Z,2024-06-08,28,-12.05,APXMIDP
2024-06-08T13:00:00Z,2024-06-08,29,-13.26,APXMIDP
2024-06-08T13:30:00Z,2024-06-08,30,-13.45,APXMIDP
2024-06-08T14:00:00Z,2024-06-08,31,5.55,APXMIDP
2024-06-08T14:30:00Z,2024-06-08,32,9.25,APXMIDP
2024-06-08T15:00:00Z,2024-06-08,33,16.02,APXMIDP
2024-06-08T15:30:00Z,2024-06-08,34,28.23,APXMIDP
2024-06-08T16:00:00Z,2024-06-08,35,28.38,APXMIDP
2024-06-08T16:30:00Z,2024-06-08,36,47.43,APXMIDP
2024-06-08T17:00:00Z,2024-06-08,37,44.91,APXMIDP
2024-06-08T17:30:00Z,2024-06-08,38,63.37,APXMIDP
2024-06-08T18:00:00Z,2024-06-08,39,80.27,APXMIDP
2024-06-08T18:30:00Z,2024-06-08,40,82.36,APXMIDP
2024-06-08T19:00:00Z,2024-06-08,41,80.07,APXMIDP
2024-06-08T19:30:00Z,2024-06-08,42,79.56,APXMIDP
2024-06-08T20:00:00Z,2024-06-08,43,73.02,APXMIDP
2024-06-08T20:30:00Z,2024-06-08,44,55.39,APXMIDP
2024-06-08T21:00:00Z,2024-06-08,45,39.46,APXMIDP
2024-06-08T21:30:00Z,2024-06-08,46,34.0,APXMIDP
2024-06-08T22:00:00Z,2024-06-08,47,31.42,APXMIDP
2024-06-08T22:30:00Z,2024-06-08,48,-2.82,APXMIDP
2024-06-08T23:00:00Z,2024-06-09,1,8.34,APXMIDP
2024-06-08T23:30:00Z,2024-06-09,2,-3.82,APXMIDP
2024-06-09T00:00:00Z,2024-06-09,3,-1.43,APXMIDP
2024-06-09T00:30:00Z,2024-06-09,4,1.29,APXMIDP
2024-06-09T01:00:00Z,2024-06-09,5,-0.8,APXMIDP
2024-06-09T01:30:00Z,2024-06-09,6,-0.82,APXMIDP
2024-06-09T02:00:00Z,2024-06-09,7,1.02,APXMIDP
2024-06-09T02:30:00Z,2024-06-09,8,0.84,APXMIDP
2024-06-09T03:00:00Z,2024-06-09,9,-1.41,APXMIDP
2024-06-09T03:30:00Z,2024-06-09,10,-6.46,APXMIDP
2024-06-09T04:00:00Z,2024-06-09,11,-5.98,APXMIDP
2024-06-09T04:30:00Z,2024-06-09,12,-6.95,APXMIDP
2024-06-09T05:00:00Z,2024-06-09,13,-11.72,APXMIDP
2024-06-09T05:30:00Z,2024-06-09,14,10.92,APXMIDP
2024-06-09T06:00:00Z,2024-06-09,15,-8.19,APXMIDP
2024-06-09T06:30:00Z,2024-06-09,16,-2.28,APXMIDP
2024-06-09T07:00:00Z,2024-06-09,17,-12.01,APXMIDP
2024-06-09T07:30:00Z,2024-06-09,18,-3.55,APXMIDP
2024-06-09T08:00:00Z,2024-06-09,19,-16.53,APXMIDP
2024-06-09T08:30:00Z,2024-06-09,20,-13.71,APXMIDP
2024-06-09T09:00:00Z,2024-06-09,21,-19.66,APXMIDP
2024-06-09T09:30:00Z,2024-06-09,22,3.66,APXMIDP
2024-06-09T10:00:00Z,2024-06-09,23,0.44,APXMIDP
2024-06-09T10:30:00Z,2024-06-09,24,-0.22,APXMIDP
2024-06-09T11:00:00Z,2024-06-09,25,22.58,APXMIDP
2024-06-09T11:30:00Z,2024-06-09,26,34.98,APXMIDP
2024-06-09T12:00:00Z,2024-06-09,27,48.22,APXMIDP
2024-06-09T12:30:00Z,2024-06-09,28,44.44,APXMIDP
2024-06-09T13:00:00Z,2024-06-09,29,46.37,APXMIDP
2024-06-09T13:30:00Z,2024-06-09,30,50.31,APXMIDP
2024-06-09T14:00:00Z,2024-06-09,31,77.42,APXMIDP
2024-06-09T14:30:00Z,2024-06-09,32,83.6,APXMIDP
2024-06-09T15:00:00Z,2024-06-09,33,91.43,APXMIDP
2024-06-09T15:30:00Z,2024-06-09,34,96.68,APXMIDP
2024-06-09T16:00:00Z,2024-06-09,35,104.99,APXMIDP
2024-06-09T16:30:00Z,2024-06-09,36,108.18,APXMIDP
2024-06-09T17:00:00Z,2024-06-09,37,108.0,APXMIDP
2024-06-09T17:30:00Z,2024-06-09,38,108.22,APXMIDP
2024-06-09T18:00:00Z,2024-06-09,39,110.07,APXMIDP
2024-06-09T18:30:00Z,2024-06-09,40,106.52,APXMIDP
2024-06-09T19:00:00Z,2024-06-09,41,113.27,APXMIDP
2024-06-09T19:30:00Z,2024-06-09,42,107.97,APXMIDP
2024-06-09T20:00:00Z,2024-06-09,43,103.65,APXMIDP
2024-06-09T20:30:00Z,2024-06-09,44,96.84,APXMIDP
2024-06-09T21:00:00Z,2024-06-09,45,81.74,APXMIDP
2024-06-09T21:30:00Z,2024-06-09,46,83.44,APXMIDP
2024-06-09T22:00:00Z,2024-06-09,47,67.05,APXMIDP
2024-06-09T22:30:00Z,2024-06-09,48,53.2,APXMIDP
2024-06-09T23:00:00Z,2024-06-10,1,42.59,APXMIDP
2024-06-09T23:30:00Z,2024-06-10,2,25.32,APXMIDP
2024-06-10T00:00:00Z,2024-06-10,3,27.94,APXMIDP
2024-06-10T00:30:00Z,2024-06-10,4,30.97,APXMIDP
2024-06-10T01:00:00Z,2024-06-10,5,28.01,APXMIDP
2024-06-10T01:30:00Z,2024-06-10,6,22.58,APXMIDP
2024-06-10T02:00:00Z,2024-06-10,7,13.37,APXMIDP
2024-06-10T02:30:00Z,2024-06-10,8,9.86,APXMIDP
2024-06-10T03:00:00Z,2024-06-10,9,5.14,APXMIDP
2024-06-10T03:30:00Z,2024-06-10,10,-7.01,APXMIDP
2024-06-10T04:00:00Z,2024-06-10,11,12.33,APXMIDP
2024-06-10T04:30:00Z,2024-06-10,12,20.09,APXMIDP
2024-06-10T05:00:00Z,2024-06-10,13,39.85,APXMIDP
2024-06-10T05:30:00Z,2024-06-10,14,51.85,APXMIDP
2024-06-10T06:00:00Z,2024-06-10,15,52.7,APXMIDP
2024-06-10T06:30:00Z,2024-06-10,16,65.4,APXMIDP
2024-06-10T07:00:00Z,2024-06-10,17,64.25,APXMIDP
2024-06-10T07:30:00Z,2024-06-10,18,64.37,APXMIDP
2024-06-10T08:00:00Z,2024-06-10,19,57.69,APXMIDP
2024-06-10T08:30:00Z,2024-06-10,20,38.2,APXMIDP
2024-06-10T09:00:00Z,2024-06-10,21,49.42,APXMIDP
2024-06-10T09:30:00Z,2024-06-10,22,51.62,APXMIDP
2024-06-10T10:00:00Z,2024-06-10,23,43.79,APXMIDP
2024-06-10T10:30:00Z,2024-06-10,24,41.79,APXMIDP
2024-06-10T11:00:00Z,2024-06-10,25,42.95,APXMIDP
2024-06-10T11:30:00Z,2024-06-10,26,37.81,APXMIDP
2024-06-10T12:00:00Z,2024-06-10,27,36.97,APXMIDP
2024-06-10T12:30:00Z,2024-06-10,28,29.59,APXMIDP
2024-06-10T13:00:00Z,2024-06-10,29,24.74,APXMIDP
2024-06-10T13:30:00Z,2024-06-10,30,17.99,APXMIDP
2024-06-10T14:00:00Z,2024-06-10,31,26.73,APXMIDP
2024-06-10T14:30:00Z,2024-06-10,32,33.72,APXMIDP
2024-06-10T15:00:00Z,2024-06-10,33,30.19,APXMIDP
2024-06-10T15:30:00Z,2024-06-10,34,51.77,APXMIDP
2024-06-10T16:00:00Z,2024-06-10,35,62.46,APXMIDP
2024-06-10T16:30:00Z,2024-06-10,36,70.77,APXMIDP
2024-06-10T17:00:00Z,2024-06-10,37,82.13,APXMIDP
2024-06-10T17:30:00Z,2024-06-10,38,83.65,APXMIDP
2024-06-10T18:00:00Z,2024-06-10,39,84.29,APXMIDP
2024-06-10T18:30:00Z,2024-06-10,40,91.38,APXMIDP
2024-06-10T19:00:00Z,2024-06-10,41,81.78,APXMIDP
2024-06-10T19:30:00Z,2024-06-10,42,84.19,APXMIDP
2024-06-10T20:00:00Z,2024-06-10,43,80.33,APXMIDP
2024-06-10T20:30:00Z,2024-06-10,44,82.13,APXMIDP
2024-06-10T21:00:00Z,2024-06-10,45,75.52,APXMIDP
2024-06-10T21:30:00Z,2024-06-10,46,67.49,APXMIDP
2024-06-10T22:00:00Z,2024-06-10,47,75.07,APXMIDP
2024-06-10T22:30:00Z,2024-06-10,48,69.44,APXMIDP
2024-06-10T23:00:00Z,2024-06-11,1,60.34,APXMIDP
2024-06-10T23:30:00Z,2024-06-11,2,58.26,APXMIDP
2024-06-11T00:00:00Z,2024-06-11,3,61.28,APXMIDP
2024-06-11T00:30:00Z,2024-06-11,4,61.42,APXMIDP
2024-06-11T01:00:00Z,2024-06-11,5,59.06,APXMIDP
2024-06-11T01:30:00Z,2024-06-11,6,53.44,APXMIDP
2024-06-11T02:00:00Z,2024-06-11,7,43.1,APXMIDP
2024-06-11T02:30:00Z,2024-06-11,8,38.98,APXMIDP
2024-06-11T03:00:00Z,2024-06-11,9,44.92,APXMIDP
2024-06-11T03:30:00Z,2024-06-11,10,43.18,APXMIDP
2024-06-11T04:00:00Z,2024-06-11,11,54.29,APXMIDP
2024-06-11T04:30:00Z,2024-06-11,12,53.24,APXMIDP
2024-06-11T05:00:00Z,2024-06-11,13,53.86,APXMIDP
2024-06-11T05:30:00Z,2024-06-11,14,73.45,APXMIDP
2024-06-11T06:00:00Z,2024-06-11,15,75.28,APXMIDP
2024-06-11T06:30:00Z,2024-06-11,16,79.38,APXMIDP
2024-06-11T07:00:00Z,2024-06-11,17,75.15,APXMIDP
2024-06-11T07:30:00Z,2024-06-11,18,73.1,APXMIDP
2024-06-11T08:00:00Z,2024-06-11,19,73.54,APXMIDP
2024-06-11T08:30:00Z,2024-06-11,20,73.08,APXMIDP
2024-06-11T09:00:00Z,2024-06-11,21,77.58,APXMIDP
2024-06-11T09:30:00Z,2024-06-11,22,78.03,APXMIDP
2024-06-11T10:00:00Z,2024-06-11,23,81.94,APXMIDP
2024-06-11T10:30:00Z,2024-06-11,24,83.77,APXMIDP
2024-06-11T11:00:00Z,2024-06-11,25,85.16,APXMIDP
2024-06-11T11:30:00Z,2024-06-11,26,82.72,APXMIDP
2024-06-11T12:00:00Z,2024-06-11,27,80.42,APXMIDP
2024-06-11T12:30:00Z,2024-06-11,28,77.76,APXMIDP
2024-06-11T13:00:00Z,2024-06-11,29,79.0,APXMIDP
2024-06-11T13:30:00Z,2024-06-11,30,80.86,APXMIDP
2024-06-11T14:00:00Z,2024-06-11,31,74.2,APXMIDP
2024-06-11T14:30:00Z,2024-06-11,32,78.24,APXMIDP
2024-06-11T15:00:00Z,2024-06-11,33,80.28,APXMIDP
2024-06-11T15:30:00Z,2024-06-11,34,83.21,APXMIDP
2024-06-11T16:00:00Z,2024-06-11,35,94.31,APXMIDP
2024-06-11T16:30:00Z,2024-06-11,36,99.12,APXMIDP
2024-06-11T17:00:00Z,2024-06-11,37,95.65,APXMIDP
2024-06-11T17:30:00Z,2024-06-11,38,97.39,APXMIDP
2024-06-11T18:00:00Z,2024-06-11,39,109.6,APXMIDP
2024-06-11T18:30:00Z,2024-06-11,40,109.24,APXMIDP
2024-06-11T19:00:00Z,2024-06-11,41,106.99,APXMIDP
2024-06-11T19:30:00Z,2024-06-11,42,104.17,APXMIDP
2024-06-11T20:00:00Z,2024-06-11,43,102.92,APXMIDP
2024-06-11T20:30:00Z,2024-06-11,44,94.9,APXMIDP
2024-06-11T21:00:00Z,2024-06-11,45,89.02,APXMIDP
2024-06-11T21:30:00Z,2024-06-11,46,88.61,APXMIDP
2024-06-11T22:00:00Z,2024-06-11,47,73.98,APXMIDP
2024-06-11T22:30:00Z,2024-06-11,48,66.42,APXMIDP
2024-06-11T23:00:00Z,2024-06-12,1,62.71,APXMIDP
2024-06-11T23:30:00Z,2024-06-12,2,61.49,APXMIDP
2024-06-12T00:00:00Z,2024-06-12,3,65.94,APXMIDP
2024-06-12T00:30:00Z,2024-06-12,4,64.4,APXMIDP
2024-06-12T01:00:00Z,2024-06-12,5,60.15,APXMIDP
2024-06-12T01:30:00Z,2024-06-12,6,63.43,APXMIDP
2024-06-12T02:00:00Z,2024-06-12,7,66.85,APXMIDP
2024-06-12T02:30:00Z,2024-06-12,8,66.88,APXMIDP
2024-06-12T03:00:00Z,2024-06-12,9,69.58,APXMIDP
2024-06-12T03:30:00Z,2024-06-12,10,68.56,APXMIDP
2024-06-12T04:00:00Z,2024-06-12,11,87.34,APXMIDP
2024-06-12T04:30:00Z,2024-06-12,12,91.03,APXMIDP
2024-06-12T05:00:00Z,2024-06-12,13,91.2,APXMIDP
2024-06-12T05:30:00Z,2024-06-12,14,85.3,APXMIDP
2024-06-12T06:00:00Z,2024-06-12,15,84.23,APXMIDP
2024-06-12T06:30:00Z,2024-06-12,16,101.48,APXMIDP
2024-06-12T07:00:00Z,2024-06-12,17,93.81,APXMIDP
2024-06-12T07:30:00Z,2024-06-12,18,95.94,APXMIDP
2024-06-12T08:00:00Z,2024-06-12,19,96.49,APXMIDP
2024-06-12T08:30:00Z,2024-06-12,20,86.28,APXMIDP
2024-06-12T09:00:00Z,2024-06-12,21,83.45,APXMIDP
2024-06-12T09:30:00Z,2024-06-12,22,80.16,APXMIDP
2024-06-12T10:00:00Z,2024-06-12,23,81.52,APXMIDP
2024-06-12T10:30:00Z,2024-06-12,24,82.3,APXMIDP
2024-06-12T11:00:00Z,2024-06-12,25,80.84,APXMIDP
2024-06-12T11:30:00Z,2024-06-12,26,83.14,APXMIDP
2024-06-12T12:00:00Z,2024-06-12,27,83.49,APXMIDP
2024-06-12T12:30:00Z,2024-06-12,28,78.63,APXMIDP
2024-06-12T13:00:00Z,2024-06-12,29,78.34,APXMIDP
2024-06-12T13:30:00Z,2024-06-12,30,77.54,APXMIDP
2024-06-12T14:00:00Z,2024-06-12,31,72.35,APXMIDP
2024-06-12T14:30:00Z,2024-06-12,32,77.22,APXMIDP
2024-06-12T15:00:00Z,2024-06-12,33,82.53,APXMIDP
2024-06-12T15:30:00Z,2024-06-12,34,83.56,APXMIDP
2024-06-12T16:00:00Z,2024-06-12,35,84.54,APXMIDP
2024-06-12T16:30:00Z,2024-06-12,36,87.64,APXMIDP
2024-06-12T17:00:00Z,2024-06-12,37,93.43,APXMIDP
2024-06-12T17:30:00Z,2024-06-12,38,93.35,APXMIDP
2024-06-12T18:00:00Z,2024-06-12,39,97.55,APXMIDP
2024-06-12T18:30:00Z,2024-06-12,40,100.85,APXMIDP
2024-06-12T19:00:00Z,2024-06-12,41,103.7,APXMIDP
2024-06-12T19:30:00Z,2024-06-12,42,99.04,APXMIDP
2024-06-12T20:00:00Z,2024-06-12,43,98.27,APXMIDP
2024-06-12T20:30:00Z,2024-06-12,44,90.25,APXMIDP
2024-06-12T21:00:00Z,2024-06-12,45,88.8,APXMIDP
2024-06-12T21:30:00Z,2024-06-12,46,82.62,APXMIDP
2024-06-12T22:00:00Z,2024-06-12,47,82.58,APXMIDP
2024-06-12T22:30:00Z,2024-06-12,48,92.33,APXMIDP
2024-06-12T23:00:00Z,2024-06-13,1,81.07,APXMIDP
2024-06-12T23:30:00Z,2024-06-13,2,76.46,APXMIDP
2024-06-13T00:00:00Z,2024-06-13,3,79.8,APXMIDP
2024-06-13T00:30:00Z,2024-06-13,4,78.61,APXMIDP
2024-06-13T01:00:00Z,2024-06-13,5,77.74,APXMIDP
2024-06-13T01:30:00Z,2024-06-13,6,76.2,APXMIDP
2024-06-13T02:00:00Z,2024-06-13,7,74.6,APXMIDP
2024-06-13T02:30:00Z,2024-06-13,8,75.93,APXMIDP
2024-06-13T03:00:00Z,2024-06-13,9,83.69,APXMIDP
2024-06-13T03:30:00Z,2024-06-13,10,81.87,APXMIDP
2024-06-13T04:00:00Z,2024-06-13,11,87.03,APXMIDP
2024-06-13T04:30:00Z,2024-06-13,12,91.99,APXMIDP
2024-06-13T05:00:00Z,2024-06-13,13,91.85,APXMIDP
2024-06-13T05:30:00Z,2024-06-13,14,98.27,APXMIDP
2024-06-13T06:00:00Z,2024-06-13,15,85.58,APXMIDP
2024-06-13T06:30:00Z,2024-06-13,16,86.67,APXMIDP
2024-06-13T07:00:00Z,2024-06-13,17,96.6,APXMIDP
2024-06-13T07:30:00Z,2024-06-13,18,97.89,APXMIDP
2024-06-13T08:00:00Z,2024-06-13,19,94.4,APXMIDP
2024-06-13T08:30:00Z,2024-06-13,20,87.62,APXMIDP
2024-06-13T09:00:00Z,2024-06-13,21,79.11,APXMIDP
2024-06-13T09:30:00Z,2024-06-13,22,84.75,APXMIDP
2024-06-13T10:00:00Z,2024-06-13,23,90.44,APXMIDP
2024-06-13T10:30:00Z,2024-06-13,24,89.0,APXMIDP
2024-06-13T11:00:00Z,2024-06-13,25,93.66,APXMIDP
2024-06-13T11:30:00Z,2024-06-13,26,89.19,APXMIDP
2024-06-13T12:00:00Z,2024-06-13,27,74.56,APXMIDP
2024-06-13T12:30:00Z,2024-06-13,28,72.01,APXMIDP
2024-06-13T13:00:00Z,2024-06-13,29,71.3,APXMIDP
2024-06-13T13:30:00Z,2024-06-13,30,70.89,APXMIDP
2024-06-13T14:00:00Z,2024-06-13,31,63.24,APXMIDP
2024-06-13T14:30:00Z,2024-06-13,32,72.92,APXMIDP
2024-06-13T15:00:00Z,2024-06-13,33,70.46,APXMIDP
2024-06-13T15:30:00Z,2024-06-13,34,73.38,APXMIDP
2024-06-13T16:00:00Z,2024-06-13,35,88.26,APXMIDP
2024-06-13T16:30:00Z,2024-06-13,36,92.43,APXMIDP
2024-06-13T17:00:00Z,2024-06-13,37,105.32,APXMIDP
2024-06-13T17:30:00Z,2024-06-13,38,103.8,APXMIDP
2024-06-13T18:00:00Z,2024-06-13,39,102.14,APXMIDP
2024-06-13T18:30:00Z,2024-06-13,40,96.29,APXMIDP
2024-06-13T19:00:00Z,2024-06-13,41,95.34,APXMIDP
2024-06-13T19:30:00Z,2024-06-13,42,89.45,APXMIDP
2024-06-13T20:00:00Z,2024-06-13,43,85.83,APXMIDP
2024-06-13T20:30:00Z,2024-06-13,44,80.32,APXMIDP
2024-06-13T21:00:00Z,2024-06-13,45,82.2,APXMIDP
2024-06-13T21:30:00Z,2024-06-13,46,74.63,APXMIDP
2024-06-13T22:00:00Z,2024-06-13,47,62.25,APXMIDP
2024-06-13T22:30:00Z,2024-06-13,48,43.43,APXMIDP
2024-06-13T23:00:00Z,2024-06-14,1,59.31,APXMIDP
2024-06-13T23:30:00Z,2024-06-14,2,64.07,APXMIDP
2024-06-14T00:00:00Z,2024-06-14,3,45.7,APXMIDP
2024-06-14T00:30:00Z,2024-06-14,4,49.65,APXMIDP
2024-06-14T01:00:00Z,2024-06-14,5,64.44,APXMIDP
2024-06-14T01:30:00Z,2024-06-14,6,63.83,APXMIDP
2024-06-14T02:00:00Z,2024-06-14,7,66.88,APXMIDP
2024-06-14T02:30:00Z,2024-06-14,8,68.69,APXMIDP
2024-06-14T03:00:00Z,2024-06-14,9,69.48,APXMIDP
2024-06-14T03:30:00Z,2024-06-14,10,69.66,APXMIDP
2024-06-14T04:00:00Z,2024-06-14,11,67.36,APXMIDP
2024-06-14T04:30:00Z,2024-06-14,12,80.75,APXMIDP
2024-06-14T05:00:00Z,2024-06-14,13,76.65,APXMIDP
2024-06-14T05:30:00Z,2024-06-14,14,98.13,APXMIDP
2024-06-14T06:00:00Z,2024-06-14,15,95.1,APXMIDP
2024-06-14T06:30:00Z,2024-06-14,16,98.68,APXMIDP
2024-06-14T07:00:00Z,2024-06-14,17,91.99,APXMIDP
2024-06-14T07:30:00Z,2024-06-14,18,93.36,APXMIDP
2024-06-14T08:00:00Z,2024-06-14,19,92.96,APXMIDP
2024-06-14T08:30:00Z,2024-06-14,20,94.53,APXMIDP
2024-06-14T09:00:00Z,2024-06-14,21,91.92,APXMIDP
2024-06-14T09:30:00Z,2024-06-14,22,89.44,APXMIDP
2024-06-14T10:00:00Z,2024-06-14,23,81.22,APXMIDP
2024-06-14T10:30:00Z,2024-06-14,24,77.36,APXMIDP
2024-06-14T11:00:00Z,2024-06-14,25,83.32,APXMIDP
2024-06-14T11:30:00Z,2024-06-14,26,82.7,APXMIDP
2024-06-14T12:00:00Z,2024-06-14,27,78.13,APXMIDP
2024-06-14T12:30:00Z,2024-06-14,28,64.98,APXMIDP
2024-06-14T13:00:00Z,2024-06-14,29,61.76,APXMIDP
2024-06-14T13:30:00Z,2024-06-14,30,61.31,APXMIDP
2024-06-14T14:00:00Z,2024-06-14,31,58.52,APXMIDP
2024-06-14T14:30:00Z,2024-06-14,32,72.55,APXMIDP
2024-06-14T15:00:00Z,2024-06-14,33,73.82,APXMIDP
2024-06-14T15:30:00Z,2024-06-14,34,81.33,APXMIDP
2024-06-14T16:00:00Z,2024-06-14,35,82.44,APXMIDP
2024-06-14T16:30:00Z,2024-06-14,36,92.27,APXMIDP
2024-06-14T17:00:00Z,2024-06-14,37,103.64,APXMIDP
2024-06-14T17:30:00Z,2024-06-14,38,103.97,APXMIDP
2024-06-14T18:00:00Z,2024-06-14,39,112.4,APXMIDP
2024-06-14T18:30:00Z,2024-06-14,40,112.97,APXMIDP
2024-06-14T19:00:00Z,2024-06-14,41,111.56,APXMIDP
2024-06-14T19:30:00Z,2024-06-14,42,111.89,APXMIDP
2024-06-14T20:00:00Z,2024-06-14,43,99.56,APXMIDP
2024-06-14T20:30:00Z,2024-06-14,44,98.2,APXMIDP
2024-06-14T21:00:00Z,2024-06-14,45,105.39,APXMIDP
2024-06-14T21:30:00Z,2024-06-14,46,107.07,APXMIDP
2024-06-14T22:00:00Z,2024-06-14,47,104.19,APXMIDP
2024-06-14T22:30:00Z,2024-06-14,48,99.39,APXMIDP
2024-06-14T23:00:00Z,2024-06-15,1,90.34,APXMIDP
2024-06-14T23:30:00Z,2024-06-15,2,91.92,APXMIDP
2024-06-15T00:00:00Z,2024-06-15,3,86.08,APXMIDP
2024-06-15T00:30:00Z,2024-06-15,4,80.07,APXMIDP
2024-06-15T01:00:00Z,2024-06-15,5,78.36,APXMIDP
2024-06-15T01:30:00Z,2024-06-15,6,79.6,APXMIDP
2024-06-15T02:00:00Z,2024-06-15,7,82.31,APXMIDP
2024-06-15T02:30:00Z,2024-06-15,8,87.3,APXMIDP
2024-06-15T03:00:00Z,2024-06-15,9,88.85,APXMIDP
2024-06-15T03:30:00Z,2024-06-15,10,89.03,APXMIDP
2024-06-15T04:00:00Z,2024-06-15,11,90.56,APXMIDP
2024-06-15T04:30:00Z,2024-06-15,12,88.53,APXMIDP
2024-06-15T05:00:00Z,2024-06-15,13,86.13,APXMIDP
2024-06-15T05:30:00Z,2024-06-15,14,92.04,APXMIDP
2024-06-15T06:00:00Z,2024-06-15,15,101.24,APXMIDP
2024-06-15T06:30:00Z,2024-06-15,16,102.5,APXMIDP
2024-06-15T07:00:00Z,2024-06-15,17,98.83,APXMIDP
2024-06-15T07:30:00Z,2024-06-15,18,100.2,APXMIDP
2024-06-15T08:00:00Z,2024-06-15,19,104.73,APXMIDP
2024-06-15T08:30:00Z,2024-06-15,20,105.44,APXMIDP
2024-06-15T09:00:00Z,2024-06-15,21,105.38,APXMIDP
2024-06-15T09:30:00Z,2024-06-15,22,105.49,APXMIDP
2024-06-15T10:00:00Z,2024-06-15,23,100.87,APXMIDP
2024-06-15T10:30:00Z,2024-06-15,24,97.29,APXMIDP
2024-06-15T11:00:00Z,2024-06-15,25,96.76,APXMIDP
2024-06-15T11:30:00Z,2024-06-15,26,95.87,APXMIDP
2024-06-15T12:00:00Z,2024-06-15,27,94.89,APXMIDP
2024-06-15T12:30:00Z,2024-06-15,28,92.73,APXMIDP
2024-06-15T13:00:00Z,2024-06-15,29,87.28,APXMIDP
2024-06-15T13:30:00Z,2024-06-15,30,81.79,APXMIDP
2024-06-15T14:00:00Z,2024-06-15,31,73.78,APXMIDP
2024-06-15T14:30:00Z,2024-06-15,32,83.95,APXMIDP
2024-06-15T15:00:00Z,2024-06-15,33,86.67,APXMIDP
2024-06-15T15:30:00Z,2024-06-15,34,90.04,APXMIDP
2024-06-15T16:00:00Z,2024-06-15,35,98.72,APXMIDP
2024-06-15T16:30:00Z,2024-06-15,36,100.93,APXMIDP
2024-06-15T17:00:00Z,2024-06-15,37,100.61,APXMIDP
2024-06-15T17:30:00Z,2024-06-15,38,99.53,APXMIDP
2024-06-15T18:00:00Z,2024-06-15,39,103.56,APXMIDP
2024-06-15T18:30:00Z,2024-06-15,40,102.8,APXMIDP
2024-06-15T19:00:00Z,2024-06-15,41,100.69,APXMIDP
2024-06-15T19:30:00Z,2024-06-15,42,99.14,APXMIDP
2024-06-15T20:00:00Z,2024-06-15,43,100.5,APXMIDP
2024-06-15T20:30:00Z,2024-06-15,44,97.74,APXMIDP
2024-06-15T21:00:00Z,2024-06-15,45,104.31,APXMIDP
2024-06-15T21:30:00Z,2024-06-15,46,91.63,APXMIDP
2024-06-15T22:00:00Z,2024-06-15,47,81.65,APXMIDP
2024-06-15T22:30:00Z,2024-06-15,48,74.19,APXMIDP
2024-06-15T23:00:00Z,2024-06-16,1,62.15,APXMIDP
2024-06-15T23:30:00Z,2024-06-16,2,40.09,APXMIDP
2024-06-16T00:00:00Z,2024-06-16,3,29.49,APXMIDP
2024-06-16T00:30:00Z,2024-06-16,4,24.97,APXMIDP
2024-06-16T01:00:00Z,2024-06-16,5,7.71,APXMIDP
2024-06-16T01:30:00Z,2024-06-16,6,2.43,APXMIDP
2024-06-16T02:00:00Z,2024-06-16,7,10.12,APXMIDP
2024-06-16T02:30:00Z,2024-06-16,8,1.35,APXMIDP
2024-06-16T03:00:00Z,2024-06-16,9,-1.47,APXMIDP
2024-06-16T03:30:00Z,2024-06-16,10,-5.36,APXMIDP
2024-06-16T04:00:00Z,2024-06-16,11,-2.95,APXMIDP
2024-06-16T04:30:00Z,2024-06-16,12,-4.2,APXMIDP
2024-06-16T05:00:00Z,2024-06-16,13,-4.92,APXMIDP
2024-06-16T05:30:00Z,2024-06-16,14,-7.66,APXMIDP
2024-06-16T06:00:00Z,2024-06-16,15,-14.28,APXMIDP
2024-06-16T06:30:00Z,2024-06-16,16,-11.35,APXMIDP
2024-06-16T07:00:00Z,2024-06-16,17,-4.31,APXMIDP
2024-06-16T07:30:00Z,2024-06-16,18,1.36,APXMIDP
2024-06-16T08:00:00Z,2024-06-16,19,-7.78,APXMIDP
2024-06-16T08:30:00Z,2024-06-16,20,-1.44,APXMIDP
2024-06-16T09:00:00Z,2024-06-16,21,-3.41,APXMIDP
2024-06-16T09:30:00Z,2024-06-16,22,-2.89,APXMIDP
2024-06-16T10:00:00Z,2024-06-16,23,13.25,APXMIDP
2024-06-16T10:30:00Z,2024-06-16,24,6.8,APXMIDP
2024-06-16T11:00:00Z,2024-06-16,25,12.63,APXMIDP
2024-06-16T11:30:00Z,2024-06-16,26,27.47,APXMIDP
2024-06-16T12:00:00Z,2024-06-16,27,21.7,APXMIDP
2024-06-16T12:30:00Z,2024-06-16,28,9.47,APXMIDP
2024-06-16T13:00:00Z,2024-06-16,29,3.7,APXMIDP
2024-06-16T13:30:00Z,2024-06-16,30,1.56,APXMIDP
2024-06-16T14:00:00Z,2024-06-16,31,-2.18,APXMIDP
2024-06-16T14:30:00Z,2024-06-16,32,4.54,APXMIDP
2024-06-16T15:00:00Z,2024-06-16,33,6.69,APXMIDP
2024-06-16T15:30:00Z,2024-06-16,34,18.86,APXMIDP
2024-06-16T16:00:00Z,2024-06-16,35,42.81,APXMIDP
2024-06-16T16:30:00Z,2024-06-16,36,41.1,APXMIDP
2024-06-16T17:00:00Z,2024-06-16,37,59.78,APXMIDP
2024-06-16T17:30:00Z,2024-06-16,38,60.98,APXMIDP
2024-06-16T18:00:00Z,2024-06-16,39,86.07,APXMIDP
2024-06-16T18:30:00Z,2024-06-16,40,86.44,APXMIDP
2024-06-16T19:00:00Z,2024-06-16,41,87.0,APXMIDP
2024-06-16T19:30:00Z,2024-06-16,42,89.23,APXMIDP
2024-06-16T20:00:00Z,2024-06-16,43,93.26,APXMIDP
2024-06-16T20:30:00Z,2024-06-16,44,94.72,APXMIDP
2024-06-16T21:00:00Z,2024-06-16,45,96.93,APXMIDP
2024-06-16T21:30:00Z,2024-06-16,46,88.21,APXMIDP
2024-06-16T22:00:00Z,2024-06-16,47,92.99,APXMIDP
2024-06-16T22:30:00Z,2024-06-16,48,82.17,APXMIDP
2024-06-16T23:00:00Z,2024-06-17,1,59.07,APXMIDP
2024-06-16T23:30:00Z,2024-06-17,2,61.33,APXMIDP
2024-06-17T00:00:00Z,2024-06-17,3,65.77,APXMIDP
2024-06-17T00:30:00Z,2024-06-17,4,71.18,APXMIDP
2024-06-17T01:00:00Z,2024-06-17,5,77.08,APXMIDP
2024-06-17T01:30:00Z,2024-06-17,6,77.89,APXMIDP
2024-06-17T02:00:00Z,2024-06-17,7,80.76,APXMIDP
2024-06-17T02:30:00Z,2024-06-17,8,83.34,APXMIDP
2024-06-17T03:00:00Z,2024-06-17,9,84.73,APXMIDP
2024-06-17T03:30:00Z,2024-06-17,10,83.25,APXMIDP
2024-06-17T04:00:00Z,2024-06-17,11,102.56,APXMIDP
2024-06-17T04:30:00Z,2024-06-17,12,102.12,APXMIDP
2024-06-17T05:00:00Z,2024-06-17,13,99.74,APXMIDP
2024-06-17T05:30:00Z,2024-06-17,14,101.46,APXMIDP
2024-06-17T06:00:00Z,2024-06-17,15,101.09,APXMIDP
2024-06-17T06:30:00Z,2024-06-17,16,108.75,APXMIDP
2024-06-17T07:00:00Z,2024-06-17,17,103.88,APXMIDP
2024-06-17T07:30:00Z,2024-06-17,18,100.47,APXMIDP
2024-06-17T08:00:00Z,2024-06-17,19,96.62,APXMIDP
2024-06-17T08:30:00Z,2024-06-17,20,93.23,APXMIDP
2024-06-17T09:00:00Z,2024-06-17,21,86.89,APXMIDP
2024-06-17T09:30:00Z,2024-06-17,22,88.1,APXMIDP
2024-06-17T10:00:00Z,2024-06-17,23,93.28,APXMIDP
2024-06-17T10:30:00Z,2024-06-17,24,91.82,APXMIDP
2024-06-17T11:00:00Z,2024-06-17,25,93.28,APXMIDP
2024-06-17T11:30:00Z,2024-06-17,26,91.85,APXMIDP
2024-06-17T12:00:00Z,2024-06-17,27,89.43,APXMIDP
2024-06-17T12:30:00Z,2024-06-17,28,87.04,APXMIDP
2024-06-17T13:00:00Z,2024-06-17,29,79.72,APXMIDP
2024-06-17T13:30:00Z,2024-06-17,30,78.09,APXMIDP
2024-06-17T14:00:00Z,2024-06-17,31,81.85,APXMIDP
2024-06-17T14:30:00Z,2024-06-17,32,82.78,APXMIDP
2024-06-17T15:00:00Z,2024-06-17,33,78.48,APXMIDP
2024-06-17T15:30:00Z,2024-06-17,34,81.13,APXMIDP
2024-06-17T16:00:00Z,2024-06-17,35,94.2,APXMIDP
2024-06-17T16:30:00Z,2024-06-17,36,95.75,APXMIDP
2024-06-17T17:00:00Z,2024-06-17,37,99.7,APXMIDP
2024-06-17T17:30:00Z,2024-06-17,38,98.33,APXMIDP
2024-06-17T18:00:00Z,2024-06-17,39,111.55,APXMIDP
2024-06-17T18:30:00Z,2024-06-17,40,111.52,APXMIDP
2024-06-17T19:00:00Z,2024-06-17,41,111.41,APXMIDP
2024-06-17T19:30:00Z,2024-06-17,42,105.83,APXMIDP
2024-06-17T20:00:00Z,2024-06-17,43,100.65,APXMIDP
2024-06-17T20:30:00Z,2024-06-17,44,100.49,APXMIDP
2024-06-17T21:00:00Z,2024-06-17,45,95.92,APXMIDP
2024-06-17T21:30:00Z,2024-06-17,46,88.59,APXMIDP
2024-06-17T22:00:00Z,2024-06-17,47,74.73,APXMIDP
2024-06-17T22:30:00Z,2024-06-17,48,93.49,APXMIDP
2024-06-17T23:00:00Z,2024-06-18,1,97.08,APXMIDP
2024-06-17T23:30:00Z,2024-06-18,2,92.21,APXMIDP
2024-06-18T00:00:00Z,2024-06-18,3,84.41,APXMIDP
2024-06-18T00:30:00Z,2024-06-18,4,82.19,APXMIDP
2024-06-18T01:00:00Z,2024-06-18,5,78.47,APXMIDP
2024-06-18T01:30:00Z,2024-06-18,6,75.6,APXMIDP
2024-06-18T02:00:00Z,2024-06-18,7,81.93,APXMIDP
2024-06-18T02:30:00Z,2024-06-18,8,75.88,APXMIDP
2024-06-18T03:00:00Z,2024-06-18,9,76.05,APXMIDP
2024-06-18T03:30:00Z,2024-06-18,10,72.32,APXMIDP
2024-06-18T04:00:00Z,2024-06-18,11,75.06,APXMIDP
2024-06-18T04:30:00Z,2024-06-18,12,75.94,APXMIDP
2024-06-18T05:00:00Z,2024-06-18,13,84.3,APXMIDP
2024-06-18T05:30:00Z,2024-06-18,14,93.73,APXMIDP
2024-06-18T06:00:00Z,2024-06-18,15,83.6,APXMIDP
2024-06-18T06:30:00Z,2024-06-18,16,95.0,APXMIDP
2024-06-18T07:00:00Z,2024-06-18,17,92.38,APXMIDP
2024-06-18T07:30:00Z,2024-06-18,18,84.94,APXMIDP
2024-06-18T08:00:00Z,2024-06-18,19,88.81,APXMIDP
2024-06-18T08:30:00Z,2024-06-18,20,83.88,APXMIDP
2024-06-18T09:00:00Z,2024-06-18,21,76.45,APXMIDP
2024-06-18T09:30:00Z,2024-06-18,22,77.25,APXMIDP
2024-06-18T10:00:00Z,2024-06-18,23,79.34,APXMIDP
2024-06-18T10:30:00Z,2024-06-18,24,73.96,APXMIDP
2024-06-18T11:00:00Z,2024-06-18,25,82.29,APXMIDP
2024-06-18T11:30:00Z,2024-06-18,26,83.67,APXMIDP
2024-06-18T12:00:00Z,2024-06-18,27,86.79,APXMIDP
2024-06-18T12:30:00Z,2024-06-18,28,85.65,APXMIDP
2024-06-18T13:00:00Z,2024-06-18,29,85.93,APXMIDP
2024-06-18T13:30:00Z,2024-06-18,30,83.71,APXMIDP
2024-06-18T14:00:00Z,2024-06-18,31,86.7,APXMIDP
2024-06-18T14:30:00Z,2024-06-18,32,96.15,APXMIDP
2024-06-18T15:00:00Z,2024-06-18,33,96.67,APXMIDP
2024-06-18T15:30:00Z,2024-06-18,34,97.87,APXMIDP
2024-06-18T16:00:00Z,2024-06-18,35,105.73,APXMIDP
2024-06-18T16:30:00Z,2024-06-18,36,103.92,APXMIDP
2024-06-18T17:00:00Z,2024-06-18,37,110.86,APXMIDP
2024-06-18T17:30:00Z,2024-06-18,38,109.03,APXMIDP
2024-06-18T18:00:00Z,2024-06-18,39,99.26,APXMIDP
2024-06-18T18:30:00Z,2024-06-18,40,102.69,APXMIDP
2024-06-18T19:00:00Z,2024-06-18,41,103.2,APXMIDP
2024-06-18T19:30:00Z,2024-06-18,42,100.94,APXMIDP
2024-06-18T20:00:00Z,2024-06-18,43,92.66,APXMIDP
2024-06-18T20:30:00Z,2024-06-18,44,89.56,APXMIDP
2024-06-18T21:00:00Z,2024-06-18,45,86.04,APXMIDP
2024-06-18T21:30:00Z,2024-06-18,46,85.28,APXMIDP
2024-06-18T22:00:00Z,2024-06-18,47,73.46,APXMIDP
2024-06-18T22:30:00Z,2024-06-18,48,95.23,APXMIDP
2024-06-18T23:00:00Z,2024-06-19,1,89.86,APXMIDP
2024-06-18T23:30:00Z,2024-06-19,2,84.24,APXMIDP
2024-06-19T00:00:00Z,2024-06-19,3,81.49,APXMIDP
2024-06-19T00:30:00Z,2024-06-19,4,78.74,APXMIDP
2024-06-19T01:00:00Z,2024-06-19,5,77.69,APXMIDP
2024-06-19T01:30:00Z,2024-06-19,6,74.57,APXMIDP
2024-06-19T02:00:00Z,2024-06-19,7,71.17,APXMIDP
2024-06-19T02:30:00Z,2024-06-19,8,76.15,APXMIDP
2024-06-19T03:00:00Z,2024-06-19,9,78.67,APXMIDP
2024-06-19T03:30:00Z,2024-06-19,10,78.69,APXMIDP
2024-06-19T04:00:00Z,2024-06-19,11,92.96,APXMIDP
2024-06-19T04:30:00Z,2024-06-19,12,97.49,APXMIDP
2024-06-19T05:00:00Z,2024-06-19,13,89.4,APXMIDP
2024-06-19T05:30:00Z,2024-06-19,14,84.48,APXMIDP
2024-06-19T06:00:00Z,2024-06-19,15,83.22,APXMIDP
2024-06-19T06:30:00Z,2024-06-19,16,97.69,APXMIDP
2024-06-19T07:00:00Z,2024-06-19,17,96.83,APXMIDP
2024-06-19T07:30:00Z,2024-06-19,18,95.19,APXMIDP
2024-06-19T08:00:00Z,2024-06-19,19,88.2,APXMIDP
2024-06-19T08:30:00Z,2024-06-19,20,88.45,APXMIDP
2024-06-19T09:00:00Z,2024-06-19,21,93.3,APXMIDP
2024-06-19T09:30:00Z,2024-06-19,22,88.56,APXMIDP
2024-06-19T10:00:00Z,2024-06-19,23,72.45,APXMIDP
2024-06-19T10:30:00Z,2024-06-19,24,68.44,APXMIDP
2024-06-19T11:00:00Z,2024-06-19,25,71.6,APXMIDP
2024-06-19T11:30:00Z,2024-06-19,26,69.72,APXMIDP
2024-06-19T12:00:00Z,2024-06-19,27,66.36,APXMIDP
2024-06-19T12:30:00Z,2024-06-19,28,68.29,APXMIDP
2024-06-19T13:00:00Z,2024-06-19,29,66.92,APXMIDP
2024-06-19T13:30:00Z,2024-06-19,30,65.96,APXMIDP
2024-06-19T14:00:00Z,2024-06-19,31,69.61,APXMIDP
2024-06-19T14:30:00Z,2024-06-19,32,70.21,APXMIDP
2024-06-19T15:00:00Z,2024-06-19,33,70.79,APXMIDP
2024-06-19T15:30:00Z,2024-06-19,34,76.02,APXMIDP
2024-06-19T16:00:00Z,2024-06-19,35,80.72,APXMIDP
2024-06-19T16:30:00Z,2024-06-19,36,77.84,APXMIDP
2024-06-19T17:00:00Z,2024-06-19,37,77.63,APXMIDP
2024-06-19T17:30:00Z,2024-06-19,38,78.27,APXMIDP
2024-06-19T18:00:00Z,2024-06-19,39,96.31,APXMIDP
2024-06-19T18:30:00Z,2024-06-19,40,99.8,APXMIDP
2024-06-19T19:00:00Z,2024-06-19,41,101.74,APXMIDP
2024-06-19T19:30:00Z,2024-06-19,42,99.86,APXMIDP
2024-06-19T20:00:00Z,2024-06-19,43,96.44,APXMIDP
2024-06-19T20:30:00Z,2024-06-19,44,93.25,APXMIDP
2024-06-19T21:00:00Z,2024-06-19,45,84.8,APXMIDP
2024-06-19T21:30:00Z,2024-06-19,46,78.06,APXMIDP
2024-06-19T22:00:00Z,2024-06-19,47,70.73,APXMIDP
2024-06-19T22:30:00Z,2024-06-19,48,74.84,APXMIDP
2024-06-19T23:00:00Z,2024-06-20,1,74.15,APXMIDP
2024-06-19T23:30:00Z,2024-06-20,2,73.82,APXMIDP
2024-06-20T00:00:00Z,2024-06-20,3,71.95,APXMIDP
2024-06-20T00:30:00Z,2024-06-20,4,73.4,APXMIDP
2024-06-20T01:00:00Z,2024-06-20,5,73.72,APXMIDP
2024-06-20T01:30:00Z,2024-06-20,6,71.79,APXMIDP
2024-06-20T02:00:00Z,2024-06-20,7,73.62,APXMIDP
2024-06-20T02:30:00Z,2024-06-20,8,82.82,APXMIDP
2024-06-20T03:00:00Z,2024-06-20,9,89.01,APXMIDP
2024-06-20T03:30:00Z,2024-06-20,10,87.85,APXMIDP
2024-06-20T04:00:00Z,2024-06-20,11,98.07,APXMIDP
2024-06-20T04:30:00Z,2024-06-20,12,99.93,APXMIDP
2024-06-20T05:00:00Z,2024-06-20,13,89.23,APXMIDP
2024-06-20T05:30:00Z,2024-06-20,14,99.33,APXMIDP
2024-06-20T06:00:00Z,2024-06-20,15,98.89,APXMIDP
2024-06-20T06:30:00Z,2024-06-20,16,104.5,APXMIDP
2024-06-20T07:00:00Z,2024-06-20,17,94.63,APXMIDP
2024-06-20T07:30:00Z,2024-06-20,18,90.18,APXMIDP
2024-06-20T08:00:00Z,2024-06-20,19,89.37,APXMIDP
2024-06-20T08:30:00Z,2024-06-20,20,85.9,APXMIDP
2024-06-20T09:00:00Z,2024-06-20,21,84.37,APXMIDP
2024-06-20T09:30:00Z,2024-06-20,22,78.74,APXMIDP
2024-06-20T10:00:00Z,2024-06-20,23,70.79,APXMIDP
2024-06-20T10:30:00Z,2024-06-20,24,70.61,APXMIDP
2024-06-20T11:00:00Z,2024-06-20,25,71.46,APXMIDP
2024-06-20T11:30:00Z,2024-06-20,26,71.48,APXMIDP
2024-06-20T12:00:00Z,2024-06-20,27,74.77,APXMIDP
2024-06-20T12:30:00Z,2024-06-20,28,74.05,APXMIDP
2024-06-20T13:00:00Z,2024-06-20,29,77.92,APXMIDP
2024-06-20T13:30:00Z,2024-06-20,30,74.74,APXMIDP
2024-06-20T14:00:00Z,2024-06-20,31,71.83,APXMIDP
2024-06-20T14:30:00Z,2024-06-20,32,76.95,APXMIDP
2024-06-20T15:00:00Z,2024-06-20,33,77.72,APXMIDP
2024-06-20T15:30:00Z,2024-06-20,34,77.59,APXMIDP
2024-06-20T16:00:00Z,2024-06-20,35,82.76,APXMIDP
2024-06-20T16:30:00Z,2024-06-20,36,84.86,APXMIDP
2024-06-20T17:00:00Z,2024-06-20,37,95.26,APXMIDP
2024-06-20T17:30:00Z,2024-06-20,38,93.52,APXMIDP
2024-06-20T18:00:00Z,2024-06-20,39,99.23,APXMIDP
2024-06-20T18:30:00Z,2024-06-20,40,101.24,APXMIDP
2024-06-20T19:00:00Z,2024-06-20,41,101.95,APXMIDP
2024-06-20T19:30:00Z,2024-06-20,42,101.24,APXMIDP
2024-06-20T20:00:00Z,2024-06-20,43,103.03,APXMIDP
2024-06-20T20:30:00Z,2024-06-20,44,93.87,APXMIDP
2024-06-20T21:00:00Z,2024-06-20,45,89.32,APXMIDP
2024-06-20T21:30:00Z,2024-06-20,46,82.16,APXMIDP
2024-06-20T22:00:00Z,2024-06-20,47,79.91,APXMIDP
2024-06-20T22:30:00Z,2024-06-20,48,89.46,APXMIDP
2024-06-20T23:00:00Z,2024-06-21,1,83.61,APXMIDP
2024-06-20T23:30:00Z,2024-06-21,2,82.74,APXMIDP
2024-06-21T00:00:00Z,2024-06-21,3,86.2,APXMIDP
2024-06-21T00:30:00Z,2024-06-21,4,85.7,APXMIDP
2024-06-21T01:00:00Z,2024-06-21,5,82.08,APXMIDP
2024-06-21T01:30:00Z,2024-06-21,6,75.57,APXMIDP
2024-06-21T02:00:00Z,2024-06-21,7,71.94,APXMIDP
2024-06-21T02:30:00Z,2024-06-21,8,69.58,APXMIDP
2024-06-21T03:00:00Z,2024-06-21,9,71.46,APXMIDP
2024-06-21T03:30:00Z,2024-06-21,10,68.36,APXMIDP
2024-06-21T04:00:00Z,2024-06-21,11,83.78,APXMIDP
2024-06-21T04:30:00Z,2024-06-21,12,85.96,APXMIDP
2024-06-21T05:00:00Z,2024-06-21,13,88.92,APXMIDP
2024-06-21T05:30:00Z,2024-06-21,14,100.21,APXMIDP
2024-06-21T06:00:00Z,2024-06-21,15,100.01,APXMIDP
2024-06-21T06:30:00Z,2024-06-21,16,104.32,APXMIDP
2024-06-21T07:00:00Z,2024-06-21,17,98.15,APXMIDP
2024-06-21T07:30:00Z,2024-06-21,18,95.32,APXMIDP
2024-06-21T08:00:00Z,2024-06-21,19,91.12,APXMIDP
2024-06-21T08:30:00Z,2024-06-21,20,86.95,APXMIDP
2024-06-21T09:00:00Z,2024-06-21,21,86.63,APXMIDP
2024-06-21T09:30:00Z,2024-06-21,22,82.63,APXMIDP
2024-06-21T10:00:00Z,2024-06-21,23,75.93,APXMIDP
2024-06-21T10:30:00Z,2024-06-21,24,80.42,APXMIDP
2024-06-21T11:00:00Z,2024-06-21,25,79.81,APXMIDP
2024-06-21T11:30:00Z,2024-06-21,26,78.37,APXMIDP
2024-06-21T12:00:00Z,2024-06-21,27,80.13,APXMIDP
2024-06-21T12:30:00Z,2024-06-21,28,75.9,APXMIDP
2024-06-21T13:00:00Z,2024-06-21,29,77.9,APXMIDP
2024-06-21T13:30:00Z,2024-06-21,30,77.35,APXMIDP
2024-06-21T14:00:00Z,2024-06-21,31,76.7,APXMIDP
2024-06-21T14:30:00Z,2024-06-21,32,74.95,APXMIDP
2024-06-21T15:00:00Z,2024-06-21,33,72.69,APXMIDP
2024-06-21T15:30:00Z,2024-06-21,34,75.98,APXMIDP
2024-06-21T16:00:00Z,2024-06-21,35,80.01,APXMIDP
2024-06-21T16:30:00Z,2024-06-21,36,86.08,APXMIDP
2024-06-21T17:00:00Z,2024-06-21,37,94.96,APXMIDP
2024-06-21T17:30:00Z,2024-06-21,38,94.99,APXMIDP
2024-06-21T18:00:00Z,2024-06-21,39,96.1,APXMIDP
2024-06-21T18:30:00Z,2024-06-21,40,94.02,APXMIDP
2024-06-21T19:00:00Z,2024-06-21,41,93.31,APXMIDP
2024-06-21T19:30:00Z,2024-06-21,42,92.37,APXMIDP
2024-06-21T20:00:00Z,2024-06-21,43,88.94,APXMIDP
2024-06-21T20:30:00Z,2024-06-21,44,93.48,APXMIDP
2024-06-21T21:00:00Z,2024-06-21,45,95.8,APXMIDP
2024-06-21T21:30:00Z,2024-06-21,46,91.5,APXMIDP
2024-06-21T22:00:00Z,2024-06-21,47,81.92,APXMIDP
2024-06-21T22:30:00Z,2024-06-21,48,84.57,APXMIDP
2024-06-21T23:00:00Z,2024-06-22,1,76.2,APXMIDP
2024-06-21T23:30:00Z,2024-06-22,2,68.56,APXMIDP
2024-06-22T00:00:00Z,2024-06-22,3,71.58,APXMIDP
2024-06-22T00:30:00Z,2024-06-22,4,66.7,APXMIDP
2024-06-22T01:00:00Z,2024-06-22,5,67.51,APXMIDP
2024-06-22T01:30:00Z,2024-06-22,6,68.33,APXMIDP
2024-06-22T02:00:00Z,2024-06-22,7,66.2,APXMIDP
2024-06-22T02:30:00Z,2024-06-22,8,66.31,APXMIDP
2024-06-22T03:00:00Z,2024-06-22,9,59.18,APXMIDP
2024-06-22T03:30:00Z,2024-06-22,10,60.04,APXMIDP
2024-06-22T04:00:00Z,2024-06-22,11,62.4,APXMIDP
2024-06-22T04:30:00Z,2024-06-22,12,60.44,APXMIDP
2024-06-22T05:00:00Z,2024-06-22,13,63.45,APXMIDP
2024-06-22T05:30:00Z,2024-06-22,14,66.45,APXMIDP
2024-06-22T06:00:00Z,2024-06-22,15,71.33,APXMIDP
2024-06-22T06:30:00Z,2024-06-22,16,69.73,APXMIDP
2024-06-22T07:00:00Z,2024-06-22,17,80.53,APXMIDP
2024-06-22T07:30:00Z,2024-06-22,18,91.07,APXMIDP
2024-06-22T08:00:00Z,2024-06-22,19,93.9,APXMIDP
2024-06-22T08:30:00Z,2024-06-22,20,88.33,APXMIDP
2024-06-22T09:00:00Z,2024-06-22,21,85.81,APXMIDP
2024-06-22T09:30:00Z,2024-06-22,22,84.08,APXMIDP
2024-06-22T10:00:00Z,2024-06-22,23,83.2,APXMIDP
2024-06-22T10:30:00Z,2024-06-22,24,77.82,APXMIDP
2024-06-22T11:00:00Z,2024-06-22,25,85.04,APXMIDP
2024-06-22T11:30:00Z,2024-06-22,26,82.91,APXMIDP
2024-06-22T12:00:00Z,2024-06-22,27,73.35,APXMIDP
2024-06-22T12:30:00Z,2024-06-22,28,71.31,APXMIDP
2024-06-22T13:00:00Z,2024-06-22,29,72.25,APXMIDP
2024-06-22T13:30:00Z,2024-06-22,30,62.42,APXMIDP
2024-06-22T14:00:00Z,2024-06-22,31,55.67,APXMIDP
2024-06-22T14:30:00Z,2024-06-22,32,48.12,APXMIDP
2024-06-22T15:00:00Z,2024-06-22,33,50.22,APXMIDP
2024-06-22T15:30:00Z,2024-06-22,34,70.41,APXMIDP
2024-06-22T16:00:00Z,2024-06-22,35,70.09,APXMIDP
2024-06-22T16:30:00Z,2024-06-22,36,74.89,APXMIDP
2024-06-22T17:00:00Z,2024-06-22,37,79.13,APXMIDP
2024-06-22T17:30:00Z,2024-06-22,38,78.95,APXMIDP
2024-06-22T18:00:00Z,2024-06-22,39,86.6,APXMIDP
2024-06-22T18:30:00Z,2024-06-22,40,88.72,APXMIDP
2024-06-22T19:00:00Z,2024-06-22,41,93.42,APXMIDP
2024-06-22T19:30:00Z,2024-06-22,42,89.36,APXMIDP
2024-06-22T20:00:00Z,2024-06-22,43,87.23,APXMIDP
2024-06-22T20:30:00Z,2024-06-22,44,82.15,APXMIDP
2024-06-22T21:00:00Z,2024-06-22,45,81.32,APXMIDP
2024-06-22T21:30:00Z,2024-06-22,46,77.81,APXMIDP
2024-06-22T22:00:00Z,2024-06-22,47,78.3,APXMIDP
2024-06-22T22:30:00Z,2024-06-22,48,76.31,APXMIDP
2024-06-22T23:00:00Z,2024-06-23,1,68.33,APXMIDP
2024-06-22T23:30:00Z,2024-06-23,2,66.92,APXMIDP
2024-06-23T00:00:00Z,2024-06-23,3,72.68,APXMIDP
2024-06-23T00:30:00Z,2024-06-23,4,69.6,APXMIDP
2024-06-23T01:00:00Z,2024-06-23,5,68.8,APXMIDP
2024-06-23T01:30:00Z,2024-06-23,6,70.95,APXMIDP
2024-06-23T02:00:00Z,2024-06-23,7,64.28,APXMIDP
2024-06-23T02:30:00Z,2024-06-23,8,64.23,APXMIDP
2024-06-23T03:00:00Z,2024-06-23,9,65.35,APXMIDP
2024-06-23T03:30:00Z,2024-06-23,10,66.1,APXMIDP
2024-06-23T04:00:00Z,2024-06-23,11,64.35,APXMIDP
2024-06-23T04:30:00Z,2024-06-23,12,69.38,APXMIDP
2024-06-23T05:00:00Z,2024-06-23,13,55.26,APXMIDP
2024-06-23T05:30:00Z,2024-06-23,14,60.68,APXMIDP
2024-06-23T06:00:00Z,2024-06-23,15,67.98,APXMIDP
2024-06-23T06:30:00Z,2024-06-23,16,61.81,APXMIDP
2024-06-23T07:00:00Z,2024-06-23,17,75.18,APXMIDP
2024-06-23T07:30:00Z,2024-06-23,18,88.31,APXMIDP
2024-06-23T08:00:00Z,2024-06-23,19,89.13,APXMIDP
2024-06-23T08:30:00Z,2024-06-23,20,83.26,APXMIDP
2024-06-23T09:00:00Z,2024-06-23,21,73.44,APXMIDP
2024-06-23T09:30:00Z,2024-06-23,22,69.66,APXMIDP
2024-06-23T10:00:00Z,2024-06-23,23,75.74,APXMIDP
2024-06-23T10:30:00Z,2024-06-23,24,74.84,APXMIDP
2024-06-23T11:00:00Z,2024-06-23,25,77.08,APXMIDP
2024-06-23T11:30:00Z,2024-06-23,26,75.55,APXMIDP
2024-06-23T12:00:00Z,2024-06-23,27,74.07,APXMIDP
2024-06-23T12:30:00Z,2024-06-23,28,72.6,APXMIDP
2024-06-23T13:00:00Z,2024-06-23,29,70.97,APXMIDP
2024-06-23T13:30:00Z,2024-06-23,30,69.46,APXMIDP
2024-06-23T14:00:00Z,2024-06-23,31,69.67,APXMIDP
2024-06-23T14:30:00Z,2024-06-23,32,69.87,APXMIDP
2024-06-23T15:00:00Z,2024-06-23,33,69.14,APXMIDP
2024-06-23T15:30:00Z,2024-06-23,34,67.27,APXMIDP
2024-06-23T16:00:00Z,2024-06-23,35,66.13,APXMIDP
2024-06-23T16:30:00Z,2024-06-23,36,67.94,APXMIDP
2024-06-23T17:00:00Z,2024-06-23,37,66.94,APXMIDP
2024-06-23T17:30:00Z,2024-06-23,38,65.82,APXMIDP
2024-06-23T18:00:00Z,2024-06-23,39,89.01,APXMIDP
2024-06-23T18:30:00Z,2024-06-23,40,90.89,APXMIDP
2024-06-23T19:00:00Z,2024-06-23,41,95.0,APXMIDP
2024-06-23T19:30:00Z,2024-06-23,42,94.46,APXMIDP
2024-06-23T20:00:00Z,2024-06-23,43,95.73,APXMIDP
2024-06-23T20:30:00Z,2024-06-23,44,94.76,APXMIDP
2024-06-23T21:00:00Z,2024-06-23,45,91.71,APXMIDP
2024-06-23T21:30:00Z,2024-06-23,46,83.65,APXMIDP
2024-06-23T22:00:00Z,2024-06-23,47,85.81,APXMIDP
2024-06-23T22:30:00Z,2024-06-23,48,98.98,APXMIDP
2024-06-23T23:00:00Z,2024-06-24,1,77.54,APXMIDP
2024-06-23T23:30:00Z,2024-06-24,2,66.82,APXMIDP
2024-06-24T00:00:00Z,2024-06-24,3,70.82,APXMIDP
2024-06-24T00:30:00Z,2024-06-24,4,68.18,APXMIDP
2024-06-24T01:00:00Z,2024-06-24,5,70.36,APXMIDP
2024-06-24T01:30:00Z,2024-06-24,6,69.72,APXMIDP
2024-06-24T02:00:00Z,2024-06-24,7,71.96,APXMIDP
2024-06-24T02:30:00Z,2024-06-24,8,68.93,APXMIDP
2024-06-24T03:00:00Z,2024-06-24,9,78.26,APXMIDP
2024-06-24T03:30:00Z,2024-06-24,10,76.08,APXMIDP
2024-06-24T04:00:00Z,2024-06-24,11,89.56,APXMIDP
2024-06-24T04:30:00Z,2024-06-24,12,87.41,APXMIDP
2024-06-24T05:00:00Z,2024-06-24,13,83.66,APXMIDP
2024-06-24T05:30:00Z,2024-06-24,14,98.52,APXMIDP
2024-06-24T06:00:00Z,2024-06-24,15,68.0,APXMIDP
2024-06-24T06:30:00Z,2024-06-24,16,89.92,APXMIDP
2024-06-24T07:00:00Z,2024-06-24,17,86.07,APXMIDP
2024-06-24T07:30:00Z,2024-06-24,18,81.64,APXMIDP
2024-06-24T08:00:00Z,2024-06-24,19,83.94,APXMIDP
2024-06-24T08:30:00Z,2024-06-24,20,75.26,APXMIDP
2024-06-24T09:00:00Z,2024-06-24,21,76.76,APXMIDP
2024-06-24T09:30:00Z,2024-06-24,22,73.27,APXMIDP
2024-06-24T10:00:00Z,2024-06-24,23,76.49,APXMIDP
2024-06-24T10:30:00Z,2024-06-24,24,82.09,APXMIDP
2024-06-24T11:00:00Z,2024-06-24,25,80.41,APXMIDP
2024-06-24T11:30:00Z,2024-06-24,26,73.06,APXMIDP
2024-06-24T12:00:00Z,2024-06-24,27,71.65,APXMIDP
2024-06-24T12:30:00Z,2024-06-24,28,68.43,APXMIDP
2024-06-24T13:00:00Z,2024-06-24,29,70.22,APXMIDP
2024-06-24T13:30:00Z,2024-06-24,30,66.09,APXMIDP
2024-06-24T14:00:00Z,2024-06-24,31,70.84,APXMIDP
2024-06-24T14:30:00Z,2024-06-24,32,71.51,APXMIDP
2024-06-24T15:00:00Z,2024-06-24,33,65.59,APXMIDP
2024-06-24T15:30:00Z,2024-06-24,34,69.33,APXMIDP
2024-06-24T16:00:00Z,2024-06-24,35,73.09,APXMIDP
2024-06-24T16:30:00Z,2024-06-24,36,71.58,APXMIDP
2024-06-24T17:00:00Z,2024-06-24,37,101.63,APXMIDP
2024-06-24T17:30:00Z,2024-06-24,38,101.91,APXMIDP
2024-06-24T18:00:00Z,2024-06-24,39,112.15,APXMIDP
2024-06-24T18:30:00Z,2024-06-24,40,115.13,APXMIDP
2024-06-24T19:00:00Z,2024-06-24,41,109.68,APXMIDP
2024-06-24T19:30:00Z,2024-06-24,42,107.5,APXMIDP
2024-06-24T20:00:00Z,2024-06-24,43,109.39,APXMIDP
2024-06-24T20:30:00Z,2024-06-24,44,102.47,APXMIDP
2024-06-24T21:00:00Z,2024-06-24,45,90.04,APXMIDP
2024-06-24T21:30:00Z,2024-06-24,46,83.18,APXMIDP
2024-06-24T22:00:00Z,2024-06-24,47,83.18,APXMIDP
2024-06-24T22:30:00Z,2024-06-24,48,75.25,APXMIDP
2024-06-24T23:00:00Z,2024-06-25,1,73.79,APXMIDP
2024-06-24T23:30:00Z,2024-06-25,2,69.08,APXMIDP
2024-06-25T00:00:00Z,2024-06-25,3,75.84,APXMIDP
2024-06-25T00:30:00Z,2024-06-25,4,72.18,APXMIDP
2024-06-25T01:00:00Z,2024-06-25,5,72.12,APXMIDP
2024-06-25T01:30:00Z,2024-06-25,6,71.71,APXMIDP
2024-06-25T02:00:00Z,2024-06-25,7,68.17,APXMIDP
2024-06-25T02:30:00Z,2024-06-25,8,68.51,APXMIDP
2024-06-25T03:00:00Z,2024-06-25,9,73.99,APXMIDP
2024-06-25T03:30:00Z,2024-06-25,10,73.24,APXMIDP
2024-06-25T04:00:00Z,2024-06-25,11,92.2,APXMIDP
2024-06-25T04:30:00Z,2024-06-25,12,89.87,APXMIDP
2024-06-25T05:00:00Z,2024-06-25,13,86.96,APXMIDP
2024-06-25T05:30:00Z,2024-06-25,14,100.22,APXMIDP
2024-06-25T06:00:00Z,2024-06-25,15,82.8,APXMIDP
2024-06-25T06:30:00Z,2024-06-25,16,94.59,APXMIDP
2024-06-25T07:00:00Z,2024-06-25,17,100.78,APXMIDP
2024-06-25T07:30:00Z,2024-06-25,18,94.23,APXMIDP
2024-06-25T08:00:00Z,2024-06-25,19,84.41,APXMIDP
2024-06-25T08:30:00Z,2024-06-25,20,76.79,APXMIDP
2024-06-25T09:00:00Z,2024-06-25,21,73.4,APXMIDP
2024-06-25T09:30:00Z,2024-06-25,22,72.25,APXMIDP
2024-06-25T10:00:00Z,2024-06-25,23,67.8,APXMIDP
2024-06-25T10:30:00Z,2024-06-25,24,66.76,APXMIDP
2024-06-25T11:00:00Z,2024-06-25,25,65.76,APXMIDP
2024-06-25T11:30:00Z,2024-06-25,26,64.48,APXMIDP
2024-06-25T12:00:00Z,2024-06-25,27,72.11,APXMIDP
2024-06-25T12:30:00Z,2024-06-25,28,69.94,APXMIDP
2024-06-25T13:00:00Z,2024-06-25,29,70.33,APXMIDP
2024-06-25T13:30:00Z,2024-06-25,30,74.72,APXMIDP
2024-06-25T14:00:00Z,2024-06-25,31,70.41,APXMIDP
2024-06-25T14:30:00Z,2024-06-25,32,69.35,APXMIDP
2024-06-25T15:00:00Z,2024-06-25,33,69.66,APXMIDP
2024-06-25T15:30:00Z,2024-06-25,34,69.96,APXMIDP
2024-06-25T16:00:00Z,2024-06-25,35,70.55,APXMIDP
2024-06-25T16:30:00Z,2024-06-25,36,79.84,APXMIDP
2024-06-25T17:00:00Z,2024-06-25,37,78.99,APXMIDP
2024-06-25T17:30:00Z,2024-06-25,38,85.6,APXMIDP
2024-06-25T18:00:00Z,2024-06-25,39,103.05,APXMIDP
2024-06-25T18:30:00Z,2024-06-25,40,105.34,APXMIDP
2024-06-25T19:00:00Z,2024-06-25,41,103.52,APXMIDP
2024-06-25T19:30:00Z,2024-06-25,42,101.0,APXMIDP
2024-06-25T20:00:00Z,2024-06-25,43,99.02,APXMIDP
2024-06-25T20:30:00Z,2024-06-25,44,94.26,APXMIDP
2024-06-25T21:00:00Z,2024-06-25,45,90.66,APXMIDP
2024-06-25T21:30:00Z,2024-06-25,46,83.93,APXMIDP
2024-06-25T22:00:00Z,2024-06-25,47,85.59,APXMIDP
2024-06-25T22:30:00Z,2024-06-25,48,85.09,APXMIDP
2024-06-25T23:00:00Z,2024-06-26,1,82.65,APXMIDP
2024-06-25T23:30:00Z,2024-06-26,2,81.22,APXMIDP
2024-06-26T00:00:00Z,2024-06-26,3,85.94,APXMIDP
2024-06-26T00:30:00Z,2024-06-26,4,84.92,APXMIDP
2024-06-26T01:00:00Z,2024-06-26,5,80.06,APXMIDP
2024-06-26T01:30:00Z,2024-06-26,6,77.1,APXMIDP
2024-06-26T02:00:00Z,2024-06-26,7,78.3,APXMIDP
2024-06-26T02:30:00Z,2024-06-26,8,78.85,APXMIDP
2024-06-26T03:00:00Z,2024-06-26,9,78.53,APXMIDP
2024-06-26T03:30:00Z,2024-06-26,10,77.14,APXMIDP
2024-06-26T04:00:00Z,2024-06-26,11,95.1,APXMIDP
2024-06-26T04:30:00Z,2024-06-26,12,98.21,APXMIDP
2024-06-26T05:00:00Z,2024-06-26,13,98.45,APXMIDP
2024-06-26T05:30:00Z,2024-06-26,14,106.37,APXMIDP
2024-06-26T06:00:00Z,2024-06-26,15,101.46,APXMIDP
2024-06-26T06:30:00Z,2024-06-26,16,106.28,APXMIDP
2024-06-26T07:00:00Z,2024-06-26,17,103.21,APXMIDP
2024-06-26T07:30:00Z,2024-06-26,18,104.59,APXMIDP
2024-06-26T08:00:00Z,2024-06-26,19,96.27,APXMIDP
2024-06-26T08:30:00Z,2024-06-26,20,83.84,APXMIDP
2024-06-26T09:00:00Z,2024-06-26,21,72.11,APXMIDP
2024-06-26T09:30:00Z,2024-06-26,22,73.18,APXMIDP
2024-06-26T10:00:00Z,2024-06-26,23,68.53,APXMIDP
2024-06-26T10:30:00Z,2024-06-26,24,63.39,APXMIDP
2024-06-26T11:00:00Z,2024-06-26,25,66.95,APXMIDP
2024-06-26T11:30:00Z,2024-06-26,26,68.72,APXMIDP
2024-06-26T12:00:00Z,2024-06-26,27,65.54,APXMIDP
2024-06-26T12:30:00Z,2024-06-26,28,66.05,APXMIDP
2024-06-26T13:00:00Z,2024-06-26,29,68.02,APXMIDP
2024-06-26T13:30:00Z,2024-06-26,30,64.37,APXMIDP
2024-06-26T14:00:00Z,2024-06-26,31,67.4,APXMIDP
2024-06-26T14:30:00Z,2024-06-26,32,78.82,APXMIDP
2024-06-26T15:00:00Z,2024-06-26,33,74.58,APXMIDP
2024-06-26T15:30:00Z,2024-06-26,34,71.31,APXMIDP
2024-06-26T16:00:00Z,2024-06-26,35,88.45,APXMIDP
2024-06-26T16:30:00Z,2024-06-26,36,89.63,APXMIDP
2024-06-26T17:00:00Z,2024-06-26,37,96.19,APXMIDP
2024-06-26T17:30:00Z,2024-06-26,38,97.89,APXMIDP
2024-06-26T18:00:00Z,2024-06-26,39,97.26,APXMIDP
2024-06-26T18:30:00Z,2024-06-26,40,95.75,APXMIDP
2024-06-26T19:00:00Z,2024-06-26,41,97.33,APXMIDP
2024-06-26T19:30:00Z,2024-06-26,42,93.37,APXMIDP
2024-06-26T20:00:00Z,2024-06-26,43,100.43,APXMIDP
2024-06-26T20:30:00Z,2024-06-26,44,87.45,APXMIDP
2024-06-26T21:00:00Z,2024-06-26,45,77.6,APXMIDP
2024-06-26T21:30:00Z,2024-06-26,46,79.79,APXMIDP
2024-06-26T22:00:00Z,2024-06-26,47,79.69,APXMIDP
2024-06-26T22:30:00Z,2024-06-26,48,80.56,APXMIDP
2024-06-26T23:00:00Z,2024-06-27,1,78.43,APXMIDP
2024-06-26T23:30:00Z,2024-06-27,2,83.07,APXMIDP
2024-06-27T00:00:00Z,2024-06-27,3,80.41,APXMIDP
2024-06-27T00:30:00Z,2024-06-27,4,78.68,APXMIDP
2024-06-27T01:00:00Z,2024-06-27,5,80.67,APXMIDP
2024-06-27T01:30:00Z,2024-06-27,6,76.37,APXMIDP
2024-06-27T02:00:00Z,2024-06-27,7,80.05,APXMIDP
2024-06-27T02:30:00Z,2024-06-27,8,79.15,APXMIDP
2024-06-27T03:00:00Z,2024-06-27,9,77.89,APXMIDP
2024-06-27T03:30:00Z,2024-06-27,10,78.85,APXMIDP
2024-06-27T04:00:00Z,2024-06-27,11,91.21,APXMIDP
2024-06-27T04:30:00Z,2024-06-27,12,93.83,APXMIDP
2024-06-27T05:00:00Z,2024-06-27,13,102.04,APXMIDP
2024-06-27T05:30:00Z,2024-06-27,14,104.89,APXMIDP
2024-06-27T06:00:00Z,2024-06-27,15,100.46,APXMIDP
2024-06-27T06:30:00Z,2024-06-27,16,101.31,APXMIDP
2024-06-27T07:00:00Z,2024-06-27,17,84.95,APXMIDP
2024-06-27T07:30:00Z,2024-06-27,18,78.47,APXMIDP
2024-06-27T08:00:00Z,2024-06-27,19,71.1,APXMIDP
2024-06-27T08:30:00Z,2024-06-27,20,62.17,APXMIDP
2024-06-27T09:00:00Z,2024-06-27,21,58.22,APXMIDP
2024-06-27T09:30:00Z,2024-06-27,22,36.06,APXMIDP
2024-06-27T10:00:00Z,2024-06-27,23,27.18,APXMIDP
2024-06-27T10:30:00Z,2024-06-27,24,13.8,APXMIDP
2024-06-27T11:00:00Z,2024-06-27,25,30.11,APXMIDP
2024-06-27T11:30:00Z,2024-06-27,26,26.5,APXMIDP
2024-06-27T12:00:00Z,2024-06-27,27,15.24,APXMIDP
2024-06-27T12:30:00Z,2024-06-27,28,6.18,APXMIDP
2024-06-27T13:00:00Z,2024-06-27,29,19.31,APXMIDP
2024-06-27T13:30:00Z,2024-06-27,30,22.79,APXMIDP
2024-06-27T14:00:00Z,2024-06-27,31,28.43,APXMIDP
2024-06-27T14:30:00Z,2024-06-27,32,36.04,APXMIDP
2024-06-27T15:00:00Z,2024-06-27,33,21.79,APXMIDP
2024-06-27T15:30:00Z,2024-06-27,34,44.74,APXMIDP
2024-06-27T16:00:00Z,2024-06-27,35,45.16,APXMIDP
2024-06-27T16:30:00Z,2024-06-27,36,46.7,APXMIDP
2024-06-27T17:00:00Z,2024-06-27,37,68.65,APXMIDP
2024-06-27T17:30:00Z,2024-06-27,38,69.93,APXMIDP
2024-06-27T18:00:00Z,2024-06-27,39,80.94,APXMIDP
2024-06-27T18:30:00Z,2024-06-27,40,73.63,APXMIDP
2024-06-27T19:00:00Z,2024-06-27,41,69.07,APXMIDP
2024-06-27T19:30:00Z,2024-06-27,42,68.03,APXMIDP
2024-06-27T20:00:00Z,2024-06-27,43,61.74,APXMIDP
2024-06-27T20:30:00Z,2024-06-27,44,47.66,APXMIDP
2024-06-27T21:00:00Z,2024-06-27,45,45.43,APXMIDP
2024-06-27T21:30:00Z,2024-06-27,46,35.42,APXMIDP
2024-06-27T22:00:00Z,2024-06-27,47,10.03,APXMIDP
2024-06-27T22:30:00Z,2024-06-27,48,-3.33,APXMIDP
2024-06-27T23:00:00Z,2024-06-28,1,-1.48,APXMIDP
2024-06-27T23:30:00Z,2024-06-28,2,-6.21,APXMIDP
2024-06-28T00:00:00Z,2024-06-28,3,-0.42,APXMIDP
2024-06-28T00:30:00Z,2024-06-28,4,-5.41,APXMIDP
2024-06-28T01:00:00Z,2024-06-28,5,-2.36,APXMIDP
2024-06-28T01:30:00Z,2024-06-28,6,-2.48,APXMIDP
2024-06-28T02:00:00Z,2024-06-28,7,-1.82,APXMIDP
2024-06-28T02:30:00Z,2024-06-28,8,-5.34,APXMIDP
2024-06-28T03:00:00Z,2024-06-28,9,0.33,APXMIDP
2024-06-28T03:30:00Z,2024-06-28,10,-2.02,APXMIDP
2024-06-28T04:00:00Z,2024-06-28,11,11.6,APXMIDP
2024-06-28T04:30:00Z,2024-06-28,12,22.58,APXMIDP
2024-06-28T05:00:00Z,2024-06-28,13,16.77,APXMIDP
2024-06-28T05:30:00Z,2024-06-28,14,38.49,APXMIDP
2024-06-28T06:00:00Z,2024-06-28,15,29.59,APXMIDP
2024-06-28T06:30:00Z,2024-06-28,16,37.83,APXMIDP
2024-06-28T07:00:00Z,2024-06-28,17,42.89,APXMIDP
2024-06-28T07:30:00Z,2024-06-28,18,48.96,APXMIDP
2024-06-28T08:00:00Z,2024-06-28,19,22.47,APXMIDP
2024-06-28T08:30:00Z,2024-06-28,20,24.31,APXMIDP
2024-06-28T09:00:00Z,2024-06-28,21,24.64,APXMIDP
2024-06-28T09:30:00Z,2024-06-28,22,34.9,APXMIDP
2024-06-28T10:00:00Z,2024-06-28,23,28.26,APXMIDP
2024-06-28T10:30:00Z,2024-06-28,24,24.68,APXMIDP
2024-06-28T11:00:00Z,2024-06-28,25,15.57,APXMIDP
2024-06-28T11:30:00Z,2024-06-28,26,12.04,APXMIDP
2024-06-28T12:00:00Z,2024-06-28,27,17.13,APXMIDP
2024-06-28T12:30:00Z,2024-06-28,28,14.48,APXMIDP
2024-06-28T13:00:00Z,2024-06-28,29,7.04,APXMIDP
2024-06-28T13:30:00Z,2024-06-28,30,0.87,APXMIDP
2024-06-28T14:00:00Z,2024-06-28,31,0.11,APXMIDP
2024-06-28T14:30:00Z,2024-06-28,32,12.77,APXMIDP
2024-06-28T15:00:00Z,2024-06-28,33,-1.06,APXMIDP
2024-06-28T15:30:00Z,2024-06-28,34,20.24,APXMIDP
2024-06-28T16:00:00Z,2024-06-28,35,54.21,APXMIDP
2024-06-28T16:30:00Z,2024-06-28,36,65.47,APXMIDP
2024-06-28T17:00:00Z,2024-06-28,37,62.15,APXMIDP
2024-06-28T17:30:00Z,2024-06-28,38,70.32,APXMIDP
2024-06-28T18:00:00Z,2024-06-28,39,88.99,APXMIDP
2024-06-28T18:30:00Z,2024-06-28,40,88.08,APXMIDP
2024-06-28T19:00:00Z,2024-06-28,41,98.48,APXMIDP
2024-06-28T19:30:00Z,2024-06-28,42,100.3,APXMIDP
2024-06-28T20:00:00Z,2024-06-28,43,103.06,APXMIDP
2024-06-28T20:30:00Z,2024-06-28,44,102.3,APXMIDP
2024-06-28T21:00:00Z,2024-06-28,45,95.93,APXMIDP
2024-06-28T21:30:00Z,2024-06-28,46,92.92,APXMIDP
2024-06-28T22:00:00Z,2024-06-28,47,84.98,APXMIDP
2024-06-28T22:30:00Z,2024-06-28,48,90.03,APXMIDP
2024-06-28T23:00:00Z,2024-06-29,1,93.79,APXMIDP
2024-06-28T23:30:00Z,2024-06-29,2,93.0,APXMIDP
2024-06-29T00:00:00Z,2024-06-29,3,92.63,APXMIDP
2024-06-29T00:30:00Z,2024-06-29,4,91.7,APXMIDP
2024-06-29T01:00:00Z,2024-06-29,5,90.0,APXMIDP
2024-06-29T01:30:00Z,2024-06-29,6,87.98,APXMIDP
2024-06-29T02:00:00Z,2024-06-29,7,82.27,APXMIDP
2024-06-29T02:30:00Z,2024-06-29,8,74.88,APXMIDP
2024-06-29T03:00:00Z,2024-06-29,9,76.08,APXMIDP
2024-06-29T03:30:00Z,2024-06-29,10,76.86,APXMIDP
2024-06-29T04:00:00Z,2024-06-29,11,72.29,APXMIDP
2024-06-29T04:30:00Z,2024-06-29,12,74.57,APXMIDP
2024-06-29T05:00:00Z,2024-06-29,13,65.88,APXMIDP
2024-06-29T05:30:00Z,2024-06-29,14,68.37,APXMIDP
2024-06-29T06:00:00Z,2024-06-29,15,56.5,APXMIDP
2024-06-29T06:30:00Z,2024-06-29,16,57.85,APXMIDP
2024-06-29T07:00:00Z,2024-06-29,17,55.56,APXMIDP
2024-06-29T07:30:00Z,2024-06-29,18,65.86,APXMIDP
2024-06-29T08:00:00Z,2024-06-29,19,67.06,APXMIDP
2024-06-29T08:30:00Z,2024-06-29,20,67.29,APXMIDP
2024-06-29T09:00:00Z,2024-06-29,21,64.13,APXMIDP
2024-06-29T09:30:00Z,2024-06-29,22,54.51,APXMIDP
2024-06-29T10:00:00Z,2024-06-29,23,46.19,APXMIDP
2024-06-29T10:30:00Z,2024-06-29,24,44.88,APXMIDP
2024-06-29T11:00:00Z,2024-06-29,25,44.96,APXMIDP
2024-06-29T11:30:00Z,2024-06-29,26,38.96,APXMIDP
2024-06-29T12:00:00Z,2024-06-29,27,37.63,APXMIDP
2024-06-29T12:30:00Z,2024-06-29,28,27.01,APXMIDP
2024-06-29T13:00:00Z,2024-06-29,29,17.54,APXMIDP
2024-06-29T13:30:00Z,2024-06-29,30,17.05,APXMIDP
2024-06-29T14:00:00Z,2024-06-29,31,31.07,APXMIDP
2024-06-29T14:30:00Z,2024-06-29,32,42.32,APXMIDP
2024-06-29T15:00:00Z,2024-06-29,33,61.21,APXMIDP
2024-06-29T15:30:00Z,2024-06-29,34,73.67,APXMIDP
2024-06-29T16:00:00Z,2024-06-29,35,83.36,APXMIDP
2024-06-29T16:30:00Z,2024-06-29,36,88.8,APXMIDP
2024-06-29T17:00:00Z,2024-06-29,37,103.67,APXMIDP
2024-06-29T17:30:00Z,2024-06-29,38,103.95,APXMIDP
2024-06-29T18:00:00Z,2024-06-29,39,108.29,APXMIDP
2024-06-29T18:30:00Z,2024-06-29,40,109.5,APXMIDP
2024-06-29T19:00:00Z,2024-06-29,41,98.62,APXMIDP
2024-06-29T19:30:00Z,2024-06-29,42,98.23,APXMIDP
2024-06-29T20:00:00Z,2024-06-29,43,81.0,APXMIDP
2024-06-29T20:30:00Z,2024-06-29,44,82.42,APXMIDP
2024-06-29T21:00:00Z,2024-06-29,45,77.62,APXMIDP
2024-06-29T21:30:00Z,2024-06-29,46,72.29,APXMIDP
2024-06-29T22:00:00Z,2024-06-29,47,69.41,APXMIDP
2024-06-29T22:30:00Z,2024-06-29,48,71.44,APXMIDP
2024-06-29T23:00:00Z,2024-06-30,1,73.61,APXMIDP
2024-06-29T23:30:00Z,2024-06-30,2,75.17,APXMIDP
2024-06-30T00:00:00Z,2024-06-30,3,70.78,APXMIDP
2024-06-30T00:30:00Z,2024-06-30,4,63.86,APXMIDP
2024-06-30T01:00:00Z,2024-06-30,5,57.63,APXMIDP
2024-06-30T01:30:00Z,2024-06-30,6,51.37,APXMIDP
2024-06-30T02:00:00Z,2024-06-30,7,51.41,APXMIDP
2024-06-30T02:30:00Z,2024-06-30,8,49.45,APXMIDP
2024-06-30T03:00:00Z,2024-06-30,9,45.04,APXMIDP
2024-06-30T03:30:00Z,2024-06-30,10,44.29,APXMIDP
2024-06-30T04:00:00Z,2024-06-30,11,42.54,APXMIDP
2024-06-30T04:30:00Z,2024-06-30,12,38.83,APXMIDP
2024-06-30T05:00:00Z,2024-06-30,13,44.48,APXMIDP
2024-06-30T05:30:00Z,2024-06-30,14,38.28,APXMIDP
2024-06-30T06:00:00Z,2024-06-30,15,58.58,APXMIDP
2024-06-30T06:30:00Z,2024-06-30,16,60.45,APXMIDP
2024-06-30T07:00:00Z,2024-06-30,17,52.47,APXMIDP
2024-06-30T07:30:00Z,2024-06-30,18,64.99,APXMIDP
2024-06-30T08:00:00Z,2024-06-30,19,73.22,APXMIDP
2024-06-30T08:30:00Z,2024-06-30,20,73.79,APXMIDP
2024-06-30T09:00:00Z,2024-06-30,21,77.61,APXMIDP
2024-06-30T09:30:00Z,2024-06-30,22,78.43,APXMIDP
2024-06-30T10:00:00Z,2024-06-30,23,87.27,APXMIDP
2024-06-30T10:30:00Z,2024-06-30,24,87.61,APXMIDP
2024-06-30T11:00:00Z,2024-06-30,25,90.21,APXMIDP
2024-06-30T11:30:00Z,2024-06-30,26,90.35,APXMIDP
2024-06-30T12:00:00Z,2024-06-30,27,86.41,APXMIDP
2024-06-30T12:30:00Z,2024-06-30,28,89.24,APXMIDP
2024-06-30T13:00:00Z,2024-06-30,29,84.18,APXMIDP
2024-06-30T13:30:00Z,2024-06-30,30,85.25,APXMIDP
2024-06-30T14:00:00Z,2024-06-30,31,79.59,APXMIDP
2024-06-30T14:30:00Z,2024-06-30,32,87.35,APXMIDP
2024-06-30T15:00:00Z,2024-06-30,33,85.13,APXMIDP
2024-06-30T15:30:00Z,2024-06-30,34,89.52,APXMIDP
2024-06-30T16:00:00Z,2024-06-30,35,94.5,APXMIDP
2024-06-30T16:30:00Z,2024-06-30,36,94.35,APXMIDP
2024-06-30T17:00:00Z,2024-06-30,37,97.32,APXMIDP
2024-06-30T17:30:00Z,2024-06-30,38,97.14,APXMIDP
2024-06-30T18:00:00Z,2024-06-30,39,94.18,APXMIDP
2024-06-30T18:30:00Z,2024-06-30,40,90.57,APXMIDP
2024-06-30T19:00:00Z,2024-06-30,41,93.31,APXMIDP
2024-06-30T19:30:00Z,2024-06-30,42,92.76,APXMIDP
2024-06-30T20:00:00Z,2024-06-30,43,94.65,APXMIDP
2024-06-30T20:30:00Z,2024-06-30,44,93.56,APXMIDP
2024-06-30T21:00:00Z,2024-06-30,45,99.45,APXMIDP
2024-06-30T21:30:00Z,2024-06-30,46,89.92,APXMIDP
2024-06-30T22:00:00Z,2024-06-30,47,87.21,APXMIDP
2024-06-30T22:30:00Z,2024-06-30,48,86.16,APXMIDP
2024-06-30T23:00:00Z,2024-07-01,1,83.62,APXMIDP
2024-06-30T23:30:00Z,2024-07-01,2,77.51,APXMIDP
2024-07-01T00:00:00Z,2024-07-01,3,73.03,APXMIDP
2024-07-01T00:30:00Z,2024-07-01,4,69.7,APXMIDP
2024-07-01T01:00:00Z,2024-07-01,5,71.82,APXMIDP
2024-07-01T01:30:00Z,2024-07-01,6,75.27,APXMIDP
2024-07-01T02:00:00Z,2024-07-01,7,74.47,APXMIDP
2024-07-01T02:30:00Z,2024-07-01,8,72.64,APXMIDP
2024-07-01T03:00:00Z,2024-07-01,9,72.19,APXMIDP
2024-07-01T03:30:00Z,2024-07-01,10,68.25,APXMIDP
2024-07-01T04:00:00Z,2024-07-01,11,77.58,APXMIDP
2024-07-01T04:30:00Z,2024-07-01,12,76.87,APXMIDP
2024-07-01T05:00:00Z,2024-07-01,13,92.92,APXMIDP
2024-07-01T05:30:00Z,2024-07-01,14,93.14,APXMIDP
2024-07-01T06:00:00Z,2024-07-01,15,93.43,APXMIDP
2024-07-01T06:30:00Z,2024-07-01,16,103.57,APXMIDP
2024-07-01T07:00:00Z,2024-07-01,17,99.89,APXMIDP
2024-07-01T07:30:00Z,2024-07-01,18,100.87,APXMIDP
2024-07-01T08:00:00Z,2024-07-01,19,99.26,APXMIDP
2024-07-01T08:30:00Z,2024-07-01,20,93.26,APXMIDP
2024-07-01T09:00:00Z,2024-07-01,21,95.39,APXMIDP
2024-07-01T09:30:00Z,2024-07-01,22,94.17,APXMIDP
2024-07-01T10:00:00Z,2024-07-01,23,86.79,APXMIDP
2024-07-01T10:30:00Z,2024-07-01,24,87.06,APXMIDP
2024-07-01T11:00:00Z,2024-07-01,25,84.78,APXMIDP
2024-07-01T11:30:00Z,2024-07-01,26,80.61,APXMIDP
2024-07-01T12:00:00Z,2024-07-01,27,81.7,APXMIDP
2024-07-01T12:30:00Z,2024-07-01,28,79.16,APXMIDP
2024-07-01T13:00:00Z,2024-07-01,29,79.81,APXMIDP
2024-07-01T13:30:00Z,2024-07-01,30,80.82,APXMIDP
2024-07-01T14:00:00Z,2024-07-01,31,82.1,APXMIDP
2024-07-01T14:30:00Z,2024-07-01,32,80.87,APXMIDP
2024-07-01T15:00:00Z,2024-07-01,33,77.12,APXMIDP
2024-07-01T15:30:00Z,2024-07-01,34,73.67,APXMIDP
2024-07-01T16:00:00Z,2024-07-01,35,74.65,APXMIDP
2024-07-01T16:30:00Z,2024-07-01,36,81.75,APXMIDP
2024-07-01T17:00:00Z,2024-07-01,37,87.48,APXMIDP
2024-07-01T17:30:00Z,2024-07-01,38,87.7,APXMIDP
2024-07-01T18:00:00Z,2024-07-01,39,96.83,APXMIDP
2024-07-01T18:30:00Z,2024-07-01,40,90.82,APXMIDP
2024-07-01T19:00:00Z,2024-07-01,41,87.66,APXMIDP
2024-07-01T19:30:00Z,2024-07-01,42,85.51,APXMIDP
2024-07-01T20:00:00Z,2024-07-01,43,84.05,APXMIDP
2024-07-01T20:30:00Z,2024-07-01,44,79.84,APXMIDP
2024-07-01T21:00:00Z,2024-07-01,45,80.5,APXMIDP
2024-07-01T21:30:00Z,2024-07-01,46,79.07,APXMIDP
2024-07-01T22:00:00Z,2024-07-01,47,77.25,APXMIDP
2024-07-01T22:30:00Z,2024-07-01,48,63.45,APXMIDP
2024-07-01T23:00:00Z,2024-07-02,1,65.02,APXMIDP
2024-07-01T23:30:00Z,2024-07-02,2,56.51,APXMIDP
2024-07-02T00:00:00Z,2024-07-02,3,48.63,APXMIDP
2024-07-02T00:30:00Z,2024-07-02,4,52.06,APXMIDP
2024-07-02T01:00:00Z,2024-07-02,5,51.19,APXMIDP
2024-07-02T01:30:00Z,2024-07-02,6,40.49,APXMIDP
2024-07-02T02:00:00Z,2024-07-02,7,33.65,APXMIDP
2024-07-02T02:30:00Z,2024-07-02,8,21.49,APXMIDP
2024-07-02T03:00:00Z,2024-07-02,9,20.66,APXMIDP
2024-07-02T03:30:00Z,2024-07-02,10,19.49,APXMIDP
2024-07-02T04:00:00Z,2024-07-02,11,29.43,APXMIDP
2024-07-02T04:30:00Z,2024-07-02,12,44.36,APXMIDP
2024-07-02T05:00:00Z,2024-07-02,13,60.69,APXMIDP
2024-07-02T05:30:00Z,2024-07-02,14,70.75,APXMIDP
2024-07-02T06:00:00Z,2024-07-02,15,74.4,APXMIDP
2024-07-02T06:30:00Z,2024-07-02,16,94.01,APXMIDP
2024-07-02T07:00:00Z,2024-07-02,17,96.21,APXMIDP
2024-07-02T07:30:00Z,2024-07-02,18,91.97,APXMIDP
2024-07-02T08:00:00Z,2024-07-02,19,93.65,APXMIDP
2024-07-02T08:30:00Z,2024-07-02,20,84.19,APXMIDP
2024-07-02T09:00:00Z,2024-07-02,21,84.05,APXMIDP
2024-07-02T09:30:00Z,2024-07-02,22,82.24,APXMIDP
2024-07-02T10:00:00Z,2024-07-02,23,81.6,APXMIDP
2024-07-02T10:30:00Z,2024-07-02,24,85.29,APXMIDP
2024-07-02T11:00:00Z,2024-07-02,25,90.12,APXMIDP
2024-07-02T11:30:00Z,2024-07-02,26,89.22,APXMIDP
2024-07-02T12:00:00Z,2024-07-02,27,88.02,APXMIDP
2024-07-02T12:30:00Z,2024-07-02,28,89.38,APXMIDP
2024-07-02T13:00:00Z,2024-07-02,29,90.03,APXMIDP
2024-07-02T13:30:00Z,2024-07-02,30,84.77,APXMIDP
2024-07-02T14:00:00Z,2024-07-02,31,81.83,APXMIDP
2024-07-02T14:30:00Z,2024-07-02,32,83.02,APXMIDP
2024-07-02T15:00:00Z,2024-07-02,33,79.54,APXMIDP
2024-07-02T15:30:00Z,2024-07-02,34,79.14,APXMIDP
2024-07-02T16:00:00Z,2024-07-02,35,84.19,APXMIDP
2024-07-02T16:30:00Z,2024-07-02,36,98.21,APXMIDP
2024-07-02T17:00:00Z,2024-07-02,37,98.12,APXMIDP
2024-07-02T17:30:00Z,2024-07-02,38,99.74,APXMIDP
2024-07-02T18:00:00Z,2024-07-02,39,102.89,APXMIDP
2024-07-02T18:30:00Z,2024-07-02,40,99.65,APXMIDP
2024-07-02T19:00:00Z,2024-07-02,41,98.46,APXMIDP
2024-07-02T19:30:00Z,2024-07-02,42,95.21,APXMIDP
2024-07-02T20:00:00Z,2024-07-02,43,88.56,APXMIDP
2024-07-02T20:30:00Z,2024-07-02,44,81.9,APXMIDP
2024-07-02T21:00:00Z,2024-07-02,45,85.36,APXMIDP
2024-07-02T21:30:00Z,2024-07-02,46,75.5,APXMIDP
2024-07-02T22:00:00Z,2024-07-02,47,85.49,APXMIDP
2024-07-02T22:30:00Z,2024-07-02,48,88.43,APXMIDP
2024-07-02T23:00:00Z,2024-07-03,1,82.51,APXMIDP
2024-07-02T23:30:00Z,2024-07-03,2,79.36,APXMIDP
2024-07-03T00:00:00Z,2024-07-03,3,78.09,APXMIDP
2024-07-03T00:30:00Z,2024-07-03,4,69.4,APXMIDP
2024-07-03T01:00:00Z,2024-07-03,5,59.19,APXMIDP
2024-07-03T01:30:00Z,2024-07-03,6,47.31,APXMIDP
2024-07-03T02:00:00Z,2024-07-03,7,57.68,APXMIDP
2024-07-03T02:30:00Z,2024-07-03,8,59.91,APXMIDP
2024-07-03T03:00:00Z,2024-07-03,9,65.18,APXMIDP
2024-07-03T03:30:00Z,2024-07-03,10,73.68,APXMIDP
2024-07-03T04:00:00Z,2024-07-03,11,82.23,APXMIDP
2024-07-03T04:30:00Z,2024-07-03,12,85.07,APXMIDP
2024-07-03T05:00:00Z,2024-07-03,13,89.21,APXMIDP
2024-07-03T05:30:00Z,2024-07-03,14,94.0,APXMIDP
2024-07-03T06:00:00Z,2024-07-03,15,98.98,APXMIDP
2024-07-03T06:30:00Z,2024-07-03,16,105.65,APXMIDP
2024-07-03T07:00:00Z,2024-07-03,17,104.8,APXMIDP
2024-07-03T07:30:00Z,2024-07-03,18,104.4,APXMIDP
2024-07-03T08:00:00Z,2024-07-03,19,101.72,APXMIDP
2024-07-03T08:30:00Z,2024-07-03,20,99.56,APXMIDP
2024-07-03T09:00:00Z,2024-07-03,21,99.51,APXMIDP
2024-07-03T09:30:00Z,2024-07-03,22,93.51,APXMIDP
2024-07-03T10:00:00Z,2024-07-03,23,76.44,APXMIDP
2024-07-03T10:30:00Z,2024-07-03,24,74.97,APXMIDP
2024-07-03T11:00:00Z,2024-07-03,25,71.01,APXMIDP
2024-07-03T11:30:00Z,2024-07-03,26,70.64,APXMIDP
2024-07-03T12:00:00Z,2024-07-03,27,65.41,APXMIDP
2024-07-03T12:30:00Z,2024-07-03,28,58.45,APXMIDP
2024-07-03T13:00:00Z,2024-07-03,29,52.17,APXMIDP
2024-07-03T13:30:00Z,2024-07-03,30,56.52,APXMIDP
2024-07-03T14:00:00Z,2024-07-03,31,43.68,APXMIDP
2024-07-03T14:30:00Z,2024-07-03,32,39.13,APXMIDP
2024-07-03T15:00:00Z,2024-07-03,33,69.72,APXMIDP
2024-07-03T15:30:00Z,2024-07-03,34,73.41,APXMIDP
2024-07-03T16:00:00Z,2024-07-03,35,76.6,APXMIDP
2024-07-03T16:30:00Z,2024-07-03,36,78.54,APXMIDP
2024-07-03T17:00:00Z,2024-07-03,37,83.55,APXMIDP
2024-07-03T17:30:00Z,2024-07-03,38,83.71,APXMIDP
2024-07-03T18:00:00Z,2024-07-03,39,86.8,APXMIDP
2024-07-03T18:30:00Z,2024-07-03,40,84.39,APXMIDP
2024-07-03T19:00:00Z,2024-07-03,41,81.86,APXMIDP
2024-07-03T19:30:00Z,2024-07-03,42,69.32,APXMIDP
2024-07-03T20:00:00Z,2024-07-03,43,57.51,APXMIDP
2024-07-03T20:30:00Z,2024-07-03,44,45.52,APXMIDP
2024-07-03T21:00:00Z,2024-07-03,45,35.61,APXMIDP
2024-07-03T21:30:00Z,2024-07-03,46,15.92,APXMIDP
2024-07-03T22:00:00Z,2024-07-03,47,10.97,APXMIDP
2024-07-03T22:30:00Z,2024-07-03,48,-5.52,APXMIDP
2024-07-03T23:00:00Z,2024-07-04,1,17.58,APXMIDP
2024-07-03T23:30:00Z,2024-07-04,2,-2.01,APXMIDP
2024-07-04T00:00:00Z,2024-07-04,3,-2.55,APXMIDP
2024-07-04T00:30:00Z,2024-07-04,4,-3.23,APXMIDP
2024-07-04T01:00:00Z,2024-07-04,5,3.06,APXMIDP
2024-07-04T01:30:00Z,2024-07-04,6,4.3,APXMIDP
2024-07-04T02:00:00Z,2024-07-04,7,1.16,APXMIDP
2024-07-04T02:30:00Z,2024-07-04,8,0.04,APXMIDP
2024-07-04T03:00:00Z,2024-07-04,9,5.82,APXMIDP
2024-07-04T03:30:00Z,2024-07-04,10,0.41,APXMIDP
2024-07-04T04:00:00Z,2024-07-04,11,-13.68,APXMIDP
2024-07-04T04:30:00Z,2024-07-04,12,-4.17,APXMIDP
2024-07-04T05:00:00Z,2024-07-04,13,9.46,APXMIDP
2024-07-04T05:30:00Z,2024-07-04,14,29.78,APXMIDP
2024-07-04T06:00:00Z,2024-07-04,15,27.91,APXMIDP
2024-07-04T06:30:00Z,2024-07-04,16,35.16,APXMIDP
2024-07-04T07:00:00Z,2024-07-04,17,10.19,APXMIDP
2024-07-04T07:30:00Z,2024-07-04,18,13.3,APXMIDP
2024-07-04T08:00:00Z,2024-07-04,19,13.67,APXMIDP
2024-07-04T08:30:00Z,2024-07-04,20,16.31,APXMIDP
2024-07-04T09:00:00Z,2024-07-04,21,-9.53,APXMIDP
2024-07-04T09:30:00Z,2024-07-04,22,-8.35,APXMIDP
2024-07-04T10:00:00Z,2024-07-04,23,7.89,APXMIDP
2024-07-04T10:30:00Z,2024-07-04,24,0.75,APXMIDP
2024-07-04T11:00:00Z,2024-07-04,25,2.78,APXMIDP
2024-07-04T11:30:00Z,2024-07-04,26,10.01,APXMIDP
2024-07-04T12:00:00Z,2024-07-04,27,13.29,APXMIDP
2024-07-04T12:30:00Z,2024-07-04,28,3.18,APXMIDP
2024-07-04T13:00:00Z,2024-07-04,29,11.28,APXMIDP
2024-07-04T13:30:00Z,2024-07-04,30,14.88,APXMIDP
2024-07-04T14:00:00Z,2024-07-04,31,-7.14,APXMIDP
2024-07-04T14:30:00Z,2024-07-04,32,-0.11,APXMIDP
2024-07-04T15:00:00Z,2024-07-04,33,3.87,APXMIDP
2024-07-04T15:30:00Z,2024-07-04,34,13.87,APXMIDP
2024-07-04T16:00:00Z,2024-07-04,35,12.23,APXMIDP
2024-07-04T16:30:00Z,2024-07-04,36,36.58,APXMIDP
2024-07-04T17:00:00Z,2024-07-04,37,27.32,APXMIDP
2024-07-04T17:30:00Z,2024-07-04,38,22.97,APXMIDP
2024-07-04T18:00:00Z,2024-07-04,39,24.42,APXMIDP
2024-07-04T18:30:00Z,2024-07-04,40,18.57,APXMIDP
2024-07-04T19:00:00Z,2024-07-04,41,24.79,APXMIDP
2024-07-04T19:30:00Z,2024-07-04,42,17.47,APXMIDP
2024-07-04T20:00:00Z,2024-07-04,43,22.68,APXMIDP
2024-07-04T20:30:00Z,2024-07-04,44,22.76,APXMIDP
2024-07-04T21:00:00Z,2024-07-04,45,34.88,APXMIDP
2024-07-04T21:30:00Z,2024-07-04,46,11.85,APXMIDP
2024-07-04T22:00:00Z,2024-07-04,47,-7.79,APXMIDP
2024-07-04T22:30:00Z,2024-07-04,48,-13.37,APXMIDP
2024-07-04T23:00:00Z,2024-07-05,1,-7.55,APXMIDP
2024-07-04T23:30:00Z,2024-07-05,2,-10.98,APXMIDP
2024-07-05T00:00:00Z,2024-07-05,3,-2.7,APXMIDP
2024-07-05T00:30:00Z,2024-07-05,4,-0.18,APXMIDP
2024-07-05T01:00:00Z,2024-07-05,5,-1.88,APXMIDP
2024-07-05T01:30:00Z,2024-07-05,6,2.04,APXMIDP
2024-07-05T02:00:00Z,2024-07-05,7,-1.91,APXMIDP
2024-07-05T02:30:00Z,2024-07-05,8,0.42,APXMIDP
2024-07-05T03:00:00Z,2024-07-05,9,0.17,APXMIDP
2024-07-05T03:30:00Z,2024-07-05,10,-0.02,APXMIDP
2024-07-05T04:00:00Z,2024-07-05,11,-1.9,APXMIDP
2024-07-05T04:30:00Z,2024-07-05,12,-0.33,APXMIDP
2024-07-05T05:00:00Z,2024-07-05,13,3.6,APXMIDP
2024-07-05T05:30:00Z,2024-07-05,14,37.88,APXMIDP
2024-07-05T06:00:00Z,2024-07-05,15,26.12,APXMIDP
2024-07-05T06:30:00Z,2024-07-05,16,45.33,APXMIDP
2024-07-05T07:00:00Z,2024-07-05,17,35.01,APXMIDP
2024-07-05T07:30:00Z,2024-07-05,18,39.13,APXMIDP
2024-07-05T08:00:00Z,2024-07-05,19,60.61,APXMIDP
2024-07-05T08:30:00Z,2024-07-05,20,55.46,APXMIDP
2024-07-05T09:00:00Z,2024-07-05,21,57.76,APXMIDP
2024-07-05T09:30:00Z,2024-07-05,22,58.63,APXMIDP
2024-07-05T10:00:00Z,2024-07-05,23,55.54,APXMIDP
2024-07-05T10:30:00Z,2024-07-05,24,60.49,APXMIDP
2024-07-05T11:00:00Z,2024-07-05,25,63.12,APXMIDP
2024-07-05T11:30:00Z,2024-07-05,26,64.22,APXMIDP
2024-07-05T12:00:00Z,2024-07-05,27,68.43,APXMIDP
2024-07-05T12:30:00Z,2024-07-05,28,67.54,APXMIDP
2024-07-05T13:00:00Z,2024-07-05,29,69.93,APXMIDP
2024-07-05T13:30:00Z,2024-07-05,30,66.76,APXMIDP
2024-07-05T14:00:00Z,2024-07-05,31,62.6,APXMIDP
2024-07-05T14:30:00Z,2024-07-05,32,62.21,APXMIDP
2024-07-05T15:00:00Z,2024-07-05,33,68.02,APXMIDP
2024-07-05T15:30:00Z,2024-07-05,34,80.25,APXMIDP
2024-07-05T16:00:00Z,2024-07-05,35,85.38,APXMIDP
2024-07-05T16:30:00Z,2024-07-05,36,95.81,APXMIDP
2024-07-05T17:00:00Z,2024-07-05,37,93.51,APXMIDP
2024-07-05T17:30:00Z,2024-07-05,38,93.64,APXMIDP
2024-07-05T18:00:00Z,2024-07-05,39,99.43,APXMIDP
2024-07-05T18:30:00Z,2024-07-05,40,97.62,APXMIDP
2024-07-05T19:00:00Z,2024-07-05,41,92.66,APXMIDP
2024-07-05T19:30:00Z,2024-07-05,42,89.86,APXMIDP
2024-07-05T20:00:00Z,2024-07-05,43,93.66,APXMIDP
2024-07-05T20:30:00Z,2024-07-05,44,90.39,APXMIDP
2024-07-05T21:00:00Z,2024-07-05,45,81.43,APXMIDP
2024-07-05T21:30:00Z,2024-07-05,46,74.63,APXMIDP
2024-07-05T22:00:00Z,2024-07-05,47,81.79,APXMIDP
2024-07-05T22:30:00Z,2024-07-05,48,87.98,APXMIDP
2024-07-05T23:00:00Z,2024-07-06,1,83.05,APXMIDP
2024-07-05T23:30:00Z,2024-07-06,2,80.85,APXMIDP
2024-07-06T00:00:00Z,2024-07-06,3,83.53,APXMIDP
2024-07-06T00:30:00Z,2024-07-06,4,82.69,APXMIDP
2024-07-06T01:00:00Z,2024-07-06,5,76.65,APXMIDP
2024-07-06T01:30:00Z,2024-07-06,6,74.21,APXMIDP
2024-07-06T02:00:00Z,2024-07-06,7,64.3,APXMIDP
2024-07-06T02:30:00Z,2024-07-06,8,58.34,APXMIDP
2024-07-06T03:00:00Z,2024-07-06,9,64.28,APXMIDP
2024-07-06T03:30:00Z,2024-07-06,10,58.37,APXMIDP
2024-07-06T04:00:00Z,2024-07-06,11,59.64,APXMIDP
2024-07-06T04:30:00Z,2024-07-06,12,52.92,APXMIDP
2024-07-06T05:00:00Z,2024-07-06,13,46.52,APXMIDP
2024-07-06T05:30:00Z,2024-07-06,14,52.7,APXMIDP
2024-07-06T06:00:00Z,2024-07-06,15,71.22,APXMIDP
2024-07-06T06:30:00Z,2024-07-06,16,79.27,APXMIDP
2024-07-06T07:00:00Z,2024-07-06,17,85.24,APXMIDP
2024-07-06T07:30:00Z,2024-07-06,18,85.47,APXMIDP
2024-07-06T08:00:00Z,2024-07-06,19,85.15,APXMIDP
2024-07-06T08:30:00Z,2024-07-06,20,82.23,APXMIDP
2024-07-06T09:00:00Z,2024-07-06,21,83.47,APXMIDP
2024-07-06T09:30:00Z,2024-07-06,22,81.23,APXMIDP
2024-07-06T10:00:00Z,2024-07-06,23,73.18,APXMIDP
2024-07-06T10:30:00Z,2024-07-06,24,71.62,APXMIDP
2024-07-06T11:00:00Z,2024-07-06,25,70.18,APXMIDP
2024-07-06T11:30:00Z,2024-07-06,26,65.03,APXMIDP
2024-07-06T12:00:00Z,2024-07-06,27,65.42,APXMIDP
2024-07-06T12:30:00Z,2024-07-06,28,51.03,APXMIDP
2024-07-06T13:00:00Z,2024-07-06,29,56.54,APXMIDP
2024-07-06T13:30:00Z,2024-07-06,30,49.04,APXMIDP
2024-07-06T14:00:00Z,2024-07-06,31,38.84,APXMIDP
2024-07-06T14:30:00Z,2024-07-06,32,42.92,APXMIDP
2024-07-06T15:00:00Z,2024-07-06,33,44.04,APXMIDP
2024-07-06T15:30:00Z,2024-07-06,34,55.52,APXMIDP
2024-07-06T16:00:00Z,2024-07-06,35,51.71,APXMIDP
2024-07-06T16:30:00Z,2024-07-06,36,50.89,APXMIDP
2024-07-06T17:00:00Z,2024-07-06,37,53.09,APXMIDP
2024-07-06T17:30:00Z,2024-07-06,38,55.13,APXMIDP
2024-07-06T18:00:00Z,2024-07-06,39,58.35,APXMIDP
2024-07-06T18:30:00Z,2024-07-06,40,73.49,APXMIDP
2024-07-06T19:00:00Z,2024-07-06,41,78.88,APXMIDP
2024-07-06T19:30:00Z,2024-07-06,42,77.64,APXMIDP
2024-07-06T20:00:00Z,2024-07-06,43,76.96,APXMIDP
2024-07-06T20:30:00Z,2024-07-06,44,73.52,APXMIDP
2024-07-06T21:00:00Z,2024-07-06,45,67.41,APXMIDP
2024-07-06T21:30:00Z,2024-07-06,46,57.92,APXMIDP
2024-07-06T22:00:00Z,2024-07-06,47,47.13,APXMIDP
2024-07-06T22:30:00Z,2024-07-06,48,38.67,APXMIDP
2024-07-06T23:00:00Z,2024-07-07,1,33.08,APXMIDP
2024-07-06T23:30:00Z,2024-07-07,2,31.42,APXMIDP
2024-07-07T00:00:00Z,2024-07-07,3,20.32,APXMIDP
2024-07-07T00:30:00Z,2024-07-07,4,18.57,APXMIDP
2024-07-07T01:00:00Z,2024-07-07,5,18.94,APXMIDP
2024-07-07T01:30:00Z,2024-07-07,6,18.51,APXMIDP
2024-07-07T02:00:00Z,2024-07-07,7,13.87,APXMIDP
2024-07-07T02:30:00Z,2024-07-07,8,14.68,APXMIDP
2024-07-07T03:00:00Z,2024-07-07,9,15.59,APXMIDP
2024-07-07T03:30:00Z,2024-07-07,10,12.68,APXMIDP
2024-07-07T04:00:00Z,2024-07-07,11,5.34,APXMIDP
2024-07-07T04:30:00Z,2024-07-07,12,4.55,APXMIDP
2024-07-07T05:00:00Z,2024-07-07,13,13.8,APXMIDP
2024-07-07T05:30:00Z,2024-07-07,14,25.87,APXMIDP
2024-07-07T06:00:00Z,2024-07-07,15,52.71,APXMIDP
2024-07-07T06:30:00Z,2024-07-07,16,71.19,APXMIDP
2024-07-07T07:00:00Z,2024-07-07,17,70.28,APXMIDP
2024-07-07T07:30:00Z,2024-07-07,18,76.23,APXMIDP
2024-07-07T08:00:00Z,2024-07-07,19,85.38,APXMIDP
2024-07-07T08:30:00Z,2024-07-07,20,86.77,APXMIDP
2024-07-07T09:00:00Z,2024-07-07,21,88.69,APXMIDP
2024-07-07T09:30:00Z,2024-07-07,22,86.43,APXMIDP
2024-07-07T10:00:00Z,2024-07-07,23,85.38,APXMIDP
2024-07-07T10:30:00Z,2024-07-07,24,83.96,APXMIDP
2024-07-07T11:00:00Z,2024-07-07,25,84.66,APXMIDP
2024-07-07T11:30:00Z,2024-07-07,26,82.97,APXMIDP
2024-07-07T12:00:00Z,2024-07-07,27,85.06,APXMIDP
2024-07-07T12:30:00Z,2024-07-07,28,78.33,APXMIDP
2024-07-07T13:00:00Z,2024-07-07,29,74.77,APXMIDP
2024-07-07T13:30:00Z,2024-07-07,30,68.71,APXMIDP
2024-07-07T14:00:00Z,2024-07-07,31,61.72,APXMIDP
2024-07-07T14:30:00Z,2024-07-07,32,58.5,APXMIDP
2024-07-07T15:00:00Z,2024-07-07,33,56.72,APXMIDP
2024-07-07T15:30:00Z,2024-07-07,34,67.72,APXMIDP
2024-07-07T16:00:00Z,2024-07-07,35,81.05,APXMIDP
2024-07-07T16:30:00Z,2024-07-07,36,83.95,APXMIDP
2024-07-07T17:00:00Z,2024-07-07,37,79.04,APXMIDP
2024-07-07T17:30:00Z,2024-07-07,38,78.63,APXMIDP
2024-07-07T18:00:00Z,2024-07-07,39,92.07,APXMIDP
2024-07-07T18:30:00Z,2024-07-07,40,88.15,APXMIDP
2024-07-07T19:00:00Z,2024-07-07,41,83.21,APXMIDP
2024-07-07T19:30:00Z,2024-07-07,42,89.92,APXMIDP
2024-07-07T20:00:00Z,2024-07-07,43,87.93,APXMIDP
2024-07-07T20:30:00Z,2024-07-07,44,84.74,APXMIDP
2024-07-07T21:00:00Z,2024-07-07,45,84.32,APXMIDP
2024-07-07T21:30:00Z,2024-07-07,46,71.69,APXMIDP
2024-07-07T22:00:00Z,2024-07-07,47,64.24,APXMIDP
2024-07-07T22:30:00Z,2024-07-07,48,68.53,APXMIDP
2024-07-07T23:00:00Z,2024-07-08,1,60.29,APXMIDP
2024-07-07T23:30:00Z,2024-07-08,2,66.98,APXMIDP
2024-07-08T00:00:00Z,2024-07-08,3,64.88,APXMIDP
2024-07-08T00:30:00Z,2024-07-08,4,62.54,APXMIDP
2024-07-08T01:00:00Z,2024-07-08,5,66.93,APXMIDP
2024-07-08T01:30:00Z,2024-07-08,6,64.8,APXMIDP
2024-07-08T02:00:00Z,2024-07-08,7,60.4,APXMIDP
2024-07-08T02:30:00Z,2024-07-08,8,60.35,APXMIDP
2024-07-08T03:00:00Z,2024-07-08,9,66.09,APXMIDP
2024-07-08T03:30:00Z,2024-07-08,10,58.39,APXMIDP
2024-07-08T04:00:00Z,2024-07-08,11,68.13,APXMIDP
2024-07-08T04:30:00Z,2024-07-08,12,69.65,APXMIDP
2024-07-08T05:00:00Z,2024-07-08,13,81.09,APXMIDP
2024-07-08T05:30:00Z,2024-07-08,14,83.4,APXMIDP
2024-07-08T06:00:00Z,2024-07-08,15,78.17,APXMIDP
2024-07-08T06:30:00Z,2024-07-08,16,86.45,APXMIDP
2024-07-08T07:00:00Z,2024-07-08,17,80.99,APXMIDP
2024-07-08T07:30:00Z,2024-07-08,18,79.85,APXMIDP
2024-07-08T08:00:00Z,2024-07-08,19,77.0,APXMIDP
2024-07-08T08:30:00Z,2024-07-08,20,64.74,APXMIDP
2024-07-08T09:00:00Z,2024-07-08,21,71.16,APXMIDP
2024-07-08T09:30:00Z,2024-07-08,22,67.22,APXMIDP
2024-07-08T10:00:00Z,2024-07-08,23,65.5,APXMIDP
2024-07-08T10:30:00Z,2024-07-08,24,68.84,APXMIDP
2024-07-08T11:00:00Z,2024-07-08,25,66.7,APXMIDP
2024-07-08T11:30:00Z,2024-07-08,26,68.8,APXMIDP
2024-07-08T12:00:00Z,2024-07-08,27,71.76,APXMIDP
2024-07-08T12:30:00Z,2024-07-08,28,69.76,APXMIDP
2024-07-08T13:00:00Z,2024-07-08,29,69.8,APXMIDP
2024-07-08T13:30:00Z,2024-07-08,30,71.03,APXMIDP
2024-07-08T14:00:00Z,2024-07-08,31,73.11,APXMIDP
2024-07-08T14:30:00Z,2024-07-08,32,70.38,APXMIDP
2024-07-08T15:00:00Z,2024-07-08,33,65.75,APXMIDP
2024-07-08T15:30:00Z,2024-07-08,34,72.21,APXMIDP
2024-07-08T16:00:00Z,2024-07-08,35,81.3,APXMIDP
2024-07-08T16:30:00Z,2024-07-08,36,85.13,APXMIDP
2024-07-08T17:00:00Z,2024-07-08,37,91.27,APXMIDP
2024-07-08T17:30:00Z,2024-07-08,38,94.36,APXMIDP
2024-07-08T18:00:00Z,2024-07-08,39,96.96,APXMIDP
2024-07-08T18:30:00Z,2024-07-08,40,96.57,APXMIDP
2024-07-08T19:00:00Z,2024-07-08,41,97.37,APXMIDP
2024-07-08T19:30:00Z,2024-07-08,42,93.36,APXMIDP
2024-07-08T20:00:00Z,2024-07-08,43,99.37,APXMIDP
2024-07-08T20:30:00Z,2024-07-08,44,91.64,APXMIDP
2024-07-08T21:00:00Z,2024-07-08,45,79.41,APXMIDP
2024-07-08T21:30:00Z,2024-07-08,46,79.69,APXMIDP
2024-07-08T22:00:00Z,2024-07-08,47,69.89,APXMIDP
2024-07-08T22:30:00Z,2024-07-08,48,84.88,APXMIDP
2024-07-08T23:00:00Z,2024-07-09,1,81.2,APXMIDP
2024-07-08T23:30:00Z,2024-07-09,2,79.77,APXMIDP
2024-07-09T00:00:00Z,2024-07-09,3,74.98,APXMIDP
2024-07-09T00:30:00Z,2024-07-09,4,73.25,APXMIDP
2024-07-09T01:00:00Z,2024-07-09,5,69.94,APXMIDP
2024-07-09T01:30:00Z,2024-07-09,6,68.75,APXMIDP
2024-07-09T02:00:00Z,2024-07-09,7,68.31,APXMIDP
2024-07-09T02:30:00Z,2024-07-09,8,67.64,APXMIDP
2024-07-09T03:00:00Z,2024-07-09,9,68.62,APXMIDP
2024-07-09T03:30:00Z,2024-07-09,10,63.86,APXMIDP
2024-07-09T04:00:00Z,2024-07-09,11,64.43,APXMIDP
2024-07-09T04:30:00Z,2024-07-09,12,63.38,APXMIDP
2024-07-09T05:00:00Z,2024-07-09,13,72.1,APXMIDP
2024-07-09T05:30:00Z,2024-07-09,14,71.53,APXMIDP
2024-07-09T06:00:00Z,2024-07-09,15,64.86,APXMIDP
2024-07-09T06:30:00Z,2024-07-09,16,83.94,APXMIDP
2024-07-09T07:00:00Z,2024-07-09,17,67.45,APXMIDP
2024-07-09T07:30:00Z,2024-07-09,18,71.68,APXMIDP
2024-07-09T08:00:00Z,2024-07-09,19,74.9,APXMIDP
2024-07-09T08:30:00Z,2024-07-09,20,77.24,APXMIDP
2024-07-09T09:00:00Z,2024-07-09,21,79.91,APXMIDP
2024-07-09T09:30:00Z,2024-07-09,22,76.97,APXMIDP
2024-07-09T10:00:00Z,2024-07-09,23,76.55,APXMIDP
2024-07-09T10:30:00Z,2024-07-09,24,79.67,APXMIDP
2024-07-09T11:00:00Z,2024-07-09,25,80.46,APXMIDP
2024-07-09T11:30:00Z,2024-07-09,26,82.89,APXMIDP
2024-07-09T12:00:00Z,2024-07-09,27,84.43,APXMIDP
2024-07-09T12:30:00Z,2024-07-09,28,82.29,APXMIDP
2024-07-09T13:00:00Z,2024-07-09,29,76.62,APXMIDP
2024-07-09T13:30:00Z,2024-07-09,30,75.51,APXMIDP
2024-07-09T14:00:00Z,2024-07-09,31,75.72,APXMIDP
2024-07-09T14:30:00Z,2024-07-09,32,75.58,APXMIDP
2024-07-09T15:00:00Z,2024-07-09,33,76.39,APXMIDP
2024-07-09T15:30:00Z,2024-07-09,34,78.83,APXMIDP
2024-07-09T16:00:00Z,2024-07-09,35,89.5,APXMIDP
2024-07-09T16:30:00Z,2024-07-09,36,92.04,APXMIDP
2024-07-09T17:00:00Z,2024-07-09,37,90.37,APXMIDP
2024-07-09T17:30:00Z,2024-07-09,38,90.71,APXMIDP
2024-07-09T18:00:00Z,2024-07-09,39,89.01,APXMIDP
2024-07-09T18:30:00Z,2024-07-09,40,90.06,APXMIDP
2024-07-09T19:00:00Z,2024-07-09,41,92.62,APXMIDP
2024-07-09T19:30:00Z,2024-07-09,42,93.03,APXMIDP
2024-07-09T20:00:00Z,2024-07-09,43,92.6,APXMIDP
2024-07-09T20:30:00Z,2024-07-09,44,88.6,APXMIDP
2024-07-09T21:00:00Z,2024-07-09,45,78.46,APXMIDP
2024-07-09T21:30:00Z,2024-07-09,46,79.33,APXMIDP
2024-07-09T22:00:00Z,2024-07-09,47,67.38,APXMIDP
2024-07-09T22:30:00Z,2024-07-09,48,67.26,APXMIDP
2024-07-09T23:00:00Z,2024-07-10,1,64.99,APXMIDP
2024-07-09T23:30:00Z,2024-07-10,2,59.83,APXMIDP
2024-07-10T00:00:00Z,2024-07-10,3,53.1,APXMIDP
2024-07-10T00:30:00Z,2024-07-10,4,49.07,APXMIDP
2024-07-10T01:00:00Z,2024-07-10,5,54.51,APXMIDP
2024-07-10T01:30:00Z,2024-07-10,6,48.77,APXMIDP
2024-07-10T02:00:00Z,2024-07-10,7,37.7,APXMIDP
2024-07-10T02:30:00Z,2024-07-10,8,40.18,APXMIDP
2024-07-10T03:00:00Z,2024-07-10,9,53.74,APXMIDP
2024-07-10T03:30:00Z,2024-07-10,10,57.97,APXMIDP
2024-07-10T04:00:00Z,2024-07-10,11,68.53,APXMIDP
2024-07-10T04:30:00Z,2024-07-10,12,72.25,APXMIDP
2024-07-10T05:00:00Z,2024-07-10,13,64.85,APXMIDP
2024-07-10T05:30:00Z,2024-07-10,14,75.41,APXMIDP
2024-07-10T06:00:00Z,2024-07-10,15,75.63,APXMIDP
2024-07-10T06:30:00Z,2024-07-10,16,84.32,APXMIDP
2024-07-10T07:00:00Z,2024-07-10,17,81.25,APXMIDP
2024-07-10T07:30:00Z,2024-07-10,18,78.75,APXMIDP
2024-07-10T08:00:00Z,2024-07-10,19,70.2,APXMIDP
2024-07-10T08:30:00Z,2024-07-10,20,76.04,APXMIDP
2024-07-10T09:00:00Z,2024-07-10,21,78.11,APXMIDP
2024-07-10T09:30:00Z,2024-07-10,22,77.34,APXMIDP
2024-07-10T10:00:00Z,2024-07-10,23,78.41,APXMIDP
2024-07-10T10:30:00Z,2024-07-10,24,79.26,APXMIDP
2024-07-10T11:00:00Z,2024-07-10,25,73.03,APXMIDP
2024-07-10T11:30:00Z,2024-07-10,26,69.83,APXMIDP
2024-07-10T12:00:00Z,2024-07-10,27,65.59,APXMIDP
2024-07-10T12:30:00Z,2024-07-10,28,67.62,APXMIDP
2024-07-10T13:00:00Z,2024-07-10,29,65.3,APXMIDP
2024-07-10T13:30:00Z,2024-07-10,30,62.15,APXMIDP
2024-07-10T14:00:00Z,2024-07-10,31,69.3,APXMIDP
2024-07-10T14:30:00Z,2024-07-10,32,70.68,APXMIDP
2024-07-10T15:00:00Z,2024-07-10,33,72.41,APXMIDP
2024-07-10T15:30:00Z,2024-07-10,34,75.87,APXMIDP
2024-07-10T16:00:00Z,2024-07-10,35,75.33,APXMIDP
2024-07-10T16:30:00Z,2024-07-10,36,75.13,APXMIDP
2024-07-10T17:00:00Z,2024-07-10,37,87.72,APXMIDP
2024-07-10T17:30:00Z,2024-07-10,38,87.74,APXMIDP
2024-07-10T18:00:00Z,2024-07-10,39,92.97,APXMIDP
2024-07-10T18:30:00Z,2024-07-10,40,93.9,APXMIDP
2024-07-10T19:00:00Z,2024-07-10,41,93.44,APXMIDP
2024-07-10T19:30:00Z,2024-07-10,42,92.97,APXMIDP
2024-07-10T20:00:00Z,2024-07-10,43,93.74,APXMIDP
2024-07-10T20:30:00Z,2024-07-10,44,93.48,APXMIDP
2024-07-10T21:00:00Z,2024-07-10,45,90.57,APXMIDP
2024-07-10T21:30:00Z,2024-07-10,46,89.42,APXMIDP
2024-07-10T22:00:00Z,2024-07-10,47,75.84,APXMIDP
2024-07-10T22:30:00Z,2024-07-10,48,83.89,APXMIDP
2024-07-10T23:00:00Z,2024-07-11,1,62.13,APXMIDP
2024-07-10T23:30:00Z,2024-07-11,2,64.46,APXMIDP
2024-07-11T00:00:00Z,2024-07-11,3,65.43,APXMIDP
2024-07-11T00:30:00Z,2024-07-11,4,72.37,APXMIDP
2024-07-11T01:00:00Z,2024-07-11,5,71.3,APXMIDP
2024-07-11T01:30:00Z,2024-07-11,6,65.82,APXMIDP
2024-07-11T02:00:00Z,2024-07-11,7,65.78,APXMIDP
2024-07-11T02:30:00Z,2024-07-11,8,66.04,APXMIDP
2024-07-11T03:00:00Z,2024-07-11,9,63.48,APXMIDP
2024-07-11T03:30:00Z,2024-07-11,10,63.24,APXMIDP
2024-07-11T04:00:00Z,2024-07-11,11,65.02,APXMIDP
2024-07-11T04:30:00Z,2024-07-11,12,63.39,APXMIDP
2024-07-11T05:00:00Z,2024-07-11,13,69.59,APXMIDP
2024-07-11T05:30:00Z,2024-07-11,14,81.82,APXMIDP
2024-07-11T06:00:00Z,2024-07-11,15,81.67,APXMIDP
2024-07-11T06:30:00Z,2024-07-11,16,88.94,APXMIDP
2024-07-11T07:00:00Z,2024-07-11,17,80.62,APXMIDP
2024-07-11T07:30:00Z,2024-07-11,18,78.89,APXMIDP
2024-07-11T08:00:00Z,2024-07-11,19,69.9,APXMIDP
2024-07-11T08:30:00Z,2024-07-11,20,66.67,APXMIDP
2024-07-11T09:00:00Z,2024-07-11,21,72.55,APXMIDP
2024-07-11T09:30:00Z,2024-07-11,22,67.63,APXMIDP
2024-07-11T10:00:00Z,2024-07-11,23,70.31,APXMIDP
2024-07-11T10:30:00Z,2024-07-11,24,69.89,APXMIDP
2024-07-11T11:00:00Z,2024-07-11,25,69.12,APXMIDP
2024-07-11T11:30:00Z,2024-07-11,26,69.33,APXMIDP
2024-07-11T12:00:00Z,2024-07-11,27,67.69,APXMIDP
2024-07-11T12:30:00Z,2024-07-11,28,66.32,APXMIDP
2024-07-11T13:00:00Z,2024-07-11,29,67.85,APXMIDP
2024-07-11T13:30:00Z,2024-07-11,30,70.48,APXMIDP
2024-07-11T14:00:00Z,2024-07-11,31,75.63,APXMIDP
2024-07-11T14:30:00Z,2024-07-11,32,79.04,APXMIDP
2024-07-11T15:00:00Z,2024-07-11,33,79.95,APXMIDP
2024-07-11T15:30:00Z,2024-07-11,34,82.58,APXMIDP
2024-07-11T16:00:00Z,2024-07-11,35,92.37,APXMIDP
2024-07-11T16:30:00Z,2024-07-11,36,87.11,APXMIDP
2024-07-11T17:00:00Z,2024-07-11,37,98.23,APXMIDP
2024-07-11T17:30:00Z,2024-07-11,38,97.6,APXMIDP
2024-07-11T18:00:00Z,2024-07-11,39,101.24,APXMIDP
2024-07-11T18:30:00Z,2024-07-11,40,101.49,APXMIDP
2024-07-11T19:00:00Z,2024-07-11,41,103.04,APXMIDP
2024-07-11T19:30:00Z,2024-07-11,42,102.55,APXMIDP
2024-07-11T20:00:00Z,2024-07-11,43,102.71,APXMIDP
2024-07-11T20:30:00Z,2024-07-11,44,100.51,APXMIDP
2024-07-11T21:00:00Z,2024-07-11,45,89.75,APXMIDP
2024-07-11T21:30:00Z,2024-07-11,46,84.78,APXMIDP
2024-07-11T22:00:00Z,2024-07-11,47,63.63,APXMIDP
2024-07-11T22:30:00Z,2024-07-11,48,75.1,APXMIDP
2024-07-11T23:00:00Z,2024-07-12,1,80.06,APXMIDP
2024-07-11T23:30:00Z,2024-07-12,2,78.64,APXMIDP
2024-07-12T00:00:00Z,2024-07-12,3,73.97,APXMIDP
2024-07-12T00:30:00Z,2024-07-12,4,72.37,APXMIDP
2024-07-12T01:00:00Z,2024-07-12,5,74.26,APXMIDP
2024-07-12T01:30:00Z,2024-07-12,6,67.12,APXMIDP
2024-07-12T02:00:00Z,2024-07-12,7,68.17,APXMIDP
2024-07-12T02:30:00Z,2024-07-12,8,66.8,APXMIDP
2024-07-12T03:00:00Z,2024-07-12,9,67.9,APXMIDP
2024-07-12T03:30:00Z,2024-07-12,10,67.57,APXMIDP
2024-07-12T04:00:00Z,2024-07-12,11,70.17,APXMIDP
2024-07-12T04:30:00Z,2024-07-12,12,74.16,APXMIDP
2024-07-12T05:00:00Z,2024-07-12,13,71.32,APXMIDP
2024-07-12T05:30:00Z,2024-07-12,14,70.72,APXMIDP
2024-07-12T06:00:00Z,2024-07-12,15,72.98,APXMIDP
2024-07-12T06:30:00Z,2024-07-12,16,78.54,APXMIDP
2024-07-12T07:00:00Z,2024-07-12,17,80.73,APXMIDP
2024-07-12T07:30:00Z,2024-07-12,18,82.37,APXMIDP
2024-07-12T08:00:00Z,2024-07-12,19,77.23,APXMIDP
2024-07-12T08:30:00Z,2024-07-12,20,69.68,APXMIDP
2024-07-12T09:00:00Z,2024-07-12,21,75.23,APXMIDP
2024-07-12T09:30:00Z,2024-07-12,22,71.97,APXMIDP
2024-07-12T10:00:00Z,2024-07-12,23,58.54,APXMIDP
2024-07-12T10:30:00Z,2024-07-12,24,57.7,APXMIDP
2024-07-12T11:00:00Z,2024-07-12,25,61.77,APXMIDP
2024-07-12T11:30:00Z,2024-07-12,26,60.48,APXMIDP
2024-07-12T12:00:00Z,2024-07-12,27,58.78,APXMIDP
2024-07-12T12:30:00Z,2024-07-12,28,57.36,APXMIDP
2024-07-12T13:00:00Z,2024-07-12,29,58.69,APXMIDP
2024-07-12T13:30:00Z,2024-07-12,30,61.85,APXMIDP
2024-07-12T14:00:00Z,2024-07-12,31,56.74,APXMIDP
2024-07-12T14:30:00Z,2024-07-12,32,57.92,APXMIDP
2024-07-12T15:00:00Z,2024-07-12,33,59.25,APXMIDP
2024-07-12T15:30:00Z,2024-07-12,34,61.88,APXMIDP
2024-07-12T16:00:00Z,2024-07-12,35,66.85,APXMIDP
2024-07-12T16:30:00Z,2024-07-12,36,69.66,APXMIDP
2024-07-12T17:00:00Z,2024-07-12,37,67.3,APXMIDP
2024-07-12T17:30:00Z,2024-07-12,38,70.52,APXMIDP
2024-07-12T18:00:00Z,2024-07-12,39,76.13,APXMIDP
2024-07-12T18:30:00Z,2024-07-12,40,74.6,APXMIDP
2024-07-12T19:00:00Z,2024-07-12,41,75.75,APXMIDP
2024-07-12T19:30:00Z,2024-07-12,42,72.01,APXMIDP
2024-07-12T20:00:00Z,2024-07-12,43,73.69,APXMIDP
2024-07-12T20:30:00Z,2024-07-12,44,70.37,APXMIDP
2024-07-12T21:00:00Z,2024-07-12,45,69.79,APXMIDP
2024-07-12T21:30:00Z,2024-07-12,46,72.0,APXMIDP
2024-07-12T22:00:00Z,2024-07-12,47,61.23,APXMIDP
2024-07-12T22:30:00Z,2024-07-12,48,61.5,APXMIDP
2024-07-12T23:00:00Z,2024-07-13,1,59.39,APXMIDP
2024-07-12T23:30:00Z,2024-07-13,2,54.08,APXMIDP
2024-07-13T00:00:00Z,2024-07-13,3,51.29,APXMIDP
2024-07-13T00:30:00Z,2024-07-13,4,48.43,APXMIDP
2024-07-13T01:00:00Z,2024-07-13,5,54.55,APXMIDP
2024-07-13T01:30:00Z,2024-07-13,6,48.41,APXMIDP
2024-07-13T02:00:00Z,2024-07-13,7,45.79,APXMIDP
2024-07-13T02:30:00Z,2024-07-13,8,46.27,APXMIDP
2024-07-13T03:00:00Z,2024-07-13,9,48.97,APXMIDP
2024-07-13T03:30:00Z,2024-07-13,10,44.7,APXMIDP
2024-07-13T04:00:00Z,2024-07-13,11,44.99,APXMIDP
2024-07-13T04:30:00Z,2024-07-13,12,44.09,APXMIDP
2024-07-13T05:00:00Z,2024-07-13,13,41.76,APXMIDP
2024-07-13T05:30:00Z,2024-07-13,14,42.72,APXMIDP
2024-07-13T06:00:00Z,2024-07-13,15,50.18,APXMIDP
2024-07-13T06:30:00Z,2024-07-13,16,55.97,APXMIDP
2024-07-13T07:00:00Z,2024-07-13,17,51.71,APXMIDP
2024-07-13T07:30:00Z,2024-07-13,18,54.79,APXMIDP
2024-07-13T08:00:00Z,2024-07-13,19,60.29,APXMIDP
2024-07-13T08:30:00Z,2024-07-13,20,57.58,APXMIDP
2024-07-13T09:00:00Z,2024-07-13,21,63.63,APXMIDP
2024-07-13T09:30:00Z,2024-07-13,22,69.13,APXMIDP
2024-07-13T10:00:00Z,2024-07-13,23,67.53,APXMIDP
2024-07-13T10:30:00Z,2024-07-13,24,68.61,APXMIDP
2024-07-13T11:00:00Z,2024-07-13,25,69.17,APXMIDP
2024-07-13T11:30:00Z,2024-07-13,26,66.03,APXMIDP
2024-07-13T12:00:00Z,2024-07-13,27,58.72,APXMIDP
2024-07-13T12:30:00Z,2024-07-13,28,62.61,APXMIDP
2024-07-13T13:00:00Z,2024-07-13,29,56.99,APXMIDP
2024-07-13T13:30:00Z,2024-07-13,30,64.91,APXMIDP
2024-07-13T14:00:00Z,2024-07-13,31,68.06,APXMIDP
2024-07-13T14:30:00Z,2024-07-13,32,69.22,APXMIDP
2024-07-13T15:00:00Z,2024-07-13,33,66.36,APXMIDP
2024-07-13T15:30:00Z,2024-07-13,34,72.51,APXMIDP
2024-07-13T16:00:00Z,2024-07-13,35,80.18,APXMIDP
2024-07-13T16:30:00Z,2024-07-13,36,86.27,APXMIDP
2024-07-13T17:00:00Z,2024-07-13,37,79.81,APXMIDP
2024-07-13T17:30:00Z,2024-07-13,38,76.3,APXMIDP
2024-07-13T18:00:00Z,2024-07-13,39,88.31,APXMIDP
2024-07-13T18:30:00Z,2024-07-13,40,87.56,APXMIDP
2024-07-13T19:00:00Z,2024-07-13,41,85.47,APXMIDP
2024-07-13T19:30:00Z,2024-07-13,42,75.0,APXMIDP
2024-07-13T20:00:00Z,2024-07-13,43,80.21,APXMIDP
2024-07-13T20:30:00Z,2024-07-13,44,72.15,APXMIDP
2024-07-13T21:00:00Z,2024-07-13,45,74.34,APXMIDP
2024-07-13T21:30:00Z,2024-07-13,46,70.02,APXMIDP
2024-07-13T22:00:00Z,2024-07-13,47,65.16,APXMIDP
2024-07-13T22:30:00Z,2024-07-13,48,75.81,APXMIDP
2024-07-13T23:00:00Z,2024-07-14,1,56.97,APXMIDP
2024-07-13T23:30:00Z,2024-07-14,2,57.79,APXMIDP
2024-07-14T00:00:00Z,2024-07-14,3,56.11,APXMIDP
2024-07-14T00:30:00Z,2024-07-14,4,45.12,APXMIDP
2024-07-14T01:00:00Z,2024-07-14,5,39.94,APXMIDP
2024-07-14T01:30:00Z,2024-07-14,6,34.51,APXMIDP
2024-07-14T02:00:00Z,2024-07-14,7,29.83,APXMIDP
2024-07-14T02:30:00Z,2024-07-14,8,27.49,APXMIDP
2024-07-14T03:00:00Z,2024-07-14,9,25.76,APXMIDP
2024-07-14T03:30:00Z,2024-07-14,10,23.81,APXMIDP
2024-07-14T04:00:00Z,2024-07-14,11,27.7,APXMIDP
2024-07-14T04:30:00Z,2024-07-14,12,30.12,APXMIDP
2024-07-14T05:00:00Z,2024-07-14,13,14.48,APXMIDP
2024-07-14T05:30:00Z,2024-07-14,14,23.2,APXMIDP
2024-07-14T06:00:00Z,2024-07-14,15,40.35,APXMIDP
2024-07-14T06:30:00Z,2024-07-14,16,54.4,APXMIDP
2024-07-14T07:00:00Z,2024-07-14,17,68.63,APXMIDP
2024-07-14T07:30:00Z,2024-07-14,18,70.78,APXMIDP
2024-07-14T08:00:00Z,2024-07-14,19,66.09,APXMIDP
2024-07-14T08:30:00Z,2024-07-14,20,58.81,APXMIDP
2024-07-14T09:00:00Z,2024-07-14,21,57.51,APXMIDP
2024-07-14T09:30:00Z,2024-07-14,22,58.04,APXMIDP
2024-07-14T10:00:00Z,2024-07-14,23,60.43,APXMIDP
2024-07-14T10:30:00Z,2024-07-14,24,70.33,APXMIDP
2024-07-14T11:00:00Z,2024-07-14,25,75.18,APXMIDP
2024-07-14T11:30:00Z,2024-07-14,26,73.89,APXMIDP
2024-07-14T12:00:00Z,2024-07-14,27,77.8,APXMIDP
2024-07-14T12:30:00Z,2024-07-14,28,79.31,APXMIDP
2024-07-14T13:00:00Z,2024-07-14,29,80.18,APXMIDP
2024-07-14T13:30:00Z,2024-07-14,30,80.55,APXMIDP
2024-07-14T14:00:00Z,2024-07-14,31,72.43,APXMIDP
2024-07-14T14:30:00Z,2024-07-14,32,66.36,APXMIDP
2024-07-14T15:00:00Z,2024-07-14,33,67.36,APXMIDP
2024-07-14T15:30:00Z,2024-07-14,34,66.13,APXMIDP
2024-07-14T16:00:00Z,2024-07-14,35,62.21,APXMIDP
2024-07-14T16:30:00Z,2024-07-14,36,62.09,APXMIDP
2024-07-14T17:00:00Z,2024-07-14,37,65.32,APXMIDP
2024-07-14T17:30:00Z,2024-07-14,38,65.83,APXMIDP
2024-07-14T18:00:00Z,2024-07-14,39,77.77,APXMIDP
2024-07-14T18:30:00Z,2024-07-14,40,79.28,APXMIDP
2024-07-14T19:00:00Z,2024-07-14,41,70.51,APXMIDP
2024-07-14T19:30:00Z,2024-07-14,42,70.78,APXMIDP
2024-07-14T20:00:00Z,2024-07-14,43,76.11,APXMIDP
2024-07-14T20:30:00Z,2024-07-14,44,76.21,APXMIDP
2024-07-14T21:00:00Z,2024-07-14,45,70.73,APXMIDP
2024-07-14T21:30:00Z,2024-07-14,46,65.66,APXMIDP
2024-07-14T22:00:00Z,2024-07-14,47,64.51,APXMIDP
2024-07-14T22:30:00Z,2024-07-14,48,68.72,APXMIDP
2024-07-14T23:00:00Z,2024-07-15,1,55.67,APXMIDP
2024-07-14T23:30:00Z,2024-07-15,2,55.3,APXMIDP
2024-07-15T00:00:00Z,2024-07-15,3,66.51,APXMIDP
2024-07-15T00:30:00Z,2024-07-15,4,57.93,APXMIDP
2024-07-15T01:00:00Z,2024-07-15,5,61.67,APXMIDP
2024-07-15T01:30:00Z,2024-07-15,6,62.61,APXMIDP
2024-07-15T02:00:00Z,2024-07-15,7,63.88,APXMIDP
2024-07-15T02:30:00Z,2024-07-15,8,57.24,APXMIDP
2024-07-15T03:00:00Z,2024-07-15,9,60.55,APXMIDP
2024-07-15T03:30:00Z,2024-07-15,10,63.07,APXMIDP
2024-07-15T04:00:00Z,2024-07-15,11,61.35,APXMIDP
2024-07-15T04:30:00Z,2024-07-15,12,59.01,APXMIDP
2024-07-15T05:00:00Z,2024-07-15,13,62.55,APXMIDP
2024-07-15T05:30:00Z,2024-07-15,14,58.63,APXMIDP
2024-07-15T06:00:00Z,2024-07-15,15,62.22,APXMIDP
2024-07-15T06:30:00Z,2024-07-15,16,73.2,APXMIDP
2024-07-15T07:00:00Z,2024-07-15,17,75.25,APXMIDP
2024-07-15T07:30:00Z,2024-07-15,18,78.02,APXMIDP
2024-07-15T08:00:00Z,2024-07-15,19,82.88,APXMIDP
2024-07-15T08:30:00Z,2024-07-15,20,80.24,APXMIDP
2024-07-15T09:00:00Z,2024-07-15,21,80.44,APXMIDP
2024-07-15T09:30:00Z,2024-07-15,22,82.46,APXMIDP
2024-07-15T10:00:00Z,2024-07-15,23,87.13,APXMIDP
2024-07-15T10:30:00Z,2024-07-15,24,88.41,APXMIDP
2024-07-15T11:00:00Z,2024-07-15,25,88.5,APXMIDP
2024-07-15T11:30:00Z,2024-07-15,26,88.65,APXMIDP
2024-07-15T12:00:00Z,2024-07-15,27,88.1,APXMIDP
2024-07-15T12:30:00Z,2024-07-15,28,88.64,APXMIDP
2024-07-15T13:00:00Z,2024-07-15,29,84.58,APXMIDP
2024-07-15T13:30:00Z,2024-07-15,30,84.25,APXMIDP
2024-07-15T14:00:00Z,2024-07-15,31,79.51,APXMIDP
2024-07-15T14:30:00Z,2024-07-15,32,80.97,APXMIDP
2024-07-15T15:00:00Z,2024-07-15,33,85.24,APXMIDP
2024-07-15T15:30:00Z,2024-07-15,34,84.52,APXMIDP
2024-07-15T16:00:00Z,2024-07-15,35,101.54,APXMIDP
2024-07-15T16:30:00Z,2024-07-15,36,100.22,APXMIDP
2024-07-15T17:00:00Z,2024-07-15,37,90.18,APXMIDP
2024-07-15T17:30:00Z,2024-07-15,38,95.38,APXMIDP
2024-07-15T18:00:00Z,2024-07-15,39,103.58,APXMIDP
2024-07-15T18:30:00Z,2024-07-15,40,102.97,APXMIDP
2024-07-15T19:00:00Z,2024-07-15,41,103.56,APXMIDP
2024-07-15T19:30:00Z,2024-07-15,42,104.87,APXMIDP
2024-07-15T20:00:00Z,2024-07-15,43,96.29,APXMIDP
2024-07-15T20:30:00Z,2024-07-15,44,84.42,APXMIDP
2024-07-15T21:00:00Z,2024-07-15,45,77.51,APXMIDP
2024-07-15T21:30:00Z,2024-07-15,46,75.17,APXMIDP
2024-07-15T22:00:00Z,2024-07-15,47,65.73,APXMIDP
2024-07-15T22:30:00Z,2024-07-15,48,71.21,APXMIDP
2024-07-15T23:00:00Z,2024-07-16,1,71.86,APXMIDP
2024-07-15T23:30:00Z,2024-07-16,2,72.35,APXMIDP
2024-07-16T00:00:00Z,2024-07-16,3,69.24,APXMIDP
2024-07-16T00:30:00Z,2024-07-16,4,69.1,APXMIDP
2024-07-16T01:00:00Z,2024-07-16,5,74.27,APXMIDP
2024-07-16T01:30:00Z,2024-07-16,6,66.44,APXMIDP
2024-07-16T02:00:00Z,2024-07-16,7,60.98,APXMIDP
2024-07-16T02:30:00Z,2024-07-16,8,63.48,APXMIDP
2024-07-16T03:00:00Z,2024-07-16,9,62.73,APXMIDP
2024-07-16T03:30:00Z,2024-07-16,10,59.51,APXMIDP
2024-07-16T04:00:00Z,2024-07-16,11,67.68,APXMIDP
2024-07-16T04:30:00Z,2024-07-16,12,69.97,APXMIDP
2024-07-16T05:00:00Z,2024-07-16,13,75.81,APXMIDP
2024-07-16T05:30:00Z,2024-07-16,14,86.79,APXMIDP
2024-07-16T06:00:00Z,2024-07-16,15,91.15,APXMIDP
2024-07-16T06:30:00Z,2024-07-16,16,97.64,APXMIDP
2024-07-16T07:00:00Z,2024-07-16,17,98.55,APXMIDP
2024-07-16T07:30:00Z,2024-07-16,18,98.24,APXMIDP
2024-07-16T08:00:00Z,2024-07-16,19,98.03,APXMIDP
2024-07-16T08:30:00Z,2024-07-16,20,96.98,APXMIDP
2024-07-16T09:00:00Z,2024-07-16,21,95.62,APXMIDP
2024-07-16T09:30:00Z,2024-07-16,22,92.45,APXMIDP
2024-07-16T10:00:00Z,2024-07-16,23,85.58,APXMIDP
2024-07-16T10:30:00Z,2024-07-16,24,83.31,APXMIDP
2024-07-16T11:00:00Z,2024-07-16,25,81.01,APXMIDP
2024-07-16T11:30:00Z,2024-07-16,26,79.97,APXMIDP
2024-07-16T12:00:00Z,2024-07-16,27,78.49,APXMIDP
2024-07-16T12:30:00Z,2024-07-16,28,70.3,APXMIDP
2024-07-16T13:00:00Z,2024-07-16,29,70.12,APXMIDP
2024-07-16T13:30:00Z,2024-07-16,30,72.58,APXMIDP
2024-07-16T14:00:00Z,2024-07-16,31,71.51,APXMIDP
2024-07-16T14:30:00Z,2024-07-16,32,74.3,APXMIDP
2024-07-16T15:00:00Z,2024-07-16,33,72.29,APXMIDP
2024-07-16T15:30:00Z,2024-07-16,34,74.94,APXMIDP
2024-07-16T16:00:00Z,2024-07-16,35,84.85,APXMIDP
2024-07-16T16:30:00Z,2024-07-16,36,90.93,APXMIDP
2024-07-16T17:00:00Z,2024-07-16,37,94.04,APXMIDP
2024-07-16T17:30:00Z,2024-07-16,38,99.7,APXMIDP
2024-07-16T18:00:00Z,2024-07-16,39,107.22,APXMIDP
2024-07-16T18:30:00Z,2024-07-16,40,108.19,APXMIDP
2024-07-16T19:00:00Z,2024-07-16,41,101.89,APXMIDP
2024-07-16T19:30:00Z,2024-07-16,42,103.81,APXMIDP
2024-07-16T20:00:00Z,2024-07-16,43,107.47,APXMIDP
2024-07-16T20:30:00Z,2024-07-16,44,105.7,APXMIDP
2024-07-16T21:00:00Z,2024-07-16,45,102.25,APXMIDP
2024-07-16T21:30:00Z,2024-07-16,46,89.1,APXMIDP
2024-07-16T22:00:00Z,2024-07-16,47,86.12,APXMIDP
2024-07-16T22:30:00Z,2024-07-16,48,87.09,APXMIDP
2024-07-16T23:00:00Z,2024-07-17,1,88.2,APXMIDP
2024-07-16T23:30:00Z,2024-07-17,2,77.46,APXMIDP
2024-07-17T00:00:00Z,2024-07-17,3,76.04,APXMIDP
2024-07-17T00:30:00Z,2024-07-17,4,75.14,APXMIDP
2024-07-17T01:00:00Z,2024-07-17,5,74.19,APXMIDP
2024-07-17T01:30:00Z,2024-07-17,6,71.14,APXMIDP
2024-07-17T02:00:00Z,2024-07-17,7,70.0,APXMIDP
2024-07-17T02:30:00Z,2024-07-17,8,67.71,APXMIDP
2024-07-17T03:00:00Z,2024-07-17,9,66.9,APXMIDP
2024-07-17T03:30:00Z,2024-07-17,10,65.67,APXMIDP
2024-07-17T04:00:00Z,2024-07-17,11,69.09,APXMIDP
2024-07-17T04:30:00Z,2024-07-17,12,67.65,APXMIDP
2024-07-17T05:00:00Z,2024-07-17,13,83.51,APXMIDP
2024-07-17T05:30:00Z,2024-07-17,14,91.22,APXMIDP
2024-07-17T06:00:00Z,2024-07-17,15,93.53,APXMIDP
2024-07-17T06:30:00Z,2024-07-17,16,100.23,APXMIDP
2024-07-17T07:00:00Z,2024-07-17,17,99.09,APXMIDP
2024-07-17T07:30:00Z,2024-07-17,18,92.97,APXMIDP
2024-07-17T08:00:00Z,2024-07-17,19,91.2,APXMIDP
2024-07-17T08:30:00Z,2024-07-17,20,78.61,APXMIDP
2024-07-17T09:00:00Z,2024-07-17,21,71.54,APXMIDP
2024-07-17T09:30:00Z,2024-07-17,22,71.0,APXMIDP
2024-07-17T10:00:00Z,2024-07-17,23,67.56,APXMIDP
2024-07-17T10:30:00Z,2024-07-17,24,67.02,APXMIDP
2024-07-17T11:00:00Z,2024-07-17,25,68.27,APXMIDP
2024-07-17T11:30:00Z,2024-07-17,26,68.89,APXMIDP
2024-07-17T12:00:00Z,2024-07-17,27,68.92,APXMIDP
2024-07-17T12:30:00Z,2024-07-17,28,70.08,APXMIDP
2024-07-17T13:00:00Z,2024-07-17,29,68.88,APXMIDP
2024-07-17T13:30:00Z,2024-07-17,30,67.92,APXMIDP
2024-07-17T14:00:00Z,2024-07-17,31,68.63,APXMIDP
2024-07-17T14:30:00Z,2024-07-17,32,71.66,APXMIDP
2024-07-17T15:00:00Z,2024-07-17,33,69.92,APXMIDP
2024-07-17T15:30:00Z,2024-07-17,34,75.61,APXMIDP
2024-07-17T16:00:00Z,2024-07-17,35,73.8,APXMIDP
2024-07-17T16:30:00Z,2024-07-17,36,73.44,APXMIDP
2024-07-17T17:00:00Z,2024-07-17,37,89.9,APXMIDP
2024-07-17T17:30:00Z,2024-07-17,38,87.97,APXMIDP
2024-07-17T18:00:00Z,2024-07-17,39,100.31,APXMIDP
2024-07-17T18:30:00Z,2024-07-17,40,99.57,APXMIDP
2024-07-17T19:00:00Z,2024-07-17,41,101.6,APXMIDP
2024-07-17T19:30:00Z,2024-07-17,42,100.41,APXMIDP
2024-07-17T20:00:00Z,2024-07-17,43,97.23,APXMIDP
2024-07-17T20:30:00Z,2024-07-17,44,93.6,APXMIDP
2024-07-17T21:00:00Z,2024-07-17,45,81.08,APXMIDP
2024-07-17T21:30:00Z,2024-07-17,46,81.55,APXMIDP
2024-07-17T22:00:00Z,2024-07-17,47,73.49,APXMIDP
2024-07-17T22:30:00Z,2024-07-17,48,73.69,APXMIDP
2024-07-17T23:00:00Z,2024-07-18,1,64.14,APXMIDP
2024-07-17T23:30:00Z,2024-07-18,2,61.68,APXMIDP
2024-07-18T00:00:00Z,2024-07-18,3,63.58,APXMIDP
2024-07-18T00:30:00Z,2024-07-18,4,66.65,APXMIDP
2024-07-18T01:00:00Z,2024-07-18,5,64.0,APXMIDP
2024-07-18T01:30:00Z,2024-07-18,6,64.58,APXMIDP
2024-07-18T02:00:00Z,2024-07-18,7,57.9,APXMIDP
2024-07-18T02:30:00Z,2024-07-18,8,52.89,APXMIDP
2024-07-18T03:00:00Z,2024-07-18,9,61.31,APXMIDP
2024-07-18T03:30:00Z,2024-07-18,10,53.75,APXMIDP
2024-07-18T04:00:00Z,2024-07-18,11,61.72,APXMIDP
2024-07-18T04:30:00Z,2024-07-18,12,60.62,APXMIDP
2024-07-18T05:00:00Z,2024-07-18,13,66.29,APXMIDP
2024-07-18T05:30:00Z,2024-07-18,14,67.65,APXMIDP
2024-07-18T06:00:00Z,2024-07-18,15,57.16,APXMIDP
2024-07-18T06:30:00Z,2024-07-18,16,63.03,APXMIDP
2024-07-18T07:00:00Z,2024-07-18,17,66.15,APXMIDP
2024-07-18T07:30:00Z,2024-07-18,18,65.6,APXMIDP
2024-07-18T08:00:00Z,2024-07-18,19,62.45,APXMIDP
2024-07-18T08:30:00Z,2024-07-18,20,57.6,APXMIDP
2024-07-18T09:00:00Z,2024-07-18,21,56.6,APXMIDP
2024-07-18T09:30:00Z,2024-07-18,22,66.35,APXMIDP
2024-07-18T10:00:00Z,2024-07-18,23,57.79,APXMIDP
2024-07-18T10:30:00Z,2024-07-18,24,55.0,APXMIDP
2024-07-18T11:00:00Z,2024-07-18,25,60.47,APXMIDP
2024-07-18T11:30:00Z,2024-07-18,26,61.54,APXMIDP
2024-07-18T12:00:00Z,2024-07-18,27,57.95,APXMIDP
2024-07-18T12:30:00Z,2024-07-18,28,58.6,APXMIDP
2024-07-18T13:00:00Z,2024-07-18,29,59.8,APXMIDP
2024-07-18T13:30:00Z,2024-07-18,30,59.65,APXMIDP
2024-07-18T14:00:00Z,2024-07-18,31,62.96,APXMIDP
2024-07-18T14:30:00Z,2024-07-18,32,69.42,APXMIDP
2024-07-18T15:00:00Z,2024-07-18,33,62.31,APXMIDP
2024-07-18T15:30:00Z,2024-07-18,34,62.74,APXMIDP
2024-07-18T16:00:00Z,2024-07-18,35,83.86,APXMIDP
2024-07-18T16:30:00Z,2024-07-18,36,69.48,APXMIDP
2024-07-18T17:00:00Z,2024-07-18,37,87.92,APXMIDP
2024-07-18T17:30:00Z,2024-07-18,38,90.46,APXMIDP
2024-07-18T18:00:00Z,2024-07-18,39,103.92,APXMIDP
2024-07-18T18:30:00Z,2024-07-18,40,104.25,APXMIDP
2024-07-18T19:00:00Z,2024-07-18,41,106.6,APXMIDP
2024-07-18T19:30:00Z,2024-07-18,42,105.22,APXMIDP
2024-07-18T20:00:00Z,2024-07-18,43,96.62,APXMIDP
2024-07-18T20:30:00Z,2024-07-18,44,95.59,APXMIDP
2024-07-18T21:00:00Z,2024-07-18,45,92.36,APXMIDP
2024-07-18T21:30:00Z,2024-07-18,46,86.08,APXMIDP
2024-07-18T22:00:00Z,2024-07-18,47,67.45,APXMIDP
2024-07-18T22:30:00Z,2024-07-18,48,71.85,APXMIDP
2024-07-18T23:00:00Z,2024-07-19,1,70.4,APXMIDP
2024-07-18T23:30:00Z,2024-07-19,2,64.13,APXMIDP
2024-07-19T00:00:00Z,2024-07-19,3,58.42,APXMIDP
2024-07-19T00:30:00Z,2024-07-19,4,58.18,APXMIDP
2024-07-19T01:00:00Z,2024-07-19,5,57.47,APXMIDP
2024-07-19T01:30:00Z,2024-07-19,6,56.6,APXMIDP
2024-07-19T02:00:00Z,2024-07-19,7,57.89,APXMIDP
2024-07-19T02:30:00Z,2024-07-19,8,57.78,APXMIDP
2024-07-19T03:00:00Z,2024-07-19,9,58.32,APXMIDP
2024-07-19T03:30:00Z,2024-07-19,10,57.26,APXMIDP
2024-07-19T04:00:00Z,2024-07-19,11,57.69,APXMIDP
2024-07-19T04:30:00Z,2024-07-19,12,58.73,APXMIDP
2024-07-19T05:00:00Z,2024-07-19,13,62.76,APXMIDP
2024-07-19T05:30:00Z,2024-07-19,14,78.29,APXMIDP
2024-07-19T06:00:00Z,2024-07-19,15,75.16,APXMIDP
2024-07-19T06:30:00Z,2024-07-19,16,87.48,APXMIDP
2024-07-19T07:00:00Z,2024-07-19,17,78.08,APXMIDP
2024-07-19T07:30:00Z,2024-07-19,18,76.55,APXMIDP
2024-07-19T08:00:00Z,2024-07-19,19,73.81,APXMIDP
2024-07-19T08:30:00Z,2024-07-19,20,74.17,APXMIDP
2024-07-19T09:00:00Z,2024-07-19,21,73.87,APXMIDP
2024-07-19T09:30:00Z,2024-07-19,22,68.56,APXMIDP
2024-07-19T10:00:00Z,2024-07-19,23,63.74,APXMIDP
2024-07-19T10:30:00Z,2024-07-19,24,59.91,APXMIDP
2024-07-19T11:00:00Z,2024-07-19,25,56.97,APXMIDP
2024-07-19T11:30:00Z,2024-07-19,26,55.02,APXMIDP
2024-07-19T12:00:00Z,2024-07-19,27,53.98,APXMIDP
2024-07-19T12:30:00Z,2024-07-19,28,50.22,APXMIDP
2024-07-19T13:00:00Z,2024-07-19,29,50.59,APXMIDP
2024-07-19T13:30:00Z,2024-07-19,30,52.92,APXMIDP
2024-07-19T14:00:00Z,2024-07-19,31,52.97,APXMIDP
2024-07-19T14:30:00Z,2024-07-19,32,51.17,APXMIDP
2024-07-19T15:00:00Z,2024-07-19,33,68.82,APXMIDP
2024-07-19T15:30:00Z,2024-07-19,34,63.69,APXMIDP
2024-07-19T16:00:00Z,2024-07-19,35,68.55,APXMIDP
2024-07-19T16:30:00Z,2024-07-19,36,65.29,APXMIDP
2024-07-19T17:00:00Z,2024-07-19,37,72.89,APXMIDP
2024-07-19T17:30:00Z,2024-07-19,38,72.72,APXMIDP
2024-07-19T18:00:00Z,2024-07-19,39,89.05,APXMIDP
2024-07-19T18:30:00Z,2024-07-19,40,88.18,APXMIDP
2024-07-19T19:00:00Z,2024-07-19,41,89.8,APXMIDP
2024-07-19T19:30:00Z,2024-07-19,42,89.35,APXMIDP
2024-07-19T20:00:00Z,2024-07-19,43,87.0,APXMIDP
2024-07-19T20:30:00Z,2024-07-19,44,87.17,APXMIDP
2024-07-19T21:00:00Z,2024-07-19,45,80.77,APXMIDP
2024-07-19T21:30:00Z,2024-07-19,46,85.63,APXMIDP
2024-07-19T22:00:00Z,2024-07-19,47,59.55,APXMIDP
2024-07-19T22:30:00Z,2024-07-19,48,72.12,APXMIDP
2024-07-19T23:00:00Z,2024-07-20,1,55.45,APXMIDP
2024-07-19T23:30:00Z,2024-07-20,2,62.28,APXMIDP
2024-07-20T00:00:00Z,2024-07-20,3,63.75,APXMIDP
2024-07-20T00:30:00Z,2024-07-20,4,60.74,APXMIDP
2024-07-20T01:00:00Z,2024-07-20,5,60.39,APXMIDP
2024-07-20T01:30:00Z,2024-07-20,6,60.11,APXMIDP
2024-07-20T02:00:00Z,2024-07-20,7,63.2,APXMIDP
2024-07-20T02:30:00Z,2024-07-20,8,66.29,APXMIDP
2024-07-20T03:00:00Z,2024-07-20,9,67.38,APXMIDP
2024-07-20T03:30:00Z,2024-07-20,10,62.03,APXMIDP
2024-07-20T04:00:00Z,2024-07-20,11,59.44,APXMIDP
2024-07-20T04:30:00Z,2024-07-20,12,66.24,APXMIDP
2024-07-20T05:00:00Z,2024-07-20,13,64.28,APXMIDP
2024-07-20T05:30:00Z,2024-07-20,14,63.09,APXMIDP
2024-07-20T06:00:00Z,2024-07-20,15,59.2,APXMIDP
2024-07-20T06:30:00Z,2024-07-20,16,62.01,APXMIDP
2024-07-20T07:00:00Z,2024-07-20,17,65.9,APXMIDP
2024-07-20T07:30:00Z,2024-07-20,18,64.99,APXMIDP
2024-07-20T08:00:00Z,2024-07-20,19,69.52,APXMIDP
2024-07-20T08:30:00Z,2024-07-20,20,64.63,APXMIDP
2024-07-20T09:00:00Z,2024-07-20,21,72.13,APXMIDP
2024-07-20T09:30:00Z,2024-07-20,22,74.42,APXMIDP
2024-07-20T10:00:00Z,2024-07-20,23,80.02,APXMIDP
2024-07-20T10:30:00Z,2024-07-20,24,83.08,APXMIDP
2024-07-20T11:00:00Z,2024-07-20,25,82.41,APXMIDP
2024-07-20T11:30:00Z,2024-07-20,26,81.67,APXMIDP
2024-07-20T12:00:00Z,2024-07-20,27,78.33,APXMIDP
2024-07-20T12:30:00Z,2024-07-20,28,77.95,APXMIDP
2024-07-20T13:00:00Z,2024-07-20,29,73.8,APXMIDP
2024-07-20T13:30:00Z,2024-07-20,30,66.98,APXMIDP
2024-07-20T14:00:00Z,2024-07-20,31,69.77,APXMIDP
2024-07-20T14:30:00Z,2024-07-20,32,68.39,APXMIDP
2024-07-20T15:00:00Z,2024-07-20,33,66.11,APXMIDP
2024-07-20T15:30:00Z,2024-07-20,34,71.1,APXMIDP
2024-07-20T16:00:00Z,2024-07-20,35,81.93,APXMIDP
2024-07-20T16:30:00Z,2024-07-20,36,82.96,APXMIDP
2024-07-20T17:00:00Z,2024-07-20,37,78.27,APXMIDP
2024-07-20T17:30:00Z,2024-07-20,38,81.16,APXMIDP
2024-07-20T18:00:00Z,2024-07-20,39,83.54,APXMIDP
2024-07-20T18:30:00Z,2024-07-20,40,82.63,APXMIDP
2024-07-20T19:00:00Z,2024-07-20,41,74.76,APXMIDP
2024-07-20T19:30:00Z,2024-07-20,42,71.71,APXMIDP
2024-07-20T20:00:00Z,2024-07-20,43,72.99,APXMIDP
2024-07-20T20:30:00Z,2024-07-20,44,67.48,APXMIDP
2024-07-20T21:00:00Z,2024-07-20,45,71.75,APXMIDP
2024-07-20T21:30:00Z,2024-07-20,46,70.64,APXMIDP
2024-07-20T22:00:00Z,2024-07-20,47,62.42,APXMIDP
2024-07-20T22:30:00Z,2024-07-20,48,66.22,APXMIDP
2024-07-20T23:00:00Z,2024-07-21,1,63.49,APXMIDP
2024-07-20T23:30:00Z,2024-07-21,2,60.03,APXMIDP
2024-07-21T00:00:00Z,2024-07-21,3,54.07,APXMIDP
2024-07-21T00:30:00Z,2024-07-21,4,52.85,APXMIDP
2024-07-21T01:00:00Z,2024-07-21,5,54.67,APXMIDP
2024-07-21T01:30:00Z,2024-07-21,6,50.95,APXMIDP
2024-07-21T02:00:00Z,2024-07-21,7,58.43,APXMIDP
2024-07-21T02:30:00Z,2024-07-21,8,56.52,APXMIDP
2024-07-21T03:00:00Z,2024-07-21,9,57.82,APXMIDP
2024-07-21T03:30:00Z,2024-07-21,10,57.77,APXMIDP
2024-07-21T04:00:00Z,2024-07-21,11,57.46,APXMIDP
2024-07-21T04:30:00Z,2024-07-21,12,59.87,APXMIDP
2024-07-21T05:00:00Z,2024-07-21,13,61.38,APXMIDP
2024-07-21T05:30:00Z,2024-07-21,14,59.15,APXMIDP
2024-07-21T06:00:00Z,2024-07-21,15,62.6,APXMIDP
2024-07-21T06:30:00Z,2024-07-21,16,67.83,APXMIDP
2024-07-21T07:00:00Z,2024-07-21,17,58.99,APXMIDP
2024-07-21T07:30:00Z,2024-07-21,18,62.04,APXMIDP
2024-07-21T08:00:00Z,2024-07-21,19,65.52,APXMIDP
2024-07-21T08:30:00Z,2024-07-21,20,62.54,APXMIDP
2024-07-21T09:00:00Z,2024-07-21,21,57.94,APXMIDP
2024-07-21T09:30:00Z,2024-07-21,22,51.57,APXMIDP
2024-07-21T10:00:00Z,2024-07-21,23,42.5,APXMIDP
2024-07-21T10:30:00Z,2024-07-21,24,52.23,APXMIDP
2024-07-21T11:00:00Z,2024-07-21,25,66.75,APXMIDP
2024-07-21T11:30:00Z,2024-07-21,26,72.49,APXMIDP
2024-07-21T12:00:00Z,2024-07-21,27,71.13,APXMIDP
2024-07-21T12:30:00Z,2024-07-21,28,67.37,APXMIDP
2024-07-21T13:00:00Z,2024-07-21,29,58.6,APXMIDP
2024-07-21T13:30:00Z,2024-07-21,30,54.06,APXMIDP
2024-07-21T14:00:00Z,2024-07-21,31,52.73,APXMIDP
2024-07-21T14:30:00Z,2024-07-21,32,64.51,APXMIDP
2024-07-21T15:00:00Z,2024-07-21,33,67.69,APXMIDP
2024-07-21T15:30:00Z,2024-07-21,34,75.63,APXMIDP
2024-07-21T16:00:00Z,2024-07-21,35,91.63,APXMIDP
2024-07-21T16:30:00Z,2024-07-21,36,92.99,APXMIDP
2024-07-21T17:00:00Z,2024-07-21,37,92.43,APXMIDP
2024-07-21T17:30:00Z,2024-07-21,38,91.72,APXMIDP
2024-07-21T18:00:00Z,2024-07-21,39,96.94,APXMIDP
2024-07-21T18:30:00Z,2024-07-21,40,96.07,APXMIDP
2024-07-21T19:00:00Z,2024-07-21,41,93.43,APXMIDP
2024-07-21T19:30:00Z,2024-07-21,42,95.41,APXMIDP
2024-07-21T20:00:00Z,2024-07-21,43,101.32,APXMIDP
2024-07-21T20:30:00Z,2024-07-21,44,99.96,APXMIDP
2024-07-21T21:00:00Z,2024-07-21,45,90.19,APXMIDP
2024-07-21T21:30:00Z,2024-07-21,46,84.29,APXMIDP
2024-07-21T22:00:00Z,2024-07-21,47,74.27,APXMIDP
2024-07-21T22:30:00Z,2024-07-21,48,78.36,APXMIDP
2024-07-21T23:00:00Z,2024-07-22,1,74.15,APXMIDP
2024-07-21T23:30:00Z,2024-07-22,2,76.57,APXMIDP
2024-07-22T00:00:00Z,2024-07-22,3,68.84,APXMIDP
2024-07-22T00:30:00Z,2024-07-22,4,63.82,APXMIDP
2024-07-22T01:00:00Z,2024-07-22,5,67.72,APXMIDP
2024-07-22T01:30:00Z,2024-07-22,6,61.5,APXMIDP
2024-07-22T02:00:00Z,2024-07-22,7,62.32,APXMIDP
2024-07-22T02:30:00Z,2024-07-22,8,64.71,APXMIDP
2024-07-22T03:00:00Z,2024-07-22,9,59.52,APXMIDP
2024-07-22T03:30:00Z,2024-07-22,10,65.31,APXMIDP
2024-07-22T04:00:00Z,2024-07-22,11,64.31,APXMIDP
2024-07-22T04:30:00Z,2024-07-22,12,58.95,APXMIDP
2024-07-22T05:00:00Z,2024-07-22,13,63.08,APXMIDP
2024-07-22T05:30:00Z,2024-07-22,14,80.62,APXMIDP
2024-07-22T06:00:00Z,2024-07-22,15,76.29,APXMIDP
2024-07-22T06:30:00Z,2024-07-22,16,88.46,APXMIDP
2024-07-22T07:00:00Z,2024-07-22,17,91.46,APXMIDP
2024-07-22T07:30:00Z,2024-07-22,18,90.92,APXMIDP
2024-07-22T08:00:00Z,2024-07-22,19,92.25,APXMIDP
2024-07-22T08:30:00Z,2024-07-22,20,89.63,APXMIDP
2024-07-22T09:00:00Z,2024-07-22,21,90.52,APXMIDP
2024-07-22T09:30:00Z,2024-07-22,22,90.84,APXMIDP
2024-07-22T10:00:00Z,2024-07-22,23,87.94,APXMIDP
2024-07-22T10:30:00Z,2024-07-22,24,86.61,APXMIDP
2024-07-22T11:00:00Z,2024-07-22,25,79.74,APXMIDP
2024-07-22T11:30:00Z,2024-07-22,26,73.67,APXMIDP
2024-07-22T12:00:00Z,2024-07-22,27,68.78,APXMIDP
2024-07-22T12:30:00Z,2024-07-22,28,64.89,APXMIDP
2024-07-22T13:00:00Z,2024-07-22,29,63.22,APXMIDP
2024-07-22T13:30:00Z,2024-07-22,30,63.74,APXMIDP
2024-07-22T14:00:00Z,2024-07-22,31,60.44,APXMIDP
2024-07-22T14:30:00Z,2024-07-22,32,61.4,APXMIDP
2024-07-22T15:00:00Z,2024-07-22,33,68.7,APXMIDP
2024-07-22T15:30:00Z,2024-07-22,34,74.48,APXMIDP
2024-07-22T16:00:00Z,2024-07-22,35,85.93,APXMIDP
2024-07-22T16:30:00Z,2024-07-22,36,89.59,APXMIDP
2024-07-22T17:00:00Z,2024-07-22,37,97.06,APXMIDP
2024-07-22T17:30:00Z,2024-07-22,38,101.45,APXMIDP
2024-07-22T18:00:00Z,2024-07-22,39,113.52,APXMIDP
2024-07-22T18:30:00Z,2024-07-22,40,109.36,APXMIDP
2024-07-22T19:00:00Z,2024-07-22,41,110.41,APXMIDP
2024-07-22T19:30:00Z,2024-07-22,42,108.81,APXMIDP
2024-07-22T20:00:00Z,2024-07-22,43,102.69,APXMIDP
2024-07-22T20:30:00Z,2024-07-22,44,102.97,APXMIDP
2024-07-22T21:00:00Z,2024-07-22,45,100.23,APXMIDP
2024-07-22T21:30:00Z,2024-07-22,46,94.06,APXMIDP
2024-07-22T22:00:00Z,2024-07-22,47,85.58,APXMIDP
2024-07-22T22:30:00Z,2024-07-22,48,85.68,APXMIDP
2024-07-22T23:00:00Z,2024-07-23,1,78.07,APXMIDP
2024-07-22T23:30:00Z,2024-07-23,2,74.33,APXMIDP
2024-07-23T00:00:00Z,2024-07-23,3,77.44,APXMIDP
2024-07-23T00:30:00Z,2024-07-23,4,81.0,APXMIDP
2024-07-23T01:00:00Z,2024-07-23,5,83.73,APXMIDP
2024-07-23T01:30:00Z,2024-07-23,6,84.61,APXMIDP
2024-07-23T02:00:00Z,2024-07-23,7,87.2,APXMIDP
2024-07-23T02:30:00Z,2024-07-23,8,87.31,APXMIDP
2024-07-23T03:00:00Z,2024-07-23,9,86.8,APXMIDP
2024-07-23T03:30:00Z,2024-07-23,10,83.36,APXMIDP
2024-07-23T04:00:00Z,2024-07-23,11,92.53,APXMIDP
2024-07-23T04:30:00Z,2024-07-23,12,91.03,APXMIDP
2024-07-23T05:00:00Z,2024-07-23,13,96.3,APXMIDP
2024-07-23T05:30:00Z,2024-07-23,14,102.82,APXMIDP
2024-07-23T06:00:00Z,2024-07-23,15,104.93,APXMIDP
2024-07-23T06:30:00Z,2024-07-23,16,106.78,APXMIDP
2024-07-23T07:00:00Z,2024-07-23,17,99.84,APXMIDP
2024-07-23T07:30:00Z,2024-07-23,18,97.77,APXMIDP
2024-07-23T08:00:00Z,2024-07-23,19,93.98,APXMIDP
2024-07-23T08:30:00Z,2024-07-23,20,92.14,APXMIDP
2024-07-23T09:00:00Z,2024-07-23,21,91.52,APXMIDP
2024-07-23T09:30:00Z,2024-07-23,22,87.8,APXMIDP
2024-07-23T10:00:00Z,2024-07-23,23,78.95,APXMIDP
2024-07-23T10:30:00Z,2024-07-23,24,79.48,APXMIDP
2024-07-23T11:00:00Z,2024-07-23,25,79.66,APXMIDP
2024-07-23T11:30:00Z,2024-07-23,26,80.44,APXMIDP
2024-07-23T12:00:00Z,2024-07-23,27,76.14,APXMIDP
2024-07-23T12:30:00Z,2024-07-23,28,74.25,APXMIDP
2024-07-23T13:00:00Z,2024-07-23,29,72.13,APXMIDP
2024-07-23T13:30:00Z,2024-07-23,30,72.4,APXMIDP
2024-07-23T14:00:00Z,2024-07-23,31,79.99,APXMIDP
2024-07-23T14:30:00Z,2024-07-23,32,79.6,APXMIDP
2024-07-23T15:00:00Z,2024-07-23,33,75.48,APXMIDP
2024-07-23T15:30:00Z,2024-07-23,34,77.15,APXMIDP
2024-07-23T16:00:00Z,2024-07-23,35,82.57,APXMIDP
2024-07-23T16:30:00Z,2024-07-23,36,90.95,APXMIDP
2024-07-23T17:00:00Z,2024-07-23,37,95.69,APXMIDP
2024-07-23T17:30:00Z,2024-07-23,38,96.23,APXMIDP
2024-07-23T18:00:00Z,2024-07-23,39,103.25,APXMIDP
2024-07-23T18:30:00Z,2024-07-23,40,103.43,APXMIDP
2024-07-23T19:00:00Z,2024-07-23,41,101.19,APXMIDP
2024-07-23T19:30:00Z,2024-07-23,42,102.2,APXMIDP
2024-07-23T20:00:00Z,2024-07-23,43,104.48,APXMIDP
2024-07-23T20:30:00Z,2024-07-23,44,104.64,APXMIDP
2024-07-23T21:00:00Z,2024-07-23,45,101.78,APXMIDP
2024-07-23T21:30:00Z,2024-07-23,46,96.95,APXMIDP
2024-07-23T22:00:00Z,2024-07-23,47,88.89,APXMIDP
2024-07-23T22:30:00Z,2024-07-23,48,80.15,APXMIDP
2024-07-23T23:00:00Z,2024-07-24,1,74.41,APXMIDP
2024-07-23T23:30:00Z,2024-07-24,2,70.2,APXMIDP
2024-07-24T00:00:00Z,2024-07-24,3,67.48,APXMIDP
2024-07-24T00:30:00Z,2024-07-24,4,64.16,APXMIDP
2024-07-24T01:00:00Z,2024-07-24,5,75.81,APXMIDP
2024-07-24T01:30:00Z,2024-07-24,6,70.86,APXMIDP
2024-07-24T02:00:00Z,2024-07-24,7,67.09,APXMIDP
2024-07-24T02:30:00Z,2024-07-24,8,66.35,APXMIDP
2024-07-24T03:00:00Z,2024-07-24,9,65.7,APXMIDP
2024-07-24T03:30:00Z,2024-07-24,10,64.04,APXMIDP
2024-07-24T04:00:00Z,2024-07-24,11,64.68,APXMIDP
2024-07-24T04:30:00Z,2024-07-24,12,64.56,APXMIDP
2024-07-24T05:00:00Z,2024-07-24,13,65.03,APXMIDP
2024-07-24T05:30:00Z,2024-07-24,14,78.24,APXMIDP
2024-07-24T06:00:00Z,2024-07-24,15,97.42,APXMIDP
2024-07-24T06:30:00Z,2024-07-24,16,99.56,APXMIDP
2024-07-24T07:00:00Z,2024-07-24,17,101.91,APXMIDP
2024-07-24T07:30:00Z,2024-07-24,18,102.79,APXMIDP
2024-07-24T08:00:00Z,2024-07-24,19,101.21,APXMIDP
2024-07-24T08:30:00Z,2024-07-24,20,98.77,APXMIDP
2024-07-24T09:00:00Z,2024-07-24,21,97.05,APXMIDP
2024-07-24T09:30:00Z,2024-07-24,22,89.27,APXMIDP
2024-07-24T10:00:00Z,2024-07-24,23,77.22,APXMIDP
2024-07-24T10:30:00Z,2024-07-24,24,78.14,APXMIDP
2024-07-24T11:00:00Z,2024-07-24,25,77.13,APXMIDP
2024-07-24T11:30:00Z,2024-07-24,26,72.94,APXMIDP
2024-07-24T12:00:00Z,2024-07-24,27,72.05,APXMIDP
2024-07-24T12:30:00Z,2024-07-24,28,70.35,APXMIDP
2024-07-24T13:00:00Z,2024-07-24,29,67.94,APXMIDP
2024-07-24T13:30:00Z,2024-07-24,30,64.83,APXMIDP
2024-07-24T14:00:00Z,2024-07-24,31,62.72,APXMIDP
2024-07-24T14:30:00Z,2024-07-24,32,62.41,APXMIDP
2024-07-24T15:00:00Z,2024-07-24,33,62.22,APXMIDP
2024-07-24T15:30:00Z,2024-07-24,34,62.32,APXMIDP
2024-07-24T16:00:00Z,2024-07-24,35,63.14,APXMIDP
2024-07-24T16:30:00Z,2024-07-24,36,61.13,APXMIDP
2024-07-24T17:00:00Z,2024-07-24,37,67.79,APXMIDP
2024-07-24T17:30:00Z,2024-07-24,38,64.73,APXMIDP
2024-07-24T18:00:00Z,2024-07-24,39,79.74,APXMIDP
2024-07-24T18:30:00Z,2024-07-24,40,77.51,APXMIDP
2024-07-24T19:00:00Z,2024-07-24,41,86.44,APXMIDP
2024-07-24T19:30:00Z,2024-07-24,42,86.05,APXMIDP
2024-07-24T20:00:00Z,2024-07-24,43,90.45,APXMIDP
2024-07-24T20:30:00Z,2024-07-24,44,87.06,APXMIDP
2024-07-24T21:00:00Z,2024-07-24,45,83.37,APXMIDP
2024-07-24T21:30:00Z,2024-07-24,46,78.01,APXMIDP
2024-07-24T22:00:00Z,2024-07-24,47,67.8,APXMIDP
2024-07-24T22:30:00Z,2024-07-24,48,81.12,APXMIDP
2024-07-24T23:00:00Z,2024-07-25,1,79.13,APXMIDP
2024-07-24T23:30:00Z,2024-07-25,2,80.21,APXMIDP
2024-07-25T00:00:00Z,2024-07-25,3,74.17,APXMIDP
2024-07-25T00:30:00Z,2024-07-25,4,70.46,APXMIDP
2024-07-25T01:00:00Z,2024-07-25,5,71.9,APXMIDP
2024-07-25T01:30:00Z,2024-07-25,6,69.12,APXMIDP
2024-07-25T02:00:00Z,2024-07-25,7,66.46,APXMIDP
2024-07-25T02:30:00Z,2024-07-25,8,69.79,APXMIDP
2024-07-25T03:00:00Z,2024-07-25,9,73.62,APXMIDP
2024-07-25T03:30:00Z,2024-07-25,10,70.96,APXMIDP
2024-07-25T04:00:00Z,2024-07-25,11,74.48,APXMIDP
2024-07-25T04:30:00Z,2024-07-25,12,68.37,APXMIDP
2024-07-25T05:00:00Z,2024-07-25,13,66.68,APXMIDP
2024-07-25T05:30:00Z,2024-07-25,14,75.63,APXMIDP
2024-07-25T06:00:00Z,2024-07-25,15,53.98,APXMIDP
2024-07-25T06:30:00Z,2024-07-25,16,65.12,APXMIDP
2024-07-25T07:00:00Z,2024-07-25,17,66.65,APXMIDP
2024-07-25T07:30:00Z,2024-07-25,18,78.38,APXMIDP
2024-07-25T08:00:00Z,2024-07-25,19,81.02,APXMIDP
2024-07-25T08:30:00Z,2024-07-25,20,77.41,APXMIDP
2024-07-25T09:00:00Z,2024-07-25,21,76.97,APXMIDP
2024-07-25T09:30:00Z,2024-07-25,22,75.58,APXMIDP
2024-07-25T10:00:00Z,2024-07-25,23,77.4,APXMIDP
2024-07-25T10:30:00Z,2024-07-25,24,78.3,APXMIDP
2024-07-25T11:00:00Z,2024-07-25,25,85.05,APXMIDP
2024-07-25T11:30:00Z,2024-07-25,26,84.59,APXMIDP
2024-07-25T12:00:00Z,2024-07-25,27,79.75,APXMIDP
2024-07-25T12:30:00Z,2024-07-25,28,72.46,APXMIDP
2024-07-25T13:00:00Z,2024-07-25,29,72.02,APXMIDP
2024-07-25T13:30:00Z,2024-07-25,30,71.72,APXMIDP
2024-07-25T14:00:00Z,2024-07-25,31,67.21,APXMIDP
2024-07-25T14:30:00Z,2024-07-25,32,72.87,APXMIDP
2024-07-25T15:00:00Z,2024-07-25,33,73.21,APXMIDP
2024-07-25T15:30:00Z,2024-07-25,34,73.69,APXMIDP
2024-07-25T16:00:00Z,2024-07-25,35,76.39,APXMIDP
2024-07-25T16:30:00Z,2024-07-25,36,73.45,APXMIDP
2024-07-25T17:00:00Z,2024-07-25,37,82.22,APXMIDP
2024-07-25T17:30:00Z,2024-07-25,38,80.87,APXMIDP
2024-07-25T18:00:00Z,2024-07-25,39,72.42,APXMIDP
2024-07-25T18:30:00Z,2024-07-25,40,70.22,APXMIDP
2024-07-25T19:00:00Z,2024-07-25,41,70.79,APXMIDP
2024-07-25T19:30:00Z,2024-07-25,42,74.77,APXMIDP
2024-07-25T20:00:00Z,2024-07-25,43,73.97,APXMIDP
2024-07-25T20:30:00Z,2024-07-25,44,68.05,APXMIDP
2024-07-25T21:00:00Z,2024-07-25,45,66.32,APXMIDP
2024-07-25T21:30:00Z,2024-07-25,46,72.22,APXMIDP
2024-07-25T22:00:00Z,2024-07-25,47,69.77,APXMIDP
2024-07-25T22:30:00Z,2024-07-25,48,68.96,APXMIDP
2024-07-25T23:00:00Z,2024-07-26,1,68.39,APXMIDP
2024-07-25T23:30:00Z,2024-07-26,2,69.43,APXMIDP
2024-07-26T00:00:00Z,2024-07-26,3,62.83,APXMIDP
2024-07-26T00:30:00Z,2024-07-26,4,61.95,APXMIDP
2024-07-26T01:00:00Z,2024-07-26,5,62.2,APXMIDP
2024-07-26T01:30:00Z,2024-07-26,6,60.03,APXMIDP
2024-07-26T02:00:00Z,2024-07-26,7,57.37,APXMIDP
2024-07-26T02:30:00Z,2024-07-26,8,56.59,APXMIDP
2024-07-26T03:00:00Z,2024-07-26,9,62.78,APXMIDP
2024-07-26T03:30:00Z,2024-07-26,10,63.17,APXMIDP
2024-07-26T04:00:00Z,2024-07-26,11,65.48,APXMIDP
2024-07-26T04:30:00Z,2024-07-26,12,60.83,APXMIDP
2024-07-26T05:00:00Z,2024-07-26,13,72.15,APXMIDP
2024-07-26T05:30:00Z,2024-07-26,14,72.41,APXMIDP
2024-07-26T06:00:00Z,2024-07-26,15,63.78,APXMIDP
2024-07-26T06:30:00Z,2024-07-26,16,84.38,APXMIDP
2024-07-26T07:00:00Z,2024-07-26,17,80.67,APXMIDP
2024-07-26T07:30:00Z,2024-07-26,18,74.43,APXMIDP
2024-07-26T08:00:00Z,2024-07-26,19,76.44,APXMIDP
2024-07-26T08:30:00Z,2024-07-26,20,75.38,APXMIDP
2024-07-26T09:00:00Z,2024-07-26,21,76.43,APXMIDP
2024-07-26T09:30:00Z,2024-07-26,22,69.04,APXMIDP
2024-07-26T10:00:00Z,2024-07-26,23,64.95,APXMIDP
2024-07-26T10:30:00Z,2024-07-26,24,68.37,APXMIDP
2024-07-26T11:00:00Z,2024-07-26,25,63.89,APXMIDP
2024-07-26T11:30:00Z,2024-07-26,26,61.97,APXMIDP
2024-07-26T12:00:00Z,2024-07-26,27,60.42,APXMIDP
2024-07-26T12:30:00Z,2024-07-26,28,57.89,APXMIDP
2024-07-26T13:00:00Z,2024-07-26,29,56.41,APXMIDP
2024-07-26T13:30:00Z,2024-07-26,30,54.58,APXMIDP
2024-07-26T14:00:00Z,2024-07-26,31,51.3,APXMIDP
2024-07-26T14:30:00Z,2024-07-26,32,52.04,APXMIDP
2024-07-26T15:00:00Z,2024-07-26,33,60.66,APXMIDP
2024-07-26T15:30:00Z,2024-07-26,34,64.75,APXMIDP
2024-07-26T16:00:00Z,2024-07-26,35,66.28,APXMIDP
2024-07-26T16:30:00Z,2024-07-26,36,70.41,APXMIDP
2024-07-26T17:00:00Z,2024-07-26,37,78.06,APXMIDP
2024-07-26T17:30:00Z,2024-07-26,38,79.23,APXMIDP
2024-07-26T18:00:00Z,2024-07-26,39,76.31,APXMIDP
2024-07-26T18:30:00Z,2024-07-26,40,78.37,APXMIDP
2024-07-26T19:00:00Z,2024-07-26,41,78.11,APXMIDP
2024-07-26T19:30:00Z,2024-07-26,42,83.63,APXMIDP
2024-07-26T20:00:00Z,2024-07-26,43,89.18,APXMIDP
2024-07-26T20:30:00Z,2024-07-26,44,86.73,APXMIDP
2024-07-26T21:00:00Z,2024-07-26,45,87.5,APXMIDP
2024-07-26T21:30:00Z,2024-07-26,46,80.25,APXMIDP
2024-07-26T22:00:00Z,2024-07-26,47,68.18,APXMIDP
2024-07-26T22:30:00Z,2024-07-26,48,66.78,APXMIDP
2024-07-26T23:00:00Z,2024-07-27,1,65.67,APXMIDP
2024-07-26T23:30:00Z,2024-07-27,2,65.69,APXMIDP
2024-07-27T00:00:00Z,2024-07-27,3,63.3,APXMIDP
2024-07-27T00:30:00Z,2024-07-27,4,63.11,APXMIDP
2024-07-27T01:00:00Z,2024-07-27,5,61.63,APXMIDP
2024-07-27T01:30:00Z,2024-07-27,6,61.59,APXMIDP
2024-07-27T02:00:00Z,2024-07-27,7,62.01,APXMIDP
2024-07-27T02:30:00Z,2024-07-27,8,64.4,APXMIDP
2024-07-27T03:00:00Z,2024-07-27,9,63.14,APXMIDP
2024-07-27T03:30:00Z,2024-07-27,10,62.08,APXMIDP
2024-07-27T04:00:00Z,2024-07-27,11,63.61,APXMIDP
2024-07-27T04:30:00Z,2024-07-27,12,63.97,APXMIDP
2024-07-27T05:00:00Z,2024-07-27,13,65.91,APXMIDP
2024-07-27T05:30:00Z,2024-07-27,14,72.35,APXMIDP
2024-07-27T06:00:00Z,2024-07-27,15,73.04,APXMIDP
2024-07-27T06:30:00Z,2024-07-27,16,73.84,APXMIDP
2024-07-27T07:00:00Z,2024-07-27,17,70.29,APXMIDP
2024-07-27T07:30:00Z,2024-07-27,18,72.87,APXMIDP
2024-07-27T08:00:00Z,2024-07-27,19,71.74,APXMIDP
2024-07-27T08:30:00Z,2024-07-27,20,68.05,APXMIDP
2024-07-27T09:00:00Z,2024-07-27,21,67.47,APXMIDP
2024-07-27T09:30:00Z,2024-07-27,22,66.2,APXMIDP
2024-07-27T10:00:00Z,2024-07-27,23,63.75,APXMIDP
2024-07-27T10:30:00Z,2024-07-27,24,57.91,APXMIDP
2024-07-27T11:00:00Z,2024-07-27,25,60.45,APXMIDP
2024-07-27T11:30:00Z,2024-07-27,26,63.43,APXMIDP
2024-07-27T12:00:00Z,2024-07-27,27,64.57,APXMIDP
2024-07-27T12:30:00Z,2024-07-27,28,61.03,APXMIDP
2024-07-27T13:00:00Z,2024-07-27,29,57.68,APXMIDP
2024-07-27T13:30:00Z,2024-07-27,30,59.3,APXMIDP
2024-07-27T14:00:00Z,2024-07-27,31,64.67,APXMIDP
2024-07-27T14:30:00Z,2024-07-27,32,65.15,APXMIDP
2024-07-27T15:00:00Z,2024-07-27,33,70.64,APXMIDP
2024-07-27T15:30:00Z,2024-07-27,34,76.6,APXMIDP
2024-07-27T16:00:00Z,2024-07-27,35,84.05,APXMIDP
2024-07-27T16:30:00Z,2024-07-27,36,84.97,APXMIDP
2024-07-27T17:00:00Z,2024-07-27,37,85.35,APXMIDP
2024-07-27T17:30:00Z,2024-07-27,38,89.41,APXMIDP
2024-07-27T18:00:00Z,2024-07-27,39,84.95,APXMIDP
2024-07-27T18:30:00Z,2024-07-27,40,83.07,APXMIDP
2024-07-27T19:00:00Z,2024-07-27,41,82.41,APXMIDP
2024-07-27T19:30:00Z,2024-07-27,42,85.65,APXMIDP
2024-07-27T20:00:00Z,2024-07-27,43,80.94,APXMIDP
2024-07-27T20:30:00Z,2024-07-27,44,79.35,APXMIDP
2024-07-27T21:00:00Z,2024-07-27,45,77.14,APXMIDP
2024-07-27T21:30:00Z,2024-07-27,46,70.36,APXMIDP
2024-07-27T22:00:00Z,2024-07-27,47,75.52,APXMIDP
2024-07-27T22:30:00Z,2024-07-27,48,81.41,APXMIDP
2024-07-27T23:00:00Z,2024-07-28,1,75.95,APXMIDP
2024-07-27T23:30:00Z,2024-07-28,2,75.8,APXMIDP
2024-07-28T00:00:00Z,2024-07-28,3,70.07,APXMIDP
2024-07-28T00:30:00Z,2024-07-28,4,69.44,APXMIDP
2024-07-28T01:00:00Z,2024-07-28,5,70.33,APXMIDP
2024-07-28T01:30:00Z,2024-07-28,6,69.42,APXMIDP
2024-07-28T02:00:00Z,2024-07-28,7,67.6,APXMIDP
2024-07-28T02:30:00Z,2024-07-28,8,69.16,APXMIDP
2024-07-28T03:00:00Z,2024-07-28,9,69.4,APXMIDP
2024-07-28T03:30:00Z,2024-07-28,10,69.67,APXMIDP
2024-07-28T04:00:00Z,2024-07-28,11,71.52,APXMIDP
2024-07-28T04:30:00Z,2024-07-28,12,73.23,APXMIDP
2024-07-28T05:00:00Z,2024-07-28,13,75.17,APXMIDP
2024-07-28T05:30:00Z,2024-07-28,14,76.32,APXMIDP
2024-07-28T06:00:00Z,2024-07-28,15,82.95,APXMIDP
2024-07-28T06:30:00Z,2024-07-28,16,83.81,APXMIDP
2024-07-28T07:00:00Z,2024-07-28,17,87.03,APXMIDP
2024-07-28T07:30:00Z,2024-07-28,18,95.89,APXMIDP
2024-07-28T08:00:00Z,2024-07-28,19,96.16,APXMIDP
2024-07-28T08:30:00Z,2024-07-28,20,90.22,APXMIDP
2024-07-28T09:00:00Z,2024-07-28,21,90.15,APXMIDP
2024-07-28T09:30:00Z,2024-07-28,22,86.47,APXMIDP
2024-07-28T10:00:00Z,2024-07-28,23,80.37,APXMIDP
2024-07-28T10:30:00Z,2024-07-28,24,79.57,APXMIDP
2024-07-28T11:00:00Z,2024-07-28,25,80.52,APXMIDP
2024-07-28T11:30:00Z,2024-07-28,26,79.89,APXMIDP
2024-07-28T12:00:00Z,2024-07-28,27,76.58,APXMIDP
2024-07-28T12:30:00Z,2024-07-28,28,72.9,APXMIDP
2024-07-28T13:00:00Z,2024-07-28,29,71.84,APXMIDP
2024-07-28T13:30:00Z,2024-07-28,30,71.28,APXMIDP
2024-07-28T14:00:00Z,2024-07-28,31,68.06,APXMIDP
2024-07-28T14:30:00Z,2024-07-28,32,66.22,APXMIDP
2024-07-28T15:00:00Z,2024-07-28,33,64.03,APXMIDP
2024-07-28T15:30:00Z,2024-07-28,34,66.56,APXMIDP
2024-07-28T16:00:00Z,2024-07-28,35,69.3,APXMIDP
2024-07-28T16:30:00Z,2024-07-28,36,74.28,APXMIDP
2024-07-28T17:00:00Z,2024-07-28,37,76.24,APXMIDP
2024-07-28T17:30:00Z,2024-07-28,38,73.58,APXMIDP
2024-07-28T18:00:00Z,2024-07-28,39,63.16,APXMIDP
2024-07-28T18:30:00Z,2024-07-28,40,67.78,APXMIDP
2024-07-28T19:00:00Z,2024-07-28,41,76.59,APXMIDP
2024-07-28T19:30:00Z,2024-07-28,42,74.68,APXMIDP
2024-07-28T20:00:00Z,2024-07-28,43,75.69,APXMIDP
2024-07-28T20:30:00Z,2024-07-28,44,69.68,APXMIDP
2024-07-28T21:00:00Z,2024-07-28,45,67.0,APXMIDP
2024-07-28T21:30:00Z,2024-07-28,46,64.39,APXMIDP
2024-07-28T22:00:00Z,2024-07-28,47,57.48,APXMIDP
2024-07-28T22:30:00Z,2024-07-28,48,63.97,APXMIDP
2024-07-28T23:00:00Z,2024-07-29,1,73.42,APXMIDP
2024-07-28T23:30:00Z,2024-07-29,2,73.81,APXMIDP
2024-07-29T00:00:00Z,2024-07-29,3,73.11,APXMIDP
2024-07-29T00:30:00Z,2024-07-29,4,68.83,APXMIDP
2024-07-29T01:00:00Z,2024-07-29,5,72.17,APXMIDP
2024-07-29T01:30:00Z,2024-07-29,6,71.45,APXMIDP
2024-07-29T02:00:00Z,2024-07-29,7,70.16,APXMIDP
2024-07-29T02:30:00Z,2024-07-29,8,70.7,APXMIDP
2024-07-29T03:00:00Z,2024-07-29,9,70.44,APXMIDP
2024-07-29T03:30:00Z,2024-07-29,10,67.84,APXMIDP
2024-07-29T04:00:00Z,2024-07-29,11,69.53,APXMIDP
2024-07-29T04:30:00Z,2024-07-29,12,66.74,APXMIDP
2024-07-29T05:00:00Z,2024-07-29,13,77.24,APXMIDP
2024-07-29T05:30:00Z,2024-07-29,14,73.0,APXMIDP
2024-07-29T06:00:00Z,2024-07-29,15,64.74,APXMIDP
2024-07-29T06:30:00Z,2024-07-29,16,74.39,APXMIDP
2024-07-29T07:00:00Z,2024-07-29,17,72.05,APXMIDP
2024-07-29T07:30:00Z,2024-07-29,18,68.52,APXMIDP
2024-07-29T08:00:00Z,2024-07-29,19,74.45,APXMIDP
2024-07-29T08:30:00Z,2024-07-29,20,65.12,APXMIDP
2024-07-29T09:00:00Z,2024-07-29,21,63.61,APXMIDP
2024-07-29T09:30:00Z,2024-07-29,22,60.78,APXMIDP
2024-07-29T10:00:00Z,2024-07-29,23,69.48,APXMIDP
2024-07-29T10:30:00Z,2024-07-29,24,67.3,APXMIDP
2024-07-29T11:00:00Z,2024-07-29,25,65.91,APXMIDP
2024-07-29T11:30:00Z,2024-07-29,26,63.87,APXMIDP
2024-07-29T12:00:00Z,2024-07-29,27,62.32,APXMIDP
2024-07-29T12:30:00Z,2024-07-29,28,64.26,APXMIDP
2024-07-29T13:00:00Z,2024-07-29,29,70.03,APXMIDP
2024-07-29T13:30:00Z,2024-07-29,30,69.41,APXMIDP
2024-07-29T14:00:00Z,2024-07-29,31,72.77,APXMIDP
2024-07-29T14:30:00Z,2024-07-29,32,70.84,APXMIDP
2024-07-29T15:00:00Z,2024-07-29,33,67.83,APXMIDP
2024-07-29T15:30:00Z,2024-07-29,34,63.5,APXMIDP
2024-07-29T16:00:00Z,2024-07-29,35,75.34,APXMIDP
2024-07-29T16:30:00Z,2024-07-29,36,76.52,APXMIDP
2024-07-29T17:00:00Z,2024-07-29,37,81.76,APXMIDP
2024-07-29T17:30:00Z,2024-07-29,38,82.7,APXMIDP
2024-07-29T18:00:00Z,2024-07-29,39,88.9,APXMIDP
2024-07-29T18:30:00Z,2024-07-29,40,92.29,APXMIDP
2024-07-29T19:00:00Z,2024-07-29,41,93.97,APXMIDP
2024-07-29T19:30:00Z,2024-07-29,42,93.27,APXMIDP
2024-07-29T20:00:00Z,2024-07-29,43,90.0,APXMIDP
2024-07-29T20:30:00Z,2024-07-29,44,85.64,APXMIDP
2024-07-29T21:00:00Z,2024-07-29,45,79.95,APXMIDP
2024-07-29T21:30:00Z,2024-07-29,46,78.69,APXMIDP
2024-07-29T22:00:00Z,2024-07-29,47,73.2,APXMIDP
2024-07-29T22:30:00Z,2024-07-29,48,67.75,APXMIDP
2024-07-29T23:00:00Z,2024-07-30,1,63.7,APXMIDP
2024-07-29T23:30:00Z,2024-07-30,2,69.03,APXMIDP
2024-07-30T00:00:00Z,2024-07-30,3,64.2,APXMIDP
2024-07-30T00:30:00Z,2024-07-30,4,65.37,APXMIDP
2024-07-30T01:00:00Z,2024-07-30,5,68.51,APXMIDP
2024-07-30T01:30:00Z,2024-07-30,6,68.35,APXMIDP
2024-07-30T02:00:00Z,2024-07-30,7,67.94,APXMIDP
2024-07-30T02:30:00Z,2024-07-30,8,69.49,APXMIDP
2024-07-30T03:00:00Z,2024-07-30,9,68.1,APXMIDP
2024-07-30T03:30:00Z,2024-07-30,10,67.97,APXMIDP
2024-07-30T04:00:00Z,2024-07-30,11,68.36,APXMIDP
2024-07-30T04:30:00Z,2024-07-30,12,72.57,APXMIDP
2024-07-30T05:00:00Z,2024-07-30,13,85.4,APXMIDP
2024-07-30T05:30:00Z,2024-07-30,14,87.74,APXMIDP
2024-07-30T06:00:00Z,2024-07-30,15,87.24,APXMIDP
2024-07-30T06:30:00Z,2024-07-30,16,94.88,APXMIDP
2024-07-30T07:00:00Z,2024-07-30,17,101.88,APXMIDP
2024-07-30T07:30:00Z,2024-07-30,18,91.04,APXMIDP
2024-07-30T08:00:00Z,2024-07-30,19,95.33,APXMIDP
2024-07-30T08:30:00Z,2024-07-30,20,88.66,APXMIDP
2024-07-30T09:00:00Z,2024-07-30,21,78.23,APXMIDP
2024-07-30T09:30:00Z,2024-07-30,22,67.51,APXMIDP
2024-07-30T10:00:00Z,2024-07-30,23,63.24,APXMIDP
2024-07-30T10:30:00Z,2024-07-30,24,65.08,APXMIDP
2024-07-30T11:00:00Z,2024-07-30,25,62.04,APXMIDP
2024-07-30T11:30:00Z,2024-07-30,26,62.26,APXMIDP
2024-07-30T12:00:00Z,2024-07-30,27,60.91,APXMIDP
2024-07-30T12:30:00Z,2024-07-30,28,58.64,APXMIDP
2024-07-30T13:00:00Z,2024-07-30,29,60.74,APXMIDP
2024-07-30T13:30:00Z,2024-07-30,30,61.19,APXMIDP
2024-07-30T14:00:00Z,2024-07-30,31,57.57,APXMIDP
2024-07-30T14:30:00Z,2024-07-30,32,58.47,APXMIDP
2024-07-30T15:00:00Z,2024-07-30,33,62.34,APXMIDP
2024-07-30T15:30:00Z,2024-07-30,34,62.56,APXMIDP
2024-07-30T16:00:00Z,2024-07-30,35,82.0,APXMIDP
2024-07-30T16:30:00Z,2024-07-30,36,84.43,APXMIDP
2024-07-30T17:00:00Z,2024-07-30,37,94.14,APXMIDP
2024-07-30T17:30:00Z,2024-07-30,38,97.17,APXMIDP
2024-07-30T18:00:00Z,2024-07-30,39,107.5,APXMIDP
2024-07-30T18:30:00Z,2024-07-30,40,107.28,APXMIDP
2024-07-30T19:00:00Z,2024-07-30,41,96.9,APXMIDP
2024-07-30T19:30:00Z,2024-07-30,42,97.05,APXMIDP
2024-07-30T20:00:00Z,2024-07-30,43,96.72,APXMIDP
2024-07-30T20:30:00Z,2024-07-30,44,92.38,APXMIDP
2024-07-30T21:00:00Z,2024-07-30,45,88.91,APXMIDP
2024-07-30T21:30:00Z,2024-07-30,46,84.45,APXMIDP
2024-07-30T22:00:00Z,2024-07-30,47,72.52,APXMIDP
2024-07-30T22:30:00Z,2024-07-30,48,76.7,APXMIDP
2024-07-30T23:00:00Z,2024-07-31,1,72.82,APXMIDP
2024-07-30T23:30:00Z,2024-07-31,2,71.58,APXMIDP
2024-07-31T00:00:00Z,2024-07-31,3,72.34,APXMIDP
2024-07-31T00:30:00Z,2024-07-31,4,70.53,APXMIDP
2024-07-31T01:00:00Z,2024-07-31,5,70.0,APXMIDP
2024-07-31T01:30:00Z,2024-07-31,6,68.35,APXMIDP
2024-07-31T02:00:00Z,2024-07-31,7,70.79,APXMIDP
2024-07-31T02:30:00Z,2024-07-31,8,73.4,APXMIDP
2024-07-31T03:00:00Z,2024-07-31,9,72.06,APXMIDP
2024-07-31T03:30:00Z,2024-07-31,10,71.72,APXMIDP
2024-07-31T04:00:00Z,2024-07-31,11,72.79,APXMIDP
2024-07-31T04:30:00Z,2024-07-31,12,72.59,APXMIDP
2024-07-31T05:00:00Z,2024-07-31,13,76.7,APXMIDP
2024-07-31T05:30:00Z,2024-07-31,14,74.06,APXMIDP
2024-07-31T06:00:00Z,2024-07-31,15,66.82,APXMIDP
2024-07-31T06:30:00Z,2024-07-31,16,71.86,APXMIDP
2024-07-31T07:00:00Z,2024-07-31,17,74.13,APXMIDP
2024-07-31T07:30:00Z,2024-07-31,18,71.74,APXMIDP
2024-07-31T08:00:00Z,2024-07-31,19,63.75,APXMIDP
2024-07-31T08:30:00Z,2024-07-31,20,61.29,APXMIDP
2024-07-31T09:00:00Z,2024-07-31,21,59.5,APXMIDP
2024-07-31T09:30:00Z,2024-07-31,22,60.36,APXMIDP
2024-07-31T10:00:00Z,2024-07-31,23,58.79,APXMIDP
2024-07-31T10:30:00Z,2024-07-31,24,59.45,APXMIDP
2024-07-31T11:00:00Z,2024-07-31,25,61.21,APXMIDP
2024-07-31T11:30:00Z,2024-07-31,26,60.05,APXMIDP
2024-07-31T12:00:00Z,2024-07-31,27,60.08,APXMIDP
2024-07-31T12:30:00Z,2024-07-31,28,60.83,APXMIDP
2024-07-31T13:00:00Z,2024-07-31,29,60.17,APXMIDP
2024-07-31T13:30:00Z,2024-07-31,30,61.04,APXMIDP
2024-07-31T14:00:00Z,2024-07-31,31,60.55,APXMIDP
2024-07-31T14:30:00Z,2024-07-31,32,60.23,APXMIDP
2024-07-31T15:00:00Z,2024-07-31,33,64.55,APXMIDP
2024-07-31T15:30:00Z,2024-07-31,34,72.69,APXMIDP
2024-07-31T16:00:00Z,2024-07-31,35,79.24,APXMIDP
2024-07-31T16:30:00Z,2024-07-31,36,84.76,APXMIDP
2024-07-31T17:00:00Z,2024-07-31,37,92.73,APXMIDP
2024-07-31T17:30:00Z,2024-07-31,38,94.05,APXMIDP
2024-07-31T18:00:00Z,2024-07-31,39,97.66,APXMIDP
2024-07-31T18:30:00Z,2024-07-31,40,97.51,APXMIDP
2024-07-31T19:00:00Z,2024-07-31,41,94.27,APXMIDP
2024-07-31T19:30:00Z,2024-07-31,42,93.29,APXMIDP
2024-07-31T20:00:00Z,2024-07-31,43,91.59,APXMIDP
2024-07-31T20:30:00Z,2024-07-31,44,84.38,APXMIDP
2024-07-31T21:00:00Z,2024-07-31,45,86.89,APXMIDP
2024-07-31T21:30:00Z,2024-07-31,46,83.09,APXMIDP
2024-07-31T22:00:00Z,2024-07-31,47,72.33,APXMIDP
2024-07-31T22:30:00Z,2024-07-31,48,73.56,APXMIDP
2024-07-31T23:00:00Z,2024-08-01,1,72.51,APXMIDP
2024-07-31T23:30:00Z,2024-08-01,2,68.8,APXMIDP
2024-08-01T00:00:00Z,2024-08-01,3,69.97,APXMIDP
2024-08-01T00:30:00Z,2024-08-01,4,68.54,APXMIDP
2024-08-01T01:00:00Z,2024-08-01,5,68.58,APXMIDP
2024-08-01T01:30:00Z,2024-08-01,6,70.39,APXMIDP
2024-08-01T02:00:00Z,2024-08-01,7,68.07,APXMIDP
2024-08-01T02:30:00Z,2024-08-01,8,65.38,APXMIDP
2024-08-01T03:00:00Z,2024-08-01,9,64.78,APXMIDP
2024-08-01T03:30:00Z,2024-08-01,10,65.31,APXMIDP
2024-08-01T04:00:00Z,2024-08-01,11,69.17,APXMIDP
2024-08-01T04:30:00Z,2024-08-01,12,71.07,APXMIDP
2024-08-01T05:00:00Z,2024-08-01,13,73.36,APXMIDP
2024-08-01T05:30:00Z,2024-08-01,14,84.07,APXMIDP
2024-08-01T06:00:00Z,2024-08-01,15,95.27,APXMIDP
2024-08-01T06:30:00Z,2024-08-01,16,100.72,APXMIDP
2024-08-01T07:00:00Z,2024-08-01,17,91.67,APXMIDP
2024-08-01T07:30:00Z,2024-08-01,18,98.97,APXMIDP
2024-08-01T08:00:00Z,2024-08-01,19,104.62,APXMIDP
2024-08-01T08:30:00Z,2024-08-01,20,106.99,APXMIDP
2024-08-01T09:00:00Z,2024-08-01,21,110.91,APXMIDP
2024-08-01T09:30:00Z,2024-08-01,22,107.28,APXMIDP
2024-08-01T10:00:00Z,2024-08-01,23,94.54,APXMIDP
2024-08-01T10:30:00Z,2024-08-01,24,90.0,APXMIDP
2024-08-01T11:00:00Z,2024-08-01,25,97.04,APXMIDP
2024-08-01T11:30:00Z,2024-08-01,26,89.49,APXMIDP
2024-08-01T12:00:00Z,2024-08-01,27,73.92,APXMIDP
2024-08-01T12:30:00Z,2024-08-01,28,73.83,APXMIDP
2024-08-01T13:00:00Z,2024-08-01,29,75.51,APXMIDP
2024-08-01T13:30:00Z,2024-08-01,30,73.38,APXMIDP
2024-08-01T14:00:00Z,2024-08-01,31,72.12,APXMIDP
2024-08-01T14:30:00Z,2024-08-01,32,75.32,APXMIDP
2024-08-01T15:00:00Z,2024-08-01,33,77.85,APXMIDP
2024-08-01T15:30:00Z,2024-08-01,34,77.51,APXMIDP
2024-08-01T16:00:00Z,2024-08-01,35,85.71,APXMIDP
2024-08-01T16:30:00Z,2024-08-01,36,94.51,APXMIDP
2024-08-01T17:00:00Z,2024-08-01,37,97.6,APXMIDP
2024-08-01T17:30:00Z,2024-08-01,38,100.94,APXMIDP
2024-08-01T18:00:00Z,2024-08-01,39,102.63,APXMIDP
2024-08-01T18:30:00Z,2024-08-01,40,104.32,APXMIDP
2024-08-01T19:00:00Z,2024-08-01,41,99.25,APXMIDP
2024-08-01T19:30:00Z,2024-08-01,42,97.66,APXMIDP
2024-08-01T20:00:00Z,2024-08-01,43,99.84,APXMIDP
2024-08-01T20:30:00Z,2024-08-01,44,92.11,APXMIDP
2024-08-01T21:00:00Z,2024-08-01,45,89.4,APXMIDP
2024-08-01T21:30:00Z,2024-08-01,46,83.12,APXMIDP
2024-08-01T22:00:00Z,2024-08-01,47,82.9,APXMIDP
2024-08-01T22:30:00Z,2024-08-01,48,86.09,APXMIDP
2024-08-01T23:00:00Z,2024-08-02,1,79.29,APXMIDP
2024-08-01T23:30:00Z,2024-08-02,2,81.96,APXMIDP
2024-08-02T00:00:00Z,2024-08-02,3,80.36,APXMIDP
2024-08-02T00:30:00Z,2024-08-02,4,79.51,APXMIDP
2024-08-02T01:00:00Z,2024-08-02,5,75.21,APXMIDP
2024-08-02T01:30:00Z,2024-08-02,6,72.0,APXMIDP
2024-08-02T02:00:00Z,2024-08-02,7,72.64,APXMIDP
2024-08-02T02:30:00Z,2024-08-02,8,68.54,APXMIDP
2024-08-02T03:00:00Z,2024-08-02,9,78.63,APXMIDP
2024-08-02T03:30:00Z,2024-08-02,10,75.22,APXMIDP
2024-08-02T04:00:00Z,2024-08-02,11,98.04,APXMIDP
2024-08-02T04:30:00Z,2024-08-02,12,98.88,APXMIDP
2024-08-02T05:00:00Z,2024-08-02,13,91.02,APXMIDP
2024-08-02T05:30:00Z,2024-08-02,14,92.0,APXMIDP
2024-08-02T06:00:00Z,2024-08-02,15,85.03,APXMIDP
2024-08-02T06:30:00Z,2024-08-02,16,84.7,APXMIDP
2024-08-02T07:00:00Z,2024-08-02,17,83.4,APXMIDP
2024-08-02T07:30:00Z,2024-08-02,18,81.59,APXMIDP
2024-08-02T08:00:00Z,2024-08-02,19,78.64,APXMIDP
2024-08-02T08:30:00Z,2024-08-02,20,80.43,APXMIDP
2024-08-02T09:00:00Z,2024-08-02,21,77.42,APXMIDP
2024-08-02T09:30:00Z,2024-08-02,22,72.27,APXMIDP
2024-08-02T10:00:00Z,2024-08-02,23,63.61,APXMIDP
2024-08-02T10:30:00Z,2024-08-02,24,61.87,APXMIDP
2024-08-02T11:00:00Z,2024-08-02,25,62.02,APXMIDP
2024-08-02T11:30:00Z,2024-08-02,26,61.55,APXMIDP
2024-08-02T12:00:00Z,2024-08-02,27,60.84,APXMIDP
2024-08-02T12:30:00Z,2024-08-02,28,60.99,APXMIDP
2024-08-02T13:00:00Z,2024-08-02,29,58.58,APXMIDP
2024-08-02T13:30:00Z,2024-08-02,30,59.57,APXMIDP
2024-08-02T14:00:00Z,2024-08-02,31,66.59,APXMIDP
2024-08-02T14:30:00Z,2024-08-02,32,67.85,APXMIDP
2024-08-02T15:00:00Z,2024-08-02,33,67.86,APXMIDP
2024-08-02T15:30:00Z,2024-08-02,34,72.32,APXMIDP
2024-08-02T16:00:00Z,2024-08-02,35,77.32,APXMIDP
2024-08-02T16:30:00Z,2024-08-02,36,71.75,APXMIDP
2024-08-02T17:00:00Z,2024-08-02,37,76.29,APXMIDP
2024-08-02T17:30:00Z,2024-08-02,38,79.72,APXMIDP
2024-08-02T18:00:00Z,2024-08-02,39,90.02,APXMIDP
2024-08-02T18:30:00Z,2024-08-02,40,89.0,APXMIDP
2024-08-02T19:00:00Z,2024-08-02,41,90.28,APXMIDP
2024-08-02T19:30:00Z,2024-08-02,42,90.01,APXMIDP
2024-08-02T20:00:00Z,2024-08-02,43,85.27,APXMIDP
2024-08-02T20:30:00Z,2024-08-02,44,85.37,APXMIDP
2024-08-02T21:00:00Z,2024-08-02,45,84.56,APXMIDP
2024-08-02T21:30:00Z,2024-08-02,46,82.14,APXMIDP
2024-08-02T22:00:00Z,2024-08-02,47,84.47,APXMIDP
2024-08-02T22:30:00Z,2024-08-02,48,77.67,APXMIDP
2024-08-02T23:00:00Z,2024-08-03,1,74.24,APXMIDP
2024-08-02T23:30:00Z,2024-08-03,2,78.24,APXMIDP
2024-08-03T00:00:00Z,2024-08-03,3,78.89,APXMIDP
2024-08-03T00:30:00Z,2024-08-03,4,75.97,APXMIDP
2024-08-03T01:00:00Z,2024-08-03,5,73.21,APXMIDP
2024-08-03T01:30:00Z,2024-08-03,6,70.89,APXMIDP
2024-08-03T02:00:00Z,2024-08-03,7,72.0,APXMIDP
2024-08-03T02:30:00Z,2024-08-03,8,70.42,APXMIDP
2024-08-03T03:00:00Z,2024-08-03,9,72.31,APXMIDP
2024-08-03T03:30:00Z,2024-08-03,10,70.83,APXMIDP
2024-08-03T04:00:00Z,2024-08-03,11,69.3,APXMIDP
2024-08-03T04:30:00Z,2024-08-03,12,70.29,APXMIDP
2024-08-03T05:00:00Z,2024-08-03,13,71.28,APXMIDP
2024-08-03T05:30:00Z,2024-08-03,14,70.47,APXMIDP
2024-08-03T06:00:00Z,2024-08-03,15,66.54,APXMIDP
2024-08-03T06:30:00Z,2024-08-03,16,74.05,APXMIDP
2024-08-03T07:00:00Z,2024-08-03,17,87.77,APXMIDP
2024-08-03T07:30:00Z,2024-08-03,18,87.69,APXMIDP
2024-08-03T08:00:00Z,2024-08-03,19,84.92,APXMIDP
2024-08-03T08:30:00Z,2024-08-03,20,85.37,APXMIDP
2024-08-03T09:00:00Z,2024-08-03,21,85.34,APXMIDP
2024-08-03T09:30:00Z,2024-08-03,22,73.53,APXMIDP
2024-08-03T10:00:00Z,2024-08-03,23,67.24,APXMIDP
2024-08-03T10:30:00Z,2024-08-03,24,74.16,APXMIDP
2024-08-03T11:00:00Z,2024-08-03,25,71.3,APXMIDP
2024-08-03T11:30:00Z,2024-08-03,26,66.61,APXMIDP
2024-08-03T12:00:00Z,2024-08-03,27,62.9,APXMIDP
2024-08-03T12:30:00Z,2024-08-03,28,58.6,APXMIDP
2024-08-03T13:00:00Z,2024-08-03,29,56.87,APXMIDP
2024-08-03T13:30:00Z,2024-08-03,30,58.92,APXMIDP
2024-08-03T14:00:00Z,2024-08-03,31,57.23,APXMIDP
2024-08-03T14:30:00Z,2024-08-03,32,58.11,APXMIDP
2024-08-03T15:00:00Z,2024-08-03,33,56.65,APXMIDP
2024-08-03T15:30:00Z,2024-08-03,34,55.51,APXMIDP
2024-08-03T16:00:00Z,2024-08-03,35,66.38,APXMIDP
2024-08-03T16:30:00Z,2024-08-03,36,70.17,APXMIDP
2024-08-03T17:00:00Z,2024-08-03,37,77.56,APXMIDP
2024-08-03T17:30:00Z,2024-08-03,38,83.81,APXMIDP
2024-08-03T18:00:00Z,2024-08-03,39,94.94,APXMIDP
2024-08-03T18:30:00Z,2024-08-03,40,98.69,APXMIDP
2024-08-03T19:00:00Z,2024-08-03,41,97.11,APXMIDP
2024-08-03T19:30:00Z,2024-08-03,42,96.87,APXMIDP
2024-08-03T20:00:00Z,2024-08-03,43,95.39,APXMIDP
2024-08-03T20:30:00Z,2024-08-03,44,95.53,APXMIDP
2024-08-03T21:00:00Z,2024-08-03,45,95.71,APXMIDP
2024-08-03T21:30:00Z,2024-08-03,46,92.19,APXMIDP
2024-08-03T22:00:00Z,2024-08-03,47,85.85,APXMIDP
2024-08-03T22:30:00Z,2024-08-03,48,83.88,APXMIDP
2024-08-03T23:00:00Z,2024-08-04,1,78.7,APXMIDP
2024-08-03T23:30:00Z,2024-08-04,2,78.33,APXMIDP
2024-08-04T00:00:00Z,2024-08-04,3,77.83,APXMIDP
2024-08-04T00:30:00Z,2024-08-04,4,78.16,APXMIDP
2024-08-04T01:00:00Z,2024-08-04,5,77.88,APXMIDP
2024-08-04T01:30:00Z,2024-08-04,6,76.98,APXMIDP
2024-08-04T02:00:00Z,2024-08-04,7,73.88,APXMIDP
2024-08-04T02:30:00Z,2024-08-04,8,72.88,APXMIDP
2024-08-04T03:00:00Z,2024-08-04,9,68.4,APXMIDP
2024-08-04T03:30:00Z,2024-08-04,10,70.12,APXMIDP
2024-08-04T04:00:00Z,2024-08-04,11,70.28,APXMIDP
2024-08-04T04:30:00Z,2024-08-04,12,64.76,APXMIDP
2024-08-04T05:00:00Z,2024-08-04,13,62.6,APXMIDP
2024-08-04T05:30:00Z,2024-08-04,14,63.72,APXMIDP
2024-08-04T06:00:00Z,2024-08-04,15,69.53,APXMIDP
2024-08-04T06:30:00Z,2024-08-04,16,72.98,APXMIDP
2024-08-04T07:00:00Z,2024-08-04,17,77.42,APXMIDP
2024-08-04T07:30:00Z,2024-08-04,18,77.53,APXMIDP
2024-08-04T08:00:00Z,2024-08-04,19,78.14,APXMIDP
2024-08-04T08:30:00Z,2024-08-04,20,73.67,APXMIDP
2024-08-04T09:00:00Z,2024-08-04,21,70.75,APXMIDP
2024-08-04T09:30:00Z,2024-08-04,22,64.27,APXMIDP
2024-08-04T10:00:00Z,2024-08-04,23,48.25,APXMIDP
2024-08-04T10:30:00Z,2024-08-04,24,40.01,APXMIDP
2024-08-04T11:00:00Z,2024-08-04,25,43.44,APXMIDP
2024-08-04T11:30:00Z,2024-08-04,26,41.77,APXMIDP
2024-08-04T12:00:00Z,2024-08-04,27,31.44,APXMIDP
2024-08-04T12:30:00Z,2024-08-04,28,26.57,APXMIDP
2024-08-04T13:00:00Z,2024-08-04,29,19.33,APXMIDP
2024-08-04T13:30:00Z,2024-08-04,30,15.21,APXMIDP
2024-08-04T14:00:00Z,2024-08-04,31,3.27,APXMIDP
2024-08-04T14:30:00Z,2024-08-04,32,5.18,APXMIDP
2024-08-04T15:00:00Z,2024-08-04,33,5.51,APXMIDP
2024-08-04T15:30:00Z,2024-08-04,34,12.97,APXMIDP
2024-08-04T16:00:00Z,2024-08-04,35,16.82,APXMIDP
2024-08-04T16:30:00Z,2024-08-04,36,31.77,APXMIDP
2024-08-04T17:00:00Z,2024-08-04,37,55.03,APXMIDP
2024-08-04T17:30:00Z,2024-08-04,38,61.25,APXMIDP
2024-08-04T18:00:00Z,2024-08-04,39,60.27,APXMIDP
2024-08-04T18:30:00Z,2024-08-04,40,59.47,APXMIDP
2024-08-04T19:00:00Z,2024-08-04,41,60.35,APXMIDP
2024-08-04T19:30:00Z,2024-08-04,42,58.97,APXMIDP
2024-08-04T20:00:00Z,2024-08-04,43,66.42,APXMIDP
2024-08-04T20:30:00Z,2024-08-04,44,66.89,APXMIDP
2024-08-04T21:00:00Z,2024-08-04,45,64.1,APXMIDP
2024-08-04T21:30:00Z,2024-08-04,46,47.27,APXMIDP
2024-08-04T22:00:00Z,2024-08-04,47,40.41,APXMIDP
2024-08-04T22:30:00Z,2024-08-04,48,29.43,APXMIDP
2024-08-04T23:00:00Z,2024-08-05,1,33.91,APXMIDP
2024-08-04T23:30:00Z,2024-08-05,2,24.68,APXMIDP
2024-08-05T00:00:00Z,2024-08-05,3,20.33,APXMIDP
2024-08-05T00:30:00Z,2024-08-05,4,14.25,APXMIDP
2024-08-05T01:00:00Z,2024-08-05,5,12.27,APXMIDP
2024-08-05T01:30:00Z,2024-08-05,6,8.32,APXMIDP
2024-08-05T02:00:00Z,2024-08-05,7,4.62,APXMIDP
2024-08-05T02:30:00Z,2024-08-05,8,0.91,APXMIDP
2024-08-05T03:00:00Z,2024-08-05,9,0.96,APXMIDP
2024-08-05T03:30:00Z,2024-08-05,10,2.1,APXMIDP
2024-08-05T04:00:00Z,2024-08-05,11,4.03,APXMIDP
2024-08-05T04:30:00Z,2024-08-05,12,20.62,APXMIDP
2024-08-05T05:00:00Z,2024-08-05,13,11.68,APXMIDP
2024-08-05T05:30:00Z,2024-08-05,14,23.61,APXMIDP
2024-08-05T06:00:00Z,2024-08-05,15,21.72,APXMIDP
2024-08-05T06:30:00Z,2024-08-05,16,40.74,APXMIDP
2024-08-05T07:00:00Z,2024-08-05,17,32.29,APXMIDP
2024-08-05T07:30:00Z,2024-08-05,18,40.52,APXMIDP
2024-08-05T08:00:00Z,2024-08-05,19,44.34,APXMIDP
2024-08-05T08:30:00Z,2024-08-05,20,48.78,APXMIDP
2024-08-05T09:00:00Z,2024-08-05,21,52.65,APXMIDP
2024-08-05T09:30:00Z,2024-08-05,22,54.61,APXMIDP
2024-08-05T10:00:00Z,2024-08-05,23,57.06,APXMIDP
2024-08-05T10:30:00Z,2024-08-05,24,63.8,APXMIDP
2024-08-05T11:00:00Z,2024-08-05,25,65.29,APXMIDP
2024-08-05T11:30:00Z,2024-08-05,26,67.44,APXMIDP
2024-08-05T12:00:00Z,2024-08-05,27,69.05,APXMIDP
2024-08-05T12:30:00Z,2024-08-05,28,69.29,APXMIDP
2024-08-05T13:00:00Z,2024-08-05,29,68.55,APXMIDP
2024-08-05T13:30:00Z,2024-08-05,30,70.08,APXMIDP
2024-08-05T14:00:00Z,2024-08-05,31,80.79,APXMIDP
2024-08-05T14:30:00Z,2024-08-05,32,81.74,APXMIDP
2024-08-05T15:00:00Z,2024-08-05,33,78.42,APXMIDP
2024-08-05T15:30:00Z,2024-08-05,34,80.27,APXMIDP
2024-08-05T16:00:00Z,2024-08-05,35,83.38,APXMIDP
2024-08-05T16:30:00Z,2024-08-05,36,85.34,APXMIDP
2024-08-05T17:00:00Z,2024-08-05,37,95.66,APXMIDP
2024-08-05T17:30:00Z,2024-08-05,38,90.79,APXMIDP
2024-08-05T18:00:00Z,2024-08-05,39,92.93,APXMIDP
2024-08-05T18:30:00Z,2024-08-05,40,90.05,APXMIDP
2024-08-05T19:00:00Z,2024-08-05,41,86.48,APXMIDP
2024-08-05T19:30:00Z,2024-08-05,42,87.37,APXMIDP
2024-08-05T20:00:00Z,2024-08-05,43,87.74,APXMIDP
2024-08-05T20:30:00Z,2024-08-05,44,81.88,APXMIDP
2024-08-05T21:00:00Z,2024-08-05,45,79.13,APXMIDP
2024-08-05T21:30:00Z,2024-08-05,46,80.65,APXMIDP
2024-08-05T22:00:00Z,2024-08-05,47,52.39,APXMIDP
2024-08-05T22:30:00Z,2024-08-05,48,56.86,APXMIDP
2024-08-05T23:00:00Z,2024-08-06,1,34.89,APXMIDP
2024-08-05T23:30:00Z,2024-08-06,2,33.3,APXMIDP
2024-08-06T00:00:00Z,2024-08-06,3,23.35,APXMIDP
2024-08-06T00:30:00Z,2024-08-06,4,22.01,APXMIDP
2024-08-06T01:00:00Z,2024-08-06,5,17.34,APXMIDP
2024-08-06T01:30:00Z,2024-08-06,6,16.23,APXMIDP
2024-08-06T02:00:00Z,2024-08-06,7,17.32,APXMIDP
2024-08-06T02:30:00Z,2024-08-06,8,17.46,APXMIDP
2024-08-06T03:00:00Z,2024-08-06,9,23.36,APXMIDP
2024-08-06T03:30:00Z,2024-08-06,10,31.52,APXMIDP
2024-08-06T04:00:00Z,2024-08-06,11,52.73,APXMIDP
2024-08-06T04:30:00Z,2024-08-06,12,61.65,APXMIDP
2024-08-06T05:00:00Z,2024-08-06,13,75.48,APXMIDP
2024-08-06T05:30:00Z,2024-08-06,14,78.84,APXMIDP
2024-08-06T06:00:00Z,2024-08-06,15,81.85,APXMIDP
2024-08-06T06:30:00Z,2024-08-06,16,87.47,APXMIDP
2024-08-06T07:00:00Z,2024-08-06,17,90.48,APXMIDP
2024-08-06T07:30:00Z,2024-08-06,18,93.17,APXMIDP
2024-08-06T08:00:00Z,2024-08-06,19,95.46,APXMIDP
2024-08-06T08:30:00Z,2024-08-06,20,92.96,APXMIDP
2024-08-06T09:00:00Z,2024-08-06,21,87.84,APXMIDP
2024-08-06T09:30:00Z,2024-08-06,22,80.22,APXMIDP
2024-08-06T10:00:00Z,2024-08-06,23,80.72,APXMIDP
2024-08-06T10:30:00Z,2024-08-06,24,73.83,APXMIDP
2024-08-06T11:00:00Z,2024-08-06,25,74.16,APXMIDP
2024-08-06T11:30:00Z,2024-08-06,26,74.87,APXMIDP
2024-08-06T12:00:00Z,2024-08-06,27,75.52,APXMIDP
2024-08-06T12:30:00Z,2024-08-06,28,75.57,APXMIDP
2024-08-06T13:00:00Z,2024-08-06,29,73.92,APXMIDP
2024-08-06T13:30:00Z,2024-08-06,30,63.18,APXMIDP
2024-08-06T14:00:00Z,2024-08-06,31,66.08,APXMIDP
2024-08-06T14:30:00Z,2024-08-06,32,63.09,APXMIDP
2024-08-06T15:00:00Z,2024-08-06,33,59.56,APXMIDP
2024-08-06T15:30:00Z,2024-08-06,34,56.35,APXMIDP
2024-08-06T16:00:00Z,2024-08-06,35,61.11,APXMIDP
2024-08-06T16:30:00Z,2024-08-06,36,63.0,APXMIDP
2024-08-06T17:00:00Z,2024-08-06,37,70.25,APXMIDP
2024-08-06T17:30:00Z,2024-08-06,38,75.54,APXMIDP
2024-08-06T18:00:00Z,2024-08-06,39,81.38,APXMIDP
2024-08-06T18:30:00Z,2024-08-06,40,82.59,APXMIDP
2024-08-06T19:00:00Z,2024-08-06,41,81.4,APXMIDP
2024-08-06T19:30:00Z,2024-08-06,42,80.64,APXMIDP
2024-08-06T20:00:00Z,2024-08-06,43,79.78,APXMIDP
2024-08-06T20:30:00Z,2024-08-06,44,77.89,APXMIDP
2024-08-06T21:00:00Z,2024-08-06,45,77.66,APXMIDP
2024-08-06T21:30:00Z,2024-08-06,46,76.14,APXMIDP
2024-08-06T22:00:00Z,2024-08-06,47,63.13,APXMIDP
2024-08-06T22:30:00Z,2024-08-06,48,67.69,APXMIDP
2024-08-06T23:00:00Z,2024-08-07,1,63.1,APXMIDP
2024-08-06T23:30:00Z,2024-08-07,2,46.63,APXMIDP
2024-08-07T00:00:00Z,2024-08-07,3,39.99,APXMIDP
2024-08-07T00:30:00Z,2024-08-07,4,32.05,APXMIDP
2024-08-07T01:00:00Z,2024-08-07,5,28.8,APXMIDP
2024-08-07T01:30:00Z,2024-08-07,6,25.16,APXMIDP
2024-08-07T02:00:00Z,2024-08-07,7,28.06,APXMIDP
2024-08-07T02:30:00Z,2024-08-07,8,17.68,APXMIDP
2024-08-07T03:00:00Z,2024-08-07,9,22.52,APXMIDP
2024-08-07T03:30:00Z,2024-08-07,10,20.15,APXMIDP
2024-08-07T04:00:00Z,2024-08-07,11,27.01,APXMIDP
2024-08-07T04:30:00Z,2024-08-07,12,28.7,APXMIDP
2024-08-07T05:00:00Z,2024-08-07,13,31.95,APXMIDP
2024-08-07T05:30:00Z,2024-08-07,14,39.63,APXMIDP
2024-08-07T06:00:00Z,2024-08-07,15,54.16,APXMIDP
2024-08-07T06:30:00Z,2024-08-07,16,61.75,APXMIDP
2024-08-07T07:00:00Z,2024-08-07,17,67.86,APXMIDP
2024-08-07T07:30:00Z,2024-08-07,18,68.45,APXMIDP
2024-08-07T08:00:00Z,2024-08-07,19,69.98,APXMIDP
2024-08-07T08:30:00Z,2024-08-07,20,67.4,APXMIDP
2024-08-07T09:00:00Z,2024-08-07,21,69.19,APXMIDP
2024-08-07T09:30:00Z,2024-08-07,22,65.68,APXMIDP
2024-08-07T10:00:00Z,2024-08-07,23,53.08,APXMIDP
2024-08-07T10:30:00Z,2024-08-07,24,62.04,APXMIDP
2024-08-07T11:00:00Z,2024-08-07,25,66.38,APXMIDP
2024-08-07T11:30:00Z,2024-08-07,26,63.85,APXMIDP
2024-08-07T12:00:00Z,2024-08-07,27,54.89,APXMIDP
2024-08-07T12:30:00Z,2024-08-07,28,52.06,APXMIDP
2024-08-07T13:00:00Z,2024-08-07,29,49.87,APXMIDP
2024-08-07T13:30:00Z,2024-08-07,30,44.66,APXMIDP
2024-08-07T14:00:00Z,2024-08-07,31,34.07,APXMIDP
2024-08-07T14:30:00Z,2024-08-07,32,46.5,APXMIDP
2024-08-07T15:00:00Z,2024-08-07,33,53.02,APXMIDP
2024-08-07T15:30:00Z,2024-08-07,34,53.89,APXMIDP
2024-08-07T16:00:00Z,2024-08-07,35,63.16,APXMIDP
2024-08-07T16:30:00Z,2024-08-07,36,73.55,APXMIDP
2024-08-07T17:00:00Z,2024-08-07,37,70.67,APXMIDP
2024-08-07T17:30:00Z,2024-08-07,38,74.29,APXMIDP
2024-08-07T18:00:00Z,2024-08-07,39,84.5,APXMIDP
2024-08-07T18:30:00Z,2024-08-07,40,84.72,APXMIDP
2024-08-07T19:00:00Z,2024-08-07,41,82.12,APXMIDP
2024-08-07T19:30:00Z,2024-08-07,42,82.85,APXMIDP
2024-08-07T20:00:00Z,2024-08-07,43,82.13,APXMIDP
2024-08-07T20:30:00Z,2024-08-07,44,82.75,APXMIDP
2024-08-07T21:00:00Z,2024-08-07,45,82.2,APXMIDP
2024-08-07T21:30:00Z,2024-08-07,46,77.6,APXMIDP
2024-08-07T22:00:00Z,2024-08-07,47,57.37,APXMIDP
2024-08-07T22:30:00Z,2024-08-07,48,48.09,APXMIDP
2024-08-07T23:00:00Z,2024-08-08,1,59.34,APXMIDP
2024-08-07T23:30:00Z,2024-08-08,2,56.49,APXMIDP
2024-08-08T00:00:00Z,2024-08-08,3,48.08,APXMIDP
2024-08-08T00:30:00Z,2024-08-08,4,54.59,APXMIDP
2024-08-08T01:00:00Z,2024-08-08,5,58.87,APXMIDP
2024-08-08T01:30:00Z,2024-08-08,6,56.7,APXMIDP
2024-08-08T02:00:00Z,2024-08-08,7,60.63,APXMIDP
2024-08-08T02:30:00Z,2024-08-08,8,64.1,APXMIDP
2024-08-08T03:00:00Z,2024-08-08,9,63.96,APXMIDP
2024-08-08T03:30:00Z,2024-08-08,10,65.63,APXMIDP
2024-08-08T04:00:00Z,2024-08-08,11,62.65,APXMIDP
2024-08-08T04:30:00Z,2024-08-08,12,69.5,APXMIDP
2024-08-08T05:00:00Z,2024-08-08,13,70.52,APXMIDP
2024-08-08T05:30:00Z,2024-08-08,14,82.9,APXMIDP
2024-08-08T06:00:00Z,2024-08-08,15,77.5,APXMIDP
2024-08-08T06:30:00Z,2024-08-08,16,78.3,APXMIDP
2024-08-08T07:00:00Z,2024-08-08,17,78.28,APXMIDP
2024-08-08T07:30:00Z,2024-08-08,18,78.49,APXMIDP
2024-08-08T08:00:00Z,2024-08-08,19,81.15,APXMIDP
2024-08-08T08:30:00Z,2024-08-08,20,80.79,APXMIDP
2024-08-08T09:00:00Z,2024-08-08,21,80.48,APXMIDP
2024-08-08T09:30:00Z,2024-08-08,22,81.93,APXMIDP
2024-08-08T10:00:00Z,2024-08-08,23,82.41,APXMIDP
2024-08-08T10:30:00Z,2024-08-08,24,81.93,APXMIDP
2024-08-08T11:00:00Z,2024-08-08,25,79.85,APXMIDP
2024-08-08T11:30:00Z,2024-08-08,26,78.21,APXMIDP
2024-08-08T12:00:00Z,2024-08-08,27,78.41,APXMIDP
2024-08-08T12:30:00Z,2024-08-08,28,74.95,APXMIDP
2024-08-08T13:00:00Z,2024-08-08,29,71.38,APXMIDP
2024-08-08T13:30:00Z,2024-08-08,30,70.07,APXMIDP
2024-08-08T14:00:00Z,2024-08-08,31,64.39,APXMIDP
2024-08-08T14:30:00Z,2024-08-08,32,67.75,APXMIDP
2024-08-08T15:00:00Z,2024-08-08,33,73.96,APXMIDP
2024-08-08T15:30:00Z,2024-08-08,34,76.58,APXMIDP
2024-08-08T16:00:00Z,2024-08-08,35,82.03,APXMIDP
2024-08-08T16:30:00Z,2024-08-08,36,83.97,APXMIDP
2024-08-08T17:00:00Z,2024-08-08,37,84.55,APXMIDP
2024-08-08T17:30:00Z,2024-08-08,38,83.49,APXMIDP
2024-08-08T18:00:00Z,2024-08-08,39,77.42,APXMIDP
2024-08-08T18:30:00Z,2024-08-08,40,75.91,APXMIDP
2024-08-08T19:00:00Z,2024-08-08,41,74.48,APXMIDP
2024-08-08T19:30:00Z,2024-08-08,42,72.8,APXMIDP
2024-08-08T20:00:00Z,2024-08-08,43,75.87,APXMIDP
2024-08-08T20:30:00Z,2024-08-08,44,72.97,APXMIDP
2024-08-08T21:00:00Z,2024-08-08,45,67.6,APXMIDP
2024-08-08T21:30:00Z,2024-08-08,46,46.53,APXMIDP
2024-08-08T22:00:00Z,2024-08-08,47,62.83,APXMIDP
2024-08-08T22:30:00Z,2024-08-08,48,40.47,APXMIDP
2024-08-08T23:00:00Z,2024-08-09,1,42.09,APXMIDP
2024-08-08T23:30:00Z,2024-08-09,2,23.64,APXMIDP
2024-08-09T00:00:00Z,2024-08-09,3,23.58,APXMIDP
2024-08-09T00:30:00Z,2024-08-09,4,15.8,APXMIDP
2024-08-09T01:00:00Z,2024-08-09,5,21.46,APXMIDP
2024-08-09T01:30:00Z,2024-08-09,6,11.84,APXMIDP
2024-08-09T02:00:00Z,2024-08-09,7,12.81,APXMIDP
2024-08-09T02:30:00Z,2024-08-09,8,1.51,APXMIDP
2024-08-09T03:00:00Z,2024-08-09,9,-5.15,APXMIDP
2024-08-09T03:30:00Z,2024-08-09,10,-5.56,APXMIDP
2024-08-09T04:00:00Z,2024-08-09,11,4.41,APXMIDP
2024-08-09T04:30:00Z,2024-08-09,12,14.12,APXMIDP
2024-08-09T05:00:00Z,2024-08-09,13,14.36,APXMIDP
2024-08-09T05:30:00Z,2024-08-09,14,24.67,APXMIDP
2024-08-09T06:00:00Z,2024-08-09,15,13.65,APXMIDP
2024-08-09T06:30:00Z,2024-08-09,16,18.74,APXMIDP
2024-08-09T07:00:00Z,2024-08-09,17,10.1,APXMIDP
2024-08-09T07:30:00Z,2024-08-09,18,7.26,APXMIDP
2024-08-09T08:00:00Z,2024-08-09,19,3.74,APXMIDP
2024-08-09T08:30:00Z,2024-08-09,20,3.52,APXMIDP
2024-08-09T09:00:00Z,2024-08-09,21,6.48,APXMIDP
2024-08-09T09:30:00Z,2024-08-09,22,-1.36,APXMIDP
2024-08-09T10:00:00Z,2024-08-09,23,-7.86,APXMIDP
2024-08-09T10:30:00Z,2024-08-09,24,-10.83,APXMIDP
2024-08-09T11:00:00Z,2024-08-09,25,-11.35,APXMIDP
2024-08-09T11:30:00Z,2024-08-09,26,-14.91,APXMIDP
2024-08-09T12:00:00Z,2024-08-09,27,-7.89,APXMIDP
2024-08-09T12:30:00Z,2024-08-09,28,-8.26,APXMIDP
2024-08-09T13:00:00Z,2024-08-09,29,-10.26,APXMIDP
2024-08-09T13:30:00Z,2024-08-09,30,-10.11,APXMIDP
2024-08-09T14:00:00Z,2024-08-09,31,-17.82,APXMIDP
2024-08-09T14:30:00Z,2024-08-09,32,-11.43,APXMIDP
2024-08-09T15:00:00Z,2024-08-09,33,-8.62,APXMIDP
2024-08-09T15:30:00Z,2024-08-09,34,4.86,APXMIDP
2024-08-09T16:00:00Z,2024-08-09,35,14.85,APXMIDP
2024-08-09T16:30:00Z,2024-08-09,36,44.83,APXMIDP
2024-08-09T17:00:00Z,2024-08-09,37,36.95,APXMIDP
2024-08-09T17:30:00Z,2024-08-09,38,50.55,APXMIDP
2024-08-09T18:00:00Z,2024-08-09,39,55.45,APXMIDP
2024-08-09T18:30:00Z,2024-08-09,40,62.43,APXMIDP
2024-08-09T19:00:00Z,2024-08-09,41,70.68,APXMIDP
2024-08-09T19:30:00Z,2024-08-09,42,73.14,APXMIDP
2024-08-09T20:00:00Z,2024-08-09,43,79.24,APXMIDP
2024-08-09T20:30:00Z,2024-08-09,44,76.88,APXMIDP
2024-08-09T21:00:00Z,2024-08-09,45,68.78,APXMIDP
2024-08-09T21:30:00Z,2024-08-09,46,44.96,APXMIDP
2024-08-09T22:00:00Z,2024-08-09,47,40.25,APXMIDP
2024-08-09T22:30:00Z,2024-08-09,48,22.2,APXMIDP
2024-08-09T23:00:00Z,2024-08-10,1,15.86,APXMIDP
2024-08-09T23:30:00Z,2024-08-10,2,9.31,APXMIDP
2024-08-10T00:00:00Z,2024-08-10,3,6.63,APXMIDP
2024-08-10T00:30:00Z,2024-08-10,4,1.34,APXMIDP
2024-08-10T01:00:00Z,2024-08-10,5,2.79,APXMIDP
2024-08-10T01:30:00Z,2024-08-10,6,1.47,APXMIDP
2024-08-10T02:00:00Z,2024-08-10,7,-0.67,APXMIDP
2024-08-10T02:30:00Z,2024-08-10,8,4.96,APXMIDP
2024-08-10T03:00:00Z,2024-08-10,9,4.26,APXMIDP
2024-08-10T03:30:00Z,2024-08-10,10,0.94,APXMIDP
2024-08-10T04:00:00Z,2024-08-10,11,-1.38,APXMIDP
2024-08-10T04:30:00Z,2024-08-10,12,-1.76,APXMIDP
2024-08-10T05:00:00Z,2024-08-10,13,-4.1,APXMIDP
2024-08-10T05:30:00Z,2024-08-10,14,-2.66,APXMIDP
2024-08-10T06:00:00Z,2024-08-10,15,-4.12,APXMIDP
2024-08-10T06:30:00Z,2024-08-10,16,1.82,APXMIDP
2024-08-10T07:00:00Z,2024-08-10,17,-1.67,APXMIDP
2024-08-10T07:30:00Z,2024-08-10,18,2.7,APXMIDP
2024-08-10T08:00:00Z,2024-08-10,19,-4.99,APXMIDP
2024-08-10T08:30:00Z,2024-08-10,20,-3.39,APXMIDP
2024-08-10T09:00:00Z,2024-08-10,21,-8.39,APXMIDP
2024-08-10T09:30:00Z,2024-08-10,22,-9.15,APXMIDP
2024-08-10T10:00:00Z,2024-08-10,23,-11.31,APXMIDP
2024-08-10T10:30:00Z,2024-08-10,24,-11.01,APXMIDP
2024-08-10T11:00:00Z,2024-08-10,25,-12.19,APXMIDP
2024-08-10T11:30:00Z,2024-08-10,26,-16.87,APXMIDP
2024-08-10T12:00:00Z,2024-08-10,27,-23.3,APXMIDP
2024-08-10T12:30:00Z,2024-08-10,28,-27.99,APXMIDP
2024-08-10T13:00:00Z,2024-08-10,29,-28.17,APXMIDP
2024-08-10T13:30:00Z,2024-08-10,30,-30.08,APXMIDP
2024-08-10T14:00:00Z,2024-08-10,31,-15.79,APXMIDP
2024-08-10T14:30:00Z,2024-08-10,32,-18.36,APXMIDP
2024-08-10T15:00:00Z,2024-08-10,33,-15.34,APXMIDP
2024-08-10T15:30:00Z,2024-08-10,34,-10.31,APXMIDP
2024-08-10T16:00:00Z,2024-08-10,35,11.29,APXMIDP
2024-08-10T16:30:00Z,2024-08-10,36,50.41,APXMIDP
2024-08-10T17:00:00Z,2024-08-10,37,54.92,APXMIDP
2024-08-10T17:30:00Z,2024-08-10,38,67.32,APXMIDP
2024-08-10T18:00:00Z,2024-08-10,39,86.95,APXMIDP
2024-08-10T18:30:00Z,2024-08-10,40,92.65,APXMIDP
2024-08-10T19:00:00Z,2024-08-10,41,91.68,APXMIDP
2024-08-10T19:30:00Z,2024-08-10,42,92.83,APXMIDP
2024-08-10T20:00:00Z,2024-08-10,43,96.41,APXMIDP
2024-08-10T20:30:00Z,2024-08-10,44,96.33,APXMIDP
2024-08-10T21:00:00Z,2024-08-10,45,93.32,APXMIDP
2024-08-10T21:30:00Z,2024-08-10,46,85.38,APXMIDP
2024-08-10T22:00:00Z,2024-08-10,47,85.05,APXMIDP
2024-08-10T22:30:00Z,2024-08-10,48,85.4,APXMIDP
2024-08-10T23:00:00Z,2024-08-11,1,84.59,APXMIDP
2024-08-10T23:30:00Z,2024-08-11,2,83.92,APXMIDP
2024-08-11T00:00:00Z,2024-08-11,3,82.27,APXMIDP
2024-08-11T00:30:00Z,2024-08-11,4,78.76,APXMIDP
2024-08-11T01:00:00Z,2024-08-11,5,82.93,APXMIDP
2024-08-11T01:30:00Z,2024-08-11,6,81.44,APXMIDP
2024-08-11T02:00:00Z,2024-08-11,7,77.13,APXMIDP
2024-08-11T02:30:00Z,2024-08-11,8,77.13,APXMIDP
2024-08-11T03:00:00Z,2024-08-11,9,80.3,APXMIDP
2024-08-11T03:30:00Z,2024-08-11,10,81.06,APXMIDP
2024-08-11T04:00:00Z,2024-08-11,11,79.11,APXMIDP
2024-08-11T04:30:00Z,2024-08-11,12,75.17,APXMIDP
2024-08-11T05:00:00Z,2024-08-11,13,75.0,APXMIDP
2024-08-11T05:30:00Z,2024-08-11,14,78.07,APXMIDP
2024-08-11T06:00:00Z,2024-08-11,15,71.94,APXMIDP
2024-08-11T06:30:00Z,2024-08-11,16,78.02,APXMIDP
2024-08-11T07:00:00Z,2024-08-11,17,75.28,APXMIDP
2024-08-11T07:30:00Z,2024-08-11,18,75.27,APXMIDP
2024-08-11T08:00:00Z,2024-08-11,19,78.02,APXMIDP
2024-08-11T08:30:00Z,2024-08-11,20,77.57,APXMIDP
2024-08-11T09:00:00Z,2024-08-11,21,78.33,APXMIDP
2024-08-11T09:30:00Z,2024-08-11,22,73.88,APXMIDP
2024-08-11T10:00:00Z,2024-08-11,23,68.6,APXMIDP
2024-08-11T10:30:00Z,2024-08-11,24,67.06,APXMIDP
2024-08-11T11:00:00Z,2024-08-11,25,64.21,APXMIDP
2024-08-11T11:30:00Z,2024-08-11,26,64.57,APXMIDP
2024-08-11T12:00:00Z,2024-08-11,27,54.94,APXMIDP
2024-08-11T12:30:00Z,2024-08-11,28,52.48,APXMIDP
2024-08-11T13:00:00Z,2024-08-11,29,47.68,APXMIDP
2024-08-11T13:30:00Z,2024-08-11,30,42.43,APXMIDP
2024-08-11T14:00:00Z,2024-08-11,31,34.6,APXMIDP
2024-08-11T14:30:00Z,2024-08-11,32,37.48,APXMIDP
2024-08-11T15:00:00Z,2024-08-11,33,40.95,APXMIDP
2024-08-11T15:30:00Z,2024-08-11,34,47.32,APXMIDP
2024-08-11T16:00:00Z,2024-08-11,35,71.42,APXMIDP
2024-08-11T16:30:00Z,2024-08-11,36,80.19,APXMIDP
2024-08-11T17:00:00Z,2024-08-11,37,92.21,APXMIDP
2024-08-11T17:30:00Z,2024-08-11,38,85.93,APXMIDP
2024-08-11T18:00:00Z,2024-08-11,39,86.34,APXMIDP
2024-08-11T18:30:00Z,2024-08-11,40,85.63,APXMIDP
2024-08-11T19:00:00Z,2024-08-11,41,88.15,APXMIDP
2024-08-11T19:30:00Z,2024-08-11,42,86.34,APXMIDP
2024-08-11T20:00:00Z,2024-08-11,43,80.99,APXMIDP
2024-08-11T20:30:00Z,2024-08-11,44,73.08,APXMIDP
2024-08-11T21:00:00Z,2024-08-11,45,62.93,APXMIDP
2024-08-11T21:30:00Z,2024-08-11,46,22.28,APXMIDP
2024-08-11T22:00:00Z,2024-08-11,47,11.72,APXMIDP
2024-08-11T22:30:00Z,2024-08-11,48,3.27,APXMIDP
2024-08-11T23:00:00Z,2024-08-12,1,2.12,APXMIDP
2024-08-11T23:30:00Z,2024-08-12,2,-4.18,APXMIDP
2024-08-12T00:00:00Z,2024-08-12,3,-6.82,APXMIDP
2024-08-12T00:30:00Z,2024-08-12,4,-8.59,APXMIDP
2024-08-12T01:00:00Z,2024-08-12,5,2.88,APXMIDP
2024-08-12T01:30:00Z,2024-08-12,6,-0.2,APXMIDP
2024-08-12T02:00:00Z,2024-08-12,7,-11.65,APXMIDP
2024-08-12T02:30:00Z,2024-08-12,8,-15.11,APXMIDP
2024-08-12T03:00:00Z,2024-08-12,9,-7.13,APXMIDP
2024-08-12T03:30:00Z,2024-08-12,10,-9.69,APXMIDP
2024-08-12T04:00:00Z,2024-08-12,11,-10.7,APXMIDP
2024-08-12T04:30:00Z,2024-08-12,12,-6.14,APXMIDP
2024-08-12T05:00:00Z,2024-08-12,13,-3.88,APXMIDP
2024-08-12T05:30:00Z,2024-08-12,14,15.41,APXMIDP
2024-08-12T06:00:00Z,2024-08-12,15,11.06,APXMIDP
2024-08-12T06:30:00Z,2024-08-12,16,21.92,APXMIDP
2024-08-12T07:00:00Z,2024-08-12,17,28.81,APXMIDP
2024-08-12T07:30:00Z,2024-08-12,18,29.7,APXMIDP
2024-08-12T08:00:00Z,2024-08-12,19,32.63,APXMIDP
2024-08-12T08:30:00Z,2024-08-12,20,37.37,APXMIDP
2024-08-12T09:00:00Z,2024-08-12,21,25.94,APXMIDP
2024-08-12T09:30:00Z,2024-08-12,22,31.23,APXMIDP
2024-08-12T10:00:00Z,2024-08-12,23,18.92,APXMIDP
2024-08-12T10:30:00Z,2024-08-12,24,19.39,APXMIDP
2024-08-12T11:00:00Z,2024-08-12,25,18.34,APXMIDP
2024-08-12T11:30:00Z,2024-08-12,26,25.29,APXMIDP
2024-08-12T12:00:00Z,2024-08-12,27,32.15,APXMIDP
2024-08-12T12:30:00Z,2024-08-12,28,34.76,APXMIDP
2024-08-12T13:00:00Z,2024-08-12,29,38.21,APXMIDP
2024-08-12T13:30:00Z,2024-08-12,30,41.55,APXMIDP
2024-08-12T14:00:00Z,2024-08-12,31,48.61,APXMIDP
2024-08-12T14:30:00Z,2024-08-12,32,49.03,APXMIDP
2024-08-12T15:00:00Z,2024-08-12,33,58.89,APXMIDP
2024-08-12T15:30:00Z,2024-08-12,34,57.73,APXMIDP
2024-08-12T16:00:00Z,2024-08-12,35,74.65,APXMIDP
2024-08-12T16:30:00Z,2024-08-12,36,79.52,APXMIDP
2024-08-12T17:00:00Z,2024-08-12,37,93.8,APXMIDP
2024-08-12T17:30:00Z,2024-08-12,38,96.74,APXMIDP
2024-08-12T18:00:00Z,2024-08-12,39,105.11,APXMIDP
2024-08-12T18:30:00Z,2024-08-12,40,107.97,APXMIDP
2024-08-12T19:00:00Z,2024-08-12,41,109.09,APXMIDP
2024-08-12T19:30:00Z,2024-08-12,42,109.53,APXMIDP
2024-08-12T20:00:00Z,2024-08-12,43,101.23,APXMIDP
2024-08-12T20:30:00Z,2024-08-12,44,93.26,APXMIDP
2024-08-12T21:00:00Z,2024-08-12,45,84.18,APXMIDP
2024-08-12T21:30:00Z,2024-08-12,46,88.46,APXMIDP
2024-08-12T22:00:00Z,2024-08-12,47,84.68,APXMIDP
2024-08-12T22:30:00Z,2024-08-12,48,89.31,APXMIDP
2024-08-12T23:00:00Z,2024-08-13,1,91.6,APXMIDP
2024-08-12T23:30:00Z,2024-08-13,2,90.71,APXMIDP
2024-08-13T00:00:00Z,2024-08-13,3,88.93,APXMIDP
2024-08-13T00:30:00Z,2024-08-13,4,85.99,APXMIDP
2024-08-13T01:00:00Z,2024-08-13,5,84.74,APXMIDP
2024-08-13T01:30:00Z,2024-08-13,6,87.09,APXMIDP
2024-08-13T02:00:00Z,2024-08-13,7,89.61,APXMIDP
2024-08-13T02:30:00Z,2024-08-13,8,87.74,APXMIDP
2024-08-13T03:00:00Z,2024-08-13,9,89.39,APXMIDP
2024-08-13T03:30:00Z,2024-08-13,10,86.45,APXMIDP
2024-08-13T04:00:00Z,2024-08-13,11,88.55,APXMIDP
2024-08-13T04:30:00Z,2024-08-13,12,90.73,APXMIDP
2024-08-13T05:00:00Z,2024-08-13,13,96.34,APXMIDP
2024-08-13T05:30:00Z,2024-08-13,14,97.34,APXMIDP
2024-08-13T06:00:00Z,2024-08-13,15,94.22,APXMIDP
2024-08-13T06:30:00Z,2024-08-13,16,97.23,APXMIDP
2024-08-13T07:00:00Z,2024-08-13,17,92.7,APXMIDP
2024-08-13T07:30:00Z,2024-08-13,18,94.67,APXMIDP
2024-08-13T08:00:00Z,2024-08-13,19,88.05,APXMIDP
2024-08-13T08:30:00Z,2024-08-13,20,77.78,APXMIDP
2024-08-13T09:00:00Z,2024-08-13,21,74.93,APXMIDP
2024-08-13T09:30:00Z,2024-08-13,22,71.28,APXMIDP
2024-08-13T10:00:00Z,2024-08-13,23,55.15,APXMIDP
2024-08-13T10:30:00Z,2024-08-13,24,47.62,APXMIDP
2024-08-13T11:00:00Z,2024-08-13,25,41.62,APXMIDP
2024-08-13T11:30:00Z,2024-08-13,26,37.34,APXMIDP
2024-08-13T12:00:00Z,2024-08-13,27,32.86,APXMIDP
2024-08-13T12:30:00Z,2024-08-13,28,29.93,APXMIDP
2024-08-13T13:00:00Z,2024-08-13,29,36.31,APXMIDP
2024-08-13T13:30:00Z,2024-08-13,30,38.5,APXMIDP
2024-08-13T14:00:00Z,2024-08-13,31,51.12,APXMIDP
2024-08-13T14:30:00Z,2024-08-13,32,60.31,APXMIDP
2024-08-13T15:00:00Z,2024-08-13,33,65.03,APXMIDP
2024-08-13T15:30:00Z,2024-08-13,34,58.94,APXMIDP
2024-08-13T16:00:00Z,2024-08-13,35,76.33,APXMIDP
2024-08-13T16:30:00Z,2024-08-13,36,78.95,APXMIDP
2024-08-13T17:00:00Z,2024-08-13,37,80.39,APXMIDP
2024-08-13T17:30:00Z,2024-08-13,38,82.85,APXMIDP
2024-08-13T18:00:00Z,2024-08-13,39,88.55,APXMIDP
2024-08-13T18:30:00Z,2024-08-13,40,89.61,APXMIDP
2024-08-13T19:00:00Z,2024-08-13,41,88.76,APXMIDP
2024-08-13T19:30:00Z,2024-08-13,42,85.72,APXMIDP
2024-08-13T20:00:00Z,2024-08-13,43,82.58,APXMIDP
2024-08-13T20:30:00Z,2024-08-13,44,81.07,APXMIDP
2024-08-13T21:00:00Z,2024-08-13,45,75.69,APXMIDP
2024-08-13T21:30:00Z,2024-08-13,46,75.2,APXMIDP
2024-08-13T22:00:00Z,2024-08-13,47,67.21,APXMIDP
2024-08-13T22:30:00Z,2024-08-13,48,67.85,APXMIDP
2024-08-13T23:00:00Z,2024-08-14,1,63.99,APXMIDP
2024-08-13T23:30:00Z,2024-08-14,2,67.23,APXMIDP
2024-08-14T00:00:00Z,2024-08-14,3,65.07,APXMIDP
2024-08-14T00:30:00Z,2024-08-14,4,73.45,APXMIDP
2024-08-14T01:00:00Z,2024-08-14,5,69.39,APXMIDP
2024-08-14T01:30:00Z,2024-08-14,6,68.1,APXMIDP
2024-08-14T02:00:00Z,2024-08-14,7,68.58,APXMIDP
2024-08-14T02:30:00Z,2024-08-14,8,65.36,APXMIDP
2024-08-14T03:00:00Z,2024-08-14,9,64.22,APXMIDP
2024-08-14T03:30:00Z,2024-08-14,10,63.79,APXMIDP
2024-08-14T04:00:00Z,2024-08-14,11,59.67,APXMIDP
2024-08-14T04:30:00Z,2024-08-14,12,59.75,APXMIDP
2024-08-14T05:00:00Z,2024-08-14,13,60.14,APXMIDP
2024-08-14T05:30:00Z,2024-08-14,14,61.56,APXMIDP
2024-08-14T06:00:00Z,2024-08-14,15,74.81,APXMIDP
2024-08-14T06:30:00Z,2024-08-14,16,86.59,APXMIDP
2024-08-14T07:00:00Z,2024-08-14,17,82.03,APXMIDP
2024-08-14T07:30:00Z,2024-08-14,18,88.15,APXMIDP
2024-08-14T08:00:00Z,2024-08-14,19,81.2,APXMIDP
2024-08-14T08:30:00Z,2024-08-14,20,73.31,APXMIDP
2024-08-14T09:00:00Z,2024-08-14,21,70.12,APXMIDP
2024-08-14T09:30:00Z,2024-08-14,22,73.85,APXMIDP
2024-08-14T10:00:00Z,2024-08-14,23,68.01,APXMIDP
2024-08-14T10:30:00Z,2024-08-14,24,66.22,APXMIDP
2024-08-14T11:00:00Z,2024-08-14,25,70.11,APXMIDP
2024-08-14T11:30:00Z,2024-08-14,26,69.33,APXMIDP
2024-08-14T12:00:00Z,2024-08-14,27,71.43,APXMIDP
2024-08-14T12:30:00Z,2024-08-14,28,69.59,APXMIDP
2024-08-14T13:00:00Z,2024-08-14,29,71.11,APXMIDP
2024-08-14T13:30:00Z,2024-08-14,30,77.25,APXMIDP
2024-08-14T14:00:00Z,2024-08-14,31,80.08,APXMIDP
2024-08-14T14:30:00Z,2024-08-14,32,77.05,APXMIDP
2024-08-14T15:00:00Z,2024-08-14,33,81.33,APXMIDP
2024-08-14T15:30:00Z,2024-08-14,34,75.08,APXMIDP
2024-08-14T16:00:00Z,2024-08-14,35,86.44,APXMIDP
2024-08-14T16:30:00Z,2024-08-14,36,88.1,APXMIDP
2024-08-14T17:00:00Z,2024-08-14,37,89.99,APXMIDP
2024-08-14T17:30:00Z,2024-08-14,38,91.06,APXMIDP
2024-08-14T18:00:00Z,2024-08-14,39,86.14,APXMIDP
2024-08-14T18:30:00Z,2024-08-14,40,85.21,APXMIDP
2024-08-14T19:00:00Z,2024-08-14,41,83.79,APXMIDP
2024-08-14T19:30:00Z,2024-08-14,42,79.84,APXMIDP
2024-08-14T20:00:00Z,2024-08-14,43,86.27,APXMIDP
2024-08-14T20:30:00Z,2024-08-14,44,72.08,APXMIDP
2024-08-14T21:00:00Z,2024-08-14,45,71.67,APXMIDP
2024-08-14T21:30:00Z,2024-08-14,46,71.87,APXMIDP
2024-08-14T22:00:00Z,2024-08-14,47,64.78,APXMIDP
2024-08-14T22:30:00Z,2024-08-14,48,66.66,APXMIDP
2024-08-14T23:00:00Z,2024-08-15,1,61.73,APXMIDP
2024-08-14T23:30:00Z,2024-08-15,2,50.37,APXMIDP
2024-08-15T00:00:00Z,2024-08-15,3,53.67,APXMIDP
2024-08-15T00:30:00Z,2024-08-15,4,44.81,APXMIDP
2024-08-15T01:00:00Z,2024-08-15,5,57.49,APXMIDP
2024-08-15T01:30:00Z,2024-08-15,6,49.35,APXMIDP
2024-08-15T02:00:00Z,2024-08-15,7,45.38,APXMIDP
2024-08-15T02:30:00Z,2024-08-15,8,37.35,APXMIDP
2024-08-15T03:00:00Z,2024-08-15,9,51.13,APXMIDP
2024-08-15T03:30:00Z,2024-08-15,10,55.56,APXMIDP
2024-08-15T04:00:00Z,2024-08-15,11,53.87,APXMIDP
2024-08-15T04:30:00Z,2024-08-15,12,61.83,APXMIDP
2024-08-15T05:00:00Z,2024-08-15,13,45.33,APXMIDP
2024-08-15T05:30:00Z,2024-08-15,14,69.77,APXMIDP
2024-08-15T06:00:00Z,2024-08-15,15,41.57,APXMIDP
2024-08-15T06:30:00Z,2024-08-15,16,56.37,APXMIDP
2024-08-15T07:00:00Z,2024-08-15,17,44.51,APXMIDP
2024-08-15T07:30:00Z,2024-08-15,18,39.33,APXMIDP
2024-08-15T08:00:00Z,2024-08-15,19,33.03,APXMIDP
2024-08-15T08:30:00Z,2024-08-15,20,25.35,APXMIDP
2024-08-15T09:00:00Z,2024-08-15,21,18.86,APXMIDP
2024-08-15T09:30:00Z,2024-08-15,22,12.46,APXMIDP
2024-08-15T10:00:00Z,2024-08-15,23,3.0,APXMIDP
2024-08-15T10:30:00Z,2024-08-15,24,-0.59,APXMIDP
2024-08-15T11:00:00Z,2024-08-15,25,-3.18,APXMIDP
2024-08-15T11:30:00Z,2024-08-15,26,-4.25,APXMIDP
2024-08-15T12:00:00Z,2024-08-15,27,-5.95,APXMIDP
2024-08-15T12:30:00Z,2024-08-15,28,0.7,APXMIDP
2024-08-15T13:00:00Z,2024-08-15,29,-0.93,APXMIDP
2024-08-15T13:30:00Z,2024-08-15,30,-4.62,APXMIDP
2024-08-15T14:00:00Z,2024-08-15,31,-2.27,APXMIDP
2024-08-15T14:30:00Z,2024-08-15,32,-0.84,APXMIDP
2024-08-15T15:00:00Z,2024-08-15,33,1.31,APXMIDP
2024-08-15T15:30:00Z,2024-08-15,34,44.14,APXMIDP
2024-08-15T16:00:00Z,2024-08-15,35,68.49,APXMIDP
2024-08-15T16:30:00Z,2024-08-15,36,67.21,APXMIDP
2024-08-15T17:00:00Z,2024-08-15,37,73.17,APXMIDP
2024-08-15T17:30:00Z,2024-08-15,38,70.05,APXMIDP
2024-08-15T18:00:00Z,2024-08-15,39,81.19,APXMIDP
2024-08-15T18:30:00Z,2024-08-15,40,85.23,APXMIDP
2024-08-15T19:00:00Z,2024-08-15,41,82.35,APXMIDP
2024-08-15T19:30:00Z,2024-08-15,42,83.3,APXMIDP
2024-08-15T20:00:00Z,2024-08-15,43,83.29,APXMIDP
2024-08-15T20:30:00Z,2024-08-15,44,79.84,APXMIDP
2024-08-15T21:00:00Z,2024-08-15,45,77.02,APXMIDP
2024-08-15T21:30:00Z,2024-08-15,46,75.62,APXMIDP
2024-08-15T22:00:00Z,2024-08-15,47,78.64,APXMIDP
2024-08-15T22:30:00Z,2024-08-15,48,76.67,APXMIDP
2024-08-15T23:00:00Z,2024-08-16,1,74.85,APXMIDP
2024-08-15T23:30:00Z,2024-08-16,2,69.06,APXMIDP
2024-08-16T00:00:00Z,2024-08-16,3,67.42,APXMIDP
2024-08-16T00:30:00Z,2024-08-16,4,58.13,APXMIDP
2024-08-16T01:00:00Z,2024-08-16,5,57.45,APXMIDP
2024-08-16T01:30:00Z,2024-08-16,6,56.7,APXMIDP
2024-08-16T02:00:00Z,2024-08-16,7,67.05,APXMIDP
2024-08-16T02:30:00Z,2024-08-16,8,69.94,APXMIDP
2024-08-16T03:00:00Z,2024-08-16,9,71.48,APXMIDP
2024-08-16T03:30:00Z,2024-08-16,10,69.1,APXMIDP
2024-08-16T04:00:00Z,2024-08-16,11,63.67,APXMIDP
2024-08-16T04:30:00Z,2024-08-16,12,62.39,APXMIDP
2024-08-16T05:00:00Z,2024-08-16,13,65.75,APXMIDP
2024-08-16T05:30:00Z,2024-08-16,14,74.24,APXMIDP
2024-08-16T06:00:00Z,2024-08-16,15,82.89,APXMIDP
2024-08-16T06:30:00Z,2024-08-16,16,93.49,APXMIDP
2024-08-16T07:00:00Z,2024-08-16,17,89.13,APXMIDP
2024-08-16T07:30:00Z,2024-08-16,18,88.51,APXMIDP
2024-08-16T08:00:00Z,2024-08-16,19,85.81,APXMIDP
2024-08-16T08:30:00Z,2024-08-16,20,86.45,APXMIDP
2024-08-16T09:00:00Z,2024-08-16,21,85.83,APXMIDP
2024-08-16T09:30:00Z,2024-08-16,22,77.01,APXMIDP
2024-08-16T10:00:00Z,2024-08-16,23,50.22,APXMIDP
2024-08-16T10:30:00Z,2024-08-16,24,47.9,APXMIDP
2024-08-16T11:00:00Z,2024-08-16,25,57.38,APXMIDP
2024-08-16T11:30:00Z,2024-08-16,26,54.36,APXMIDP
2024-08-16T12:00:00Z,2024-08-16,27,62.83,APXMIDP
2024-08-16T12:30:00Z,2024-08-16,28,58.86,APXMIDP
2024-08-16T13:00:00Z,2024-08-16,29,50.01,APXMIDP
2024-08-16T13:30:00Z,2024-08-16,30,49.84,APXMIDP
2024-08-16T14:00:00Z,2024-08-16,31,56.07,APXMIDP
2024-08-16T14:30:00Z,2024-08-16,32,47.46,APXMIDP
2024-08-16T15:00:00Z,2024-08-16,33,44.93,APXMIDP
2024-08-16T15:30:00Z,2024-08-16,34,53.24,APXMIDP
2024-08-16T16:00:00Z,2024-08-16,35,73.1,APXMIDP
2024-08-16T16:30:00Z,2024-08-16,36,71.95,APXMIDP
2024-08-16T17:00:00Z,2024-08-16,37,75.55,APXMIDP
2024-08-16T17:30:00Z,2024-08-16,38,72.19,APXMIDP
2024-08-16T18:00:00Z,2024-08-16,39,88.13,APXMIDP
2024-08-16T18:30:00Z,2024-08-16,40,90.92,APXMIDP
2024-08-16T19:00:00Z,2024-08-16,41,90.66,APXMIDP
2024-08-16T19:30:00Z,2024-08-16,42,87.53,APXMIDP
2024-08-16T20:00:00Z,2024-08-16,43,97.24,APXMIDP
2024-08-16T20:30:00Z,2024-08-16,44,90.72,APXMIDP
2024-08-16T21:00:00Z,2024-08-16,45,87.94,APXMIDP
2024-08-16T21:30:00Z,2024-08-16,46,84.8,APXMIDP
2024-08-16T22:00:00Z,2024-08-16,47,72.85,APXMIDP
2024-08-16T22:30:00Z,2024-08-16,48,81.79,APXMIDP
2024-08-16T23:00:00Z,2024-08-17,1,69.96,APXMIDP
2024-08-16T23:30:00Z,2024-08-17,2,74.65,APXMIDP
2024-08-17T00:00:00Z,2024-08-17,3,78.42,APXMIDP
2024-08-17T00:30:00Z,2024-08-17,4,77.67,APXMIDP
2024-08-17T01:00:00Z,2024-08-17,5,65.83,APXMIDP
2024-08-17T01:30:00Z,2024-08-17,6,61.84,APXMIDP
2024-08-17T02:00:00Z,2024-08-17,7,59.73,APXMIDP
2024-08-17T02:30:00Z,2024-08-17,8,71.2,APXMIDP
2024-08-17T03:00:00Z,2024-08-17,9,69.8,APXMIDP
2024-08-17T03:30:00Z,2024-08-17,10,73.97,APXMIDP
2024-08-17T04:00:00Z,2024-08-17,11,76.33,APXMIDP
2024-08-17T04:30:00Z,2024-08-17,12,75.99,APXMIDP
2024-08-17T05:00:00Z,2024-08-17,13,73.89,APXMIDP
2024-08-17T05:30:00Z,2024-08-17,14,76.12,APXMIDP
2024-08-17T06:00:00Z,2024-08-17,15,74.93,APXMIDP
2024-08-17T06:30:00Z,2024-08-17,16,81.25,APXMIDP
2024-08-17T07:00:00Z,2024-08-17,17,74.55,APXMIDP
2024-08-17T07:30:00Z,2024-08-17,18,70.15,APXMIDP
2024-08-17T08:00:00Z,2024-08-17,19,66.53,APXMIDP
2024-08-17T08:30:00Z,2024-08-17,20,62.96,APXMIDP
2024-08-17T09:00:00Z,2024-08-17,21,60.23,APXMIDP
2024-08-17T09:30:00Z,2024-08-17,22,48.67,APXMIDP
2024-08-17T10:00:00Z,2024-08-17,23,39.12,APXMIDP
2024-08-17T10:30:00Z,2024-08-17,24,49.12,APXMIDP
2024-08-17T11:00:00Z,2024-08-17,25,48.95,APXMIDP
2024-08-17T11:30:00Z,2024-08-17,26,53.31,APXMIDP
2024-08-17T12:00:00Z,2024-08-17,27,42.33,APXMIDP
2024-08-17T12:30:00Z,2024-08-17,28,40.11,APXMIDP
2024-08-17T13:00:00Z,2024-08-17,29,48.76,APXMIDP
2024-08-17T13:30:00Z,2024-08-17,30,48.98,APXMIDP
2024-08-17T14:00:00Z,2024-08-17,31,62.73,APXMIDP
2024-08-17T14:30:00Z,2024-08-17,32,62.36,APXMIDP
2024-08-17T15:00:00Z,2024-08-17,33,76.34,APXMIDP
2024-08-17T15:30:00Z,2024-08-17,34,83.09,APXMIDP
2024-08-17T16:00:00Z,2024-08-17,35,91.2,APXMIDP
2024-08-17T16:30:00Z,2024-08-17,36,85.93,APXMIDP
2024-08-17T17:00:00Z,2024-08-17,37,88.58,APXMIDP
2024-08-17T17:30:00Z,2024-08-17,38,86.72,APXMIDP
2024-08-17T18:00:00Z,2024-08-17,39,93.93,APXMIDP
2024-08-17T18:30:00Z,2024-08-17,40,92.03,APXMIDP
2024-08-17T19:00:00Z,2024-08-17,41,97.74,APXMIDP
2024-08-17T19:30:00Z,2024-08-17,42,96.39,APXMIDP
2024-08-17T20:00:00Z,2024-08-17,43,93.78,APXMIDP
2024-08-17T20:30:00Z,2024-08-17,44,84.86,APXMIDP
2024-08-17T21:00:00Z,2024-08-17,45,88.49,APXMIDP
2024-08-17T21:30:00Z,2024-08-17,46,80.53,APXMIDP
2024-08-17T22:00:00Z,2024-08-17,47,56.98,APXMIDP
2024-08-17T22:30:00Z,2024-08-17,48,71.13,APXMIDP
2024-08-17T23:00:00Z,2024-08-18,1,68.23,APXMIDP
2024-08-17T23:30:00Z,2024-08-18,2,56.05,APXMIDP
2024-08-18T00:00:00Z,2024-08-18,3,42.64,APXMIDP
2024-08-18T00:30:00Z,2024-08-18,4,35.47,APXMIDP
2024-08-18T01:00:00Z,2024-08-18,5,40.55,APXMIDP
2024-08-18T01:30:00Z,2024-08-18,6,39.26,APXMIDP
2024-08-18T02:00:00Z,2024-08-18,7,37.32,APXMIDP
2024-08-18T02:30:00Z,2024-08-18,8,35.15,APXMIDP
2024-08-18T03:00:00Z,2024-08-18,9,43.59,APXMIDP
2024-08-18T03:30:00Z,2024-08-18,10,52.29,APXMIDP
2024-08-18T04:00:00Z,2024-08-18,11,47.97,APXMIDP
2024-08-18T04:30:00Z,2024-08-18,12,47.29,APXMIDP
2024-08-18T05:00:00Z,2024-08-18,13,53.32,APXMIDP
2024-08-18T05:30:00Z,2024-08-18,14,59.17,APXMIDP
2024-08-18T06:00:00Z,2024-08-18,15,68.44,APXMIDP
2024-08-18T06:30:00Z,2024-08-18,16,72.72,APXMIDP
2024-08-18T07:00:00Z,2024-08-18,17,72.05,APXMIDP
2024-08-18T07:30:00Z,2024-08-18,18,73.06,APXMIDP
2024-08-18T08:00:00Z,2024-08-18,19,72.08,APXMIDP
2024-08-18T08:30:00Z,2024-08-18,20,67.87,APXMIDP
2024-08-18T09:00:00Z,2024-08-18,21,62.43,APXMIDP
2024-08-18T09:30:00Z,2024-08-18,22,54.12,APXMIDP
2024-08-18T10:00:00Z,2024-08-18,23,36.96,APXMIDP
2024-08-18T10:30:00Z,2024-08-18,24,32.23,APXMIDP
2024-08-18T11:00:00Z,2024-08-18,25,25.9,APXMIDP
2024-08-18T11:30:00Z,2024-08-18,26,19.1,APXMIDP
2024-08-18T12:00:00Z,2024-08-18,27,16.23,APXMIDP
2024-08-18T12:30:00Z,2024-08-18,28,11.51,APXMIDP
2024-08-18T13:00:00Z,2024-08-18,29,21.66,APXMIDP
2024-08-18T13:30:00Z,2024-08-18,30,17.16,APXMIDP
2024-08-18T14:00:00Z,2024-08-18,31,16.25,APXMIDP
2024-08-18T14:30:00Z,2024-08-18,32,42.21,APXMIDP
2024-08-18T15:00:00Z,2024-08-18,33,49.07,APXMIDP
2024-08-18T15:30:00Z,2024-08-18,34,69.44,APXMIDP
2024-08-18T16:00:00Z,2024-08-18,35,88.18,APXMIDP
2024-08-18T16:30:00Z,2024-08-18,36,88.86,APXMIDP
2024-08-18T17:00:00Z,2024-08-18,37,89.52,APXMIDP
2024-08-18T17:30:00Z,2024-08-18,38,88.75,APXMIDP
2024-08-18T18:00:00Z,2024-08-18,39,95.95,APXMIDP
2024-08-18T18:30:00Z,2024-08-18,40,98.19,APXMIDP
2024-08-18T19:00:00Z,2024-08-18,41,97.25,APXMIDP
2024-08-18T19:30:00Z,2024-08-18,42,97.18,APXMIDP
2024-08-18T20:00:00Z,2024-08-18,43,85.69,APXMIDP
2024-08-18T20:30:00Z,2024-08-18,44,81.66,APXMIDP
2024-08-18T21:00:00Z,2024-08-18,45,75.77,APXMIDP
2024-08-18T21:30:00Z,2024-08-18,46,81.67,APXMIDP
2024-08-18T22:00:00Z,2024-08-18,47,70.67,APXMIDP
2024-08-18T22:30:00Z,2024-08-18,48,79.52,APXMIDP
2024-08-18T23:00:00Z,2024-08-19,1,74.42,APXMIDP
2024-08-18T23:30:00Z,2024-08-19,2,72.33,APXMIDP
2024-08-19T00:00:00Z,2024-08-19,3,75.0,APXMIDP
2024-08-19T00:30:00Z,2024-08-19,4,77.41,APXMIDP
2024-08-19T01:00:00Z,2024-08-19,5,75.98,APXMIDP
2024-08-19T01:30:00Z,2024-08-19,6,75.07,APXMIDP
2024-08-19T02:00:00Z,2024-08-19,7,76.91,APXMIDP
2024-08-19T02:30:00Z,2024-08-19,8,75.17,APXMIDP
2024-08-19T03:00:00Z,2024-08-19,9,77.69,APXMIDP
2024-08-19T03:30:00Z,2024-08-19,10,72.04,APXMIDP
2024-08-19T04:00:00Z,2024-08-19,11,91.07,APXMIDP
2024-08-19T04:30:00Z,2024-08-19,12,89.69,APXMIDP
2024-08-19T05:00:00Z,2024-08-19,13,95.57,APXMIDP
2024-08-19T05:30:00Z,2024-08-19,14,98.03,APXMIDP
2024-08-19T06:00:00Z,2024-08-19,15,97.88,APXMIDP
2024-08-19T06:30:00Z,2024-08-19,16,104.6,APXMIDP
2024-08-19T07:00:00Z,2024-08-19,17,93.83,APXMIDP
2024-08-19T07:30:00Z,2024-08-19,18,93.39,APXMIDP
2024-08-19T08:00:00Z,2024-08-19,19,83.44,APXMIDP
2024-08-19T08:30:00Z,2024-08-19,20,85.69,APXMIDP
2024-08-19T09:00:00Z,2024-08-19,21,89.19,APXMIDP
2024-08-19T09:30:00Z,2024-08-19,22,88.23,APXMIDP
2024-08-19T10:00:00Z,2024-08-19,23,77.83,APXMIDP
2024-08-19T10:30:00Z,2024-08-19,24,74.27,APXMIDP
2024-08-19T11:00:00Z,2024-08-19,25,72.26,APXMIDP
2024-08-19T11:30:00Z,2024-08-19,26,64.01,APXMIDP
2024-08-19T12:00:00Z,2024-08-19,27,70.55,APXMIDP
2024-08-19T12:30:00Z,2024-08-19,28,67.33,APXMIDP
2024-08-19T13:00:00Z,2024-08-19,29,66.66,APXMIDP
2024-08-19T13:30:00Z,2024-08-19,30,65.33,APXMIDP
2024-08-19T14:00:00Z,2024-08-19,31,67.82,APXMIDP
2024-08-19T14:30:00Z,2024-08-19,32,63.1,APXMIDP
2024-08-19T15:00:00Z,2024-08-19,33,72.26,APXMIDP
2024-08-19T15:30:00Z,2024-08-19,34,64.3,APXMIDP
2024-08-19T16:00:00Z,2024-08-19,35,81.81,APXMIDP
2024-08-19T16:30:00Z,2024-08-19,36,81.71,APXMIDP
2024-08-19T17:00:00Z,2024-08-19,37,97.48,APXMIDP
2024-08-19T17:30:00Z,2024-08-19,38,93.81,APXMIDP
2024-08-19T18:00:00Z,2024-08-19,39,106.13,APXMIDP
2024-08-19T18:30:00Z,2024-08-19,40,100.12,APXMIDP
2024-08-19T19:00:00Z,2024-08-19,41,94.71,APXMIDP
2024-08-19T19:30:00Z,2024-08-19,42,91.34,APXMIDP
2024-08-19T20:00:00Z,2024-08-19,43,86.49,APXMIDP
2024-08-19T20:30:00Z,2024-08-19,44,81.76,APXMIDP
2024-08-19T21:00:00Z,2024-08-19,45,73.28,APXMIDP
2024-08-19T21:30:00Z,2024-08-19,46,69.17,APXMIDP
2024-08-19T22:00:00Z,2024-08-19,47,58.29,APXMIDP
2024-08-19T22:30:00Z,2024-08-19,48,67.88,APXMIDP
2024-08-19T23:00:00Z,2024-08-20,1,67.7,APXMIDP
2024-08-19T23:30:00Z,2024-08-20,2,72.49,APXMIDP
2024-08-20T00:00:00Z,2024-08-20,3,65.13,APXMIDP
2024-08-20T00:30:00Z,2024-08-20,4,58.33,APXMIDP
2024-08-20T01:00:00Z,2024-08-20,5,34.79,APXMIDP
2024-08-20T01:30:00Z,2024-08-20,6,22.28,APXMIDP
2024-08-20T02:00:00Z,2024-08-20,7,13.95,APXMIDP
2024-08-20T02:30:00Z,2024-08-20,8,9.08,APXMIDP
2024-08-20T03:00:00Z,2024-08-20,9,19.78,APXMIDP
2024-08-20T03:30:00Z,2024-08-20,10,25.1,APXMIDP
2024-08-20T04:00:00Z,2024-08-20,11,25.97,APXMIDP
2024-08-20T04:30:00Z,2024-08-20,12,46.84,APXMIDP
2024-08-20T05:00:00Z,2024-08-20,13,53.06,APXMIDP
2024-08-20T05:30:00Z,2024-08-20,14,67.58,APXMIDP
2024-08-20T06:00:00Z,2024-08-20,15,68.96,APXMIDP
2024-08-20T06:30:00Z,2024-08-20,16,86.98,APXMIDP
2024-08-20T07:00:00Z,2024-08-20,17,78.58,APXMIDP
2024-08-20T07:30:00Z,2024-08-20,18,85.32,APXMIDP
2024-08-20T08:00:00Z,2024-08-20,19,69.87,APXMIDP
2024-08-20T08:30:00Z,2024-08-20,20,53.68,APXMIDP
2024-08-20T09:00:00Z,2024-08-20,21,53.12,APXMIDP
2024-08-20T09:30:00Z,2024-08-20,22,41.71,APXMIDP
2024-08-20T10:00:00Z,2024-08-20,23,35.52,APXMIDP
2024-08-20T10:30:00Z,2024-08-20,24,28.36,APXMIDP
2024-08-20T11:00:00Z,2024-08-20,25,20.47,APXMIDP
2024-08-20T11:30:00Z,2024-08-20,26,14.69,APXMIDP
2024-08-20T12:00:00Z,2024-08-20,27,18.32,APXMIDP
2024-08-20T12:30:00Z,2024-08-20,28,11.42,APXMIDP
2024-08-20T13:00:00Z,2024-08-20,29,12.99,APXMIDP
2024-08-20T13:30:00Z,2024-08-20,30,12.56,APXMIDP
2024-08-20T14:00:00Z,2024-08-20,31,22.62,APXMIDP
2024-08-20T14:30:00Z,2024-08-20,32,55.56,APXMIDP
2024-08-20T15:00:00Z,2024-08-20,33,54.66,APXMIDP
2024-08-20T15:30:00Z,2024-08-20,34,72.83,APXMIDP
2024-08-20T16:00:00Z,2024-08-20,35,81.46,APXMIDP
2024-08-20T16:30:00Z,2024-08-20,36,88.33,APXMIDP
2024-08-20T17:00:00Z,2024-08-20,37,92.16,APXMIDP
2024-08-20T17:30:00Z,2024-08-20,38,93.55,APXMIDP
2024-08-20T18:00:00Z,2024-08-20,39,97.64,APXMIDP
2024-08-20T18:30:00Z,2024-08-20,40,97.84,APXMIDP
2024-08-20T19:00:00Z,2024-08-20,41,97.57,APXMIDP
2024-08-20T19:30:00Z,2024-08-20,42,94.93,APXMIDP
2024-08-20T20:00:00Z,2024-08-20,43,93.06,APXMIDP
2024-08-20T20:30:00Z,2024-08-20,44,75.49,APXMIDP
2024-08-20T21:00:00Z,2024-08-20,45,64.44,APXMIDP
2024-08-20T21:30:00Z,2024-08-20,46,38.41,APXMIDP
2024-08-20T22:00:00Z,2024-08-20,47,24.03,APXMIDP
2024-08-20T22:30:00Z,2024-08-20,48,4.64,APXMIDP
2024-08-20T23:00:00Z,2024-08-21,1,6.94,APXMIDP
2024-08-20T23:30:00Z,2024-08-21,2,4.78,APXMIDP
2024-08-21T00:00:00Z,2024-08-21,3,6.05,APXMIDP
2024-08-21T00:30:00Z,2024-08-21,4,3.51,APXMIDP
2024-08-21T01:00:00Z,2024-08-21,5,-5.26,APXMIDP
2024-08-21T01:30:00Z,2024-08-21,6,-6.29,APXMIDP
2024-08-21T02:00:00Z,2024-08-21,7,-6.03,APXMIDP
2024-08-21T02:30:00Z,2024-08-21,8,-4.89,APXMIDP
2024-08-21T03:00:00Z,2024-08-21,9,-5.25,APXMIDP
2024-08-21T03:30:00Z,2024-08-21,10,14.71,APXMIDP
2024-08-21T04:00:00Z,2024-08-21,11,24.04,APXMIDP
2024-08-21T04:30:00Z,2024-08-21,12,49.71,APXMIDP
2024-08-21T05:00:00Z,2024-08-21,13,49.94,APXMIDP
2024-08-21T05:30:00Z,2024-08-21,14,74.88,APXMIDP
2024-08-21T06:00:00Z,2024-08-21,15,63.94,APXMIDP
2024-08-21T06:30:00Z,2024-08-21,16,83.94,APXMIDP
2024-08-21T07:00:00Z,2024-08-21,17,42.04,APXMIDP
2024-08-21T07:30:00Z,2024-08-21,18,38.45,APXMIDP
2024-08-21T08:00:00Z,2024-08-21,19,9.15,APXMIDP
2024-08-21T08:30:00Z,2024-08-21,20,6.19,APXMIDP
2024-08-21T09:00:00Z,2024-08-21,21,5.77,APXMIDP
2024-08-21T09:30:00Z,2024-08-21,22,1.24,APXMIDP
2024-08-21T10:00:00Z,2024-08-21,23,-6.88,APXMIDP
2024-08-21T10:30:00Z,2024-08-21,24,-10.59,APXMIDP
2024-08-21T11:00:00Z,2024-08-21,25,-11.17,APXMIDP
2024-08-21T11:30:00Z,2024-08-21,26,-16.87,APXMIDP
2024-08-21T12:00:00Z,2024-08-21,27,0.49,APXMIDP
2024-08-21T12:30:00Z,2024-08-21,28,-1.64,APXMIDP
2024-08-21T13:00:00Z,2024-08-21,29,2.45,APXMIDP
2024-08-21T13:30:00Z,2024-08-21,30,-0.93,APXMIDP
2024-08-21T14:00:00Z,2024-08-21,31,-6.42,APXMIDP
2024-08-21T14:30:00Z,2024-08-21,32,-0.78,APXMIDP
2024-08-21T15:00:00Z,2024-08-21,33,6.46,APXMIDP
2024-08-21T15:30:00Z,2024-08-21,34,8.24,APXMIDP
2024-08-21T16:00:00Z,2024-08-21,35,39.48,APXMIDP
2024-08-21T16:30:00Z,2024-08-21,36,40.89,APXMIDP
2024-08-21T17:00:00Z,2024-08-21,37,50.58,APXMIDP
2024-08-21T17:30:00Z,2024-08-21,38,43.55,APXMIDP
2024-08-21T18:00:00Z,2024-08-21,39,51.14,APXMIDP
2024-08-21T18:30:00Z,2024-08-21,40,43.66,APXMIDP
2024-08-21T19:00:00Z,2024-08-21,41,38.63,APXMIDP
2024-08-21T19:30:00Z,2024-08-21,42,40.07,APXMIDP
2024-08-21T20:00:00Z,2024-08-21,43,48.06,APXMIDP
2024-08-21T20:30:00Z,2024-08-21,44,28.47,APXMIDP
2024-08-21T21:00:00Z,2024-08-21,45,25.25,APXMIDP
2024-08-21T21:30:00Z,2024-08-21,46,11.73,APXMIDP
2024-08-21T22:00:00Z,2024-08-21,47,-1.95,APXMIDP
2024-08-21T22:30:00Z,2024-08-21,48,-10.14,APXMIDP
2024-08-21T23:00:00Z,2024-08-22,1,-8.33,APXMIDP
2024-08-21T23:30:00Z,2024-08-22,2,-11.16,APXMIDP
2024-08-22T00:00:00Z,2024-08-22,3,-16.64,APXMIDP
2024-08-22T00:30:00Z,2024-08-22,4,-16.53,APXMIDP
2024-08-22T01:00:00Z,2024-08-22,5,-14.66,APXMIDP
2024-08-22T01:30:00Z,2024-08-22,6,-18.45,APXMIDP
2024-08-22T02:00:00Z,2024-08-22,7,-18.44,APXMIDP
2024-08-22T02:30:00Z,2024-08-22,8,-19.09,APXMIDP
2024-08-22T03:00:00Z,2024-08-22,9,-17.08,APXMIDP
2024-08-22T03:30:00Z,2024-08-22,10,-17.4,APXMIDP
2024-08-22T04:00:00Z,2024-08-22,11,-11.87,APXMIDP
2024-08-22T04:30:00Z,2024-08-22,12,-9.54,APXMIDP
2024-08-22T05:00:00Z,2024-08-22,13,-13.12,APXMIDP
2024-08-22T05:30:00Z,2024-08-22,14,8.5,APXMIDP
2024-08-22T06:00:00Z,2024-08-22,15,-8.81,APXMIDP
2024-08-22T06:30:00Z,2024-08-22,16,0.7,APXMIDP
2024-08-22T07:00:00Z,2024-08-22,17,-7.18,APXMIDP
2024-08-22T07:30:00Z,2024-08-22,18,-0.21,APXMIDP
2024-08-22T08:00:00Z,2024-08-22,19,-10.25,APXMIDP
2024-08-22T08:30:00Z,2024-08-22,20,-4.84,APXMIDP
2024-08-22T09:00:00Z,2024-08-22,21,-6.43,APXMIDP
2024-08-22T09:30:00Z,2024-08-22,22,-4.07,APXMIDP
2024-08-22T10:00:00Z,2024-08-22,23,-8.03,APXMIDP
2024-08-22T10:30:00Z,2024-08-22,24,-8.63,APXMIDP
2024-08-22T11:00:00Z,2024-08-22,25,-10.18,APXMIDP
2024-08-22T11:30:00Z,2024-08-22,26,-9.6,APXMIDP
2024-08-22T12:00:00Z,2024-08-22,27,-6.74,APXMIDP
2024-08-22T12:30:00Z,2024-08-22,28,-9.59,APXMIDP
2024-08-22T13:00:00Z,2024-08-22,29,-4.55,APXMIDP
2024-08-22T13:30:00Z,2024-08-22,30,-2.34,APXMIDP
2024-08-22T14:00:00Z,2024-08-22,31,-3.94,APXMIDP
2024-08-22T14:30:00Z,2024-08-22,32,2.68,APXMIDP
2024-08-22T15:00:00Z,2024-08-22,33,1.01,APXMIDP
2024-08-22T15:30:00Z,2024-08-22,34,20.09,APXMIDP
2024-08-22T16:00:00Z,2024-08-22,35,57.48,APXMIDP
2024-08-22T16:30:00Z,2024-08-22,36,74.78,APXMIDP
2024-08-22T17:00:00Z,2024-08-22,37,93.96,APXMIDP
2024-08-22T17:30:00Z,2024-08-22,38,102.63,APXMIDP
2024-08-22T18:00:00Z,2024-08-22,39,109.34,APXMIDP
2024-08-22T18:30:00Z,2024-08-22,40,109.5,APXMIDP
2024-08-22T19:00:00Z,2024-08-22,41,99.14,APXMIDP
2024-08-22T19:30:00Z,2024-08-22,42,100.21,APXMIDP
2024-08-22T20:00:00Z,2024-08-22,43,90.61,APXMIDP
2024-08-22T20:30:00Z,2024-08-22,44,74.97,APXMIDP
2024-08-22T21:00:00Z,2024-08-22,45,67.76,APXMIDP
2024-08-22T21:30:00Z,2024-08-22,46,57.55,APXMIDP
2024-08-22T22:00:00Z,2024-08-22,47,37.81,APXMIDP
2024-08-22T22:30:00Z,2024-08-22,48,36.19,APXMIDP
2024-08-22T23:00:00Z,2024-08-23,1,35.15,APXMIDP
2024-08-22T23:30:00Z,2024-08-23,2,23.68,APXMIDP
2024-08-23T00:00:00Z,2024-08-23,3,22.4,APXMIDP
2024-08-23T00:30:00Z,2024-08-23,4,11.59,APXMIDP
2024-08-23T01:00:00Z,2024-08-23,5,21.12,APXMIDP
2024-08-23T01:30:00Z,2024-08-23,6,11.46,APXMIDP
2024-08-23T02:00:00Z,2024-08-23,7,-7.8,APXMIDP
2024-08-23T02:30:00Z,2024-08-23,8,-10.33,APXMIDP
2024-08-23T03:00:00Z,2024-08-23,9,-8.24,APXMIDP
2024-08-23T03:30:00Z,2024-08-23,10,-12.61,APXMIDP
2024-08-23T04:00:00Z,2024-08-23,11,-5.82,APXMIDP
2024-08-23T04:30:00Z,2024-08-23,12,-3.07,APXMIDP
2024-08-23T05:00:00Z,2024-08-23,13,0.57,APXMIDP
2024-08-23T05:30:00Z,2024-08-23,14,5.1,APXMIDP
2024-08-23T06:00:00Z,2024-08-23,15,-4.36,APXMIDP
2024-08-23T06:30:00Z,2024-08-23,16,-0.62,APXMIDP
2024-08-23T07:00:00Z,2024-08-23,17,-8.48,APXMIDP
2024-08-23T07:30:00Z,2024-08-23,18,-11.87,APXMIDP
2024-08-23T08:00:00Z,2024-08-23,19,-0.66,APXMIDP
2024-08-23T08:30:00Z,2024-08-23,20,-1.06,APXMIDP
2024-08-23T09:00:00Z,2024-08-23,21,-5.75,APXMIDP
2024-08-23T09:30:00Z,2024-08-23,22,-11.69,APXMIDP
2024-08-23T10:00:00Z,2024-08-23,23,0.58,APXMIDP
2024-08-23T10:30:00Z,2024-08-23,24,-1.89,APXMIDP
2024-08-23T11:00:00Z,2024-08-23,25,4.39,APXMIDP
2024-08-23T11:30:00Z,2024-08-23,26,1.81,APXMIDP
2024-08-23T12:00:00Z,2024-08-23,27,4.08,APXMIDP
2024-08-23T12:30:00Z,2024-08-23,28,6.7,APXMIDP
2024-08-23T13:00:00Z,2024-08-23,29,4.04,APXMIDP
2024-08-23T13:30:00Z,2024-08-23,30,3.38,APXMIDP
2024-08-23T14:00:00Z,2024-08-23,31,4.74,APXMIDP
2024-08-23T14:30:00Z,2024-08-23,32,-1.23,APXMIDP
2024-08-23T15:00:00Z,2024-08-23,33,4.57,APXMIDP
2024-08-23T15:30:00Z,2024-08-23,34,33.36,APXMIDP
2024-08-23T16:00:00Z,2024-08-23,35,46.65,APXMIDP
2024-08-23T16:30:00Z,2024-08-23,36,64.42,APXMIDP
2024-08-23T17:00:00Z,2024-08-23,37,81.59,APXMIDP
2024-08-23T17:30:00Z,2024-08-23,38,87.38,APXMIDP
2024-08-23T18:00:00Z,2024-08-23,39,97.01,APXMIDP
2024-08-23T18:30:00Z,2024-08-23,40,97.32,APXMIDP
2024-08-23T19:00:00Z,2024-08-23,41,93.22,APXMIDP
2024-08-23T19:30:00Z,2024-08-23,42,92.64,APXMIDP
2024-08-23T20:00:00Z,2024-08-23,43,95.73,APXMIDP
2024-08-23T20:30:00Z,2024-08-23,44,95.8,APXMIDP
2024-08-23T21:00:00Z,2024-08-23,45,95.94,APXMIDP
2024-08-23T21:30:00Z,2024-08-23,46,76.99,APXMIDP
2024-08-23T22:00:00Z,2024-08-23,47,82.02,APXMIDP
2024-08-23T22:30:00Z,2024-08-23,48,68.21,APXMIDP
2024-08-23T23:00:00Z,2024-08-24,1,58.17,APXMIDP
2024-08-23T23:30:00Z,2024-08-24,2,53.25,APXMIDP
2024-08-24T00:00:00Z,2024-08-24,3,51.46,APXMIDP
2024-08-24T00:30:00Z,2024-08-24,4,59.56,APXMIDP
2024-08-24T01:00:00Z,2024-08-24,5,57.42,APXMIDP
2024-08-24T01:30:00Z,2024-08-24,6,50.35,APXMIDP
2024-08-24T02:00:00Z,2024-08-24,7,42.77,APXMIDP
2024-08-24T02:30:00Z,2024-08-24,8,55.49,APXMIDP
2024-08-24T03:00:00Z,2024-08-24,9,57.16,APXMIDP
2024-08-24T03:30:00Z,2024-08-24,10,52.71,APXMIDP
2024-08-24T04:00:00Z,2024-08-24,11,44.25,APXMIDP
2024-08-24T04:30:00Z,2024-08-24,12,47.43,APXMIDP
2024-08-24T05:00:00Z,2024-08-24,13,51.28,APXMIDP
2024-08-24T05:30:00Z,2024-08-24,14,58.19,APXMIDP
2024-08-24T06:00:00Z,2024-08-24,15,43.17,APXMIDP
2024-08-24T06:30:00Z,2024-08-24,16,63.48,APXMIDP
2024-08-24T07:00:00Z,2024-08-24,17,43.15,APXMIDP
2024-08-24T07:30:00Z,2024-08-24,18,47.44,APXMIDP
2024-08-24T08:00:00Z,2024-08-24,19,60.26,APXMIDP
2024-08-24T08:30:00Z,2024-08-24,20,63.61,APXMIDP
2024-08-24T09:00:00Z,2024-08-24,21,62.23,APXMIDP
2024-08-24T09:30:00Z,2024-08-24,22,55.71,APXMIDP
2024-08-24T10:00:00Z,2024-08-24,23,57.56,APXMIDP
2024-08-24T10:30:00Z,2024-08-24,24,59.43,APXMIDP
2024-08-24T11:00:00Z,2024-08-24,25,60.67,APXMIDP
2024-08-24T11:30:00Z,2024-08-24,26,50.8,APXMIDP
2024-08-24T12:00:00Z,2024-08-24,27,25.71,APXMIDP
2024-08-24T12:30:00Z,2024-08-24,28,13.88,APXMIDP
2024-08-24T13:00:00Z,2024-08-24,29,6.73,APXMIDP
2024-08-24T13:30:00Z,2024-08-24,30,5.73,APXMIDP
2024-08-24T14:00:00Z,2024-08-24,31,1.06,APXMIDP
2024-08-24T14:30:00Z,2024-08-24,32,-1.74,APXMIDP
2024-08-24T15:00:00Z,2024-08-24,33,5.24,APXMIDP
2024-08-24T15:30:00Z,2024-08-24,34,8.43,APXMIDP
2024-08-24T16:00:00Z,2024-08-24,35,38.9,APXMIDP
2024-08-24T16:30:00Z,2024-08-24,36,36.38,APXMIDP
2024-08-24T17:00:00Z,2024-08-24,37,50.29,APXMIDP
2024-08-24T17:30:00Z,2024-08-24,38,58.89,APXMIDP
2024-08-24T18:00:00Z,2024-08-24,39,52.47,APXMIDP
2024-08-24T18:30:00Z,2024-08-24,40,50.78,APXMIDP
2024-08-24T19:00:00Z,2024-08-24,41,49.53,APXMIDP
2024-08-24T19:30:00Z,2024-08-24,42,42.92,APXMIDP
2024-08-24T20:00:00Z,2024-08-24,43,24.13,APXMIDP
2024-08-24T20:30:00Z,2024-08-24,44,16.27,APXMIDP
2024-08-24T21:00:00Z,2024-08-24,45,15.26,APXMIDP
2024-08-24T21:30:00Z,2024-08-24,46,2.5,APXMIDP
2024-08-24T22:00:00Z,2024-08-24,47,24.72,APXMIDP
2024-08-24T22:30:00Z,2024-08-24,48,6.21,APXMIDP
2024-08-24T23:00:00Z,2024-08-25,1,0.86,APXMIDP
2024-08-24T23:30:00Z,2024-08-25,2,4.03,APXMIDP
2024-08-25T00:00:00Z,2024-08-25,3,11.48,APXMIDP
2024-08-25T00:30:00Z,2024-08-25,4,9.45,APXMIDP
2024-08-25T01:00:00Z,2024-08-25,5,1.8,APXMIDP
2024-08-25T01:30:00Z,2024-08-25,6,-0.66,APXMIDP
2024-08-25T02:00:00Z,2024-08-25,7,2.19,APXMIDP
2024-08-25T02:30:00Z,2024-08-25,8,3.27,APXMIDP
2024-08-25T03:00:00Z,2024-08-25,9,13.64,APXMIDP
2024-08-25T03:30:00Z,2024-08-25,10,10.93,APXMIDP
2024-08-25T04:00:00Z,2024-08-25,11,8.03,APXMIDP
2024-08-25T04:30:00Z,2024-08-25,12,11.67,APXMIDP
2024-08-25T05:00:00Z,2024-08-25,13,3.68,APXMIDP
2024-08-25T05:30:00Z,2024-08-25,14,16.1,APXMIDP
2024-08-25T06:00:00Z,2024-08-25,15,15.5,APXMIDP
2024-08-25T06:30:00Z,2024-08-25,16,14.45,APXMIDP
2024-08-25T07:00:00Z,2024-08-25,17,-9.32,APXMIDP
2024-08-25T07:30:00Z,2024-08-25,18,-3.02,APXMIDP
2024-08-25T08:00:00Z,2024-08-25,19,-0.26,APXMIDP
2024-08-25T08:30:00Z,2024-08-25,20,-10.12,APXMIDP
2024-08-25T09:00:00Z,2024-08-25,21,-8.86,APXMIDP
2024-08-25T09:30:00Z,2024-08-25,22,-13.24,APXMIDP
2024-08-25T10:00:00Z,2024-08-25,23,-14.31,APXMIDP
2024-08-25T10:30:00Z,2024-08-25,24,-15.1,APXMIDP
2024-08-25T11:00:00Z,2024-08-25,25,-19.28,APXMIDP
2024-08-25T11:30:00Z,2024-08-25,26,-19.94,APXMIDP
2024-08-25T12:00:00Z,2024-08-25,27,-22.86,APXMIDP
2024-08-25T12:30:00Z,2024-08-25,28,-22.8,APXMIDP
2024-08-25T13:00:00Z,2024-08-25,29,-8.25,APXMIDP
2024-08-25T13:30:00Z,2024-08-25,30,-9.97,APXMIDP
2024-08-25T14:00:00Z,2024-08-25,31,-3.4,APXMIDP
2024-08-25T14:30:00Z,2024-08-25,32,-7.22,APXMIDP
2024-08-25T15:00:00Z,2024-08-25,33,-12.67,APXMIDP
2024-08-25T15:30:00Z,2024-08-25,34,-8.43,APXMIDP
2024-08-25T16:00:00Z,2024-08-25,35,4.11,APXMIDP
2024-08-25T16:30:00Z,2024-08-25,36,17.68,APXMIDP
2024-08-25T17:00:00Z,2024-08-25,37,41.86,APXMIDP
2024-08-25T17:30:00Z,2024-08-25,38,46.87,APXMIDP
2024-08-25T18:00:00Z,2024-08-25,39,66.94,APXMIDP
2024-08-25T18:30:00Z,2024-08-25,40,72.25,APXMIDP
2024-08-25T19:00:00Z,2024-08-25,41,79.46,APXMIDP
2024-08-25T19:30:00Z,2024-08-25,42,79.15,APXMIDP
2024-08-25T20:00:00Z,2024-08-25,43,80.34,APXMIDP
2024-08-25T20:30:00Z,2024-08-25,44,74.53,APXMIDP
2024-08-25T21:00:00Z,2024-08-25,45,78.84,APXMIDP
2024-08-25T21:30:00Z,2024-08-25,46,67.0,APXMIDP
2024-08-25T22:00:00Z,2024-08-25,47,51.11,APXMIDP
2024-08-25T22:30:00Z,2024-08-25,48,30.28,APXMIDP
2024-08-25T23:00:00Z,2024-08-26,1,33.83,APXMIDP
2024-08-25T23:30:00Z,2024-08-26,2,35.1,APXMIDP
2024-08-26T00:00:00Z,2024-08-26,3,36.52,APXMIDP
2024-08-26T00:30:00Z,2024-08-26,4,38.7,APXMIDP
2024-08-26T01:00:00Z,2024-08-26,5,24.88,APXMIDP
2024-08-26T01:30:00Z,2024-08-26,6,26.66,APXMIDP
2024-08-26T02:00:00Z,2024-08-26,7,31.57,APXMIDP
2024-08-26T02:30:00Z,2024-08-26,8,33.5,APXMIDP
2024-08-26T03:00:00Z,2024-08-26,9,36.99,APXMIDP
2024-08-26T03:30:00Z,2024-08-26,10,39.81,APXMIDP
2024-08-26T04:00:00Z,2024-08-26,11,34.11,APXMIDP
2024-08-26T04:30:00Z,2024-08-26,12,49.81,APXMIDP
2024-08-26T05:00:00Z,2024-08-26,13,43.78,APXMIDP
2024-08-26T05:30:00Z,2024-08-26,14,56.75,APXMIDP
2024-08-26T06:00:00Z,2024-08-26,15,70.19,APXMIDP
2024-08-26T06:30:00Z,2024-08-26,16,75.12,APXMIDP
2024-08-26T07:00:00Z,2024-08-26,17,63.22,APXMIDP
2024-08-26T07:30:00Z,2024-08-26,18,61.94,APXMIDP
2024-08-26T08:00:00Z,2024-08-26,19,54.0,APXMIDP
2024-08-26T08:30:00Z,2024-08-26,20,59.1,APXMIDP
2024-08-26T09:00:00Z,2024-08-26,21,30.34,APXMIDP
2024-08-26T09:30:00Z,2024-08-26,22,41.69,APXMIDP
2024-08-26T10:00:00Z,2024-08-26,23,48.47,APXMIDP
2024-08-26T10:30:00Z,2024-08-26,24,54.26,APXMIDP
2024-08-26T11:00:00Z,2024-08-26,25,39.24,APXMIDP
2024-08-26T11:30:00Z,2024-08-26,26,35.87,APXMIDP
2024-08-26T12:00:00Z,2024-08-26,27,33.22,APXMIDP
2024-08-26T12:30:00Z,2024-08-26,28,32.03,APXMIDP
2024-08-26T13:00:00Z,2024-08-26,29,43.82,APXMIDP
2024-08-26T13:30:00Z,2024-08-26,30,46.11,APXMIDP
2024-08-26T14:00:00Z,2024-08-26,31,55.5,APXMIDP
2024-08-26T14:30:00Z,2024-08-26,32,53.17,APXMIDP
2024-08-26T15:00:00Z,2024-08-26,33,68.92,APXMIDP
2024-08-26T15:30:00Z,2024-08-26,34,68.83,APXMIDP
2024-08-26T16:00:00Z,2024-08-26,35,92.68,APXMIDP
2024-08-26T16:30:00Z,2024-08-26,36,84.09,APXMIDP
2024-08-26T17:00:00Z,2024-08-26,37,102.83,APXMIDP
2024-08-26T17:30:00Z,2024-08-26,38,106.52,APXMIDP
2024-08-26T18:00:00Z,2024-08-26,39,110.71,APXMIDP
2024-08-26T18:30:00Z,2024-08-26,40,106.28,APXMIDP
2024-08-26T19:00:00Z,2024-08-26,41,105.66,APXMIDP
2024-08-26T19:30:00Z,2024-08-26,42,102.54,APXMIDP
2024-08-26T20:00:00Z,2024-08-26,43,100.65,APXMIDP
2024-08-26T20:30:00Z,2024-08-26,44,90.55,APXMIDP
2024-08-26T21:00:00Z,2024-08-26,45,89.15,APXMIDP
2024-08-26T21:30:00Z,2024-08-26,46,89.64,APXMIDP
2024-08-26T22:00:00Z,2024-08-26,47,77.51,APXMIDP
2024-08-26T22:30:00Z,2024-08-26,48,83.42,APXMIDP
2024-08-26T23:00:00Z,2024-08-27,1,85.29,APXMIDP
2024-08-26T23:30:00Z,2024-08-27,2,71.34,APXMIDP
2024-08-27T00:00:00Z,2024-08-27,3,55.46,APXMIDP
2024-08-27T00:30:00Z,2024-08-27,4,39.66,APXMIDP
2024-08-27T01:00:00Z,2024-08-27,5,38.74,APXMIDP
2024-08-27T01:30:00Z,2024-08-27,6,33.95,APXMIDP
2024-08-27T02:00:00Z,2024-08-27,7,36.63,APXMIDP
2024-08-27T02:30:00Z,2024-08-27,8,31.74,APXMIDP
2024-08-27T03:00:00Z,2024-08-27,9,31.44,APXMIDP
2024-08-27T03:30:00Z,2024-08-27,10,32.27,APXMIDP
2024-08-27T04:00:00Z,2024-08-27,11,30.88,APXMIDP
2024-08-27T04:30:00Z,2024-08-27,12,35.02,APXMIDP
2024-08-27T05:00:00Z,2024-08-27,13,37.81,APXMIDP
2024-08-27T05:30:00Z,2024-08-27,14,43.89,APXMIDP
2024-08-27T06:00:00Z,2024-08-27,15,46.91,APXMIDP
2024-08-27T06:30:00Z,2024-08-27,16,46.07,APXMIDP
2024-08-27T07:00:00Z,2024-08-27,17,43.78,APXMIDP
2024-08-27T07:30:00Z,2024-08-27,18,51.37,APXMIDP
2024-08-27T08:00:00Z,2024-08-27,19,48.9,APXMIDP
2024-08-27T08:30:00Z,2024-08-27,20,51.93,APXMIDP
2024-08-27T09:00:00Z,2024-08-27,21,26.85,APXMIDP
2024-08-27T09:30:00Z,2024-08-27,22,29.54,APXMIDP
2024-08-27T10:00:00Z,2024-08-27,23,-0.51,APXMIDP
2024-08-27T10:30:00Z,2024-08-27,24,0.44,APXMIDP
2024-08-27T11:00:00Z,2024-08-27,25,-0.04,APXMIDP
2024-08-27T11:30:00Z,2024-08-27,26,-1.81,APXMIDP
2024-08-27T12:00:00Z,2024-08-27,27,-6.51,APXMIDP
2024-08-27T12:30:00Z,2024-08-27,28,-7.2,APXMIDP
2024-08-27T13:00:00Z,2024-08-27,29,16.43,APXMIDP
2024-08-27T13:30:00Z,2024-08-27,30,33.73,APXMIDP
2024-08-27T14:00:00Z,2024-08-27,31,57.55,APXMIDP
2024-08-27T14:30:00Z,2024-08-27,32,54.61,APXMIDP
2024-08-27T15:00:00Z,2024-08-27,33,81.26,APXMIDP
2024-08-27T15:30:00Z,2024-08-27,34,83.16,APXMIDP
2024-08-27T16:00:00Z,2024-08-27,35,105.11,APXMIDP
2024-08-27T16:30:00Z,2024-08-27,36,104.15,APXMIDP
2024-08-27T17:00:00Z,2024-08-27,37,103.8,APXMIDP
2024-08-27T17:30:00Z,2024-08-27,38,110.21,APXMIDP
2024-08-27T18:00:00Z,2024-08-27,39,120.26,APXMIDP
2024-08-27T18:30:00Z,2024-08-27,40,121.1,APXMIDP
2024-08-27T19:00:00Z,2024-08-27,41,113.03,APXMIDP
2024-08-27T19:30:00Z,2024-08-27,42,111.79,APXMIDP
2024-08-27T20:00:00Z,2024-08-27,43,97.72,APXMIDP
2024-08-27T20:30:00Z,2024-08-27,44,90.18,APXMIDP
2024-08-27T21:00:00Z,2024-08-27,45,85.57,APXMIDP
2024-08-27T21:30:00Z,2024-08-27,46,85.32,APXMIDP
2024-08-27T22:00:00Z,2024-08-27,47,82.81,APXMIDP
2024-08-27T22:30:00Z,2024-08-27,48,89.01,APXMIDP
2024-08-27T23:00:00Z,2024-08-28,1,76.57,APXMIDP
2024-08-27T23:30:00Z,2024-08-28,2,74.72,APXMIDP
2024-08-28T00:00:00Z,2024-08-28,3,61.15,APXMIDP
2024-08-28T00:30:00Z,2024-08-28,4,54.57,APXMIDP
2024-08-28T01:00:00Z,2024-08-28,5,70.4,APXMIDP
2024-08-28T01:30:00Z,2024-08-28,6,72.37,APXMIDP
2024-08-28T02:00:00Z,2024-08-28,7,67.11,APXMIDP
2024-08-28T02:30:00Z,2024-08-28,8,71.88,APXMIDP
2024-08-28T03:00:00Z,2024-08-28,9,66.85,APXMIDP
2024-08-28T03:30:00Z,2024-08-28,10,67.12,APXMIDP
2024-08-28T04:00:00Z,2024-08-28,11,74.09,APXMIDP
2024-08-28T04:30:00Z,2024-08-28,12,86.67,APXMIDP
2024-08-28T05:00:00Z,2024-08-28,13,98.56,APXMIDP
2024-08-28T05:30:00Z,2024-08-28,14,104.23,APXMIDP
2024-08-28T06:00:00Z,2024-08-28,15,103.09,APXMIDP
2024-08-28T06:30:00Z,2024-08-28,16,113.2,APXMIDP
2024-08-28T07:00:00Z,2024-08-28,17,106.48,APXMIDP
2024-08-28T07:30:00Z,2024-08-28,18,109.93,APXMIDP
2024-08-28T08:00:00Z,2024-08-28,19,105.86,APXMIDP
2024-08-28T08:30:00Z,2024-08-28,20,107.05,APXMIDP
2024-08-28T09:00:00Z,2024-08-28,21,101.54,APXMIDP
2024-08-28T09:30:00Z,2024-08-28,22,97.81,APXMIDP
2024-08-28T10:00:00Z,2024-08-28,23,88.57,APXMIDP
2024-08-28T10:30:00Z,2024-08-28,24,85.84,APXMIDP
2024-08-28T11:00:00Z,2024-08-28,25,85.17,APXMIDP
2024-08-28T11:30:00Z,2024-08-28,26,77.2,APXMIDP
2024-08-28T12:00:00Z,2024-08-28,27,76.83,APXMIDP
2024-08-28T12:30:00Z,2024-08-28,28,70.95,APXMIDP
2024-08-28T13:00:00Z,2024-08-28,29,73.63,APXMIDP
2024-08-28T13:30:00Z,2024-08-28,30,75.28,APXMIDP
2024-08-28T14:00:00Z,2024-08-28,31,79.0,APXMIDP
2024-08-28T14:30:00Z,2024-08-28,32,74.47,APXMIDP
2024-08-28T15:00:00Z,2024-08-28,33,83.01,APXMIDP
2024-08-28T15:30:00Z,2024-08-28,34,71.89,APXMIDP
2024-08-28T16:00:00Z,2024-08-28,35,89.22,APXMIDP
2024-08-28T16:30:00Z,2024-08-28,36,92.43,APXMIDP
2024-08-28T17:00:00Z,2024-08-28,37,98.57,APXMIDP
2024-08-28T17:30:00Z,2024-08-28,38,99.67,APXMIDP
2024-08-28T18:00:00Z,2024-08-28,39,99.14,APXMIDP
2024-08-28T18:30:00Z,2024-08-28,40,101.49,APXMIDP
2024-08-28T19:00:00Z,2024-08-28,41,99.94,APXMIDP
2024-08-28T19:30:00Z,2024-08-28,42,101.69,APXMIDP
2024-08-28T20:00:00Z,2024-08-28,43,93.46,APXMIDP
2024-08-28T20:30:00Z,2024-08-28,44,89.1,APXMIDP
2024-08-28T21:00:00Z,2024-08-28,45,88.4,APXMIDP
2024-08-28T21:30:00Z,2024-08-28,46,89.42,APXMIDP
2024-08-28T22:00:00Z,2024-08-28,47,75.06,APXMIDP
2024-08-28T22:30:00Z,2024-08-28,48,85.26,APXMIDP
2024-08-28T23:00:00Z,2024-08-29,1,87.85,APXMIDP
2024-08-28T23:30:00Z,2024-08-29,2,89.03,APXMIDP
2024-08-29T00:00:00Z,2024-08-29,3,87.53,APXMIDP
2024-08-29T00:30:00Z,2024-08-29,4,85.14,APXMIDP
2024-08-29T01:00:00Z,2024-08-29,5,80.05,APXMIDP
2024-08-29T01:30:00Z,2024-08-29,6,83.37,APXMIDP
2024-08-29T02:00:00Z,2024-08-29,7,90.11,APXMIDP
2024-08-29T02:30:00Z,2024-08-29,8,91.0,APXMIDP
2024-08-29T03:00:00Z,2024-08-29,9,96.71,APXMIDP
2024-08-29T03:30:00Z,2024-08-29,10,94.35,APXMIDP
2024-08-29T04:00:00Z,2024-08-29,11,109.07,APXMIDP
2024-08-29T04:30:00Z,2024-08-29,12,108.4,APXMIDP
2024-08-29T05:00:00Z,2024-08-29,13,113.21,APXMIDP
2024-08-29T05:30:00Z,2024-08-29,14,118.08,APXMIDP
2024-08-29T06:00:00Z,2024-08-29,15,112.84,APXMIDP
2024-08-29T06:30:00Z,2024-08-29,16,116.08,APXMIDP
2024-08-29T07:00:00Z,2024-08-29,17,104.05,APXMIDP
2024-08-29T07:30:00Z,2024-08-29,18,101.17,APXMIDP
2024-08-29T08:00:00Z,2024-08-29,19,86.69,APXMIDP
2024-08-29T08:30:00Z,2024-08-29,20,89.99,APXMIDP
2024-08-29T09:00:00Z,2024-08-29,21,90.35,APXMIDP
2024-08-29T09:30:00Z,2024-08-29,22,78.2,APXMIDP
2024-08-29T10:00:00Z,2024-08-29,23,72.24,APXMIDP
2024-08-29T10:30:00Z,2024-08-29,24,73.69,APXMIDP
2024-08-29T11:00:00Z,2024-08-29,25,75.96,APXMIDP
2024-08-29T11:30:00Z,2024-08-29,26,76.15,APXMIDP
2024-08-29T12:00:00Z,2024-08-29,27,79.3,APXMIDP
2024-08-29T12:30:00Z,2024-08-29,28,79.43,APXMIDP
2024-08-29T13:00:00Z,2024-08-29,29,83.48,APXMIDP
2024-08-29T13:30:00Z,2024-08-29,30,83.06,APXMIDP
2024-08-29T14:00:00Z,2024-08-29,31,99.81,APXMIDP
2024-08-29T14:30:00Z,2024-08-29,32,101.85,APXMIDP
2024-08-29T15:00:00Z,2024-08-29,33,110.37,APXMIDP
2024-08-29T15:30:00Z,2024-08-29,34,93.34,APXMIDP
2024-08-29T16:00:00Z,2024-08-29,35,118.09,APXMIDP
2024-08-29T16:30:00Z,2024-08-29,36,120.57,APXMIDP
2024-08-29T17:00:00Z,2024-08-29,37,108.54,APXMIDP
2024-08-29T17:30:00Z,2024-08-29,38,111.67,APXMIDP
2024-08-29T18:00:00Z,2024-08-29,39,109.79,APXMIDP
2024-08-29T18:30:00Z,2024-08-29,40,109.53,APXMIDP
2024-08-29T19:00:00Z,2024-08-29,41,109.05,APXMIDP
2024-08-29T19:30:00Z,2024-08-29,42,107.28,APXMIDP
2024-08-29T20:00:00Z,2024-08-29,43,105.71,APXMIDP
2024-08-29T20:30:00Z,2024-08-29,44,101.44,APXMIDP
2024-08-29T21:00:00Z,2024-08-29,45,86.19,APXMIDP
2024-08-29T21:30:00Z,2024-08-29,46,88.95,APXMIDP
2024-08-29T22:00:00Z,2024-08-29,47,84.89,APXMIDP
2024-08-29T22:30:00Z,2024-08-29,48,86.73,APXMIDP
2024-08-29T23:00:00Z,2024-08-30,1,84.72,APXMIDP
2024-08-29T23:30:00Z,2024-08-30,2,79.69,APXMIDP
2024-08-30T00:00:00Z,2024-08-30,3,75.11,APXMIDP
2024-08-30T00:30:00Z,2024-08-30,4,73.92,APXMIDP
2024-08-30T01:00:00Z,2024-08-30,5,70.76,APXMIDP
2024-08-30T01:30:00Z,2024-08-30,6,73.83,APXMIDP
2024-08-30T02:00:00Z,2024-08-30,7,73.9,APXMIDP
2024-08-30T02:30:00Z,2024-08-30,8,69.56,APXMIDP
2024-08-30T03:00:00Z,2024-08-30,9,71.27,APXMIDP
2024-08-30T03:30:00Z,2024-08-30,10,74.12,APXMIDP
2024-08-30T04:00:00Z,2024-08-30,11,76.4,APXMIDP
2024-08-30T04:30:00Z,2024-08-30,12,81.51,APXMIDP
2024-08-30T05:00:00Z,2024-08-30,13,92.89,APXMIDP
2024-08-30T05:30:00Z,2024-08-30,14,95.6,APXMIDP
2024-08-30T06:00:00Z,2024-08-30,15,91.79,APXMIDP
2024-08-30T06:30:00Z,2024-08-30,16,98.77,APXMIDP
2024-08-30T07:00:00Z,2024-08-30,17,94.68,APXMIDP
2024-08-30T07:30:00Z,2024-08-30,18,93.9,APXMIDP
2024-08-30T08:00:00Z,2024-08-30,19,82.84,APXMIDP
2024-08-30T08:30:00Z,2024-08-30,20,77.51,APXMIDP
2024-08-30T09:00:00Z,2024-08-30,21,74.97,APXMIDP
2024-08-30T09:30:00Z,2024-08-30,22,74.32,APXMIDP
2024-08-30T10:00:00Z,2024-08-30,23,76.31,APXMIDP
2024-08-30T10:30:00Z,2024-08-30,24,76.24,APXMIDP
2024-08-30T11:00:00Z,2024-08-30,25,74.05,APXMIDP
2024-08-30T11:30:00Z,2024-08-30,26,76.92,APXMIDP
2024-08-30T12:00:00Z,2024-08-30,27,75.23,APXMIDP
2024-08-30T12:30:00Z,2024-08-30,28,77.39,APXMIDP
2024-08-30T13:00:00Z,2024-08-30,29,79.68,APXMIDP
2024-08-30T13:30:00Z,2024-08-30,30,77.64,APXMIDP
2024-08-30T14:00:00Z,2024-08-30,31,75.96,APXMIDP
2024-08-30T14:30:00Z,2024-08-30,32,75.45,APXMIDP
2024-08-30T15:00:00Z,2024-08-30,33,82.34,APXMIDP
2024-08-30T15:30:00Z,2024-08-30,34,78.12,APXMIDP
2024-08-30T16:00:00Z,2024-08-30,35,81.87,APXMIDP
2024-08-30T16:30:00Z,2024-08-30,36,90.19,APXMIDP
2024-08-30T17:00:00Z,2024-08-30,37,90.39,APXMIDP
2024-08-30T17:30:00Z,2024-08-30,38,94.5,APXMIDP
2024-08-30T18:00:00Z,2024-08-30,39,91.21,APXMIDP
2024-08-30T18:30:00Z,2024-08-30,40,92.06,APXMIDP
2024-08-30T19:00:00Z,2024-08-30,41,86.67,APXMIDP
2024-08-30T19:30:00Z,2024-08-30,42,82.69,APXMIDP
2024-08-30T20:00:00Z,2024-08-30,43,86.0,APXMIDP
2024-08-30T20:30:00Z,2024-08-30,44,89.72,APXMIDP
2024-08-30T21:00:00Z,2024-08-30,45,83.47,APXMIDP
2024-08-30T21:30:00Z,2024-08-30,46,86.07,APXMIDP
2024-08-30T22:00:00Z,2024-08-30,47,84.72,APXMIDP
2024-08-30T22:30:00Z,2024-08-30,48,86.93,APXMIDP
2024-08-30T23:00:00Z,2024-08-31,1,80.69,APXMIDP
2024-08-30T23:30:00Z,2024-08-31,2,83.86,APXMIDP
2024-08-31T00:00:00Z,2024-08-31,3,80.94,APXMIDP
2024-08-31T00:30:00Z,2024-08-31,4,77.33,APXMIDP
2024-08-31T01:00:00Z,2024-08-31,5,74.53,APXMIDP
2024-08-31T01:30:00Z,2024-08-31,6,72.45,APXMIDP
2024-08-31T02:00:00Z,2024-08-31,7,69.58,APXMIDP
2024-08-31T02:30:00Z,2024-08-31,8,67.92,APXMIDP
2024-08-31T03:00:00Z,2024-08-31,9,68.88,APXMIDP
2024-08-31T03:30:00Z,2024-08-31,10,68.93,APXMIDP
2024-08-31T04:00:00Z,2024-08-31,11,71.82,APXMIDP
2024-08-31T04:30:00Z,2024-08-31,12,71.63,APXMIDP
2024-08-31T05:00:00Z,2024-08-31,13,79.31,APXMIDP
2024-08-31T05:30:00Z,2024-08-31,14,86.17,APXMIDP
2024-08-31T06:00:00Z,2024-08-31,15,90.6,APXMIDP
2024-08-31T06:30:00Z,2024-08-31,16,93.67,APXMIDP
2024-08-31T07:00:00Z,2024-08-31,17,95.98,APXMIDP
2024-08-31T07:30:00Z,2024-08-31,18,98.4,APXMIDP
2024-08-31T08:00:00Z,2024-08-31,19,97.8,APXMIDP
2024-08-31T08:30:00Z,2024-08-31,20,90.67,APXMIDP
2024-08-31T09:00:00Z,2024-08-31,21,87.87,APXMIDP
2024-08-31T09:30:00Z,2024-08-31,22,82.02,APXMIDP
2024-08-31T10:00:00Z,2024-08-31,23,77.87,APXMIDP
2024-08-31T10:30:00Z,2024-08-31,24,74.28,APXMIDP
2024-08-31T11:00:00Z,2024-08-31,25,67.52,APXMIDP
2024-08-31T11:30:00Z,2024-08-31,26,55.73,APXMIDP
2024-08-31T12:00:00Z,2024-08-31,27,52.69,APXMIDP
2024-08-31T12:30:00Z,2024-08-31,28,47.62,APXMIDP
2024-08-31T13:00:00Z,2024-08-31,29,52.73,APXMIDP
2024-08-31T13:30:00Z,2024-08-31,30,53.74,APXMIDP
2024-08-31T14:00:00Z,2024-08-31,31,55.24,APXMIDP
2024-08-31T14:30:00Z,2024-08-31,32,62.2,APXMIDP
2024-08-31T15:00:00Z,2024-08-31,33,81.66,APXMIDP
2024-08-31T15:30:00Z,2024-08-31,34,70.61,APXMIDP
2024-08-31T16:00:00Z,2024-08-31,35,98.67,APXMIDP
2024-08-31T16:30:00Z,2024-08-31,36,98.58,APXMIDP
2024-08-31T17:00:00Z,2024-08-31,37,107.22,APXMIDP
2024-08-31T17:30:00Z,2024-08-31,38,106.86,APXMIDP
2024-08-31T18:00:00Z,2024-08-31,39,103.77,APXMIDP
2024-08-31T18:30:00Z,2024-08-31,40,100.77,APXMIDP
2024-08-31T19:00:00Z,2024-08-31,41,93.79,APXMIDP
2024-08-31T19:30:00Z,2024-08-31,42,91.21,APXMIDP
2024-08-31T20:00:00Z,2024-08-31,43,83.81,APXMIDP
2024-08-31T20:30:00Z,2024-08-31,44,83.17,APXMIDP
2024-08-31T21:00:00Z,2024-08-31,45,85.55,APXMIDP
2024-08-31T21:30:00Z,2024-08-31,46,79.23,APXMIDP
2024-08-31T22:00:00Z,2024-08-31,47,77.22,APXMIDP
2024-08-31T22:30:00Z,2024-08-31,48,76.24,APXMIDP
2024-08-31T23:00:00Z,2024-09-01,1,81.41,APXMIDP
2024-08-31T23:30:00Z,2024-09-01,2,80.75,APXMIDP
2024-09-01T00:00:00Z,2024-09-01,3,72.59,APXMIDP
2024-09-01T00:30:00Z,2024-09-01,4,70.94,APXMIDP
2024-09-01T01:00:00Z,2024-09-01,5,70.27,APXMIDP
2024-09-01T01:30:00Z,2024-09-01,6,70.32,APXMIDP
2024-09-01T02:00:00Z,2024-09-01,7,74.6,APXMIDP
2024-09-01T02:30:00Z,2024-09-01,8,70.66,APXMIDP
2024-09-01T03:00:00Z,2024-09-01,9,72.32,APXMIDP
2024-09-01T03:30:00Z,2024-09-01,10,72.02,APXMIDP
2024-09-01T04:00:00Z,2024-09-01,11,70.57,APXMIDP
2024-09-01T04:30:00Z,2024-09-01,12,67.82,APXMIDP
2024-09-01T05:00:00Z,2024-09-01,13,66.35,APXMIDP
2024-09-01T05:30:00Z,2024-09-01,14,67.93,APXMIDP
2024-09-01T06:00:00Z,2024-09-01,15,59.97,APXMIDP
2024-09-01T06:30:00Z,2024-09-01,16,64.68,APXMIDP
2024-09-01T07:00:00Z,2024-09-01,17,49.73,APXMIDP
2024-09-01T07:30:00Z,2024-09-01,18,60.44,APXMIDP
2024-09-01T08:00:00Z,2024-09-01,19,32.75,APXMIDP
2024-09-01T08:30:00Z,2024-09-01,20,34.58,APXMIDP
2024-09-01T09:00:00Z,2024-09-01,21,33.53,APXMIDP
2024-09-01T09:30:00Z,2024-09-01,22,32.75,APXMIDP
2024-09-01T10:00:00Z,2024-09-01,23,34.99,APXMIDP
2024-09-01T10:30:00Z,2024-09-01,24,39.04,APXMIDP
2024-09-01T11:00:00Z,2024-09-01,25,37.6,APXMIDP
2024-09-01T11:30:00Z,2024-09-01,26,33.82,APXMIDP
2024-09-01T12:00:00Z,2024-09-01,27,23.31,APXMIDP
2024-09-01T12:30:00Z,2024-09-01,28,19.13,APXMIDP
2024-09-01T13:00:00Z,2024-09-01,29,21.11,APXMIDP
2024-09-01T13:30:00Z,2024-09-01,30,22.98,APXMIDP
2024-09-01T14:00:00Z,2024-09-01,31,25.21,APXMIDP
2024-09-01T14:30:00Z,2024-09-01,32,51.69,APXMIDP
2024-09-01T15:00:00Z,2024-09-01,33,73.27,APXMIDP
2024-09-01T15:30:00Z,2024-09-01,34,73.24,APXMIDP
2024-09-01T16:00:00Z,2024-09-01,35,91.83,APXMIDP
2024-09-01T16:30:00Z,2024-09-01,36,88.31,APXMIDP
2024-09-01T17:00:00Z,2024-09-01,37,104.96,APXMIDP
2024-09-01T17:30:00Z,2024-09-01,38,105.26,APXMIDP
2024-09-01T18:00:00Z,2024-09-01,39,109.32,APXMIDP
2024-09-01T18:30:00Z,2024-09-01,40,110.45,APXMIDP
2024-09-01T19:00:00Z,2024-09-01,41,106.93,APXMIDP
2024-09-01T19:30:00Z,2024-09-01,42,101.78,APXMIDP
2024-09-01T20:00:00Z,2024-09-01,43,104.26,APXMIDP
2024-09-01T20:30:00Z,2024-09-01,44,96.5,APXMIDP
2024-09-01T21:00:00Z,2024-09-01,45,94.35,APXMIDP
2024-09-01T21:30:00Z,2024-09-01,46,87.07,APXMIDP
2024-09-01T22:00:00Z,2024-09-01,47,86.98,APXMIDP
2024-09-01T22:30:00Z,2024-09-01,48,86.12,APXMIDP
2024-09-01T23:00:00Z,2024-09-02,1,79.17,APXMIDP
2024-09-01T23:30:00Z,2024-09-02,2,82.26,APXMIDP
2024-09-02T00:00:00Z,2024-09-02,3,85.0,APXMIDP
2024-09-02T00:30:00Z,2024-09-02,4,83.31,APXMIDP
2024-09-02T01:00:00Z,2024-09-02,5,80.72,APXMIDP
2024-09-02T01:30:00Z,2024-09-02,6,81.35,APXMIDP
2024-09-02T02:00:00Z,2024-09-02,7,78.01,APXMIDP
2024-09-02T02:30:00Z,2024-09-02,8,80.41,APXMIDP
2024-09-02T03:00:00Z,2024-09-02,9,87.73,APXMIDP
2024-09-02T03:30:00Z,2024-09-02,10,81.78,APXMIDP
2024-09-02T04:00:00Z,2024-09-02,11,102.01,APXMIDP
2024-09-02T04:30:00Z,2024-09-02,12,97.8,APXMIDP
2024-09-02T05:00:00Z,2024-09-02,13,115.17,APXMIDP
2024-09-02T05:30:00Z,2024-09-02,14,123.04,APXMIDP
2024-09-02T06:00:00Z,2024-09-02,15,115.86,APXMIDP
2024-09-02T06:30:00Z,2024-09-02,16,121.24,APXMIDP
2024-09-02T07:00:00Z,2024-09-02,17,102.68,APXMIDP
2024-09-02T07:30:00Z,2024-09-02,18,108.81,APXMIDP
2024-09-02T08:00:00Z,2024-09-02,19,107.82,APXMIDP
2024-09-02T08:30:00Z,2024-09-02,20,106.72,APXMIDP
2024-09-02T09:00:00Z,2024-09-02,21,106.83,APXMIDP
2024-09-02T09:30:00Z,2024-09-02,22,103.83,APXMIDP
2024-09-02T10:00:00Z,2024-09-02,23,98.3,APXMIDP
2024-09-02T10:30:00Z,2024-09-02,24,96.36,APXMIDP
2024-09-02T11:00:00Z,2024-09-02,25,96.97,APXMIDP
2024-09-02T11:30:00Z,2024-09-02,26,91.94,APXMIDP
2024-09-02T12:00:00Z,2024-09-02,27,84.9,APXMIDP
2024-09-02T12:30:00Z,2024-09-02,28,85.31,APXMIDP
2024-09-02T13:00:00Z,2024-09-02,29,82.36,APXMIDP
2024-09-02T13:30:00Z,2024-09-02,30,81.49,APXMIDP
2024-09-02T14:00:00Z,2024-09-02,31,78.06,APXMIDP
2024-09-02T14:30:00Z,2024-09-02,32,78.08,APXMIDP
2024-09-02T15:00:00Z,2024-09-02,33,79.6,APXMIDP
2024-09-02T15:30:00Z,2024-09-02,34,80.31,APXMIDP
2024-09-02T16:00:00Z,2024-09-02,35,91.89,APXMIDP
2024-09-02T16:30:00Z,2024-09-02,36,88.46,APXMIDP
2024-09-02T17:00:00Z,2024-09-02,37,108.18,APXMIDP
2024-09-02T17:30:00Z,2024-09-02,38,109.86,APXMIDP
2024-09-02T18:00:00Z,2024-09-02,39,107.56,APXMIDP
2024-09-02T18:30:00Z,2024-09-02,40,104.61,APXMIDP
2024-09-02T19:00:00Z,2024-09-02,41,95.6,APXMIDP
2024-09-02T19:30:00Z,2024-09-02,42,93.43,APXMIDP
2024-09-02T20:00:00Z,2024-09-02,43,84.79,APXMIDP
2024-09-02T20:30:00Z,2024-09-02,44,84.5,APXMIDP
2024-09-02T21:00:00Z,2024-09-02,45,80.93,APXMIDP
2024-09-02T21:30:00Z,2024-09-02,46,87.01,APXMIDP
2024-09-02T22:00:00Z,2024-09-02,47,85.81,APXMIDP
2024-09-02T22:30:00Z,2024-09-02,48,85.87,APXMIDP
2024-09-02T23:00:00Z,2024-09-03,1,85.85,APXMIDP
2024-09-02T23:30:00Z,2024-09-03,2,84.78,APXMIDP
2024-09-03T00:00:00Z,2024-09-03,3,83.78,APXMIDP
2024-09-03T00:30:00Z,2024-09-03,4,82.32,APXMIDP
2024-09-03T01:00:00Z,2024-09-03,5,79.08,APXMIDP
2024-09-03T01:30:00Z,2024-09-03,6,78.18,APXMIDP
2024-09-03T02:00:00Z,2024-09-03,7,82.74,APXMIDP
2024-09-03T02:30:00Z,2024-09-03,8,81.32,APXMIDP
2024-09-03T03:00:00Z,2024-09-03,9,77.45,APXMIDP
2024-09-03T03:30:00Z,2024-09-03,10,81.42,APXMIDP
2024-09-03T04:00:00Z,2024-09-03,11,78.52,APXMIDP
2024-09-03T04:30:00Z,2024-09-03,12,78.43,APXMIDP
2024-09-03T05:00:00Z,2024-09-03,13,86.31,APXMIDP
2024-09-03T05:30:00Z,2024-09-03,14,97.05,APXMIDP
2024-09-03T06:00:00Z,2024-09-03,15,89.38,APXMIDP
2024-09-03T06:30:00Z,2024-09-03,16,105.44,APXMIDP
2024-09-03T07:00:00Z,2024-09-03,17,97.84,APXMIDP
2024-09-03T07:30:00Z,2024-09-03,18,99.23,APXMIDP
2024-09-03T08:00:00Z,2024-09-03,19,79.77,APXMIDP
2024-09-03T08:30:00Z,2024-09-03,20,89.13,APXMIDP
2024-09-03T09:00:00Z,2024-09-03,21,87.74,APXMIDP
2024-09-03T09:30:00Z,2024-09-03,22,79.44,APXMIDP
2024-09-03T10:00:00Z,2024-09-03,23,82.26,APXMIDP
2024-09-03T10:30:00Z,2024-09-03,24,77.75,APXMIDP
2024-09-03T11:00:00Z,2024-09-03,25,81.7,APXMIDP
2024-09-03T11:30:00Z,2024-09-03,26,83.07,APXMIDP
2024-09-03T12:00:00Z,2024-09-03,27,81.31,APXMIDP
2024-09-03T12:30:00Z,2024-09-03,28,79.94,APXMIDP
2024-09-03T13:00:00Z,2024-09-03,29,78.64,APXMIDP
2024-09-03T13:30:00Z,2024-09-03,30,80.79,APXMIDP
2024-09-03T14:00:00Z,2024-09-03,31,85.92,APXMIDP
2024-09-03T14:30:00Z,2024-09-03,32,85.56,APXMIDP
2024-09-03T15:00:00Z,2024-09-03,33,90.53,APXMIDP
2024-09-03T15:30:00Z,2024-09-03,34,83.67,APXMIDP
2024-09-03T16:00:00Z,2024-09-03,35,99.02,APXMIDP
2024-09-03T16:30:00Z,2024-09-03,36,104.08,APXMIDP
2024-09-03T17:00:00Z,2024-09-03,37,100.64,APXMIDP
2024-09-03T17:30:00Z,2024-09-03,38,104.35,APXMIDP
2024-09-03T18:00:00Z,2024-09-03,39,100.25,APXMIDP
2024-09-03T18:30:00Z,2024-09-03,40,101.6,APXMIDP
2024-09-03T19:00:00Z,2024-09-03,41,101.36,APXMIDP
2024-09-03T19:30:00Z,2024-09-03,42,98.39,APXMIDP
2024-09-03T20:00:00Z,2024-09-03,43,86.31,APXMIDP
2024-09-03T20:30:00Z,2024-09-03,44,76.62,APXMIDP
2024-09-03T21:00:00Z,2024-09-03,45,84.57,APXMIDP
2024-09-03T21:30:00Z,2024-09-03,46,81.68,APXMIDP
2024-09-03T22:00:00Z,2024-09-03,47,74.9,APXMIDP
2024-09-03T22:30:00Z,2024-09-03,48,80.3,APXMIDP
2024-09-03T23:00:00Z,2024-09-04,1,75.42,APXMIDP
2024-09-03T23:30:00Z,2024-09-04,2,72.53,APXMIDP
2024-09-04T00:00:00Z,2024-09-04,3,79.75,APXMIDP
2024-09-04T00:30:00Z,2024-09-04,4,78.9,APXMIDP
2024-09-04T01:00:00Z,2024-09-04,5,73.13,APXMIDP
2024-09-04T01:30:00Z,2024-09-04,6,75.41,APXMIDP
2024-09-04T02:00:00Z,2024-09-04,7,74.99,APXMIDP
2024-09-04T02:30:00Z,2024-09-04,8,72.53,APXMIDP
2024-09-04T03:00:00Z,2024-09-04,9,72.38,APXMIDP
2024-09-04T03:30:00Z,2024-09-04,10,71.33,APXMIDP
2024-09-04T04:00:00Z,2024-09-04,11,76.75,APXMIDP
2024-09-04T04:30:00Z,2024-09-04,12,74.79,APXMIDP
2024-09-04T05:00:00Z,2024-09-04,13,94.88,APXMIDP
2024-09-04T05:30:00Z,2024-09-04,14,101.65,APXMIDP
2024-09-04T06:00:00Z,2024-09-04,15,101.99,APXMIDP
2024-09-04T06:30:00Z,2024-09-04,16,109.05,APXMIDP
2024-09-04T07:00:00Z,2024-09-04,17,93.45,APXMIDP
2024-09-04T07:30:00Z,2024-09-04,18,91.63,APXMIDP
2024-09-04T08:00:00Z,2024-09-04,19,81.5,APXMIDP
2024-09-04T08:30:00Z,2024-09-04,20,75.89,APXMIDP
2024-09-04T09:00:00Z,2024-09-04,21,74.85,APXMIDP
2024-09-04T09:30:00Z,2024-09-04,22,73.97,APXMIDP
2024-09-04T10:00:00Z,2024-09-04,23,72.7,APXMIDP
2024-09-04T10:30:00Z,2024-09-04,24,71.4,APXMIDP
2024-09-04T11:00:00Z,2024-09-04,25,75.31,APXMIDP
2024-09-04T11:30:00Z,2024-09-04,26,79.66,APXMIDP
2024-09-04T12:00:00Z,2024-09-04,27,71.81,APXMIDP
2024-09-04T12:30:00Z,2024-09-04,28,74.07,APXMIDP
2024-09-04T13:00:00Z,2024-09-04,29,77.48,APXMIDP
2024-09-04T13:30:00Z,2024-09-04,30,75.91,APXMIDP
2024-09-04T14:00:00Z,2024-09-04,31,77.61,APXMIDP
2024-09-04T14:30:00Z,2024-09-04,32,79.64,APXMIDP
2024-09-04T15:00:00Z,2024-09-04,33,84.28,APXMIDP
2024-09-04T15:30:00Z,2024-09-04,34,87.36,APXMIDP
2024-09-04T16:00:00Z,2024-09-04,35,105.16,APXMIDP
2024-09-04T16:30:00Z,2024-09-04,36,115.83,APXMIDP
2024-09-04T17:00:00Z,2024-09-04,37,121.97,APXMIDP
2024-09-04T17:30:00Z,2024-09-04,38,120.04,APXMIDP
2024-09-04T18:00:00Z,2024-09-04,39,96.66,APXMIDP
2024-09-04T18:30:00Z,2024-09-04,40,95.69,APXMIDP
2024-09-04T19:00:00Z,2024-09-04,41,94.12,APXMIDP
2024-09-04T19:30:00Z,2024-09-04,42,85.42,APXMIDP
2024-09-04T20:00:00Z,2024-09-04,43,93.66,APXMIDP
2024-09-04T20:30:00Z,2024-09-04,44,90.36,APXMIDP
2024-09-04T21:00:00Z,2024-09-04,45,82.04,APXMIDP
2024-09-04T21:30:00Z,2024-09-04,46,81.37,APXMIDP
2024-09-04T22:00:00Z,2024-09-04,47,72.47,APXMIDP
2024-09-04T22:30:00Z,2024-09-04,48,84.41,APXMIDP
2024-09-04T23:00:00Z,2024-09-05,1,78.81,APXMIDP
2024-09-04T23:30:00Z,2024-09-05,2,76.9,APXMIDP
2024-09-05T00:00:00Z,2024-09-05,3,77.58,APXMIDP
2024-09-05T00:30:00Z,2024-09-05,4,72.73,APXMIDP
2024-09-05T01:00:00Z,2024-09-05,5,69.75,APXMIDP
2024-09-05T01:30:00Z,2024-09-05,6,65.15,APXMIDP
2024-09-05T02:00:00Z,2024-09-05,7,67.89,APXMIDP
2024-09-05T02:30:00Z,2024-09-05,8,60.16,APXMIDP
2024-09-05T03:00:00Z,2024-09-05,9,58.35,APXMIDP
2024-09-05T03:30:00Z,2024-09-05,10,54.13,APXMIDP
2024-09-05T04:00:00Z,2024-09-05,11,55.69,APXMIDP
2024-09-05T04:30:00Z,2024-09-05,12,51.41,APXMIDP
2024-09-05T05:00:00Z,2024-09-05,13,54.33,APXMIDP
2024-09-05T05:30:00Z,2024-09-05,14,60.65,APXMIDP
2024-09-05T06:00:00Z,2024-09-05,15,78.09,APXMIDP
2024-09-05T06:30:00Z,2024-09-05,16,88.78,APXMIDP
2024-09-05T07:00:00Z,2024-09-05,17,78.38,APXMIDP
2024-09-05T07:30:00Z,2024-09-05,18,76.66,APXMIDP
2024-09-05T08:00:00Z,2024-09-05,19,67.27,APXMIDP
2024-09-05T08:30:00Z,2024-09-05,20,69.77,APXMIDP
2024-09-05T09:00:00Z,2024-09-05,21,74.24,APXMIDP
2024-09-05T09:30:00Z,2024-09-05,22,74.77,APXMIDP
2024-09-05T10:00:00Z,2024-09-05,23,76.32,APXMIDP
2024-09-05T10:30:00Z,2024-09-05,24,78.03,APXMIDP
2024-09-05T11:00:00Z,2024-09-05,25,79.41,APXMIDP
2024-09-05T11:30:00Z,2024-09-05,26,74.47,APXMIDP
2024-09-05T12:00:00Z,2024-09-05,27,74.99,APXMIDP
2024-09-05T12:30:00Z,2024-09-05,28,79.92,APXMIDP
2024-09-05T13:00:00Z,2024-09-05,29,83.14,APXMIDP
2024-09-05T13:30:00Z,2024-09-05,30,80.51,APXMIDP
2024-09-05T14:00:00Z,2024-09-05,31,83.78,APXMIDP
2024-09-05T14:30:00Z,2024-09-05,32,82.29,APXMIDP
2024-09-05T15:00:00Z,2024-09-05,33,82.04,APXMIDP
2024-09-05T15:30:00Z,2024-09-05,34,81.75,APXMIDP
2024-09-05T16:00:00Z,2024-09-05,35,100.12,APXMIDP
2024-09-05T16:30:00Z,2024-09-05,36,103.11,APXMIDP
2024-09-05T17:00:00Z,2024-09-05,37,110.7,APXMIDP
2024-09-05T17:30:00Z,2024-09-05,38,109.63,APXMIDP
2024-09-05T18:00:00Z,2024-09-05,39,111.52,APXMIDP
2024-09-05T18:30:00Z,2024-09-05,40,111.73,APXMIDP
2024-09-05T19:00:00Z,2024-09-05,41,106.73,APXMIDP
2024-09-05T19:30:00Z,2024-09-05,42,98.82,APXMIDP
2024-09-05T20:00:00Z,2024-09-05,43,93.25,APXMIDP
2024-09-05T20:30:00Z,2024-09-05,44,83.81,APXMIDP
2024-09-05T21:00:00Z,2024-09-05,45,81.51,APXMIDP
2024-09-05T21:30:00Z,2024-09-05,46,79.89,APXMIDP
2024-09-05T22:00:00Z,2024-09-05,47,87.69,APXMIDP
2024-09-05T22:30:00Z,2024-09-05,48,86.81,APXMIDP
2024-09-05T23:00:00Z,2024-09-06,1,84.46,APXMIDP
2024-09-05T23:30:00Z,2024-09-06,2,82.43,APXMIDP
2024-09-06T00:00:00Z,2024-09-06,3,77.25,APXMIDP
2024-09-06T00:30:00Z,2024-09-06,4,80.34,APXMIDP
2024-09-06T01:00:00Z,2024-09-06,5,75.28,APXMIDP
2024-09-06T01:30:00Z,2024-09-06,6,76.43,APXMIDP
2024-09-06T02:00:00Z,2024-09-06,7,69.91,APXMIDP
2024-09-06T02:30:00Z,2024-09-06,8,68.27,APXMIDP
2024-09-06T03:00:00Z,2024-09-06,9,71.41,APXMIDP
2024-09-06T03:30:00Z,2024-09-06,10,66.19,APXMIDP
2024-09-06T04:00:00Z,2024-09-06,11,84.71,APXMIDP
2024-09-06T04:30:00Z,2024-09-06,12,85.8,APXMIDP
2024-09-06T05:00:00Z,2024-09-06,13,91.47,APXMIDP
2024-09-06T05:30:00Z,2024-09-06,14,92.86,APXMIDP
2024-09-06T06:00:00Z,2024-09-06,15,93.75,APXMIDP
2024-09-06T06:30:00Z,2024-09-06,16,101.16,APXMIDP
2024-09-06T07:00:00Z,2024-09-06,17,97.79,APXMIDP
2024-09-06T07:30:00Z,2024-09-06,18,99.99,APXMIDP
2024-09-06T08:00:00Z,2024-09-06,19,102.35,APXMIDP
2024-09-06T08:30:00Z,2024-09-06,20,103.07,APXMIDP
2024-09-06T09:00:00Z,2024-09-06,21,101.3,APXMIDP
2024-09-06T09:30:00Z,2024-09-06,22,100.2,APXMIDP
2024-09-06T10:00:00Z,2024-09-06,23,96.62,APXMIDP
2024-09-06T10:30:00Z,2024-09-06,24,92.37,APXMIDP
2024-09-06T11:00:00Z,2024-09-06,25,85.96,APXMIDP
2024-09-06T11:30:00Z,2024-09-06,26,83.43,APXMIDP
2024-09-06T12:00:00Z,2024-09-06,27,82.13,APXMIDP
2024-09-06T12:30:00Z,2024-09-06,28,78.35,APXMIDP
2024-09-06T13:00:00Z,2024-09-06,29,79.15,APXMIDP
2024-09-06T13:30:00Z,2024-09-06,30,80.55,APXMIDP
2024-09-06T14:00:00Z,2024-09-06,31,84.49,APXMIDP
2024-09-06T14:30:00Z,2024-09-06,32,86.17,APXMIDP
2024-09-06T15:00:00Z,2024-09-06,33,94.45,APXMIDP
2024-09-06T15:30:00Z,2024-09-06,34,93.03,APXMIDP
2024-09-06T16:00:00Z,2024-09-06,35,94.01,APXMIDP
2024-09-06T16:30:00Z,2024-09-06,36,104.71,APXMIDP
2024-09-06T17:00:00Z,2024-09-06,37,107.63,APXMIDP
2024-09-06T17:30:00Z,2024-09-06,38,108.61,APXMIDP
2024-09-06T18:00:00Z,2024-09-06,39,110.38,APXMIDP
2024-09-06T18:30:00Z,2024-09-06,40,110.41,APXMIDP
2024-09-06T19:00:00Z,2024-09-06,41,96.88,APXMIDP
2024-09-06T19:30:00Z,2024-09-06,42,88.22,APXMIDP
2024-09-06T20:00:00Z,2024-09-06,43,95.82,APXMIDP
2024-09-06T20:30:00Z,2024-09-06,44,84.26,APXMIDP
2024-09-06T21:00:00Z,2024-09-06,45,82.96,APXMIDP
2024-09-06T21:30:00Z,2024-09-06,46,84.6,APXMIDP
2024-09-06T22:00:00Z,2024-09-06,47,86.05,APXMIDP
2024-09-06T22:30:00Z,2024-09-06,48,84.03,APXMIDP
2024-09-06T23:00:00Z,2024-09-07,1,80.79,APXMIDP
2024-09-06T23:30:00Z,2024-09-07,2,78.95,APXMIDP
2024-09-07T00:00:00Z,2024-09-07,3,74.58,APXMIDP
2024-09-07T00:30:00Z,2024-09-07,4,72.74,APXMIDP
2024-09-07T01:00:00Z,2024-09-07,5,72.47,APXMIDP
2024-09-07T01:30:00Z,2024-09-07,6,70.03,APXMIDP
2024-09-07T02:00:00Z,2024-09-07,7,71.2,APXMIDP
2024-09-07T02:30:00Z,2024-09-07,8,72.53,APXMIDP
2024-09-07T03:00:00Z,2024-09-07,9,75.12,APXMIDP
2024-09-07T03:30:00Z,2024-09-07,10,73.16,APXMIDP
2024-09-07T04:00:00Z,2024-09-07,11,74.89,APXMIDP
2024-09-07T04:30:00Z,2024-09-07,12,80.63,APXMIDP
2024-09-07T05:00:00Z,2024-09-07,13,79.12,APXMIDP
2024-09-07T05:30:00Z,2024-09-07,14,79.15,APXMIDP
2024-09-07T06:00:00Z,2024-09-07,15,80.85,APXMIDP
2024-09-07T06:30:00Z,2024-09-07,16,85.05,APXMIDP
2024-09-07T07:00:00Z,2024-09-07,17,75.17,APXMIDP
2024-09-07T07:30:00Z,2024-09-07,18,89.45,APXMIDP
2024-09-07T08:00:00Z,2024-09-07,19,95.72,APXMIDP
2024-09-07T08:30:00Z,2024-09-07,20,95.87,APXMIDP
2024-09-07T09:00:00Z,2024-09-07,21,96.76,APXMIDP
2024-09-07T09:30:00Z,2024-09-07,22,99.63,APXMIDP
2024-09-07T10:00:00Z,2024-09-07,23,104.44,APXMIDP
2024-09-07T10:30:00Z,2024-09-07,24,103.12,APXMIDP
2024-09-07T11:00:00Z,2024-09-07,25,104.06,APXMIDP
2024-09-07T11:30:00Z,2024-09-07,26,103.05,APXMIDP
2024-09-07T12:00:00Z,2024-09-07,27,97.7,APXMIDP
2024-09-07T12:30:00Z,2024-09-07,28,95.21,APXMIDP
2024-09-07T13:00:00Z,2024-09-07,29,92.83,APXMIDP
2024-09-07T13:30:00Z,2024-09-07,30,92.45,APXMIDP
2024-09-07T14:00:00Z,2024-09-07,31,94.78,APXMIDP
2024-09-07T14:30:00Z,2024-09-07,32,96.37,APXMIDP
2024-09-07T15:00:00Z,2024-09-07,33,98.55,APXMIDP
2024-09-07T15:30:00Z,2024-09-07,34,99.02,APXMIDP
2024-09-07T16:00:00Z,2024-09-07,35,117.43,APXMIDP
2024-09-07T16:30:00Z,2024-09-07,36,119.87,APXMIDP
2024-09-07T17:00:00Z,2024-09-07,37,126.73,APXMIDP
2024-09-07T17:30:00Z,2024-09-07,38,137.82,APXMIDP
2024-09-07T18:00:00Z,2024-09-07,39,131.06,APXMIDP
2024-09-07T18:30:00Z,2024-09-07,40,125.59,APXMIDP
2024-09-07T19:00:00Z,2024-09-07,41,103.37,APXMIDP
2024-09-07T19:30:00Z,2024-09-07,42,99.83,APXMIDP
2024-09-07T20:00:00Z,2024-09-07,43,96.14,APXMIDP
2024-09-07T20:30:00Z,2024-09-07,44,89.68,APXMIDP
2024-09-07T21:00:00Z,2024-09-07,45,88.93,APXMIDP
2024-09-07T21:30:00Z,2024-09-07,46,87.82,APXMIDP
2024-09-07T22:00:00Z,2024-09-07,47,78.86,APXMIDP
2024-09-07T22:30:00Z,2024-09-07,48,83.69,APXMIDP
2024-09-07T23:00:00Z,2024-09-08,1,87.51,APXMIDP
2024-09-07T23:30:00Z,2024-09-08,2,84.77,APXMIDP
2024-09-08T00:00:00Z,2024-09-08,3,79.82,APXMIDP
2024-09-08T00:30:00Z,2024-09-08,4,79.9,APXMIDP
2024-09-08T01:00:00Z,2024-09-08,5,85.38,APXMIDP
2024-09-08T01:30:00Z,2024-09-08,6,80.95,APXMIDP
2024-09-08T02:00:00Z,2024-09-08,7,78.45,APXMIDP
2024-09-08T02:30:00Z,2024-09-08,8,77.34,APXMIDP
2024-09-08T03:00:00Z,2024-09-08,9,80.33,APXMIDP
2024-09-08T03:30:00Z,2024-09-08,10,81.5,APXMIDP
2024-09-08T04:00:00Z,2024-09-08,11,80.61,APXMIDP
2024-09-08T04:30:00Z,2024-09-08,12,80.77,APXMIDP
2024-09-08T05:00:00Z,2024-09-08,13,83.25,APXMIDP
2024-09-08T05:30:00Z,2024-09-08,14,82.39,APXMIDP
2024-09-08T06:00:00Z,2024-09-08,15,83.8,APXMIDP
2024-09-08T06:30:00Z,2024-09-08,16,84.46,APXMIDP
2024-09-08T07:00:00Z,2024-09-08,17,76.27,APXMIDP
2024-09-08T07:30:00Z,2024-09-08,18,84.43,APXMIDP
2024-09-08T08:00:00Z,2024-09-08,19,88.33,APXMIDP
2024-09-08T08:30:00Z,2024-09-08,20,89.7,APXMIDP
2024-09-08T09:00:00Z,2024-09-08,21,93.06,APXMIDP
2024-09-08T09:30:00Z,2024-09-08,22,92.74,APXMIDP
2024-09-08T10:00:00Z,2024-09-08,23,93.29,APXMIDP
2024-09-08T10:30:00Z,2024-09-08,24,92.63,APXMIDP
2024-09-08T11:00:00Z,2024-09-08,25,90.06,APXMIDP
2024-09-08T11:30:00Z,2024-09-08,26,86.94,APXMIDP
2024-09-08T12:00:00Z,2024-09-08,27,81.33,APXMIDP
2024-09-08T12:30:00Z,2024-09-08,28,72.53,APXMIDP
2024-09-08T13:00:00Z,2024-09-08,29,71.33,APXMIDP
2024-09-08T13:30:00Z,2024-09-08,30,72.62,APXMIDP
2024-09-08T14:00:00Z,2024-09-08,31,76.27,APXMIDP
2024-09-08T14:30:00Z,2024-09-08,32,77.6,APXMIDP
2024-09-08T15:00:00Z,2024-09-08,33,78.63,APXMIDP
2024-09-08T15:30:00Z,2024-09-08,34,81.05,APXMIDP
2024-09-08T16:00:00Z,2024-09-08,35,98.13,APXMIDP
2024-09-08T16:30:00Z,2024-09-08,36,104.09,APXMIDP
2024-09-08T17:00:00Z,2024-09-08,37,104.8,APXMIDP
2024-09-08T17:30:00Z,2024-09-08,38,104.12,APXMIDP
2024-09-08T18:00:00Z,2024-09-08,39,96.07,APXMIDP
2024-09-08T18:30:00Z,2024-09-08,40,96.56,APXMIDP
2024-09-08T19:00:00Z,2024-09-08,41,97.13,APXMIDP
2024-09-08T19:30:00Z,2024-09-08,42,94.36,APXMIDP
2024-09-08T20:00:00Z,2024-09-08,43,90.3,APXMIDP
2024-09-08T20:30:00Z,2024-09-08,44,85.25,APXMIDP
2024-09-08T21:00:00Z,2024-09-08,45,80.22,APXMIDP
2024-09-08T21:30:00Z,2024-09-08,46,84.47,APXMIDP
2024-09-08T22:00:00Z,2024-09-08,47,84.15,APXMIDP
2024-09-08T22:30:00Z,2024-09-08,48,81.48,APXMIDP
2024-09-08T23:00:00Z,2024-09-09,1,82.54,APXMIDP
2024-09-08T23:30:00Z,2024-09-09,2,75.59,APXMIDP
2024-09-09T00:00:00Z,2024-09-09,3,70.96,APXMIDP
2024-09-09T00:30:00Z,2024-09-09,4,70.72,APXMIDP
2024-09-09T01:00:00Z,2024-09-09,5,79.77,APXMIDP
2024-09-09T01:30:00Z,2024-09-09,6,70.21,APXMIDP
2024-09-09T02:00:00Z,2024-09-09,7,74.74,APXMIDP
2024-09-09T02:30:00Z,2024-09-09,8,75.2,APXMIDP
2024-09-09T03:00:00Z,2024-09-09,9,77.31,APXMIDP
2024-09-09T03:30:00Z,2024-09-09,10,73.84,APXMIDP
2024-09-09T04:00:00Z,2024-09-09,11,64.52,APXMIDP
2024-09-09T04:30:00Z,2024-09-09,12,53.73,APXMIDP
2024-09-09T05:00:00Z,2024-09-09,13,81.41,APXMIDP
2024-09-09T05:30:00Z,2024-09-09,14,92.61,APXMIDP
2024-09-09T06:00:00Z,2024-09-09,15,96.3,APXMIDP
2024-09-09T06:30:00Z,2024-09-09,16,100.81,APXMIDP
2024-09-09T07:00:00Z,2024-09-09,17,98.11,APXMIDP
2024-09-09T07:30:00Z,2024-09-09,18,101.49,APXMIDP
2024-09-09T08:00:00Z,2024-09-09,19,99.23,APXMIDP
2024-09-09T08:30:00Z,2024-09-09,20,90.68,APXMIDP
2024-09-09T09:00:00Z,2024-09-09,21,91.57,APXMIDP
2024-09-09T09:30:00Z,2024-09-09,22,89.84,APXMIDP
2024-09-09T10:00:00Z,2024-09-09,23,77.67,APXMIDP
2024-09-09T10:30:00Z,2024-09-09,24,76.23,APXMIDP
2024-09-09T11:00:00Z,2024-09-09,25,71.32,APXMIDP
2024-09-09T11:30:00Z,2024-09-09,26,69.0,APXMIDP
2024-09-09T12:00:00Z,2024-09-09,27,64.35,APXMIDP
2024-09-09T12:30:00Z,2024-09-09,28,54.51,APXMIDP
2024-09-09T13:00:00Z,2024-09-09,29,66.23,APXMIDP
2024-09-09T13:30:00Z,2024-09-09,30,68.04,APXMIDP
2024-09-09T14:00:00Z,2024-09-09,31,68.96,APXMIDP
2024-09-09T14:30:00Z,2024-09-09,32,77.29,APXMIDP
2024-09-09T15:00:00Z,2024-09-09,33,79.8,APXMIDP
2024-09-09T15:30:00Z,2024-09-09,34,86.4,APXMIDP
2024-09-09T16:00:00Z,2024-09-09,35,95.43,APXMIDP
2024-09-09T16:30:00Z,2024-09-09,36,100.22,APXMIDP
2024-09-09T17:00:00Z,2024-09-09,37,92.23,APXMIDP
2024-09-09T17:30:00Z,2024-09-09,38,95.16,APXMIDP
2024-09-09T18:00:00Z,2024-09-09,39,93.62,APXMIDP
2024-09-09T18:30:00Z,2024-09-09,40,88.86,APXMIDP
2024-09-09T19:00:00Z,2024-09-09,41,77.88,APXMIDP
2024-09-09T19:30:00Z,2024-09-09,42,70.11,APXMIDP
2024-09-09T20:00:00Z,2024-09-09,43,77.5,APXMIDP
2024-09-09T20:30:00Z,2024-09-09,44,73.22,APXMIDP
2024-09-09T21:00:00Z,2024-09-09,45,82.42,APXMIDP
2024-09-09T21:30:00Z,2024-09-09,46,68.39,APXMIDP
2024-09-09T22:00:00Z,2024-09-09,47,78.04,APXMIDP
2024-09-09T22:30:00Z,2024-09-09,48,79.66,APXMIDP
2024-09-09T23:00:00Z,2024-09-10,1,81.2,APXMIDP
2024-09-09T23:30:00Z,2024-09-10,2,71.39,APXMIDP
2024-09-10T00:00:00Z,2024-09-10,3,77.39,APXMIDP
2024-09-10T00:30:00Z,2024-09-10,4,53.34,APXMIDP
2024-09-10T01:00:00Z,2024-09-10,5,42.6,APXMIDP
2024-09-10T01:30:00Z,2024-09-10,6,32.04,APXMIDP
2024-09-10T02:00:00Z,2024-09-10,7,34.84,APXMIDP
2024-09-10T02:30:00Z,2024-09-10,8,26.65,APXMIDP
2024-09-10T03:00:00Z,2024-09-10,9,43.63,APXMIDP
2024-09-10T03:30:00Z,2024-09-10,10,40.28,APXMIDP
2024-09-10T04:00:00Z,2024-09-10,11,51.95,APXMIDP
2024-09-10T04:30:00Z,2024-09-10,12,52.0,APXMIDP
2024-09-10T05:00:00Z,2024-09-10,13,49.85,APXMIDP
2024-09-10T05:30:00Z,2024-09-10,14,67.12,APXMIDP
2024-09-10T06:00:00Z,2024-09-10,15,74.86,APXMIDP
2024-09-10T06:30:00Z,2024-09-10,16,88.98,APXMIDP
2024-09-10T07:00:00Z,2024-09-10,17,69.12,APXMIDP
2024-09-10T07:30:00Z,2024-09-10,18,69.41,APXMIDP
2024-09-10T08:00:00Z,2024-09-10,19,62.93,APXMIDP
2024-09-10T08:30:00Z,2024-09-10,20,51.27,APXMIDP
2024-09-10T09:00:00Z,2024-09-10,21,20.15,APXMIDP
2024-09-10T09:30:00Z,2024-09-10,22,13.58,APXMIDP
2024-09-10T10:00:00Z,2024-09-10,23,6.72,APXMIDP
2024-09-10T10:30:00Z,2024-09-10,24,0.48,APXMIDP
2024-09-10T11:00:00Z,2024-09-10,25,2.07,APXMIDP
2024-09-10T11:30:00Z,2024-09-10,26,5.0,APXMIDP
2024-09-10T12:00:00Z,2024-09-10,27,8.78,APXMIDP
2024-09-10T12:30:00Z,2024-09-10,28,14.45,APXMIDP
2024-09-10T13:00:00Z,2024-09-10,29,30.53,APXMIDP
2024-09-10T13:30:00Z,2024-09-10,30,30.34,APXMIDP
2024-09-10T14:00:00Z,2024-09-10,31,29.9,APXMIDP
2024-09-10T14:30:00Z,2024-09-10,32,51.79,APXMIDP
2024-09-10T15:00:00Z,2024-09-10,33,54.44,APXMIDP
2024-09-10T15:30:00Z,2024-09-10,34,72.54,APXMIDP
2024-09-10T16:00:00Z,2024-09-10,35,87.69,APXMIDP
2024-09-10T16:30:00Z,2024-09-10,36,92.32,APXMIDP
2024-09-10T17:00:00Z,2024-09-10,37,94.2,APXMIDP
2024-09-10T17:30:00Z,2024-09-10,38,99.81,APXMIDP
2024-09-10T18:00:00Z,2024-09-10,39,101.91,APXMIDP
2024-09-10T18:30:00Z,2024-09-10,40,102.74,APXMIDP
2024-09-10T19:00:00Z,2024-09-10,41,102.47,APXMIDP
2024-09-10T19:30:00Z,2024-09-10,42,97.65,APXMIDP
2024-09-10T20:00:00Z,2024-09-10,43,85.81,APXMIDP
2024-09-10T20:30:00Z,2024-09-10,44,51.27,APXMIDP
2024-09-10T21:00:00Z,2024-09-10,45,52.95,APXMIDP
2024-09-10T21:30:00Z,2024-09-10,46,23.65,APXMIDP
2024-09-10T22:00:00Z,2024-09-10,47,24.93,APXMIDP
2024-09-10T22:30:00Z,2024-09-10,48,-4.65,APXMIDP
2024-09-10T23:00:00Z,2024-09-11,1,-3.17,APXMIDP
2024-09-10T23:30:00Z,2024-09-11,2,-8.13,APXMIDP
2024-09-11T00:00:00Z,2024-09-11,3,1.86,APXMIDP
2024-09-11T00:30:00Z,2024-09-11,4,0.82,APXMIDP
2024-09-11T01:00:00Z,2024-09-11,5,-1.08,APXMIDP
2024-09-11T01:30:00Z,2024-09-11,6,-3.2,APXMIDP
2024-09-11T02:00:00Z,2024-09-11,7,-0.62,APXMIDP
2024-09-11T02:30:00Z,2024-09-11,8,-4.79,APXMIDP
2024-09-11T03:00:00Z,2024-09-11,9,-5.17,APXMIDP
2024-09-11T03:30:00Z,2024-09-11,10,-6.39,APXMIDP
2024-09-11T04:00:00Z,2024-09-11,11,-8.27,APXMIDP
2024-09-11T04:30:00Z,2024-09-11,12,-2.32,APXMIDP
2024-09-11T05:00:00Z,2024-09-11,13,44.81,APXMIDP
2024-09-11T05:30:00Z,2024-09-11,14,72.65,APXMIDP
2024-09-11T06:00:00Z,2024-09-11,15,67.67,APXMIDP
2024-09-11T06:30:00Z,2024-09-11,16,87.09,APXMIDP
2024-09-11T07:00:00Z,2024-09-11,17,78.14,APXMIDP
2024-09-11T07:30:00Z,2024-09-11,18,69.2,APXMIDP
2024-09-11T08:00:00Z,2024-09-11,19,51.44,APXMIDP
2024-09-11T08:30:00Z,2024-09-11,20,26.87,APXMIDP
2024-09-11T09:00:00Z,2024-09-11,21,47.49,APXMIDP
2024-09-11T09:30:00Z,2024-09-11,22,37.31,APXMIDP
2024-09-11T10:00:00Z,2024-09-11,23,36.72,APXMIDP
2024-09-11T10:30:00Z,2024-09-11,24,44.94,APXMIDP
2024-09-11T11:00:00Z,2024-09-11,25,38.71,APXMIDP
2024-09-11T11:30:00Z,2024-09-11,26,30.56,APXMIDP
2024-09-11T12:00:00Z,2024-09-11,27,32.79,APXMIDP
2024-09-11T12:30:00Z,2024-09-11,28,33.65,APXMIDP
2024-09-11T13:00:00Z,2024-09-11,29,49.21,APXMIDP
2024-09-11T13:30:00Z,2024-09-11,30,52.49,APXMIDP
2024-09-11T14:00:00Z,2024-09-11,31,56.21,APXMIDP
2024-09-11T14:30:00Z,2024-09-11,32,47.34,APXMIDP
2024-09-11T15:00:00Z,2024-09-11,33,81.93,APXMIDP
2024-09-11T15:30:00Z,2024-09-11,34,85.32,APXMIDP
2024-09-11T16:00:00Z,2024-09-11,35,88.68,APXMIDP
2024-09-11T16:30:00Z,2024-09-11,36,86.43,APXMIDP
2024-09-11T17:00:00Z,2024-09-11,37,99.44,APXMIDP
2024-09-11T17:30:00Z,2024-09-11,38,103.26,APXMIDP
2024-09-11T18:00:00Z,2024-09-11,39,93.63,APXMIDP
2024-09-11T18:30:00Z,2024-09-11,40,97.34,APXMIDP
2024-09-11T19:00:00Z,2024-09-11,41,92.41,APXMIDP
2024-09-11T19:30:00Z,2024-09-11,42,84.22,APXMIDP
2024-09-11T20:00:00Z,2024-09-11,43,93.74,APXMIDP
2024-09-11T20:30:00Z,2024-09-11,44,89.21,APXMIDP
2024-09-11T21:00:00Z,2024-09-11,45,82.74,APXMIDP
2024-09-11T21:30:00Z,2024-09-11,46,80.49,APXMIDP
2024-09-11T22:00:00Z,2024-09-11,47,84.85,APXMIDP
2024-09-11T22:30:00Z,2024-09-11,48,66.4,APXMIDP
2024-09-11T23:00:00Z,2024-09-12,1,62.89,APXMIDP
2024-09-11T23:30:00Z,2024-09-12,2,66.09,APXMIDP
2024-09-12T00:00:00Z,2024-09-12,3,63.31,APXMIDP
2024-09-12T00:30:00Z,2024-09-12,4,61.01,APXMIDP
2024-09-12T01:00:00Z,2024-09-12,5,60.69,APXMIDP
2024-09-12T01:30:00Z,2024-09-12,6,67.8,APXMIDP
2024-09-12T02:00:00Z,2024-09-12,7,71.43,APXMIDP
2024-09-12T02:30:00Z,2024-09-12,8,62.89,APXMIDP
2024-09-12T03:00:00Z,2024-09-12,9,69.41,APXMIDP
2024-09-12T03:30:00Z,2024-09-12,10,64.79,APXMIDP
2024-09-12T04:00:00Z,2024-09-12,11,70.73,APXMIDP
2024-09-12T04:30:00Z,2024-09-12,12,72.6,APXMIDP
2024-09-12T05:00:00Z,2024-09-12,13,94.15,APXMIDP
2024-09-12T05:30:00Z,2024-09-12,14,108.89,APXMIDP
2024-09-12T06:00:00Z,2024-09-12,15,116.31,APXMIDP
2024-09-12T06:30:00Z,2024-09-12,16,125.77,APXMIDP
2024-09-12T07:00:00Z,2024-09-12,17,100.42,APXMIDP
2024-09-12T07:30:00Z,2024-09-12,18,87.67,APXMIDP
2024-09-12T08:00:00Z,2024-09-12,19,83.78,APXMIDP
2024-09-12T08:30:00Z,2024-09-12,20,82.92,APXMIDP
2024-09-12T09:00:00Z,2024-09-12,21,78.42,APXMIDP
2024-09-12T09:30:00Z,2024-09-12,22,83.21,APXMIDP
2024-09-12T10:00:00Z,2024-09-12,23,82.58,APXMIDP
2024-09-12T10:30:00Z,2024-09-12,24,82.02,APXMIDP
2024-09-12T11:00:00Z,2024-09-12,25,82.28,APXMIDP
2024-09-12T11:30:00Z,2024-09-12,26,77.21,APXMIDP
2024-09-12T12:00:00Z,2024-09-12,27,72.94,APXMIDP
2024-09-12T12:30:00Z,2024-09-12,28,77.94,APXMIDP
2024-09-12T13:00:00Z,2024-09-12,29,78.43,APXMIDP
2024-09-12T13:30:00Z,2024-09-12,30,67.26,APXMIDP
2024-09-12T14:00:00Z,2024-09-12,31,67.12,APXMIDP
2024-09-12T14:30:00Z,2024-09-12,32,71.58,APXMIDP
2024-09-12T15:00:00Z,2024-09-12,33,65.65,APXMIDP
2024-09-12T15:30:00Z,2024-09-12,34,62.93,APXMIDP
2024-09-12T16:00:00Z,2024-09-12,35,71.61,APXMIDP
2024-09-12T16:30:00Z,2024-09-12,36,75.78,APXMIDP
2024-09-12T17:00:00Z,2024-09-12,37,95.44,APXMIDP
2024-09-12T17:30:00Z,2024-09-12,38,98.99,APXMIDP
2024-09-12T18:00:00Z,2024-09-12,39,97.96,APXMIDP
2024-09-12T18:30:00Z,2024-09-12,40,101.85,APXMIDP
2024-09-12T19:00:00Z,2024-09-12,41,99.0,APXMIDP
2024-09-12T19:30:00Z,2024-09-12,42,95.58,APXMIDP
2024-09-12T20:00:00Z,2024-09-12,43,86.96,APXMIDP
2024-09-12T20:30:00Z,2024-09-12,44,80.99,APXMIDP
2024-09-12T21:00:00Z,2024-09-12,45,81.28,APXMIDP
2024-09-12T21:30:00Z,2024-09-12,46,73.97,APXMIDP
2024-09-12T22:00:00Z,2024-09-12,47,69.92,APXMIDP
2024-09-12T22:30:00Z,2024-09-12,48,74.6,APXMIDP
2024-09-12T23:00:00Z,2024-09-13,1,73.2,APXMIDP
2024-09-12T23:30:00Z,2024-09-13,2,68.65,APXMIDP
2024-09-13T00:00:00Z,2024-09-13,3,73.33,APXMIDP
2024-09-13T00:30:00Z,2024-09-13,4,67.57,APXMIDP
2024-09-13T01:00:00Z,2024-09-13,5,64.66,APXMIDP
2024-09-13T01:30:00Z,2024-09-13,6,68.6,APXMIDP
2024-09-13T02:00:00Z,2024-09-13,7,68.8,APXMIDP
2024-09-13T02:30:00Z,2024-09-13,8,66.86,APXMIDP
2024-09-13T03:00:00Z,2024-09-13,9,65.61,APXMIDP
2024-09-13T03:30:00Z,2024-09-13,10,65.57,APXMIDP
2024-09-13T04:00:00Z,2024-09-13,11,77.77,APXMIDP
2024-09-13T04:30:00Z,2024-09-13,12,78.66,APXMIDP
2024-09-13T05:00:00Z,2024-09-13,13,92.38,APXMIDP
2024-09-13T05:30:00Z,2024-09-13,14,103.29,APXMIDP
2024-09-13T06:00:00Z,2024-09-13,15,109.3,APXMIDP
2024-09-13T06:30:00Z,2024-09-13,16,118.83,APXMIDP
2024-09-13T07:00:00Z,2024-09-13,17,101.53,APXMIDP
2024-09-13T07:30:00Z,2024-09-13,18,94.81,APXMIDP
2024-09-13T08:00:00Z,2024-09-13,19,85.49,APXMIDP
2024-09-13T08:30:00Z,2024-09-13,20,78.19,APXMIDP
2024-09-13T09:00:00Z,2024-09-13,21,81.64,APXMIDP
2024-09-13T09:30:00Z,2024-09-13,22,78.28,APXMIDP
2024-09-13T10:00:00Z,2024-09-13,23,52.59,APXMIDP
2024-09-13T10:30:00Z,2024-09-13,24,65.97,APXMIDP
2024-09-13T11:00:00Z,2024-09-13,25,66.83,APXMIDP
2024-09-13T11:30:00Z,2024-09-13,26,73.16,APXMIDP
2024-09-13T12:00:00Z,2024-09-13,27,69.64,APXMIDP
2024-09-13T12:30:00Z,2024-09-13,28,73.38,APXMIDP
2024-09-13T13:00:00Z,2024-09-13,29,67.27,APXMIDP
2024-09-13T13:30:00Z,2024-09-13,30,72.99,APXMIDP
2024-09-13T14:00:00Z,2024-09-13,31,66.44,APXMIDP
2024-09-13T14:30:00Z,2024-09-13,32,66.24,APXMIDP
2024-09-13T15:00:00Z,2024-09-13,33,76.2,APXMIDP
2024-09-13T15:30:00Z,2024-09-13,34,72.08,APXMIDP
2024-09-13T16:00:00Z,2024-09-13,35,71.87,APXMIDP
2024-09-13T16:30:00Z,2024-09-13,36,79.28,APXMIDP
2024-09-13T17:00:00Z,2024-09-13,37,82.46,APXMIDP
2024-09-13T17:30:00Z,2024-09-13,38,85.1,APXMIDP
2024-09-13T18:00:00Z,2024-09-13,39,91.45,APXMIDP
2024-09-13T18:30:00Z,2024-09-13,40,93.51,APXMIDP
2024-09-13T19:00:00Z,2024-09-13,41,87.32,APXMIDP
2024-09-13T19:30:00Z,2024-09-13,42,82.04,APXMIDP
2024-09-13T20:00:00Z,2024-09-13,43,74.34,APXMIDP
2024-09-13T20:30:00Z,2024-09-13,44,72.42,APXMIDP
2024-09-13T21:00:00Z,2024-09-13,45,71.85,APXMIDP
2024-09-13T21:30:00Z,2024-09-13,46,68.98,APXMIDP
2024-09-13T22:00:00Z,2024-09-13,47,72.2,APXMIDP
2024-09-13T22:30:00Z,2024-09-13,48,74.21,APXMIDP
2024-09-13T23:00:00Z,2024-09-14,1,73.26,APXMIDP
2024-09-13T23:30:00Z,2024-09-14,2,66.81,APXMIDP
2024-09-14T00:00:00Z,2024-09-14,3,55.22,APXMIDP
2024-09-14T00:30:00Z,2024-09-14,4,52.97,APXMIDP
2024-09-14T01:00:00Z,2024-09-14,5,51.09,APXMIDP
2024-09-14T01:30:00Z,2024-09-14,6,46.33,APXMIDP
2024-09-14T02:00:00Z,2024-09-14,7,45.3,APXMIDP
2024-09-14T02:30:00Z,2024-09-14,8,42.83,APXMIDP
2024-09-14T03:00:00Z,2024-09-14,9,42.7,APXMIDP
2024-09-14T03:30:00Z,2024-09-14,10,41.09,APXMIDP
2024-09-14T04:00:00Z,2024-09-14,11,46.05,APXMIDP
2024-09-14T04:30:00Z,2024-09-14,12,46.06,APXMIDP
2024-09-14T05:00:00Z,2024-09-14,13,45.5,APXMIDP
2024-09-14T05:30:00Z,2024-09-14,14,44.78,APXMIDP
2024-09-14T06:00:00Z,2024-09-14,15,52.51,APXMIDP
2024-09-14T06:30:00Z,2024-09-14,16,57.31,APXMIDP
2024-09-14T07:00:00Z,2024-09-14,17,54.56,APXMIDP
2024-09-14T07:30:00Z,2024-09-14,18,52.08,APXMIDP
2024-09-14T08:00:00Z,2024-09-14,19,28.11,APXMIDP
2024-09-14T08:30:00Z,2024-09-14,20,12.65,APXMIDP
2024-09-14T09:00:00Z,2024-09-14,21,0.76,APXMIDP
2024-09-14T09:30:00Z,2024-09-14,22,-9.8,APXMIDP
2024-09-14T10:00:00Z,2024-09-14,23,-17.49,APXMIDP
2024-09-14T10:30:00Z,2024-09-14,24,-25.32,APXMIDP
2024-09-14T11:00:00Z,2024-09-14,25,-22.68,APXMIDP
2024-09-14T11:30:00Z,2024-09-14,26,-25.71,APXMIDP
2024-09-14T12:00:00Z,2024-09-14,27,-15.04,APXMIDP
2024-09-14T12:30:00Z,2024-09-14,28,-16.61,APXMIDP
2024-09-14T13:00:00Z,2024-09-14,29,-20.15,APXMIDP
2024-09-14T13:30:00Z,2024-09-14,30,-20.84,APXMIDP
2024-09-14T14:00:00Z,2024-09-14,31,-14.79,APXMIDP
2024-09-14T14:30:00Z,2024-09-14,32,-5.47,APXMIDP
2024-09-14T15:00:00Z,2024-09-14,33,-2.09,APXMIDP
2024-09-14T15:30:00Z,2024-09-14,34,20.7,APXMIDP
2024-09-14T16:00:00Z,2024-09-14,35,38.82,APXMIDP
2024-09-14T16:30:00Z,2024-09-14,36,65.35,APXMIDP
2024-09-14T17:00:00Z,2024-09-14,37,59.15,APXMIDP
2024-09-14T17:30:00Z,2024-09-14,38,68.95,APXMIDP
2024-09-14T18:00:00Z,2024-09-14,39,77.94,APXMIDP
2024-09-14T18:30:00Z,2024-09-14,40,84.79,APXMIDP
2024-09-14T19:00:00Z,2024-09-14,41,77.4,APXMIDP
2024-09-14T19:30:00Z,2024-09-14,42,72.28,APXMIDP
2024-09-14T20:00:00Z,2024-09-14,43,72.15,APXMIDP
2024-09-14T20:30:00Z,2024-09-14,44,66.8,APXMIDP
2024-09-14T21:00:00Z,2024-09-14,45,66.42,APXMIDP
2024-09-14T21:30:00Z,2024-09-14,46,56.29,APXMIDP
2024-09-14T22:00:00Z,2024-09-14,47,64.56,APXMIDP
2024-09-14T22:30:00Z,2024-09-14,48,61.03,APXMIDP
2024-09-14T23:00:00Z,2024-09-15,1,50.9,APXMIDP
2024-09-14T23:30:00Z,2024-09-15,2,53.85,APXMIDP
2024-09-15T00:00:00Z,2024-09-15,3,44.84,APXMIDP
2024-09-15T00:30:00Z,2024-09-15,4,54.55,APXMIDP
2024-09-15T01:00:00Z,2024-09-15,5,52.92,APXMIDP
2024-09-15T01:30:00Z,2024-09-15,6,49.23,APXMIDP
2024-09-15T02:00:00Z,2024-09-15,7,45.76,APXMIDP
2024-09-15T02:30:00Z,2024-09-15,8,51.44,APXMIDP
2024-09-15T03:00:00Z,2024-09-15,9,61.96,APXMIDP
2024-09-15T03:30:00Z,2024-09-15,10,67.02,APXMIDP
2024-09-15T04:00:00Z,2024-09-15,11,59.9,APXMIDP
2024-09-15T04:30:00Z,2024-09-15,12,58.72,APXMIDP
2024-09-15T05:00:00Z,2024-09-15,13,67.35,APXMIDP
2024-09-15T05:30:00Z,2024-09-15,14,74.55,APXMIDP
2024-09-15T06:00:00Z,2024-09-15,15,77.04,APXMIDP
2024-09-15T06:30:00Z,2024-09-15,16,86.29,APXMIDP
2024-09-15T07:00:00Z,2024-09-15,17,87.18,APXMIDP
2024-09-15T07:30:00Z,2024-09-15,18,93.9,APXMIDP
2024-09-15T08:00:00Z,2024-09-15,19,94.6,APXMIDP
2024-09-15T08:30:00Z,2024-09-15,20,93.34,APXMIDP
2024-09-15T09:00:00Z,2024-09-15,21,94.72,APXMIDP
2024-09-15T09:30:00Z,2024-09-15,22,92.25,APXMIDP
2024-09-15T10:00:00Z,2024-09-15,23,89.88,APXMIDP
2024-09-15T10:30:00Z,2024-09-15,24,92.8,APXMIDP
2024-09-15T11:00:00Z,2024-09-15,25,97.09,APXMIDP
2024-09-15T11:30:00Z,2024-09-15,26,98.01,APXMIDP
2024-09-15T12:00:00Z,2024-09-15,27,98.09,APXMIDP
2024-09-15T12:30:00Z,2024-09-15,28,97.08,APXMIDP
2024-09-15T13:00:00Z,2024-09-15,29,96.37,APXMIDP
2024-09-15T13:30:00Z,2024-09-15,30,95.77,APXMIDP
2024-09-15T14:00:00Z,2024-09-15,31,92.66,APXMIDP
2024-09-15T14:30:00Z,2024-09-15,32,87.77,APXMIDP
2024-09-15T15:00:00Z,2024-09-15,33,82.15,APXMIDP
2024-09-15T15:30:00Z,2024-09-15,34,77.36,APXMIDP
2024-09-15T16:00:00Z,2024-09-15,35,97.48,APXMIDP
2024-09-15T16:30:00Z,2024-09-15,36,99.25,APXMIDP
2024-09-15T17:00:00Z,2024-09-15,37,100.45,APXMIDP
2024-09-15T17:30:00Z,2024-09-15,38,102.3,APXMIDP
2024-09-15T18:00:00Z,2024-09-15,39,97.77,APXMIDP
2024-09-15T18:30:00Z,2024-09-15,40,100.79,APXMIDP
2024-09-15T19:00:00Z,2024-09-15,41,85.33,APXMIDP
2024-09-15T19:30:00Z,2024-09-15,42,85.9,APXMIDP
2024-09-15T20:00:00Z,2024-09-15,43,90.97,APXMIDP
2024-09-15T20:30:00Z,2024-09-15,44,82.3,APXMIDP
2024-09-15T21:00:00Z,2024-09-15,45,81.74,APXMIDP
2024-09-15T21:30:00Z,2024-09-15,46,74.74,APXMIDP
2024-09-15T22:00:00Z,2024-09-15,47,71.91,APXMIDP
2024-09-15T22:30:00Z,2024-09-15,48,70.91,APXMIDP
2024-09-15T23:00:00Z,2024-09-16,1,73.4,APXMIDP
2024-09-15T23:30:00Z,2024-09-16,2,75.18,APXMIDP
2024-09-16T00:00:00Z,2024-09-16,3,76.41,APXMIDP
2024-09-16T00:30:00Z,2024-09-16,4,78.25,APXMIDP
2024-09-16T01:00:00Z,2024-09-16,5,79.56,APXMIDP
2024-09-16T01:30:00Z,2024-09-16,6,76.95,APXMIDP
2024-09-16T02:00:00Z,2024-09-16,7,76.68,APXMIDP
2024-09-16T02:30:00Z,2024-09-16,8,75.97,APXMIDP
2024-09-16T03:00:00Z,2024-09-16,9,75.41,APXMIDP
2024-09-16T03:30:00Z,2024-09-16,10,76.32,APXMIDP
2024-09-16T04:00:00Z,2024-09-16,11,79.18,APXMIDP
2024-09-16T04:30:00Z,2024-09-16,12,82.74,APXMIDP
2024-09-16T05:00:00Z,2024-09-16,13,100.05,APXMIDP
2024-09-16T05:30:00Z,2024-09-16,14,119.48,APXMIDP
2024-09-16T06:00:00Z,2024-09-16,15,133.16,APXMIDP
2024-09-16T06:30:00Z,2024-09-16,16,147.86,APXMIDP
2024-09-16T07:00:00Z,2024-09-16,17,140.0,APXMIDP
2024-09-16T07:30:00Z,2024-09-16,18,137.33,APXMIDP
2024-09-16T08:00:00Z,2024-09-16,19,112.19,APXMIDP
2024-09-16T08:30:00Z,2024-09-16,20,105.16,APXMIDP
2024-09-16T09:00:00Z,2024-09-16,21,99.62,APXMIDP
2024-09-16T09:30:00Z,2024-09-16,22,93.6,APXMIDP
2024-09-16T10:00:00Z,2024-09-16,23,80.35,APXMIDP
2024-09-16T10:30:00Z,2024-09-16,24,77.59,APXMIDP
2024-09-16T11:00:00Z,2024-09-16,25,76.14,APXMIDP
2024-09-16T11:30:00Z,2024-09-16,26,75.01,APXMIDP
2024-09-16T12:00:00Z,2024-09-16,27,77.04,APXMIDP
2024-09-16T12:30:00Z,2024-09-16,28,76.01,APXMIDP
2024-09-16T13:00:00Z,2024-09-16,29,75.11,APXMIDP
2024-09-16T13:30:00Z,2024-09-16,30,74.93,APXMIDP
2024-09-16T14:00:00Z,2024-09-16,31,77.51,APXMIDP
2024-09-16T14:30:00Z,2024-09-16,32,78.16,APXMIDP
2024-09-16T15:00:00Z,2024-09-16,33,80.66,APXMIDP
2024-09-16T15:30:00Z,2024-09-16,34,90.22,APXMIDP
2024-09-16T16:00:00Z,2024-09-16,35,108.91,APXMIDP
2024-09-16T16:30:00Z,2024-09-16,36,115.86,APXMIDP
2024-09-16T17:00:00Z,2024-09-16,37,115.12,APXMIDP
2024-09-16T17:30:00Z,2024-09-16,38,115.96,APXMIDP
2024-09-16T18:00:00Z,2024-09-16,39,115.02,APXMIDP
2024-09-16T18:30:00Z,2024-09-16,40,116.47,APXMIDP
2024-09-16T19:00:00Z,2024-09-16,41,100.96,APXMIDP
2024-09-16T19:30:00Z,2024-09-16,42,93.06,APXMIDP
2024-09-16T20:00:00Z,2024-09-16,43,83.14,APXMIDP
2024-09-16T20:30:00Z,2024-09-16,44,79.45,APXMIDP
2024-09-16T21:00:00Z,2024-09-16,45,78.05,APXMIDP
2024-09-16T21:30:00Z,2024-09-16,46,78.67,APXMIDP
2024-09-16T22:00:00Z,2024-09-16,47,74.21,APXMIDP
2024-09-16T22:30:00Z,2024-09-16,48,76.61,APXMIDP
2024-09-16T23:00:00Z,2024-09-17,1,79.53,APXMIDP
2024-09-16T23:30:00Z,2024-09-17,2,74.41,APXMIDP
2024-09-17T00:00:00Z,2024-09-17,3,72.77,APXMIDP
2024-09-17T00:30:00Z,2024-09-17,4,73.66,APXMIDP
2024-09-17T01:00:00Z,2024-09-17,5,70.21,APXMIDP
2024-09-17T01:30:00Z,2024-09-17,6,73.75,APXMIDP
2024-09-17T02:00:00Z,2024-09-17,7,70.79,APXMIDP
2024-09-17T02:30:00Z,2024-09-17,8,71.12,APXMIDP
2024-09-17T03:00:00Z,2024-09-17,9,77.92,APXMIDP
2024-09-17T03:30:00Z,2024-09-17,10,78.71,APXMIDP
2024-09-17T04:00:00Z,2024-09-17,11,90.38,APXMIDP
2024-09-17T04:30:00Z,2024-09-17,12,79.73,APXMIDP
2024-09-17T05:00:00Z,2024-09-17,13,92.78,APXMIDP
2024-09-17T05:30:00Z,2024-09-17,14,99.07,APXMIDP
2024-09-17T06:00:00Z,2024-09-17,15,119.02,APXMIDP
2024-09-17T06:30:00Z,2024-09-17,16,124.71,APXMIDP
2024-09-17T07:00:00Z,2024-09-17,17,90.65,APXMIDP
2024-09-17T07:30:00Z,2024-09-17,18,82.37,APXMIDP
2024-09-17T08:00:00Z,2024-09-17,19,78.95,APXMIDP
2024-09-17T08:30:00Z,2024-09-17,20,75.59,APXMIDP
2024-09-17T09:00:00Z,2024-09-17,21,69.91,APXMIDP
2024-09-17T09:30:00Z,2024-09-17,22,66.87,APXMIDP
2024-09-17T10:00:00Z,2024-09-17,23,62.87,APXMIDP
2024-09-17T10:30:00Z,2024-09-17,24,64.45,APXMIDP
2024-09-17T11:00:00Z,2024-09-17,25,62.99,APXMIDP
2024-09-17T11:30:00Z,2024-09-17,26,62.15,APXMIDP
2024-09-17T12:00:00Z,2024-09-17,27,64.91,APXMIDP
2024-09-17T12:30:00Z,2024-09-17,28,63.71,APXMIDP
2024-09-17T13:00:00Z,2024-09-17,29,61.25,APXMIDP
2024-09-17T13:30:00Z,2024-09-17,30,61.98,APXMIDP
2024-09-17T14:00:00Z,2024-09-17,31,63.87,APXMIDP
2024-09-17T14:30:00Z,2024-09-17,32,67.89,APXMIDP
2024-09-17T15:00:00Z,2024-09-17,33,70.5,APXMIDP
2024-09-17T15:30:00Z,2024-09-17,34,73.78,APXMIDP
2024-09-17T16:00:00Z,2024-09-17,35,99.27,APXMIDP
2024-09-17T16:30:00Z,2024-09-17,36,102.09,APXMIDP
2024-09-17T17:00:00Z,2024-09-17,37,112.57,APXMIDP
2024-09-17T17:30:00Z,2024-09-17,38,116.23,APXMIDP
2024-09-17T18:00:00Z,2024-09-17,39,103.76,APXMIDP
2024-09-17T18:30:00Z,2024-09-17,40,106.97,APXMIDP
2024-09-17T19:00:00Z,2024-09-17,41,107.38,APXMIDP
2024-09-17T19:30:00Z,2024-09-17,42,89.05,APXMIDP
2024-09-17T20:00:00Z,2024-09-17,43,83.1,APXMIDP
2024-09-17T20:30:00Z,2024-09-17,44,82.16,APXMIDP
2024-09-17T21:00:00Z,2024-09-17,45,80.46,APXMIDP
2024-09-17T21:30:00Z,2024-09-17,46,74.35,APXMIDP
2024-09-17T22:00:00Z,2024-09-17,47,75.91,APXMIDP
2024-09-17T22:30:00Z,2024-09-17,48,72.61,APXMIDP
2024-09-17T23:00:00Z,2024-09-18,1,73.98,APXMIDP
2024-09-17T23:30:00Z,2024-09-18,2,72.43,APXMIDP
2024-09-18T00:00:00Z,2024-09-18,3,69.85,APXMIDP
2024-09-18T00:30:00Z,2024-09-18,4,70.73,APXMIDP
2024-09-18T01:00:00Z,2024-09-18,5,74.87,APXMIDP
2024-09-18T01:30:00Z,2024-09-18,6,72.11,APXMIDP
2024-09-18T02:00:00Z,2024-09-18,7,68.32,APXMIDP
2024-09-18T02:30:00Z,2024-09-18,8,70.86,APXMIDP
2024-09-18T03:00:00Z,2024-09-18,9,68.17,APXMIDP
2024-09-18T03:30:00Z,2024-09-18,10,66.63,APXMIDP
2024-09-18T04:00:00Z,2024-09-18,11,78.67,APXMIDP
2024-09-18T04:30:00Z,2024-09-18,12,73.79,APXMIDP
2024-09-18T05:00:00Z,2024-09-18,13,89.31,APXMIDP
2024-09-18T05:30:00Z,2024-09-18,14,104.03,APXMIDP
2024-09-18T06:00:00Z,2024-09-18,15,101.07,APXMIDP
2024-09-18T06:30:00Z,2024-09-18,16,111.74,APXMIDP
2024-09-18T07:00:00Z,2024-09-18,17,104.2,APXMIDP
2024-09-18T07:30:00Z,2024-09-18,18,100.02,APXMIDP
2024-09-18T08:00:00Z,2024-09-18,19,88.78,APXMIDP
2024-09-18T08:30:00Z,2024-09-18,20,88.32,APXMIDP
2024-09-18T09:00:00Z,2024-09-18,21,96.08,APXMIDP
2024-09-18T09:30:00Z,2024-09-18,22,93.8,APXMIDP
2024-09-18T10:00:00Z,2024-09-18,23,75.76,APXMIDP
2024-09-18T10:30:00Z,2024-09-18,24,71.4,APXMIDP
2024-09-18T11:00:00Z,2024-09-18,25,68.82,APXMIDP
2024-09-18T11:30:00Z,2024-09-18,26,69.18,APXMIDP
2024-09-18T12:00:00Z,2024-09-18,27,68.75,APXMIDP
2024-09-18T12:30:00Z,2024-09-18,28,69.79,APXMIDP
2024-09-18T13:00:00Z,2024-09-18,29,67.72,APXMIDP
2024-09-18T13:30:00Z,2024-09-18,30,65.12,APXMIDP
2024-09-18T14:00:00Z,2024-09-18,31,65.97,APXMIDP
2024-09-18T14:30:00Z,2024-09-18,32,68.14,APXMIDP
2024-09-18T15:00:00Z,2024-09-18,33,77.27,APXMIDP
2024-09-18T15:30:00Z,2024-09-18,34,84.16,APXMIDP
2024-09-18T16:00:00Z,2024-09-18,35,93.76,APXMIDP
2024-09-18T16:30:00Z,2024-09-18,36,102.25,APXMIDP
2024-09-18T17:00:00Z,2024-09-18,37,108.65,APXMIDP
2024-09-18T17:30:00Z,2024-09-18,38,109.58,APXMIDP
2024-09-18T18:00:00Z,2024-09-18,39,107.1,APXMIDP
2024-09-18T18:30:00Z,2024-09-18,40,110.0,APXMIDP
2024-09-18T19:00:00Z,2024-09-18,41,99.34,APXMIDP
2024-09-18T19:30:00Z,2024-09-18,42,89.75,APXMIDP
2024-09-18T20:00:00Z,2024-09-18,43,81.17,APXMIDP
2024-09-18T20:30:00Z,2024-09-18,44,76.92,APXMIDP
2024-09-18T21:00:00Z,2024-09-18,45,79.03,APXMIDP
2024-09-18T21:30:00Z,2024-09-18,46,77.29,APXMIDP
2024-09-18T22:00:00Z,2024-09-18,47,75.35,APXMIDP
2024-09-18T22:30:00Z,2024-09-18,48,73.39,APXMIDP
2024-09-18T23:00:00Z,2024-09-19,1,75.87,APXMIDP
2024-09-18T23:30:00Z,2024-09-19,2,72.67,APXMIDP
2024-09-19T00:00:00Z,2024-09-19,3,74.18,APXMIDP
2024-09-19T00:30:00Z,2024-09-19,4,76.26,APXMIDP
2024-09-19T01:00:00Z,2024-09-19,5,80.99,APXMIDP
2024-09-19T01:30:00Z,2024-09-19,6,80.06,APXMIDP
2024-09-19T02:00:00Z,2024-09-19,7,81.02,APXMIDP
2024-09-19T02:30:00Z,2024-09-19,8,82.33,APXMIDP
2024-09-19T03:00:00Z,2024-09-19,9,85.82,APXMIDP
2024-09-19T03:30:00Z,2024-09-19,10,84.31,APXMIDP
2024-09-19T04:00:00Z,2024-09-19,11,94.59,APXMIDP
2024-09-19T04:30:00Z,2024-09-19,12,83.38,APXMIDP
2024-09-19T05:00:00Z,2024-09-19,13,99.68,APXMIDP
2024-09-19T05:30:00Z,2024-09-19,14,110.99,APXMIDP
2024-09-19T06:00:00Z,2024-09-19,15,111.58,APXMIDP
2024-09-19T06:30:00Z,2024-09-19,16,119.54,APXMIDP
2024-09-19T07:00:00Z,2024-09-19,17,107.43,APXMIDP
2024-09-19T07:30:00Z,2024-09-19,18,101.55,APXMIDP
2024-09-19T08:00:00Z,2024-09-19,19,96.27,APXMIDP
2024-09-19T08:30:00Z,2024-09-19,20,90.99,APXMIDP
2024-09-19T09:00:00Z,2024-09-19,21,86.13,APXMIDP
2024-09-19T09:30:00Z,2024-09-19,22,87.69,APXMIDP
2024-09-19T10:00:00Z,2024-09-19,23,80.89,APXMIDP
2024-09-19T10:30:00Z,2024-09-19,24,71.4,APXMIDP
2024-09-19T11:00:00Z,2024-09-19,25,65.65,APXMIDP
2024-09-19T11:30:00Z,2024-09-19,26,71.28,APXMIDP
2024-09-19T12:00:00Z,2024-09-19,27,68.32,APXMIDP
2024-09-19T12:30:00Z,2024-09-19,28,65.25,APXMIDP
2024-09-19T13:00:00Z,2024-09-19,29,68.56,APXMIDP
2024-09-19T13:30:00Z,2024-09-19,30,73.54,APXMIDP
2024-09-19T14:00:00Z,2024-09-19,31,77.37,APXMIDP
2024-09-19T14:30:00Z,2024-09-19,32,75.37,APXMIDP
2024-09-19T15:00:00Z,2024-09-19,33,82.53,APXMIDP
2024-09-19T15:30:00Z,2024-09-19,34,95.09,APXMIDP
2024-09-19T16:00:00Z,2024-09-19,35,111.17,APXMIDP
2024-09-19T16:30:00Z,2024-09-19,36,108.03,APXMIDP
2024-09-19T17:00:00Z,2024-09-19,37,113.08,APXMIDP
2024-09-19T17:30:00Z,2024-09-19,38,112.01,APXMIDP
2024-09-19T18:00:00Z,2024-09-19,39,101.21,APXMIDP
2024-09-19T18:30:00Z,2024-09-19,40,99.85,APXMIDP
2024-09-19T19:00:00Z,2024-09-19,41,98.88,APXMIDP
2024-09-19T19:30:00Z,2024-09-19,42,91.08,APXMIDP
2024-09-19T20:00:00Z,2024-09-19,43,83.35,APXMIDP
2024-09-19T20:30:00Z,2024-09-19,44,82.91,APXMIDP
2024-09-19T21:00:00Z,2024-09-19,45,80.6,APXMIDP
2024-09-19T21:30:00Z,2024-09-19,46,77.97,APXMIDP
2024-09-19T22:00:00Z,2024-09-19,47,68.3,APXMIDP
2024-09-19T22:30:00Z,2024-09-19,48,64.94,APXMIDP
2024-09-19T23:00:00Z,2024-09-20,1,65.25,APXMIDP
2024-09-19T23:30:00Z,2024-09-20,2,64.09,APXMIDP
2024-09-20T00:00:00Z,2024-09-20,3,67.38,APXMIDP
2024-09-20T00:30:00Z,2024-09-20,4,68.92,APXMIDP
2024-09-20T01:00:00Z,2024-09-20,5,64.33,APXMIDP
2024-09-20T01:30:00Z,2024-09-20,6,68.71,APXMIDP
2024-09-20T02:00:00Z,2024-09-20,7,69.0,APXMIDP
2024-09-20T02:30:00Z,2024-09-20,8,67.07,APXMIDP
2024-09-20T03:00:00Z,2024-09-20,9,68.62,APXMIDP
2024-09-20T03:30:00Z,2024-09-20,10,65.86,APXMIDP
2024-09-20T04:00:00Z,2024-09-20,11,72.26,APXMIDP
2024-09-20T04:30:00Z,2024-09-20,12,63.53,APXMIDP
2024-09-20T05:00:00Z,2024-09-20,13,70.21,APXMIDP
2024-09-20T05:30:00Z,2024-09-20,14,77.83,APXMIDP
2024-09-20T06:00:00Z,2024-09-20,15,70.25,APXMIDP
2024-09-20T06:30:00Z,2024-09-20,16,74.88,APXMIDP
2024-09-20T07:00:00Z,2024-09-20,17,70.71,APXMIDP
2024-09-20T07:30:00Z,2024-09-20,18,74.77,APXMIDP
2024-09-20T08:00:00Z,2024-09-20,19,72.52,APXMIDP
2024-09-20T08:30:00Z,2024-09-20,20,70.43,APXMIDP
2024-09-20T09:00:00Z,2024-09-20,21,67.12,APXMIDP
2024-09-20T09:30:00Z,2024-09-20,22,67.28,APXMIDP
2024-09-20T10:00:00Z,2024-09-20,23,68.93,APXMIDP
2024-09-20T10:30:00Z,2024-09-20,24,73.95,APXMIDP
2024-09-20T11:00:00Z,2024-09-20,25,77.39,APXMIDP
2024-09-20T11:30:00Z,2024-09-20,26,72.5,APXMIDP
2024-09-20T12:00:00Z,2024-09-20,27,74.09,APXMIDP
2024-09-20T12:30:00Z,2024-09-20,28,71.62,APXMIDP
2024-09-20T13:00:00Z,2024-09-20,29,72.11,APXMIDP
2024-09-20T13:30:00Z,2024-09-20,30,73.33,APXMIDP
2024-09-20T14:00:00Z,2024-09-20,31,69.98,APXMIDP
2024-09-20T14:30:00Z,2024-09-20,32,67.6,APXMIDP
2024-09-20T15:00:00Z,2024-09-20,33,68.78,APXMIDP
2024-09-20T15:30:00Z,2024-09-20,34,71.5,APXMIDP
2024-09-20T16:00:00Z,2024-09-20,35,89.63,APXMIDP
2024-09-20T16:30:00Z,2024-09-20,36,90.01,APXMIDP
2024-09-20T17:00:00Z,2024-09-20,37,97.24,APXMIDP
2024-09-20T17:30:00Z,2024-09-20,38,96.4,APXMIDP
2024-09-20T18:00:00Z,2024-09-20,39,91.64,APXMIDP
2024-09-20T18:30:00Z,2024-09-20,40,92.79,APXMIDP
2024-09-20T19:00:00Z,2024-09-20,41,86.0,APXMIDP
2024-09-20T19:30:00Z,2024-09-20,42,82.23,APXMIDP
2024-09-20T20:00:00Z,2024-09-20,43,75.78,APXMIDP
2024-09-20T20:30:00Z,2024-09-20,44,78.92,APXMIDP
2024-09-20T21:00:00Z,2024-09-20,45,78.82,APXMIDP
2024-09-20T21:30:00Z,2024-09-20,46,74.46,APXMIDP
2024-09-20T22:00:00Z,2024-09-20,47,82.23,APXMIDP
2024-09-20T22:30:00Z,2024-09-20,48,80.05,APXMIDP
2024-09-20T23:00:00Z,2024-09-21,1,77.6,APXMIDP
2024-09-20T23:30:00Z,2024-09-21,2,75.97,APXMIDP
2024-09-21T00:00:00Z,2024-09-21,3,73.49,APXMIDP
2024-09-21T00:30:00Z,2024-09-21,4,76.02,APXMIDP
2024-09-21T01:00:00Z,2024-09-21,5,77.89,APXMIDP
2024-09-21T01:30:00Z,2024-09-21,6,77.93,APXMIDP
2024-09-21T02:00:00Z,2024-09-21,7,85.48,APXMIDP
2024-09-21T02:30:00Z,2024-09-21,8,83.58,APXMIDP
2024-09-21T03:00:00Z,2024-09-21,9,83.98,APXMIDP
2024-09-21T03:30:00Z,2024-09-21,10,83.66,APXMIDP
2024-09-21T04:00:00Z,2024-09-21,11,91.15,APXMIDP
2024-09-21T04:30:00Z,2024-09-21,12,87.19,APXMIDP
2024-09-21T05:00:00Z,2024-09-21,13,88.8,APXMIDP
2024-09-21T05:30:00Z,2024-09-21,14,80.87,APXMIDP
2024-09-21T06:00:00Z,2024-09-21,15,75.69,APXMIDP
2024-09-21T06:30:00Z,2024-09-21,16,84.78,APXMIDP
2024-09-21T07:00:00Z,2024-09-21,17,90.08,APXMIDP
2024-09-21T07:30:00Z,2024-09-21,18,94.67,APXMIDP
2024-09-21T08:00:00Z,2024-09-21,19,95.92,APXMIDP
2024-09-21T08:30:00Z,2024-09-21,20,97.24,APXMIDP
2024-09-21T09:00:00Z,2024-09-21,21,98.67,APXMIDP
2024-09-21T09:30:00Z,2024-09-21,22,97.39,APXMIDP
2024-09-21T10:00:00Z,2024-09-21,23,93.05,APXMIDP
2024-09-21T10:30:00Z,2024-09-21,24,91.96,APXMIDP
2024-09-21T11:00:00Z,2024-09-21,25,89.75,APXMIDP
2024-09-21T11:30:00Z,2024-09-21,26,89.75,APXMIDP
2024-09-21T12:00:00Z,2024-09-21,27,87.33,APXMIDP
2024-09-21T12:30:00Z,2024-09-21,28,84.11,APXMIDP
2024-09-21T13:00:00Z,2024-09-21,29,82.67,APXMIDP
2024-09-21T13:30:00Z,2024-09-21,30,82.78,APXMIDP
2024-09-21T14:00:00Z,2024-09-21,31,85.57,APXMIDP
2024-09-21T14:30:00Z,2024-09-21,32,84.04,APXMIDP
2024-09-21T15:00:00Z,2024-09-21,33,88.14,APXMIDP
2024-09-21T15:30:00Z,2024-09-21,34,85.89,APXMIDP
2024-09-21T16:00:00Z,2024-09-21,35,109.06,APXMIDP
2024-09-21T16:30:00Z,2024-09-21,36,113.43,APXMIDP
2024-09-21T17:00:00Z,2024-09-21,37,114.26,APXMIDP
2024-09-21T17:30:00Z,2024-09-21,38,116.62,APXMIDP
2024-09-21T18:00:00Z,2024-09-21,39,110.4,APXMIDP
2024-09-21T18:30:00Z,2024-09-21,40,107.92,APXMIDP
2024-09-21T19:00:00Z,2024-09-21,41,101.01,APXMIDP
2024-09-21T19:30:00Z,2024-09-21,42,85.13,APXMIDP
2024-09-21T20:00:00Z,2024-09-21,43,83.93,APXMIDP
2024-09-21T20:30:00Z,2024-09-21,44,80.41,APXMIDP
2024-09-21T21:00:00Z,2024-09-21,45,82.86,APXMIDP
2024-09-21T21:30:00Z,2024-09-21,46,86.98,APXMIDP
2024-09-21T22:00:00Z,2024-09-21,47,83.44,APXMIDP
2024-09-21T22:30:00Z,2024-09-21,48,81.45,APXMIDP
2024-09-21T23:00:00Z,2024-09-22,1,75.58,APXMIDP
2024-09-21T23:30:00Z,2024-09-22,2,76.07,APXMIDP
2024-09-22T00:00:00Z,2024-09-22,3,79.22,APXMIDP
2024-09-22T00:30:00Z,2024-09-22,4,77.93,APXMIDP
2024-09-22T01:00:00Z,2024-09-22,5,78.12,APXMIDP
2024-09-22T01:30:00Z,2024-09-22,6,80.15,APXMIDP
2024-09-22T02:00:00Z,2024-09-22,7,81.53,APXMIDP
2024-09-22T02:30:00Z,2024-09-22,8,79.0,APXMIDP
2024-09-22T03:00:00Z,2024-09-22,9,84.74,APXMIDP
2024-09-22T03:30:00Z,2024-09-22,10,82.57,APXMIDP
2024-09-22T04:00:00Z,2024-09-22,11,92.2,APXMIDP
2024-09-22T04:30:00Z,2024-09-22,12,88.7,APXMIDP
2024-09-22T05:00:00Z,2024-09-22,13,90.34,APXMIDP
2024-09-22T05:30:00Z,2024-09-22,14,80.56,APXMIDP
2024-09-22T06:00:00Z,2024-09-22,15,74.43,APXMIDP
2024-09-22T06:30:00Z,2024-09-22,16,81.4,APXMIDP
2024-09-22T07:00:00Z,2024-09-22,17,66.81,APXMIDP
2024-09-22T07:30:00Z,2024-09-22,18,71.72,APXMIDP
2024-09-22T08:00:00Z,2024-09-22,19,70.58,APXMIDP
2024-09-22T08:30:00Z,2024-09-22,20,72.46,APXMIDP
2024-09-22T09:00:00Z,2024-09-22,21,78.18,APXMIDP
2024-09-22T09:30:00Z,2024-09-22,22,78.36,APXMIDP
2024-09-22T10:00:00Z,2024-09-22,23,92.3,APXMIDP
2024-09-22T10:30:00Z,2024-09-22,24,94.85,APXMIDP
2024-09-22T11:00:00Z,2024-09-22,25,95.75,APXMIDP
2024-09-22T11:30:00Z,2024-09-22,26,93.59,APXMIDP
2024-09-22T12:00:00Z,2024-09-22,27,90.22,APXMIDP
2024-09-22T12:30:00Z,2024-09-22,28,85.34,APXMIDP
2024-09-22T13:00:00Z,2024-09-22,29,80.01,APXMIDP
2024-09-22T13:30:00Z,2024-09-22,30,78.96,APXMIDP
2024-09-22T14:00:00Z,2024-09-22,31,84.27,APXMIDP
2024-09-22T14:30:00Z,2024-09-22,32,85.02,APXMIDP
2024-09-22T15:00:00Z,2024-09-22,33,101.22,APXMIDP
2024-09-22T15:30:00Z,2024-09-22,34,100.4,APXMIDP
2024-09-22T16:00:00Z,2024-09-22,35,112.69,APXMIDP
2024-09-22T16:30:00Z,2024-09-22,36,114.52,APXMIDP
2024-09-22T17:00:00Z,2024-09-22,37,113.31,APXMIDP
2024-09-22T17:30:00Z,2024-09-22,38,114.34,APXMIDP
2024-09-22T18:00:00Z,2024-09-22,39,110.43,APXMIDP
2024-09-22T18:30:00Z,2024-09-22,40,108.03,APXMIDP
2024-09-22T19:00:00Z,2024-09-22,41,106.56,APXMIDP
2024-09-22T19:30:00Z,2024-09-22,42,90.02,APXMIDP
2024-09-22T20:00:00Z,2024-09-22,43,82.26,APXMIDP
2024-09-22T20:30:00Z,2024-09-22,44,81.5,APXMIDP
2024-09-22T21:00:00Z,2024-09-22,45,82.34,APXMIDP
2024-09-22T21:30:00Z,2024-09-22,46,81.58,APXMIDP
2024-09-22T22:00:00Z,2024-09-22,47,80.0,APXMIDP
2024-09-22T22:30:00Z,2024-09-22,48,74.89,APXMIDP
2024-09-22T23:00:00Z,2024-09-23,1,74.41,APXMIDP
2024-09-22T23:30:00Z,2024-09-23,2,72.17,APXMIDP
2024-09-23T00:00:00Z,2024-09-23,3,68.19,APXMIDP
2024-09-23T00:30:00Z,2024-09-23,4,64.69,APXMIDP
2024-09-23T01:00:00Z,2024-09-23,5,62.87,APXMIDP
2024-09-23T01:30:00Z,2024-09-23,6,64.42,APXMIDP
2024-09-23T02:00:00Z,2024-09-23,7,64.28,APXMIDP
2024-09-23T02:30:00Z,2024-09-23,8,65.23,APXMIDP
2024-09-23T03:00:00Z,2024-09-23,9,62.99,APXMIDP
2024-09-23T03:30:00Z,2024-09-23,10,61.56,APXMIDP
2024-09-23T04:00:00Z,2024-09-23,11,68.09,APXMIDP
2024-09-23T04:30:00Z,2024-09-23,12,69.34,APXMIDP
2024-09-23T05:00:00Z,2024-09-23,13,69.42,APXMIDP
2024-09-23T05:30:00Z,2024-09-23,14,62.24,APXMIDP
2024-09-23T06:00:00Z,2024-09-23,15,76.62,APXMIDP
2024-09-23T06:30:00Z,2024-09-23,16,89.01,APXMIDP
2024-09-23T07:00:00Z,2024-09-23,17,76.1,APXMIDP
2024-09-23T07:30:00Z,2024-09-23,18,83.9,APXMIDP
2024-09-23T08:00:00Z,2024-09-23,19,78.66,APXMIDP
2024-09-23T08:30:00Z,2024-09-23,20,78.74,APXMIDP
2024-09-23T09:00:00Z,2024-09-23,21,78.66,APXMIDP
2024-09-23T09:30:00Z,2024-09-23,22,76.79,APXMIDP
2024-09-23T10:00:00Z,2024-09-23,23,77.26,APXMIDP
2024-09-23T10:30:00Z,2024-09-23,24,83.63,APXMIDP
2024-09-23T11:00:00Z,2024-09-23,25,85.9,APXMIDP
2024-09-23T11:30:00Z,2024-09-23,26,83.78,APXMIDP
2024-09-23T12:00:00Z,2024-09-23,27,82.44,APXMIDP
2024-09-23T12:30:00Z,2024-09-23,28,78.11,APXMIDP
2024-09-23T13:00:00Z,2024-09-23,29,77.91,APXMIDP
2024-09-23T13:30:00Z,2024-09-23,30,75.67,APXMIDP
2024-09-23T14:00:00Z,2024-09-23,31,80.79,APXMIDP
2024-09-23T14:30:00Z,2024-09-23,32,78.16,APXMIDP
2024-09-23T15:00:00Z,2024-09-23,33,96.03,APXMIDP
2024-09-23T15:30:00Z,2024-09-23,34,102.46,APXMIDP
2024-09-23T16:00:00Z,2024-09-23,35,98.14,APXMIDP
2024-09-23T16:30:00Z,2024-09-23,36,104.92,APXMIDP
2024-09-23T17:00:00Z,2024-09-23,37,100.89,APXMIDP
2024-09-23T17:30:00Z,2024-09-23,38,101.17,APXMIDP
2024-09-23T18:00:00Z,2024-09-23,39,99.35,APXMIDP
2024-09-23T18:30:00Z,2024-09-23,40,100.13,APXMIDP
2024-09-23T19:00:00Z,2024-09-23,41,79.56,APXMIDP
2024-09-23T19:30:00Z,2024-09-23,42,81.14,APXMIDP
2024-09-23T20:00:00Z,2024-09-23,43,82.08,APXMIDP
2024-09-23T20:30:00Z,2024-09-23,44,77.53,APXMIDP
2024-09-23T21:00:00Z,2024-09-23,45,72.8,APXMIDP
2024-09-23T21:30:00Z,2024-09-23,46,74.23,APXMIDP
2024-09-23T22:00:00Z,2024-09-23,47,73.45,APXMIDP
2024-09-23T22:30:00Z,2024-09-23,48,90.05,APXMIDP
2024-09-23T23:00:00Z,2024-09-24,1,80.52,APXMIDP
2024-09-23T23:30:00Z,2024-09-24,2,79.68,APXMIDP
2024-09-24T00:00:00Z,2024-09-24,3,86.71,APXMIDP
2024-09-24T00:30:00Z,2024-09-24,4,87.18,APXMIDP
2024-09-24T01:00:00Z,2024-09-24,5,84.69,APXMIDP
2024-09-24T01:30:00Z,2024-09-24,6,79.08,APXMIDP
2024-09-24T02:00:00Z,2024-09-24,7,82.67,APXMIDP
2024-09-24T02:30:00Z,2024-09-24,8,80.38,APXMIDP
2024-09-24T03:00:00Z,2024-09-24,9,84.77,APXMIDP
2024-09-24T03:30:00Z,2024-09-24,10,82.42,APXMIDP
2024-09-24T04:00:00Z,2024-09-24,11,90.15,APXMIDP
2024-09-24T04:30:00Z,2024-09-24,12,72.97,APXMIDP
2024-09-24T05:00:00Z,2024-09-24,13,71.72,APXMIDP
2024-09-24T05:30:00Z,2024-09-24,14,87.16,APXMIDP
2024-09-24T06:00:00Z,2024-09-24,15,93.03,APXMIDP
2024-09-24T06:30:00Z,2024-09-24,16,104.32,APXMIDP
2024-09-24T07:00:00Z,2024-09-24,17,94.36,APXMIDP
2024-09-24T07:30:00Z,2024-09-24,18,89.19,APXMIDP
2024-09-24T08:00:00Z,2024-09-24,19,84.86,APXMIDP
2024-09-24T08:30:00Z,2024-09-24,20,81.2,APXMIDP
2024-09-24T09:00:00Z,2024-09-24,21,79.33,APXMIDP
2024-09-24T09:30:00Z,2024-09-24,22,72.59,APXMIDP
2024-09-24T10:00:00Z,2024-09-24,23,65.36,APXMIDP
2024-09-24T10:30:00Z,2024-09-24,24,68.95,APXMIDP
2024-09-24T11:00:00Z,2024-09-24,25,66.19,APXMIDP
2024-09-24T11:30:00Z,2024-09-24,26,66.97,APXMIDP
2024-09-24T12:00:00Z,2024-09-24,27,68.41,APXMIDP
2024-09-24T12:30:00Z,2024-09-24,28,70.28,APXMIDP
2024-09-24T13:00:00Z,2024-09-24,29,72.17,APXMIDP
2024-09-24T13:30:00Z,2024-09-24,30,68.61,APXMIDP
2024-09-24T14:00:00Z,2024-09-24,31,71.1,APXMIDP
2024-09-24T14:30:00Z,2024-09-24,32,72.37,APXMIDP
2024-09-24T15:00:00Z,2024-09-24,33,78.19,APXMIDP
2024-09-24T15:30:00Z,2024-09-24,34,85.98,APXMIDP
2024-09-24T16:00:00Z,2024-09-24,35,85.05,APXMIDP
2024-09-24T16:30:00Z,2024-09-24,36,87.87,APXMIDP
2024-09-24T17:00:00Z,2024-09-24,37,84.68,APXMIDP
2024-09-24T17:30:00Z,2024-09-24,38,82.78,APXMIDP
2024-09-24T18:00:00Z,2024-09-24,39,85.15,APXMIDP
2024-09-24T18:30:00Z,2024-09-24,40,85.77,APXMIDP
2024-09-24T19:00:00Z,2024-09-24,41,87.98,APXMIDP
2024-09-24T19:30:00Z,2024-09-24,42,87.74,APXMIDP
2024-09-24T20:00:00Z,2024-09-24,43,76.69,APXMIDP
2024-09-24T20:30:00Z,2024-09-24,44,73.62,APXMIDP
2024-09-24T21:00:00Z,2024-09-24,45,75.88,APXMIDP
2024-09-24T21:30:00Z,2024-09-24,46,74.53,APXMIDP
2024-09-24T22:00:00Z,2024-09-24,47,77.49,APXMIDP
2024-09-24T22:30:00Z,2024-09-24,48,70.76,APXMIDP
2024-09-24T23:00:00Z,2024-09-25,1,76.99,APXMIDP
2024-09-24T23:30:00Z,2024-09-25,2,72.89,APXMIDP
2024-09-25T00:00:00Z,2024-09-25,3,69.65,APXMIDP
2024-09-25T00:30:00Z,2024-09-25,4,69.76,APXMIDP
2024-09-25T01:00:00Z,2024-09-25,5,68.79,APXMIDP
2024-09-25T01:30:00Z,2024-09-25,6,68.77,APXMIDP
2024-09-25T02:00:00Z,2024-09-25,7,68.25,APXMIDP
2024-09-25T02:30:00Z,2024-09-25,8,68.32,APXMIDP
2024-09-25T03:00:00Z,2024-09-25,9,74.8,APXMIDP
2024-09-25T03:30:00Z,2024-09-25,10,74.94,APXMIDP
2024-09-25T04:00:00Z,2024-09-25,11,73.37,APXMIDP
2024-09-25T04:30:00Z,2024-09-25,12,72.7,APXMIDP
2024-09-25T05:00:00Z,2024-09-25,13,75.37,APXMIDP
2024-09-25T05:30:00Z,2024-09-25,14,68.81,APXMIDP
2024-09-25T06:00:00Z,2024-09-25,15,69.0,APXMIDP
2024-09-25T06:30:00Z,2024-09-25,16,78.02,APXMIDP
2024-09-25T07:00:00Z,2024-09-25,17,88.88,APXMIDP
2024-09-25T07:30:00Z,2024-09-25,18,92.09,APXMIDP
2024-09-25T08:00:00Z,2024-09-25,19,85.26,APXMIDP
2024-09-25T08:30:00Z,2024-09-25,20,84.02,APXMIDP
2024-09-25T09:00:00Z,2024-09-25,21,80.21,APXMIDP
2024-09-25T09:30:00Z,2024-09-25,22,77.11,APXMIDP
2024-09-25T10:00:00Z,2024-09-25,23,71.73,APXMIDP
2024-09-25T10:30:00Z,2024-09-25,24,72.35,APXMIDP
2024-09-25T11:00:00Z,2024-09-25,25,78.04,APXMIDP
2024-09-25T11:30:00Z,2024-09-25,26,74.83,APXMIDP
2024-09-25T12:00:00Z,2024-09-25,27,72.63,APXMIDP
2024-09-25T12:30:00Z,2024-09-25,28,72.72,APXMIDP
2024-09-25T13:00:00Z,2024-09-25,29,72.84,APXMIDP
2024-09-25T13:30:00Z,2024-09-25,30,74.33,APXMIDP
2024-09-25T14:00:00Z,2024-09-25,31,76.89,APXMIDP
2024-09-25T14:30:00Z,2024-09-25,32,74.24,APXMIDP
2024-09-25T15:00:00Z,2024-09-25,33,85.03,APXMIDP
2024-09-25T15:30:00Z,2024-09-25,34,86.91,APXMIDP
2024-09-25T16:00:00Z,2024-09-25,35,99.22,APXMIDP
2024-09-25T16:30:00Z,2024-09-25,36,98.92,APXMIDP
2024-09-25T17:00:00Z,2024-09-25,37,96.35,APXMIDP
2024-09-25T17:30:00Z,2024-09-25,38,95.6,APXMIDP
2024-09-25T18:00:00Z,2024-09-25,39,84.88,APXMIDP
2024-09-25T18:30:00Z,2024-09-25,40,86.15,APXMIDP
2024-09-25T19:00:00Z,2024-09-25,41,85.75,APXMIDP
2024-09-25T19:30:00Z,2024-09-25,42,80.62,APXMIDP
2024-09-25T20:00:00Z,2024-09-25,43,80.18,APXMIDP
2024-09-25T20:30:00Z,2024-09-25,44,82.69,APXMIDP
2024-09-25T21:00:00Z,2024-09-25,45,75.68,APXMIDP
2024-09-25T21:30:00Z,2024-09-25,46,76.78,APXMIDP
2024-09-25T22:00:00Z,2024-09-25,47,92.49,APXMIDP
2024-09-25T22:30:00Z,2024-09-25,48,95.28,APXMIDP
2024-09-25T23:00:00Z,2024-09-26,1,96.12,APXMIDP
2024-09-25T23:30:00Z,2024-09-26,2,88.94,APXMIDP
2024-09-26T00:00:00Z,2024-09-26,3,85.67,APXMIDP
2024-09-26T00:30:00Z,2024-09-26,4,85.95,APXMIDP
2024-09-26T01:00:00Z,2024-09-26,5,85.31,APXMIDP
2024-09-26T01:30:00Z,2024-09-26,6,83.44,APXMIDP
2024-09-26T02:00:00Z,2024-09-26,7,79.83,APXMIDP
2024-09-26T02:30:00Z,2024-09-26,8,76.41,APXMIDP
2024-09-26T03:00:00Z,2024-09-26,9,72.1,APXMIDP
2024-09-26T03:30:00Z,2024-09-26,10,73.97,APXMIDP
2024-09-26T04:00:00Z,2024-09-26,11,80.62,APXMIDP
2024-09-26T04:30:00Z,2024-09-26,12,82.85,APXMIDP
2024-09-26T05:00:00Z,2024-09-26,13,85.47,APXMIDP
2024-09-26T05:30:00Z,2024-09-26,14,86.35,APXMIDP
2024-09-26T06:00:00Z,2024-09-26,15,84.97,APXMIDP
2024-09-26T06:30:00Z,2024-09-26,16,94.75,APXMIDP
2024-09-26T07:00:00Z,2024-09-26,17,90.8,APXMIDP
2024-09-26T07:30:00Z,2024-09-26,18,90.84,APXMIDP
2024-09-26T08:00:00Z,2024-09-26,19,92.68,APXMIDP
2024-09-26T08:30:00Z,2024-09-26,20,88.11,APXMIDP
2024-09-26T09:00:00Z,2024-09-26,21,80.39,APXMIDP
2024-09-26T09:30:00Z,2024-09-26,22,78.1,APXMIDP
2024-09-26T10:00:00Z,2024-09-26,23,72.81,APXMIDP
2024-09-26T10:30:00Z,2024-09-26,24,73.37,APXMIDP
2024-09-26T11:00:00Z,2024-09-26,25,74.59,APXMIDP
2024-09-26T11:30:00Z,2024-09-26,26,80.68,APXMIDP
2024-09-26T12:00:00Z,2024-09-26,27,81.16,APXMIDP
2024-09-26T12:30:00Z,2024-09-26,28,77.62,APXMIDP
2024-09-26T13:00:00Z,2024-09-26,29,74.79,APXMIDP
2024-09-26T13:30:00Z,2024-09-26,30,73.26,APXMIDP
2024-09-26T14:00:00Z,2024-09-26,31,77.24,APXMIDP
2024-09-26T14:30:00Z,2024-09-26,32,81.16,APXMIDP
2024-09-26T15:00:00Z,2024-09-26,33,84.22,APXMIDP
2024-09-26T15:30:00Z,2024-09-26,34,86.23,APXMIDP
2024-09-26T16:00:00Z,2024-09-26,35,89.14,APXMIDP
2024-09-26T16:30:00Z,2024-09-26,36,93.91,APXMIDP
2024-09-26T17:00:00Z,2024-09-26,37,97.31,APXMIDP
2024-09-26T17:30:00Z,2024-09-26,38,96.83,APXMIDP
2024-09-26T18:00:00Z,2024-09-26,39,96.19,APXMIDP
2024-09-26T18:30:00Z,2024-09-26,40,92.14,APXMIDP
2024-09-26T19:00:00Z,2024-09-26,41,88.82,APXMIDP
2024-09-26T19:30:00Z,2024-09-26,42,80.95,APXMIDP
2024-09-26T20:00:00Z,2024-09-26,43,81.0,APXMIDP
2024-09-26T20:30:00Z,2024-09-26,44,82.14,APXMIDP
2024-09-26T21:00:00Z,2024-09-26,45,77.19,APXMIDP
2024-09-26T21:30:00Z,2024-09-26,46,66.43,APXMIDP
2024-09-26T22:00:00Z,2024-09-26,47,21.21,APXMIDP
2024-09-26T22:30:00Z,2024-09-26,48,3.46,APXMIDP
2024-09-26T23:00:00Z,2024-09-27,1,3.15,APXMIDP
2024-09-26T23:30:00Z,2024-09-27,2,-3.68,APXMIDP
2024-09-27T00:00:00Z,2024-09-27,3,-0.52,APXMIDP
2024-09-27T00:30:00Z,2024-09-27,4,-5.34,APXMIDP
2024-09-27T01:00:00Z,2024-09-27,5,0.52,APXMIDP
2024-09-27T01:30:00Z,2024-09-27,6,-8.42,APXMIDP
2024-09-27T02:00:00Z,2024-09-27,7,-9.73,APXMIDP
2024-09-27T02:30:00Z,2024-09-27,8,-11.65,APXMIDP
2024-09-27T03:00:00Z,2024-09-27,9,-13.4,APXMIDP
2024-09-27T03:30:00Z,2024-09-27,10,-15.4,APXMIDP
2024-09-27T04:00:00Z,2024-09-27,11,-12.17,APXMIDP
2024-09-27T04:30:00Z,2024-09-27,12,5.63,APXMIDP
2024-09-27T05:00:00Z,2024-09-27,13,-4.76,APXMIDP
2024-09-27T05:30:00Z,2024-09-27,14,51.95,APXMIDP
2024-09-27T06:00:00Z,2024-09-27,15,67.01,APXMIDP
2024-09-27T06:30:00Z,2024-09-27,16,90.18,APXMIDP
2024-09-27T07:00:00Z,2024-09-27,17,95.32,APXMIDP
2024-09-27T07:30:00Z,2024-09-27,18,96.06,APXMIDP
2024-09-27T08:00:00Z,2024-09-27,19,96.97,APXMIDP
2024-09-27T08:30:00Z,2024-09-27,20,95.89,APXMIDP
2024-09-27T09:00:00Z,2024-09-27,21,95.1,APXMIDP
2024-09-27T09:30:00Z,2024-09-27,22,92.51,APXMIDP
2024-09-27T10:00:00Z,2024-09-27,23,88.65,APXMIDP
2024-09-27T10:30:00Z,2024-09-27,24,79.02,APXMIDP
2024-09-27T11:00:00Z,2024-09-27,25,82.47,APXMIDP
2024-09-27T11:30:00Z,2024-09-27,26,74.33,APXMIDP
2024-09-27T12:00:00Z,2024-09-27,27,68.44,APXMIDP
2024-09-27T12:30:00Z,2024-09-27,28,67.58,APXMIDP
2024-09-27T13:00:00Z,2024-09-27,29,74.75,APXMIDP
2024-09-27T13:30:00Z,2024-09-27,30,73.67,APXMIDP
2024-09-27T14:00:00Z,2024-09-27,31,68.17,APXMIDP
2024-09-27T14:30:00Z,2024-09-27,32,73.8,APXMIDP
2024-09-27T15:00:00Z,2024-09-27,33,78.18,APXMIDP
2024-09-27T15:30:00Z,2024-09-27,34,81.21,APXMIDP
2024-09-27T16:00:00Z,2024-09-27,35,75.17,APXMIDP
2024-09-27T16:30:00Z,2024-09-27,36,86.49,APXMIDP
2024-09-27T17:00:00Z,2024-09-27,37,94.52,APXMIDP
2024-09-27T17:30:00Z,2024-09-27,38,97.28,APXMIDP
2024-09-27T18:00:00Z,2024-09-27,39,105.31,APXMIDP
2024-09-27T18:30:00Z,2024-09-27,40,105.91,APXMIDP
2024-09-27T19:00:00Z,2024-09-27,41,103.25,APXMIDP
2024-09-27T19:30:00Z,2024-09-27,42,98.48,APXMIDP
2024-09-27T20:00:00Z,2024-09-27,43,80.55,APXMIDP
2024-09-27T20:30:00Z,2024-09-27,44,77.44,APXMIDP
2024-09-27T21:00:00Z,2024-09-27,45,84.34,APXMIDP
2024-09-27T21:30:00Z,2024-09-27,46,75.6,APXMIDP
2024-09-27T22:00:00Z,2024-09-27,47,51.18,APXMIDP
2024-09-27T22:30:00Z,2024-09-27,48,40.97,APXMIDP
2024-09-27T23:00:00Z,2024-09-28,1,40.76,APXMIDP
2024-09-27T23:30:00Z,2024-09-28,2,38.87,APXMIDP
2024-09-28T00:00:00Z,2024-09-28,3,33.33,APXMIDP
2024-09-28T00:30:00Z,2024-09-28,4,36.73,APXMIDP
2024-09-28T01:00:00Z,2024-09-28,5,31.69,APXMIDP
2024-09-28T01:30:00Z,2024-09-28,6,24.6,APXMIDP
2024-09-28T02:00:00Z,2024-09-28,7,18.97,APXMIDP
2024-09-28T02:30:00Z,2024-09-28,8,18.61,APXMIDP
2024-09-28T03:00:00Z,2024-09-28,9,24.78,APXMIDP
2024-09-28T03:30:00Z,2024-09-28,10,32.51,APXMIDP
2024-09-28T04:00:00Z,2024-09-28,11,26.31,APXMIDP
2024-09-28T04:30:00Z,2024-09-28,12,32.03,APXMIDP
2024-09-28T05:00:00Z,2024-09-28,13,55.63,APXMIDP
2024-09-28T05:30:00Z,2024-09-28,14,57.52,APXMIDP
2024-09-28T06:00:00Z,2024-09-28,15,70.46,APXMIDP
2024-09-28T06:30:00Z,2024-09-28,16,84.44,APXMIDP
2024-09-28T07:00:00Z,2024-09-28,17,81.53,APXMIDP
2024-09-28T07:30:00Z,2024-09-28,18,84.56,APXMIDP
2024-09-28T08:00:00Z,2024-09-28,19,88.25,APXMIDP
2024-09-28T08:30:00Z,2024-09-28,20,85.07,APXMIDP
2024-09-28T09:00:00Z,2024-09-28,21,85.03,APXMIDP
2024-09-28T09:30:00Z,2024-09-28,22,81.27,APXMIDP
2024-09-28T10:00:00Z,2024-09-28,23,82.26,APXMIDP
2024-09-28T10:30:00Z,2024-09-28,24,82.1,APXMIDP
2024-09-28T11:00:00Z,2024-09-28,25,83.81,APXMIDP
2024-09-28T11:30:00Z,2024-09-28,26,84.76,APXMIDP
2024-09-28T12:00:00Z,2024-09-28,27,84.14,APXMIDP
2024-09-28T12:30:00Z,2024-09-28,28,81.35,APXMIDP
2024-09-28T13:00:00Z,2024-09-28,29,76.62,APXMIDP
2024-09-28T13:30:00Z,2024-09-28,30,72.77,APXMIDP
2024-09-28T14:00:00Z,2024-09-28,31,71.01,APXMIDP
2024-09-28T14:30:00Z,2024-09-28,32,85.36,APXMIDP
2024-09-28T15:00:00Z,2024-09-28,33,91.44,APXMIDP
2024-09-28T15:30:00Z,2024-09-28,34,100.16,APXMIDP
2024-09-28T16:00:00Z,2024-09-28,35,109.71,APXMIDP
2024-09-28T16:30:00Z,2024-09-28,36,112.57,APXMIDP
2024-09-28T17:00:00Z,2024-09-28,37,124.0,APXMIDP
2024-09-28T17:30:00Z,2024-09-28,38,125.98,APXMIDP
2024-09-28T18:00:00Z,2024-09-28,39,125.38,APXMIDP
2024-09-28T18:30:00Z,2024-09-28,40,123.69,APXMIDP
2024-09-28T19:00:00Z,2024-09-28,41,118.65,APXMIDP
2024-09-28T19:30:00Z,2024-09-28,42,112.7,APXMIDP
2024-09-28T20:00:00Z,2024-09-28,43,100.96,APXMIDP
2024-09-28T20:30:00Z,2024-09-28,44,92.42,APXMIDP
2024-09-28T21:00:00Z,2024-09-28,45,95.36,APXMIDP
2024-09-28T21:30:00Z,2024-09-28,46,88.57,APXMIDP
2024-09-28T22:00:00Z,2024-09-28,47,76.92,APXMIDP
2024-09-28T22:30:00Z,2024-09-28,48,79.19,APXMIDP
2024-09-28T23:00:00Z,2024-09-29,1,72.75,APXMIDP
2024-09-28T23:30:00Z,2024-09-29,2,75.42,APXMIDP
2024-09-29T00:00:00Z,2024-09-29,3,74.29,APXMIDP
2024-09-29T00:30:00Z,2024-09-29,4,76.07,APXMIDP
2024-09-29T01:00:00Z,2024-09-29,5,77.63,APXMIDP
2024-09-29T01:30:00Z,2024-09-29,6,72.89,APXMIDP
2024-09-29T02:00:00Z,2024-09-29,7,73.64,APXMIDP
2024-09-29T02:30:00Z,2024-09-29,8,71.65,APXMIDP
2024-09-29T03:00:00Z,2024-09-29,9,75.58,APXMIDP
2024-09-29T03:30:00Z,2024-09-29,10,75.17,APXMIDP
2024-09-29T04:00:00Z,2024-09-29,11,73.17,APXMIDP
2024-09-29T04:30:00Z,2024-09-29,12,73.06,APXMIDP
2024-09-29T05:00:00Z,2024-09-29,13,74.38,APXMIDP
2024-09-29T05:30:00Z,2024-09-29,14,72.38,APXMIDP
2024-09-29T06:00:00Z,2024-09-29,15,72.1,APXMIDP
2024-09-29T06:30:00Z,2024-09-29,16,78.16,APXMIDP
2024-09-29T07:00:00Z,2024-09-29,17,92.51,APXMIDP
2024-09-29T07:30:00Z,2024-09-29,18,87.27,APXMIDP
2024-09-29T08:00:00Z,2024-09-29,19,92.52,APXMIDP
2024-09-29T08:30:00Z,2024-09-29,20,96.2,APXMIDP
2024-09-29T09:00:00Z,2024-09-29,21,93.32,APXMIDP
2024-09-29T09:30:00Z,2024-09-29,22,94.57,APXMIDP
2024-09-29T10:00:00Z,2024-09-29,23,87.71,APXMIDP
2024-09-29T10:30:00Z,2024-09-29,24,83.42,APXMIDP
2024-09-29T11:00:00Z,2024-09-29,25,88.26,APXMIDP
2024-09-29T11:30:00Z,2024-09-29,26,84.39,APXMIDP
2024-09-29T12:00:00Z,2024-09-29,27,76.87,APXMIDP
2024-09-29T12:30:00Z,2024-09-29,28,77.25,APXMIDP
2024-09-29T13:00:00Z,2024-09-29,29,76.96,APXMIDP
2024-09-29T13:30:00Z,2024-09-29,30,77.37,APXMIDP
2024-09-29T14:00:00Z,2024-09-29,31,80.13,APXMIDP
2024-09-29T14:30:00Z,2024-09-29,32,82.71,APXMIDP
2024-09-29T15:00:00Z,2024-09-29,33,81.4,APXMIDP
2024-09-29T15:30:00Z,2024-09-29,34,84.84,APXMIDP
2024-09-29T16:00:00Z,2024-09-29,35,107.52,APXMIDP
2024-09-29T16:30:00Z,2024-09-29,36,107.74,APXMIDP
2024-09-29T17:00:00Z,2024-09-29,37,109.05,APXMIDP
2024-09-29T17:30:00Z,2024-09-29,38,109.33,APXMIDP
2024-09-29T18:00:00Z,2024-09-29,39,92.87,APXMIDP
2024-09-29T18:30:00Z,2024-09-29,40,89.38,APXMIDP
2024-09-29T19:00:00Z,2024-09-29,41,77.29,APXMIDP
2024-09-29T19:30:00Z,2024-09-29,42,65.63,APXMIDP
2024-09-29T20:00:00Z,2024-09-29,43,50.79,APXMIDP
2024-09-29T20:30:00Z,2024-09-29,44,37.57,APXMIDP
2024-09-29T21:00:00Z,2024-09-29,45,45.69,APXMIDP
2024-09-29T21:30:00Z,2024-09-29,46,13.89,APXMIDP
2024-09-29T22:00:00Z,2024-09-29,47,12.85,APXMIDP
2024-09-29T22:30:00Z,2024-09-29,48,-3.95,APXMIDP
2024-09-29T23:00:00Z,2024-09-30,1,-2.74,APXMIDP
2024-09-29T23:30:00Z,2024-09-30,2,3.85,APXMIDP
2024-09-30T00:00:00Z,2024-09-30,3,0.03,APXMIDP
2024-09-30T00:30:00Z,2024-09-30,4,4.11,APXMIDP
2024-09-30T01:00:00Z,2024-09-30,5,-4.8,APXMIDP
2024-09-30T01:30:00Z,2024-09-30,6,1.79,APXMIDP
2024-09-30T02:00:00Z,2024-09-30,7,17.14,APXMIDP
2024-09-30T02:30:00Z,2024-09-30,8,14.7,APXMIDP
2024-09-30T03:00:00Z,2024-09-30,9,4.12,APXMIDP
2024-09-30T03:30:00Z,2024-09-30,10,7.07,APXMIDP
2024-09-30T04:00:00Z,2024-09-30,11,15.54,APXMIDP
2024-09-30T04:30:00Z,2024-09-30,12,38.76,APXMIDP
2024-09-30T05:00:00Z,2024-09-30,13,46.47,APXMIDP
2024-09-30T05:30:00Z,2024-09-30,14,75.69,APXMIDP
2024-09-30T06:00:00Z,2024-09-30,15,76.96,APXMIDP
2024-09-30T06:30:00Z,2024-09-30,16,78.34,APXMIDP
2024-09-30T07:00:00Z,2024-09-30,17,83.02,APXMIDP
2024-09-30T07:30:00Z,2024-09-30,18,68.41,APXMIDP
2024-09-30T08:00:00Z,2024-09-30,19,68.17,APXMIDP
2024-09-30T08:30:00Z,2024-09-30,20,74.58,APXMIDP
2024-09-30T09:00:00Z,2024-09-30,21,77.4,APXMIDP
2024-09-30T09:30:00Z,2024-09-30,22,80.92,APXMIDP
2024-09-30T10:00:00Z,2024-09-30,23,83.28,APXMIDP
2024-09-30T10:30:00Z,2024-09-30,24,82.7,APXMIDP
2024-09-30T11:00:00Z,2024-09-30,25,87.96,APXMIDP
2024-09-30T11:30:00Z,2024-09-30,26,90.2,APXMIDP
2024-09-30T12:00:00Z,2024-09-30,27,90.17,APXMIDP
2024-09-30T12:30:00Z,2024-09-30,28,89.54,APXMIDP
2024-09-30T13:00:00Z,2024-09-30,29,88.51,APXMIDP
2024-09-30T13:30:00Z,2024-09-30,30,85.49,APXMIDP
2024-09-30T14:00:00Z,2024-09-30,31,81.84,APXMIDP
2024-09-30T14:30:00Z,2024-09-30,32,78.23,APXMIDP
2024-09-30T15:00:00Z,2024-09-30,33,69.01,APXMIDP
2024-09-30T15:30:00Z,2024-09-30,34,73.91,APXMIDP
2024-09-30T16:00:00Z,2024-09-30,35,79.17,APXMIDP
2024-09-30T16:30:00Z,2024-09-30,36,79.91,APXMIDP
2024-09-30T17:00:00Z,2024-09-30,37,83.12,APXMIDP
2024-09-30T17:30:00Z,2024-09-30,38,88.8,APXMIDP
2024-09-30T18:00:00Z,2024-09-30,39,91.86,APXMIDP
2024-09-30T18:30:00Z,2024-09-30,40,91.19,APXMIDP
2024-09-30T19:00:00Z,2024-09-30,41,89.9,APXMIDP
2024-09-30T19:30:00Z,2024-09-30,42,81.44,APXMIDP
2024-09-30T20:00:00Z,2024-09-30,43,80.19,APXMIDP
2024-09-30T20:30:00Z,2024-09-30,44,81.56,APXMIDP
2024-09-30T21:00:00Z,2024-09-30,45,81.06,APXMIDP
2024-09-30T21:30:00Z,2024-09-30,46,77.12,APXMIDP
2024-09-30T22:00:00Z,2024-09-30,47,62.78,APXMIDP
2024-09-30T22:30:00Z,2024-09-30,48,55.46,APXMIDP
2024-09-30T23:00:00Z,2024-10-01,1,52.88,APXMIDP
2024-09-30T23:30:00Z,2024-10-01,2,48.27,APXMIDP
2024-10-01T00:00:00Z,2024-10-01,3,44.18,APXMIDP
2024-10-01T00:30:00Z,2024-10-01,4,45.37,APXMIDP
2024-10-01T01:00:00Z,2024-10-01,5,32.17,APXMIDP
2024-10-01T01:30:00Z,2024-10-01,6,27.91,APXMIDP
2024-10-01T02:00:00Z,2024-10-01,7,35.7,APXMIDP
2024-10-01T02:30:00Z,2024-10-01,8,31.03,APXMIDP
2024-10-01T03:00:00Z,2024-10-01,9,28.75,APXMIDP
2024-10-01T03:30:00Z,2024-10-01,10,31.16,APXMIDP
2024-10-01T04:00:00Z,2024-10-01,11,80.84,APXMIDP
2024-10-01T04:30:00Z,2024-10-01,12,80.05,APXMIDP
2024-10-01T05:00:00Z,2024-10-01,13,93.31,APXMIDP
2024-10-01T05:30:00Z,2024-10-01,14,98.8,APXMIDP
2024-10-01T06:00:00Z,2024-10-01,15,104.33,APXMIDP
2024-10-01T06:30:00Z,2024-10-01,16,113.49,APXMIDP
2024-10-01T07:00:00Z,2024-10-01,17,107.79,APXMIDP
2024-10-01T07:30:00Z,2024-10-01,18,107.72,APXMIDP
2024-10-01T08:00:00Z,2024-10-01,19,105.32,APXMIDP
2024-10-01T08:30:00Z,2024-10-01,20,103.86,APXMIDP
2024-10-01T09:00:00Z,2024-10-01,21,102.71,APXMIDP
2024-10-01T09:30:00Z,2024-10-01,22,93.59,APXMIDP
2024-10-01T10:00:00Z,2024-10-01,23,83.13,APXMIDP
2024-10-01T10:30:00Z,2024-10-01,24,84.53,APXMIDP
2024-10-01T11:00:00Z,2024-10-01,25,84.3,APXMIDP
2024-10-01T11:30:00Z,2024-10-01,26,84.56,APXMIDP
2024-10-01T12:00:00Z,2024-10-01,27,82.81,APXMIDP
2024-10-01T12:30:00Z,2024-10-01,28,84.92,APXMIDP
2024-10-01T13:00:00Z,2024-10-01,29,84.01,APXMIDP
2024-10-01T13:30:00Z,2024-10-01,30,85.15,APXMIDP
2024-10-01T14:00:00Z,2024-10-01,31,88.38,APXMIDP
2024-10-01T14:30:00Z,2024-10-01,32,87.79,APXMIDP
2024-10-01T15:00:00Z,2024-10-01,33,86.0,APXMIDP
2024-10-01T15:30:00Z,2024-10-01,34,82.95,APXMIDP
2024-10-01T16:00:00Z,2024-10-01,35,91.53,APXMIDP
2024-10-01T16:30:00Z,2024-10-01,36,95.23,APXMIDP
2024-10-01T17:00:00Z,2024-10-01,37,101.21,APXMIDP
2024-10-01T17:30:00Z,2024-10-01,38,102.97,APXMIDP
2024-10-01T18:00:00Z,2024-10-01,39,102.7,APXMIDP
2024-10-01T18:30:00Z,2024-10-01,40,99.77,APXMIDP
2024-10-01T19:00:00Z,2024-10-01,41,94.14,APXMIDP
2024-10-01T19:30:00Z,2024-10-01,42,85.59,APXMIDP
2024-10-01T20:00:00Z,2024-10-01,43,84.96,APXMIDP
2024-10-01T20:30:00Z,2024-10-01,44,81.61,APXMIDP
2024-10-01T21:00:00Z,2024-10-01,45,84.12,APXMIDP
2024-10-01T21:30:00Z,2024-10-01,46,82.32,APXMIDP
2024-10-01T22:00:00Z,2024-10-01,47,80.9,APXMIDP
2024-10-01T22:30:00Z,2024-10-01,48,74.2,APXMIDP
2024-10-01T23:00:00Z,2024-10-02,1,77.43,APXMIDP
2024-10-01T23:30:00Z,2024-10-02,2,77.86,APXMIDP
2024-10-02T00:00:00Z,2024-10-02,3,67.02,APXMIDP
2024-10-02T00:30:00Z,2024-10-02,4,67.06,APXMIDP
2024-10-02T01:00:00Z,2024-10-02,5,68.6,APXMIDP
2024-10-02T01:30:00Z,2024-10-02,6,67.88,APXMIDP
2024-10-02T02:00:00Z,2024-10-02,7,72.07,APXMIDP
2024-10-02T02:30:00Z,2024-10-02,8,74.6,APXMIDP
2024-10-02T03:00:00Z,2024-10-02,9,66.59,APXMIDP
2024-10-02T03:30:00Z,2024-10-02,10,60.7,APXMIDP
2024-10-02T04:00:00Z,2024-10-02,11,86.61,APXMIDP
2024-10-02T04:30:00Z,2024-10-02,12,78.8,APXMIDP
2024-10-02T05:00:00Z,2024-10-02,13,88.77,APXMIDP
2024-10-02T05:30:00Z,2024-10-02,14,91.1,APXMIDP
2024-10-02T06:00:00Z,2024-10-02,15,100.05,APXMIDP
2024-10-02T06:30:00Z,2024-10-02,16,112.22,APXMIDP
2024-10-02T07:00:00Z,2024-10-02,17,100.02,APXMIDP
2024-10-02T07:30:00Z,2024-10-02,18,100.22,APXMIDP
2024-10-02T08:00:00Z,2024-10-02,19,106.44,APXMIDP
2024-10-02T08:30:00Z,2024-10-02,20,95.45,APXMIDP
2024-10-02T09:00:00Z,2024-10-02,21,91.79,APXMIDP
2024-10-02T09:30:00Z,2024-10-02,22,82.51,APXMIDP
2024-10-02T10:00:00Z,2024-10-02,23,76.91,APXMIDP
2024-10-02T10:30:00Z,2024-10-02,24,78.57,APXMIDP
2024-10-02T11:00:00Z,2024-10-02,25,77.68,APXMIDP
2024-10-02T11:30:00Z,2024-10-02,26,77.42,APXMIDP
2024-10-02T12:00:00Z,2024-10-02,27,80.13,APXMIDP
2024-10-02T12:30:00Z,2024-10-02,28,77.78,APXMIDP
2024-10-02T13:00:00Z,2024-10-02,29,78.22,APXMIDP
2024-10-02T13:30:00Z,2024-10-02,30,79.61,APXMIDP
2024-10-02T14:00:00Z,2024-10-02,31,87.22,APXMIDP
2024-10-02T14:30:00Z,2024-10-02,32,85.56,APXMIDP
2024-10-02T15:00:00Z,2024-10-02,33,87.85,APXMIDP
2024-10-02T15:30:00Z,2024-10-02,34,90.45,APXMIDP
2024-10-02T16:00:00Z,2024-10-02,35,93.74,APXMIDP
2024-10-02T16:30:00Z,2024-10-02,36,103.62,APXMIDP
2024-10-02T17:00:00Z,2024-10-02,37,105.34,APXMIDP
2024-10-02T17:30:00Z,2024-10-02,38,105.73,APXMIDP
2024-10-02T18:00:00Z,2024-10-02,39,98.44,APXMIDP
2024-10-02T18:30:00Z,2024-10-02,40,93.46,APXMIDP
2024-10-02T19:00:00Z,2024-10-02,41,87.61,APXMIDP
2024-10-02T19:30:00Z,2024-10-02,42,76.85,APXMIDP
2024-10-02T20:00:00Z,2024-10-02,43,75.49,APXMIDP
2024-10-02T20:30:00Z,2024-10-02,44,81.56,APXMIDP
2024-10-02T21:00:00Z,2024-10-02,45,78.3,APXMIDP
2024-10-02T21:30:00Z,2024-10-02,46,77.45,APXMIDP
2024-10-02T22:00:00Z,2024-10-02,47,73.76,APXMIDP
2024-10-02T22:30:00Z,2024-10-02,48,75.24,APXMIDP
2024-10-02T23:00:00Z,2024-10-03,1,82.09,APXMIDP
2024-10-02T23:30:00Z,2024-10-03,2,78.2,APXMIDP
2024-10-03T00:00:00Z,2024-10-03,3,75.56,APXMIDP
2024-10-03T00:30:00Z,2024-10-03,4,82.4,APXMIDP
2024-10-03T01:00:00Z,2024-10-03,5,99.64,APXMIDP
2024-10-03T01:30:00Z,2024-10-03,6,86.86,APXMIDP
2024-10-03T02:00:00Z,2024-10-03,7,81.18,APXMIDP
2024-10-03T02:30:00Z,2024-10-03,8,80.29,APXMIDP
2024-10-03T03:00:00Z,2024-10-03,9,74.51,APXMIDP
2024-10-03T03:30:00Z,2024-10-03,10,77.71,APXMIDP
2024-10-03T04:00:00Z,2024-10-03,11,80.14,APXMIDP
2024-10-03T04:30:00Z,2024-10-03,12,74.78,APXMIDP
2024-10-03T05:00:00Z,2024-10-03,13,88.57,APXMIDP
2024-10-03T05:30:00Z,2024-10-03,14,85.25,APXMIDP
2024-10-03T06:00:00Z,2024-10-03,15,101.89,APXMIDP
2024-10-03T06:30:00Z,2024-10-03,16,109.73,APXMIDP
2024-10-03T07:00:00Z,2024-10-03,17,110.45,APXMIDP
2024-10-03T07:30:00Z,2024-10-03,18,108.69,APXMIDP
2024-10-03T08:00:00Z,2024-10-03,19,99.08,APXMIDP
2024-10-03T08:30:00Z,2024-10-03,20,78.04,APXMIDP
2024-10-03T09:00:00Z,2024-10-03,21,68.67,APXMIDP
2024-10-03T09:30:00Z,2024-10-03,22,64.14,APXMIDP
2024-10-03T10:00:00Z,2024-10-03,23,67.72,APXMIDP
2024-10-03T10:30:00Z,2024-10-03,24,70.03,APXMIDP
2024-10-03T11:00:00Z,2024-10-03,25,69.01,APXMIDP
2024-10-03T11:30:00Z,2024-10-03,26,70.25,APXMIDP
2024-10-03T12:00:00Z,2024-10-03,27,68.84,APXMIDP
2024-10-03T12:30:00Z,2024-10-03,28,68.79,APXMIDP
2024-10-03T13:00:00Z,2024-10-03,29,69.1,APXMIDP
2024-10-03T13:30:00Z,2024-10-03,30,69.79,APXMIDP
2024-10-03T14:00:00Z,2024-10-03,31,71.2,APXMIDP
2024-10-03T14:30:00Z,2024-10-03,32,76.43,APXMIDP
2024-10-03T15:00:00Z,2024-10-03,33,82.17,APXMIDP
2024-10-03T15:30:00Z,2024-10-03,34,83.35,APXMIDP
2024-10-03T16:00:00Z,2024-10-03,35,84.84,APXMIDP
2024-10-03T16:30:00Z,2024-10-03,36,90.73,APXMIDP
2024-10-03T17:00:00Z,2024-10-03,37,101.21,APXMIDP
2024-10-03T17:30:00Z,2024-10-03,38,104.82,APXMIDP
2024-10-03T18:00:00Z,2024-10-03,39,105.87,APXMIDP
2024-10-03T18:30:00Z,2024-10-03,40,99.04,APXMIDP
2024-10-03T19:00:00Z,2024-10-03,41,82.48,APXMIDP
2024-10-03T19:30:00Z,2024-10-03,42,77.84,APXMIDP
2024-10-03T20:00:00Z,2024-10-03,43,81.11,APXMIDP
2024-10-03T20:30:00Z,2024-10-03,44,76.05,APXMIDP
2024-10-03T21:00:00Z,2024-10-03,45,78.79,APXMIDP
2024-10-03T21:30:00Z,2024-10-03,46,78.43,APXMIDP
2024-10-03T22:00:00Z,2024-10-03,47,71.32,APXMIDP
2024-10-03T22:30:00Z,2024-10-03,48,71.42,APXMIDP
2024-10-03T23:00:00Z,2024-10-04,1,66.94,APXMIDP
2024-10-03T23:30:00Z,2024-10-04,2,60.03,APXMIDP
2024-10-04T00:00:00Z,2024-10-04,3,65.21,APXMIDP
2024-10-04T00:30:00Z,2024-10-04,4,64.79,APXMIDP
2024-10-04T01:00:00Z,2024-10-04,5,64.26,APXMIDP
2024-10-04T01:30:00Z,2024-10-04,6,65.61,APXMIDP
2024-10-04T02:00:00Z,2024-10-04,7,58.19,APXMIDP
2024-10-04T02:30:00Z,2024-10-04,8,56.47,APXMIDP
2024-10-04T03:00:00Z,2024-10-04,9,71.32,APXMIDP
2024-10-04T03:30:00Z,2024-10-04,10,66.87,APXMIDP
2024-10-04T04:00:00Z,2024-10-04,11,86.48,APXMIDP
2024-10-04T04:30:00Z,2024-10-04,12,86.03,APXMIDP
2024-10-04T05:00:00Z,2024-10-04,13,90.57,APXMIDP
2024-10-04T05:30:00Z,2024-10-04,14,100.54,APXMIDP
2024-10-04T06:00:00Z,2024-10-04,15,119.13,APXMIDP
2024-10-04T06:30:00Z,2024-10-04,16,122.87,APXMIDP
2024-10-04T07:00:00Z,2024-10-04,17,98.56,APXMIDP
2024-10-04T07:30:00Z,2024-10-04,18,101.66,APXMIDP
2024-10-04T08:00:00Z,2024-10-04,19,87.07,APXMIDP
2024-10-04T08:30:00Z,2024-10-04,20,92.93,APXMIDP
2024-10-04T09:00:00Z,2024-10-04,21,87.42,APXMIDP
2024-10-04T09:30:00Z,2024-10-04,22,73.36,APXMIDP
2024-10-04T10:00:00Z,2024-10-04,23,68.99,APXMIDP
2024-10-04T10:30:00Z,2024-10-04,24,65.55,APXMIDP
2024-10-04T11:00:00Z,2024-10-04,25,63.44,APXMIDP
2024-10-04T11:30:00Z,2024-10-04,26,69.22,APXMIDP
2024-10-04T12:00:00Z,2024-10-04,27,72.93,APXMIDP
2024-10-04T12:30:00Z,2024-10-04,28,65.89,APXMIDP
2024-10-04T13:00:00Z,2024-10-04,29,63.53,APXMIDP
2024-10-04T13:30:00Z,2024-10-04,30,65.44,APXMIDP
2024-10-04T14:00:00Z,2024-10-04,31,76.72,APXMIDP
2024-10-04T14:30:00Z,2024-10-04,32,80.69,APXMIDP
2024-10-04T15:00:00Z,2024-10-04,33,84.01,APXMIDP
2024-10-04T15:30:00Z,2024-10-04,34,82.15,APXMIDP
2024-10-04T16:00:00Z,2024-10-04,35,98.94,APXMIDP
2024-10-04T16:30:00Z,2024-10-04,36,109.0,APXMIDP
2024-10-04T17:00:00Z,2024-10-04,37,110.64,APXMIDP
2024-10-04T17:30:00Z,2024-10-04,38,109.71,APXMIDP
2024-10-04T18:00:00Z,2024-10-04,39,105.93,APXMIDP
2024-10-04T18:30:00Z,2024-10-04,40,100.09,APXMIDP
2024-10-04T19:00:00Z,2024-10-04,41,90.58,APXMIDP
2024-10-04T19:30:00Z,2024-10-04,42,82.9,APXMIDP
2024-10-04T20:00:00Z,2024-10-04,43,82.75,APXMIDP
2024-10-04T20:30:00Z,2024-10-04,44,82.66,APXMIDP
2024-10-04T21:00:00Z,2024-10-04,45,81.88,APXMIDP
2024-10-04T21:30:00Z,2024-10-04,46,84.99,APXMIDP
2024-10-04T22:00:00Z,2024-10-04,47,83.76,APXMIDP
2024-10-04T22:30:00Z,2024-10-04,48,84.74,APXMIDP
2024-10-04T23:00:00Z,2024-10-05,1,80.91,APXMIDP
2024-10-04T23:30:00Z,2024-10-05,2,84.23,APXMIDP
2024-10-05T00:00:00Z,2024-10-05,3,74.22,APXMIDP
2024-10-05T00:30:00Z,2024-10-05,4,73.11,APXMIDP
2024-10-05T01:00:00Z,2024-10-05,5,68.83,APXMIDP
2024-10-05T01:30:00Z,2024-10-05,6,66.95,APXMIDP
2024-10-05T02:00:00Z,2024-10-05,7,60.93,APXMIDP
2024-10-05T02:30:00Z,2024-10-05,8,53.28,APXMIDP
2024-10-05T03:00:00Z,2024-10-05,9,69.21,APXMIDP
2024-10-05T03:30:00Z,2024-10-05,10,64.16,APXMIDP
2024-10-05T04:00:00Z,2024-10-05,11,65.44,APXMIDP
2024-10-05T04:30:00Z,2024-10-05,12,69.18,APXMIDP
2024-10-05T05:00:00Z,2024-10-05,13,71.41,APXMIDP
2024-10-05T05:30:00Z,2024-10-05,14,79.45,APXMIDP
2024-10-05T06:00:00Z,2024-10-05,15,81.68,APXMIDP
2024-10-05T06:30:00Z,2024-10-05,16,90.77,APXMIDP
2024-10-05T07:00:00Z,2024-10-05,17,91.46,APXMIDP
2024-10-05T07:30:00Z,2024-10-05,18,93.46,APXMIDP
2024-10-05T08:00:00Z,2024-10-05,19,96.23,APXMIDP
2024-10-05T08:30:00Z,2024-10-05,20,96.55,APXMIDP
2024-10-05T09:00:00Z,2024-10-05,21,96.42,APXMIDP
2024-10-05T09:30:00Z,2024-10-05,22,96.79,APXMIDP
2024-10-05T10:00:00Z,2024-10-05,23,86.71,APXMIDP
2024-10-05T10:30:00Z,2024-10-05,24,71.23,APXMIDP
2024-10-05T11:00:00Z,2024-10-05,25,65.56,APXMIDP
2024-10-05T11:30:00Z,2024-10-05,26,60.62,APXMIDP
2024-10-05T12:00:00Z,2024-10-05,27,65.55,APXMIDP
2024-10-05T12:30:00Z,2024-10-05,28,66.25,APXMIDP
2024-10-05T13:00:00Z,2024-10-05,29,63.33,APXMIDP
2024-10-05T13:30:00Z,2024-10-05,30,61.71,APXMIDP
2024-10-05T14:00:00Z,2024-10-05,31,79.09,APXMIDP
2024-10-05T14:30:00Z,2024-10-05,32,86.33,APXMIDP
2024-10-05T15:00:00Z,2024-10-05,33,76.68,APXMIDP
2024-10-05T15:30:00Z,2024-10-05,34,71.89,APXMIDP
2024-10-05T16:00:00Z,2024-10-05,35,111.19,APXMIDP
2024-10-05T16:30:00Z,2024-10-05,36,114.21,APXMIDP
2024-10-05T17:00:00Z,2024-10-05,37,110.14,APXMIDP
2024-10-05T17:30:00Z,2024-10-05,38,112.26,APXMIDP
2024-10-05T18:00:00Z,2024-10-05,39,87.71,APXMIDP
2024-10-05T18:30:00Z,2024-10-05,40,78.13,APXMIDP
2024-10-05T19:00:00Z,2024-10-05,41,80.8,APXMIDP
2024-10-05T19:30:00Z,2024-10-05,42,68.73,APXMIDP
2024-10-05T20:00:00Z,2024-10-05,43,58.77,APXMIDP
2024-10-05T20:30:00Z,2024-10-05,44,51.18,APXMIDP
2024-10-05T21:00:00Z,2024-10-05,45,51.28,APXMIDP
2024-10-05T21:30:00Z,2024-10-05,46,41.88,APXMIDP
2024-10-05T22:00:00Z,2024-10-05,47,59.81,APXMIDP
2024-10-05T22:30:00Z,2024-10-05,48,31.4,APXMIDP
2024-10-05T23:00:00Z,2024-10-06,1,49.59,APXMIDP
2024-10-05T23:30:00Z,2024-10-06,2,54.44,APXMIDP
2024-10-06T00:00:00Z,2024-10-06,3,57.74,APXMIDP
2024-10-06T00:30:00Z,2024-10-06,4,65.95,APXMIDP
2024-10-06T01:00:00Z,2024-10-06,5,55.83,APXMIDP
2024-10-06T01:30:00Z,2024-10-06,6,53.05,APXMIDP
2024-10-06T02:00:00Z,2024-10-06,7,60.42,APXMIDP
2024-10-06T02:30:00Z,2024-10-06,8,55.42,APXMIDP
2024-10-06T03:00:00Z,2024-10-06,9,55.73,APXMIDP
2024-10-06T03:30:00Z,2024-10-06,10,58.05,APXMIDP
2024-10-06T04:00:00Z,2024-10-06,11,59.74,APXMIDP
2024-10-06T04:30:00Z,2024-10-06,12,57.24,APXMIDP
2024-10-06T05:00:00Z,2024-10-06,13,51.29,APXMIDP
2024-10-06T05:30:00Z,2024-10-06,14,64.52,APXMIDP
2024-10-06T06:00:00Z,2024-10-06,15,63.46,APXMIDP
2024-10-06T06:30:00Z,2024-10-06,16,74.98,APXMIDP
2024-10-06T07:00:00Z,2024-10-06,17,65.77,APXMIDP
2024-10-06T07:30:00Z,2024-10-06,18,82.61,APXMIDP
2024-10-06T08:00:00Z,2024-10-06,19,95.68,APXMIDP
2024-10-06T08:30:00Z,2024-10-06,20,95.01,APXMIDP
2024-10-06T09:00:00Z,2024-10-06,21,95.12,APXMIDP
2024-10-06T09:30:00Z,2024-10-06,22,95.6,APXMIDP
2024-10-06T10:00:00Z,2024-10-06,23,92.83,APXMIDP
2024-10-06T10:30:00Z,2024-10-06,24,88.82,APXMIDP
2024-10-06T11:00:00Z,2024-10-06,25,89.07,APXMIDP
2024-10-06T11:30:00Z,2024-10-06,26,85.0,APXMIDP
2024-10-06T12:00:00Z,2024-10-06,27,82.96,APXMIDP
2024-10-06T12:30:00Z,2024-10-06,28,87.79,APXMIDP
2024-10-06T13:00:00Z,2024-10-06,29,89.02,APXMIDP
2024-10-06T13:30:00Z,2024-10-06,30,91.04,APXMIDP
2024-10-06T14:00:00Z,2024-10-06,31,94.04,APXMIDP
2024-10-06T14:30:00Z,2024-10-06,32,99.45,APXMIDP
2024-10-06T15:00:00Z,2024-10-06,33,102.17,APXMIDP
2024-10-06T15:30:00Z,2024-10-06,34,109.17,APXMIDP
2024-10-06T16:00:00Z,2024-10-06,35,112.37,APXMIDP
2024-10-06T16:30:00Z,2024-10-06,36,114.6,APXMIDP
2024-10-06T17:00:00Z,2024-10-06,37,111.73,APXMIDP
2024-10-06T17:30:00Z,2024-10-06,38,115.0,APXMIDP
2024-10-06T18:00:00Z,2024-10-06,39,109.6,APXMIDP
2024-10-06T18:30:00Z,2024-10-06,40,105.54,APXMIDP
2024-10-06T19:00:00Z,2024-10-06,41,101.88,APXMIDP
2024-10-06T19:30:00Z,2024-10-06,42,86.21,APXMIDP
2024-10-06T20:00:00Z,2024-10-06,43,80.0,APXMIDP
2024-10-06T20:30:00Z,2024-10-06,44,83.05,APXMIDP
2024-10-06T21:00:00Z,2024-10-06,45,88.28,APXMIDP
2024-10-06T21:30:00Z,2024-10-06,46,86.58,APXMIDP
2024-10-06T22:00:00Z,2024-10-06,47,86.44,APXMIDP
2024-10-06T22:30:00Z,2024-10-06,48,72.48,APXMIDP
2024-10-06T23:00:00Z,2024-10-07,1,72.05,APXMIDP
2024-10-06T23:30:00Z,2024-10-07,2,66.61,APXMIDP
2024-10-07T00:00:00Z,2024-10-07,3,66.35,APXMIDP
2024-10-07T00:30:00Z,2024-10-07,4,66.62,APXMIDP
2024-10-07T01:00:00Z,2024-10-07,5,58.26,APXMIDP
2024-10-07T01:30:00Z,2024-10-07,6,49.83,APXMIDP
2024-10-07T02:00:00Z,2024-10-07,7,29.77,APXMIDP
2024-10-07T02:30:00Z,2024-10-07,8,31.83,APXMIDP
2024-10-07T03:00:00Z,2024-10-07,9,42.35,APXMIDP
2024-10-07T03:30:00Z,2024-10-07,10,47.79,APXMIDP
2024-10-07T04:00:00Z,2024-10-07,11,52.97,APXMIDP
2024-10-07T04:30:00Z,2024-10-07,12,61.62,APXMIDP
2024-10-07T05:00:00Z,2024-10-07,13,77.1,APXMIDP
2024-10-07T05:30:00Z,2024-10-07,14,77.81,APXMIDP
2024-10-07T06:00:00Z,2024-10-07,15,77.47,APXMIDP
2024-10-07T06:30:00Z,2024-10-07,16,91.98,APXMIDP
2024-10-07T07:00:00Z,2024-10-07,17,98.4,APXMIDP
2024-10-07T07:30:00Z,2024-10-07,18,97.07,APXMIDP
2024-10-07T08:00:00Z,2024-10-07,19,85.59,APXMIDP
2024-10-07T08:30:00Z,2024-10-07,20,80.39,APXMIDP
2024-10-07T09:00:00Z,2024-10-07,21,73.63,APXMIDP
2024-10-07T09:30:00Z,2024-10-07,22,73.36,APXMIDP
2024-10-07T10:00:00Z,2024-10-07,23,75.87,APXMIDP
2024-10-07T10:30:00Z,2024-10-07,24,71.62,APXMIDP
2024-10-07T11:00:00Z,2024-10-07,25,69.62,APXMIDP
2024-10-07T11:30:00Z,2024-10-07,26,70.55,APXMIDP
2024-10-07T12:00:00Z,2024-10-07,27,70.58,APXMIDP
2024-10-07T12:30:00Z,2024-10-07,28,70.56,APXMIDP
2024-10-07T13:00:00Z,2024-10-07,29,70.27,APXMIDP
2024-10-07T13:30:00Z,2024-10-07,30,70.41,APXMIDP
2024-10-07T14:00:00Z,2024-10-07,31,74.48,APXMIDP
2024-10-07T14:30:00Z,2024-10-07,32,75.06,APXMIDP
2024-10-07T15:00:00Z,2024-10-07,33,88.84,APXMIDP
2024-10-07T15:30:00Z,2024-10-07,34,106.63,APXMIDP
2024-10-07T16:00:00Z,2024-10-07,35,125.74,APXMIDP
2024-10-07T16:30:00Z,2024-10-07,36,129.46,APXMIDP
2024-10-07T17:00:00Z,2024-10-07,37,129.88,APXMIDP
2024-10-07T17:30:00Z,2024-10-07,38,134.32,APXMIDP
2024-10-07T18:00:00Z,2024-10-07,39,108.89,APXMIDP
2024-10-07T18:30:00Z,2024-10-07,40,98.71,APXMIDP
2024-10-07T19:00:00Z,2024-10-07,41,81.15,APXMIDP
2024-10-07T19:30:00Z,2024-10-07,42,78.0,APXMIDP
2024-10-07T20:00:00Z,2024-10-07,43,76.68,APXMIDP
2024-10-07T20:30:00Z,2024-10-07,44,82.65,APXMIDP
2024-10-07T21:00:00Z,2024-10-07,45,76.53,APXMIDP
2024-10-07T21:30:00Z,2024-10-07,46,75.69,APXMIDP
2024-10-07T22:00:00Z,2024-10-07,47,82.03,APXMIDP
2024-10-07T22:30:00Z,2024-10-07,48,84.67,APXMIDP
2024-10-07T23:00:00Z,2024-10-08,1,79.56,APXMIDP
2024-10-07T23:30:00Z,2024-10-08,2,75.63,APXMIDP
2024-10-08T00:00:00Z,2024-10-08,3,74.84,APXMIDP
2024-10-08T00:30:00Z,2024-10-08,4,77.5,APXMIDP
2024-10-08T01:00:00Z,2024-10-08,5,74.59,APXMIDP
2024-10-08T01:30:00Z,2024-10-08,6,72.84,APXMIDP
2024-10-08T02:00:00Z,2024-10-08,7,73.71,APXMIDP
2024-10-08T02:30:00Z,2024-10-08,8,69.68,APXMIDP
2024-10-08T03:00:00Z,2024-10-08,9,70.98,APXMIDP
2024-10-08T03:30:00Z,2024-10-08,10,72.09,APXMIDP
2024-10-08T04:00:00Z,2024-10-08,11,74.64,APXMIDP
2024-10-08T04:30:00Z,2024-10-08,12,74.06,APXMIDP
2024-10-08T05:00:00Z,2024-10-08,13,86.66,APXMIDP
2024-10-08T05:30:00Z,2024-10-08,14,90.79,APXMIDP
2024-10-08T06:00:00Z,2024-10-08,15,83.78,APXMIDP
2024-10-08T06:30:00Z,2024-10-08,16,89.58,APXMIDP
2024-10-08T07:00:00Z,2024-10-08,17,92.2,APXMIDP
2024-10-08T07:30:00Z,2024-10-08,18,91.25,APXMIDP
2024-10-08T08:00:00Z,2024-10-08,19,91.26,APXMIDP
2024-10-08T08:30:00Z,2024-10-08,20,93.79,APXMIDP
2024-10-08T09:00:00Z,2024-10-08,21,92.91,APXMIDP
2024-10-08T09:30:00Z,2024-10-08,22,95.52,APXMIDP
2024-10-08T10:00:00Z,2024-10-08,23,85.87,APXMIDP
2024-10-08T10:30:00Z,2024-10-08,24,84.31,APXMIDP
2024-10-08T11:00:00Z,2024-10-08,25,83.59,APXMIDP
2024-10-08T11:30:00Z,2024-10-08,26,77.79,APXMIDP
2024-10-08T12:00:00Z,2024-10-08,27,71.49,APXMIDP
2024-10-08T12:30:00Z,2024-10-08,28,70.3,APXMIDP
2024-10-08T13:00:00Z,2024-10-08,29,71.22,APXMIDP
2024-10-08T13:30:00Z,2024-10-08,30,73.8,APXMIDP
2024-10-08T14:00:00Z,2024-10-08,31,78.02,APXMIDP
2024-10-08T14:30:00Z,2024-10-08,32,77.32,APXMIDP
2024-10-08T15:00:00Z,2024-10-08,33,84.19,APXMIDP
2024-10-08T15:30:00Z,2024-10-08,34,87.51,APXMIDP
2024-10-08T16:00:00Z,2024-10-08,35,97.04,APXMIDP
2024-10-08T16:30:00Z,2024-10-08,36,98.68,APXMIDP
2024-10-08T17:00:00Z,2024-10-08,37,97.64,APXMIDP
2024-10-08T17:30:00Z,2024-10-08,38,95.41,APXMIDP
2024-10-08T18:00:00Z,2024-10-08,39,78.0,APXMIDP
2024-10-08T18:30:00Z,2024-10-08,40,79.19,APXMIDP
2024-10-08T19:00:00Z,2024-10-08,41,73.79,APXMIDP
2024-10-08T19:30:00Z,2024-10-08,42,72.28,APXMIDP
2024-10-08T20:00:00Z,2024-10-08,43,66.82,APXMIDP
2024-10-08T20:30:00Z,2024-10-08,44,68.11,APXMIDP
2024-10-08T21:00:00Z,2024-10-08,45,61.97,APXMIDP
2024-10-08T21:30:00Z,2024-10-08,46,55.09,APXMIDP
2024-10-08T22:00:00Z,2024-10-08,47,56.63,APXMIDP
2024-10-08T22:30:00Z,2024-10-08,48,49.02,APXMIDP
2024-10-08T23:00:00Z,2024-10-09,1,46.59,APXMIDP
2024-10-08T23:30:00Z,2024-10-09,2,37.22,APXMIDP
2024-10-09T00:00:00Z,2024-10-09,3,29.53,APXMIDP
2024-10-09T00:30:00Z,2024-10-09,4,34.95,APXMIDP
2024-10-09T01:00:00Z,2024-10-09,5,42.29,APXMIDP
2024-10-09T01:30:00Z,2024-10-09,6,35.86,APXMIDP
2024-10-09T02:00:00Z,2024-10-09,7,30.98,APXMIDP
2024-10-09T02:30:00Z,2024-10-09,8,26.75,APXMIDP
2024-10-09T03:00:00Z,2024-10-09,9,32.86,APXMIDP
2024-10-09T03:30:00Z,2024-10-09,10,33.56,APXMIDP
2024-10-09T04:00:00Z,2024-10-09,11,43.63,APXMIDP
2024-10-09T04:30:00Z,2024-10-09,12,44.88,APXMIDP
2024-10-09T05:00:00Z,2024-10-09,13,66.6,APXMIDP
2024-10-09T05:30:00Z,2024-10-09,14,76.78,APXMIDP
2024-10-09T06:00:00Z,2024-10-09,15,78.11,APXMIDP
2024-10-09T06:30:00Z,2024-10-09,16,89.32,APXMIDP
2024-10-09T07:00:00Z,2024-10-09,17,85.03,APXMIDP
2024-10-09T07:30:00Z,2024-10-09,18,83.28,APXMIDP
2024-10-09T08:00:00Z,2024-10-09,19,82.47,APXMIDP
2024-10-09T08:30:00Z,2024-10-09,20,82.5,APXMIDP
2024-10-09T09:00:00Z,2024-10-09,21,82.34,APXMIDP
2024-10-09T09:30:00Z,2024-10-09,22,81.23,APXMIDP
2024-10-09T10:00:00Z,2024-10-09,23,74.03,APXMIDP
2024-10-09T10:30:00Z,2024-10-09,24,71.44,APXMIDP
2024-10-09T11:00:00Z,2024-10-09,25,72.72,APXMIDP
2024-10-09T11:30:00Z,2024-10-09,26,73.24,APXMIDP
2024-10-09T12:00:00Z,2024-10-09,27,79.03,APXMIDP
2024-10-09T12:30:00Z,2024-10-09,28,76.31,APXMIDP
2024-10-09T13:00:00Z,2024-10-09,29,78.8,APXMIDP
2024-10-09T13:30:00Z,2024-10-09,30,78.76,APXMIDP
2024-10-09T14:00:00Z,2024-10-09,31,84.92,APXMIDP
2024-10-09T14:30:00Z,2024-10-09,32,86.86,APXMIDP
2024-10-09T15:00:00Z,2024-10-09,33,93.63,APXMIDP
2024-10-09T15:30:00Z,2024-10-09,34,97.12,APXMIDP
2024-10-09T16:00:00Z,2024-10-09,35,103.11,APXMIDP
2024-10-09T16:30:00Z,2024-10-09,36,103.36,APXMIDP
2024-10-09T17:00:00Z,2024-10-09,37,101.2,APXMIDP
2024-10-09T17:30:00Z,2024-10-09,38,98.5,APXMIDP
2024-10-09T18:00:00Z,2024-10-09,39,77.36,APXMIDP
2024-10-09T18:30:00Z,2024-10-09,40,74.94,APXMIDP
2024-10-09T19:00:00Z,2024-10-09,41,72.66,APXMIDP
2024-10-09T19:30:00Z,2024-10-09,42,74.51,APXMIDP
2024-10-09T20:00:00Z,2024-10-09,43,70.09,APXMIDP
2024-10-09T20:30:00Z,2024-10-09,44,61.63,APXMIDP
2024-10-09T21:00:00Z,2024-10-09,45,53.6,APXMIDP
2024-10-09T21:30:00Z,2024-10-09,46,43.98,APXMIDP
2024-10-09T22:00:00Z,2024-10-09,47,74.08,APXMIDP
2024-10-09T22:30:00Z,2024-10-09,48,66.77,APXMIDP
2024-10-09T23:00:00Z,2024-10-10,1,47.21,APXMIDP
2024-10-09T23:30:00Z,2024-10-10,2,47.28,APXMIDP
2024-10-10T00:00:00Z,2024-10-10,3,40.62,APXMIDP
2024-10-10T00:30:00Z,2024-10-10,4,44.3,APXMIDP
2024-10-10T01:00:00Z,2024-10-10,5,31.68,APXMIDP
2024-10-10T01:30:00Z,2024-10-10,6,34.31,APXMIDP
2024-10-10T02:00:00Z,2024-10-10,7,24.82,APXMIDP
2024-10-10T02:30:00Z,2024-10-10,8,24.96,APXMIDP
2024-10-10T03:00:00Z,2024-10-10,9,35.98,APXMIDP
2024-10-10T03:30:00Z,2024-10-10,10,32.92,APXMIDP
2024-10-10T04:00:00Z,2024-10-10,11,45.43,APXMIDP
2024-10-10T04:30:00Z,2024-10-10,12,66.58,APXMIDP
2024-10-10T05:00:00Z,2024-10-10,13,76.91,APXMIDP
2024-10-10T05:30:00Z,2024-10-10,14,75.55,APXMIDP
2024-10-10T06:00:00Z,2024-10-10,15,92.05,APXMIDP
2024-10-10T06:30:00Z,2024-10-10,16,99.71,APXMIDP
2024-10-10T07:00:00Z,2024-10-10,17,106.36,APXMIDP
2024-10-10T07:30:00Z,2024-10-10,18,104.08,APXMIDP
2024-10-10T08:00:00Z,2024-10-10,19,104.99,APXMIDP
2024-10-10T08:30:00Z,2024-10-10,20,104.84,APXMIDP
2024-10-10T09:00:00Z,2024-10-10,21,104.4,APXMIDP
2024-10-10T09:30:00Z,2024-10-10,22,103.73,APXMIDP
2024-10-10T10:00:00Z,2024-10-10,23,101.13,APXMIDP
2024-10-10T10:30:00Z,2024-10-10,24,102.91,APXMIDP
2024-10-10T11:00:00Z,2024-10-10,25,101.36,APXMIDP
2024-10-10T11:30:00Z,2024-10-10,26,95.3,APXMIDP
2024-10-10T12:00:00Z,2024-10-10,27,85.57,APXMIDP
2024-10-10T12:30:00Z,2024-10-10,28,83.36,APXMIDP
2024-10-10T13:00:00Z,2024-10-10,29,86.19,APXMIDP
2024-10-10T13:30:00Z,2024-10-10,30,85.25,APXMIDP
2024-10-10T14:00:00Z,2024-10-10,31,93.61,APXMIDP
2024-10-10T14:30:00Z,2024-10-10,32,95.13,APXMIDP
2024-10-10T15:00:00Z,2024-10-10,33,93.35,APXMIDP
2024-10-10T15:30:00Z,2024-10-10,34,105.73,APXMIDP
2024-10-10T16:00:00Z,2024-10-10,35,109.51,APXMIDP
2024-10-10T16:30:00Z,2024-10-10,36,115.18,APXMIDP
2024-10-10T17:00:00Z,2024-10-10,37,122.51,APXMIDP
2024-10-10T17:30:00Z,2024-10-10,38,121.68,APXMIDP
2024-10-10T18:00:00Z,2024-10-10,39,113.01,APXMIDP
2024-10-10T18:30:00Z,2024-10-10,40,102.06,APXMIDP
2024-10-10T19:00:00Z,2024-10-10,41,95.8,APXMIDP
2024-10-10T19:30:00Z,2024-10-10,42,92.43,APXMIDP
2024-10-10T20:00:00Z,2024-10-10,43,93.04,APXMIDP
2024-10-10T20:30:00Z,2024-10-10,44,89.29,APXMIDP
2024-10-10T21:00:00Z,2024-10-10,45,78.26,APXMIDP
2024-10-10T21:30:00Z,2024-10-10,46,78.34,APXMIDP
2024-10-10T22:00:00Z,2024-10-10,47,79.97,APXMIDP
2024-10-10T22:30:00Z,2024-10-10,48,83.89,APXMIDP
2024-10-10T23:00:00Z,2024-10-11,1,77.62,APXMIDP
2024-10-10T23:30:00Z,2024-10-11,2,74.94,APXMIDP
2024-10-11T00:00:00Z,2024-10-11,3,74.08,APXMIDP
2024-10-11T00:30:00Z,2024-10-11,4,74.87,APXMIDP
2024-10-11T01:00:00Z,2024-10-11,5,68.85,APXMIDP
2024-10-11T01:30:00Z,2024-10-11,6,68.52,APXMIDP
2024-10-11T02:00:00Z,2024-10-11,7,71.76,APXMIDP
2024-10-11T02:30:00Z,2024-10-11,8,67.51,APXMIDP
2024-10-11T03:00:00Z,2024-10-11,9,62.17,APXMIDP
2024-10-11T03:30:00Z,2024-10-11,10,50.62,APXMIDP
2024-10-11T04:00:00Z,2024-10-11,11,72.47,APXMIDP
2024-10-11T04:30:00Z,2024-10-11,12,51.97,APXMIDP
2024-10-11T05:00:00Z,2024-10-11,13,79.77,APXMIDP
2024-10-11T05:30:00Z,2024-10-11,14,84.72,APXMIDP
2024-10-11T06:00:00Z,2024-10-11,15,97.02,APXMIDP
2024-10-11T06:30:00Z,2024-10-11,16,112.31,APXMIDP
2024-10-11T07:00:00Z,2024-10-11,17,90.88,APXMIDP
2024-10-11T07:30:00Z,2024-10-11,18,94.34,APXMIDP
2024-10-11T08:00:00Z,2024-10-11,19,90.63,APXMIDP
2024-10-11T08:30:00Z,2024-10-11,20,80.37,APXMIDP
2024-10-11T09:00:00Z,2024-10-11,21,78.94,APXMIDP
2024-10-11T09:30:00Z,2024-10-11,22,80.21,APXMIDP
2024-10-11T10:00:00Z,2024-10-11,23,77.69,APXMIDP
2024-10-11T10:30:00Z,2024-10-11,24,74.39,APXMIDP
2024-10-11T11:00:00Z,2024-10-11,25,74.94,APXMIDP
2024-10-11T11:30:00Z,2024-10-11,26,74.67,APXMIDP
2024-10-11T12:00:00Z,2024-10-11,27,74.1,APXMIDP
2024-10-11T12:30:00Z,2024-10-11,28,75.54,APXMIDP
2024-10-11T13:00:00Z,2024-10-11,29,80.56,APXMIDP
2024-10-11T13:30:00Z,2024-10-11,30,81.65,APXMIDP
2024-10-11T14:00:00Z,2024-10-11,31,80.15,APXMIDP
2024-10-11T14:30:00Z,2024-10-11,32,88.05,APXMIDP
2024-10-11T15:00:00Z,2024-10-11,33,98.34,APXMIDP
2024-10-11T15:30:00Z,2024-10-11,34,108.94,APXMIDP
2024-10-11T16:00:00Z,2024-10-11,35,125.07,APXMIDP
2024-10-11T16:30:00Z,2024-10-11,36,125.39,APXMIDP
2024-10-11T17:00:00Z,2024-10-11,37,126.49,APXMIDP
2024-10-11T17:30:00Z,2024-10-11,38,127.48,APXMIDP
2024-10-11T18:00:00Z,2024-10-11,39,114.27,APXMIDP
2024-10-11T18:30:00Z,2024-10-11,40,106.7,APXMIDP
2024-10-11T19:00:00Z,2024-10-11,41,94.03,APXMIDP
2024-10-11T19:30:00Z,2024-10-11,42,84.79,APXMIDP
2024-10-11T20:00:00Z,2024-10-11,43,85.72,APXMIDP
2024-10-11T20:30:00Z,2024-10-11,44,88.05,APXMIDP
2024-10-11T21:00:00Z,2024-10-11,45,85.14,APXMIDP
2024-10-11T21:30:00Z,2024-10-11,46,81.57,APXMIDP
2024-10-11T22:00:00Z,2024-10-11,47,75.56,APXMIDP
2024-10-11T22:30:00Z,2024-10-11,48,78.61,APXMIDP
2024-10-11T23:00:00Z,2024-10-12,1,82.82,APXMIDP
2024-10-11T23:30:00Z,2024-10-12,2,82.71,APXMIDP
2024-10-12T00:00:00Z,2024-10-12,3,81.41,APXMIDP
2024-10-12T00:30:00Z,2024-10-12,4,81.31,APXMIDP
2024-10-12T01:00:00Z,2024-10-12,5,82.13,APXMIDP
2024-10-12T01:30:00Z,2024-10-12,6,78.06,APXMIDP
2024-10-12T02:00:00Z,2024-10-12,7,71.18,APXMIDP
2024-10-12T02:30:00Z,2024-10-12,8,66.45,APXMIDP
2024-10-12T03:00:00Z,2024-10-12,9,66.31,APXMIDP
2024-10-12T03:30:00Z,2024-10-12,10,62.63,APXMIDP
2024-10-12T04:00:00Z,2024-10-12,11,60.7,APXMIDP
2024-10-12T04:30:00Z,2024-10-12,12,57.89,APXMIDP
2024-10-12T05:00:00Z,2024-10-12,13,58.51,APXMIDP
2024-10-12T05:30:00Z,2024-10-12,14,62.21,APXMIDP
2024-10-12T06:00:00Z,2024-10-12,15,71.1,APXMIDP
2024-10-12T06:30:00Z,2024-10-12,16,79.52,APXMIDP
2024-10-12T07:00:00Z,2024-10-12,17,81.36,APXMIDP
2024-10-12T07:30:00Z,2024-10-12,18,89.87,APXMIDP
2024-10-12T08:00:00Z,2024-10-12,19,92.96,APXMIDP
2024-10-12T08:30:00Z,2024-10-12,20,93.93,APXMIDP
2024-10-12T09:00:00Z,2024-10-12,21,97.64,APXMIDP
2024-10-12T09:30:00Z,2024-10-12,22,96.28,APXMIDP
2024-10-12T10:00:00Z,2024-10-12,23,94.27,APXMIDP
2024-10-12T10:30:00Z,2024-10-12,24,92.66,APXMIDP
2024-10-12T11:00:00Z,2024-10-12,25,90.98,APXMIDP
2024-10-12T11:30:00Z,2024-10-12,26,87.14,APXMIDP
2024-10-12T12:00:00Z,2024-10-12,27,85.13,APXMIDP
2024-10-12T12:30:00Z,2024-10-12,28,81.39,APXMIDP
2024-10-12T13:00:00Z,2024-10-12,29,80.15,APXMIDP
2024-10-12T13:30:00Z,2024-10-12,30,78.1,APXMIDP
2024-10-12T14:00:00Z,2024-10-12,31,81.82,APXMIDP
2024-10-12T14:30:00Z,2024-10-12,32,78.72,APXMIDP
2024-10-12T15:00:00Z,2024-10-12,33,79.22,APXMIDP
2024-10-12T15:30:00Z,2024-10-12,34,86.19,APXMIDP
2024-10-12T16:00:00Z,2024-10-12,35,86.22,APXMIDP
2024-10-12T16:30:00Z,2024-10-12,36,89.98,APXMIDP
2024-10-12T17:00:00Z,2024-10-12,37,92.05,APXMIDP
2024-10-12T17:30:00Z,2024-10-12,38,91.18,APXMIDP
2024-10-12T18:00:00Z,2024-10-12,39,77.58,APXMIDP
2024-10-12T18:30:00Z,2024-10-12,40,68.84,APXMIDP
2024-10-12T19:00:00Z,2024-10-12,41,52.28,APXMIDP
2024-10-12T19:30:00Z,2024-10-12,42,31.6,APXMIDP
2024-10-12T20:00:00Z,2024-10-12,43,23.45,APXMIDP
2024-10-12T20:30:00Z,2024-10-12,44,8.77,APXMIDP
2024-10-12T21:00:00Z,2024-10-12,45,11.07,APXMIDP
2024-10-12T21:30:00Z,2024-10-12,46,3.81,APXMIDP
2024-10-12T22:00:00Z,2024-10-12,47,25.76,APXMIDP
2024-10-12T22:30:00Z,2024-10-12,48,4.91,APXMIDP
2024-10-12T23:00:00Z,2024-10-13,1,1.26,APXMIDP
2024-10-12T23:30:00Z,2024-10-13,2,8.33,APXMIDP
2024-10-13T00:00:00Z,2024-10-13,3,4.64,APXMIDP
2024-10-13T00:30:00Z,2024-10-13,4,7.51,APXMIDP
2024-10-13T01:00:00Z,2024-10-13,5,1.59,APXMIDP
2024-10-13T01:30:00Z,2024-10-13,6,9.18,APXMIDP
2024-10-13T02:00:00Z,2024-10-13,7,15.73,APXMIDP
2024-10-13T02:30:00Z,2024-10-13,8,8.09,APXMIDP
2024-10-13T03:00:00Z,2024-10-13,9,5.57,APXMIDP
2024-10-13T03:30:00Z,2024-10-13,10,9.93,APXMIDP
2024-10-13T04:00:00Z,2024-10-13,11,1.09,APXMIDP
2024-10-13T04:30:00Z,2024-10-13,12,4.35,APXMIDP
2024-10-13T05:00:00Z,2024-10-13,13,-4.65,APXMIDP
2024-10-13T05:30:00Z,2024-10-13,14,17.88,APXMIDP
2024-10-13T06:00:00Z,2024-10-13,15,41.2,APXMIDP
2024-10-13T06:30:00Z,2024-10-13,16,49.35,APXMIDP
2024-10-13T07:00:00Z,2024-10-13,17,80.59,APXMIDP
2024-10-13T07:30:00Z,2024-10-13,18,92.66,APXMIDP
2024-10-13T08:00:00Z,2024-10-13,19,94.62,APXMIDP
2024-10-13T08:30:00Z,2024-10-13,20,92.63,APXMIDP
2024-10-13T09:00:00Z,2024-10-13,21,99.82,APXMIDP
2024-10-13T09:30:00Z,2024-10-13,22,102.1,APXMIDP
2024-10-13T10:00:00Z,2024-10-13,23,108.45,APXMIDP
2024-10-13T10:30:00Z,2024-10-13,24,109.81,APXMIDP
2024-10-13T11:00:00Z,2024-10-13,25,108.74,APXMIDP
2024-10-13T11:30:00Z,2024-10-13,26,101.45,APXMIDP
2024-10-13T12:00:00Z,2024-10-13,27,96.31,APXMIDP
2024-10-13T12:30:00Z,2024-10-13,28,98.01,APXMIDP
2024-10-13T13:00:00Z,2024-10-13,29,101.15,APXMIDP
2024-10-13T13:30:00Z,2024-10-13,30,104.83,APXMIDP
2024-10-13T14:00:00Z,2024-10-13,31,129.21,APXMIDP
2024-10-13T14:30:00Z,2024-10-13,32,125.2,APXMIDP
2024-10-13T15:00:00Z,2024-10-13,33,134.5,APXMIDP
2024-10-13T15:30:00Z,2024-10-13,34,142.4,APXMIDP
2024-10-13T16:00:00Z,2024-10-13,35,152.29,APXMIDP
2024-10-13T16:30:00Z,2024-10-13,36,155.78,APXMIDP
2024-10-13T17:00:00Z,2024-10-13,37,162.26,APXMIDP
2024-10-13T17:30:00Z,2024-10-13,38,168.52,APXMIDP
2024-10-13T18:00:00Z,2024-10-13,39,150.78,APXMIDP
2024-10-13T18:30:00Z,2024-10-13,40,133.07,APXMIDP
2024-10-13T19:00:00Z,2024-10-13,41,126.59,APXMIDP
2024-10-13T19:30:00Z,2024-10-13,42,116.03,APXMIDP
2024-10-13T20:00:00Z,2024-10-13,43,91.46,APXMIDP
2024-10-13T20:30:00Z,2024-10-13,44,82.33,APXMIDP
2024-10-13T21:00:00Z,2024-10-13,45,95.33,APXMIDP
2024-10-13T21:30:00Z,2024-10-13,46,84.27,APXMIDP
2024-10-13T22:00:00Z,2024-10-13,47,81.37,APXMIDP
2024-10-13T22:30:00Z,2024-10-13,48,73.51,APXMIDP
2024-10-13T23:00:00Z,2024-10-14,1,71.95,APXMIDP
2024-10-13T23:30:00Z,2024-10-14,2,69.15,APXMIDP
2024-10-14T00:00:00Z,2024-10-14,3,71.34,APXMIDP
2024-10-14T00:30:00Z,2024-10-14,4,70.07,APXMIDP
2024-10-14T01:00:00Z,2024-10-14,5,71.29,APXMIDP
2024-10-14T01:30:00Z,2024-10-14,6,72.82,APXMIDP
2024-10-14T02:00:00Z,2024-10-14,7,70.01,APXMIDP
2024-10-14T02:30:00Z,2024-10-14,8,74.08,APXMIDP
2024-10-14T03:00:00Z,2024-10-14,9,74.19,APXMIDP
2024-10-14T03:30:00Z,2024-10-14,10,73.05,APXMIDP
2024-10-14T04:00:00Z,2024-10-14,11,76.56,APXMIDP
2024-10-14T04:30:00Z,2024-10-14,12,73.8,APXMIDP
2024-10-14T05:00:00Z,2024-10-14,13,79.84,APXMIDP
2024-10-14T05:30:00Z,2024-10-14,14,86.13,APXMIDP
2024-10-14T06:00:00Z,2024-10-14,15,104.08,APXMIDP
2024-10-14T06:30:00Z,2024-10-14,16,118.02,APXMIDP
2024-10-14T07:00:00Z,2024-10-14,17,109.8,APXMIDP
2024-10-14T07:30:00Z,2024-10-14,18,114.82,APXMIDP
2024-10-14T08:00:00Z,2024-10-14,19,118.39,APXMIDP
2024-10-14T08:30:00Z,2024-10-14,20,117.12,APXMIDP
2024-10-14T09:00:00Z,2024-10-14,21,113.88,APXMIDP
2024-10-14T09:30:00Z,2024-10-14,22,115.95,APXMIDP
2024-10-14T10:00:00Z,2024-10-14,23,111.96,APXMIDP
2024-10-14T10:30:00Z,2024-10-14,24,106.81,APXMIDP
2024-10-14T11:00:00Z,2024-10-14,25,112.72,APXMIDP
2024-10-14T11:30:00Z,2024-10-14,26,114.16,APXMIDP
2024-10-14T12:00:00Z,2024-10-14,27,112.08,APXMIDP
2024-10-14T12:30:00Z,2024-10-14,28,110.68,APXMIDP
2024-10-14T13:00:00Z,2024-10-14,29,109.73,APXMIDP
2024-10-14T13:30:00Z,2024-10-14,30,111.3,APXMIDP
2024-10-14T14:00:00Z,2024-10-14,31,179.28,APXMIDP
2024-10-14T14:30:00Z,2024-10-14,32,180.02,APXMIDP
2024-10-14T15:00:00Z,2024-10-14,33,257.03,APXMIDP
2024-10-14T15:30:00Z,2024-10-14,34,303.82,APXMIDP
2024-10-14T16:00:00Z,2024-10-14,35,571.41,APXMIDP
2024-10-14T16:30:00Z,2024-10-14,36,600.4,APXMIDP
2024-10-14T17:00:00Z,2024-10-14,37,597.63,APXMIDP
2024-10-14T17:30:00Z,2024-10-14,38,605.17,APXMIDP
2024-10-14T18:00:00Z,2024-10-14,39,203.43,APXMIDP
2024-10-14T18:30:00Z,2024-10-14,40,158.61,APXMIDP
2024-10-14T19:00:00Z,2024-10-14,41,130.36,APXMIDP
2024-10-14T19:30:00Z,2024-10-14,42,123.24,APXMIDP
2024-10-14T20:00:00Z,2024-10-14,43,101.52,APXMIDP
2024-10-14T20:30:00Z,2024-10-14,44,94.51,APXMIDP
2024-10-14T21:00:00Z,2024-10-14,45,92.84,APXMIDP
2024-10-14T21:30:00Z,2024-10-14,46,93.17,APXMIDP
2024-10-14T22:00:00Z,2024-10-14,47,89.5,APXMIDP
2024-10-14T22:30:00Z,2024-10-14,48,86.62,APXMIDP
2024-10-14T23:00:00Z,2024-10-15,1,79.41,APXMIDP
2024-10-14T23:30:00Z,2024-10-15,2,72.47,APXMIDP
2024-10-15T00:00:00Z,2024-10-15,3,74.51,APXMIDP
2024-10-15T00:30:00Z,2024-10-15,4,76.37,APXMIDP
2024-10-15T01:00:00Z,2024-10-15,5,76.86,APXMIDP
2024-10-15T01:30:00Z,2024-10-15,6,73.58,APXMIDP
2024-10-15T02:00:00Z,2024-10-15,7,70.85,APXMIDP
2024-10-15T02:30:00Z,2024-10-15,8,68.1,APXMIDP
2024-10-15T03:00:00Z,2024-10-15,9,73.33,APXMIDP
2024-10-15T03:30:00Z,2024-10-15,10,71.68,APXMIDP
2024-10-15T04:00:00Z,2024-10-15,11,75.5,APXMIDP
2024-10-15T04:30:00Z,2024-10-15,12,72.3,APXMIDP
2024-10-15T05:00:00Z,2024-10-15,13,87.91,APXMIDP
2024-10-15T05:30:00Z,2024-10-15,14,100.4,APXMIDP
2024-10-15T06:00:00Z,2024-10-15,15,98.71,APXMIDP
2024-10-15T06:30:00Z,2024-10-15,16,109.17,APXMIDP
2024-10-15T07:00:00Z,2024-10-15,17,102.49,APXMIDP
2024-10-15T07:30:00Z,2024-10-15,18,100.4,APXMIDP
2024-10-15T08:00:00Z,2024-10-15,19,75.81,APXMIDP
2024-10-15T08:30:00Z,2024-10-15,20,81.15,APXMIDP
2024-10-15T09:00:00Z,2024-10-15,21,90.8,APXMIDP
2024-10-15T09:30:00Z,2024-10-15,22,81.73,APXMIDP
2024-10-15T10:00:00Z,2024-10-15,23,84.54,APXMIDP
2024-10-15T10:30:00Z,2024-10-15,24,84.7,APXMIDP
2024-10-15T11:00:00Z,2024-10-15,25,85.97,APXMIDP
2024-10-15T11:30:00Z,2024-10-15,26,82.31,APXMIDP
2024-10-15T12:00:00Z,2024-10-15,27,82.37,APXMIDP
2024-10-15T12:30:00Z,2024-10-15,28,81.95,APXMIDP
2024-10-15T13:00:00Z,2024-10-15,29,79.54,APXMIDP
2024-10-15T13:30:00Z,2024-10-15,30,80.01,APXMIDP
2024-10-15T14:00:00Z,2024-10-15,31,91.36,APXMIDP
2024-10-15T14:30:00Z,2024-10-15,32,91.06,APXMIDP
2024-10-15T15:00:00Z,2024-10-15,33,102.45,APXMIDP
2024-10-15T15:30:00Z,2024-10-15,34,104.8,APXMIDP
2024-10-15T16:00:00Z,2024-10-15,35,105.53,APXMIDP
2024-10-15T16:30:00Z,2024-10-15,36,106.46,APXMIDP
2024-10-15T17:00:00Z,2024-10-15,37,102.56,APXMIDP
2024-10-15T17:30:00Z,2024-10-15,38,103.45,APXMIDP
2024-10-15T18:00:00Z,2024-10-15,39,90.06,APXMIDP
2024-10-15T18:30:00Z,2024-10-15,40,82.42,APXMIDP
2024-10-15T19:00:00Z,2024-10-15,41,82.72,APXMIDP
2024-10-15T19:30:00Z,2024-10-15,42,88.67,APXMIDP
2024-10-15T20:00:00Z,2024-10-15,43,83.31,APXMIDP
2024-10-15T20:30:00Z,2024-10-15,44,69.98,APXMIDP
2024-10-15T21:00:00Z,2024-10-15,45,69.82,APXMIDP
2024-10-15T21:30:00Z,2024-10-15,46,54.81,APXMIDP
2024-10-15T22:00:00Z,2024-10-15,47,47.39,APXMIDP
2024-10-15T22:30:00Z,2024-10-15,48,22.74,APXMIDP
2024-10-15T23:00:00Z,2024-10-16,1,25.21,APXMIDP
2024-10-15T23:30:00Z,2024-10-16,2,64.59,APXMIDP
2024-10-16T00:00:00Z,2024-10-16,3,52.63,APXMIDP
2024-10-16T00:30:00Z,2024-10-16,4,54.24,APXMIDP
2024-10-16T01:00:00Z,2024-10-16,5,25.82,APXMIDP
2024-10-16T01:30:00Z,2024-10-16,6,9.37,APXMIDP
2024-10-16T02:00:00Z,2024-10-16,7,12.11,APXMIDP
2024-10-16T02:30:00Z,2024-10-16,8,9.33,APXMIDP
2024-10-16T03:00:00Z,2024-10-16,9,16.65,APXMIDP
2024-10-16T03:30:00Z,2024-10-16,10,14.48,APXMIDP
2024-10-16T04:00:00Z,2024-10-16,11,28.7,APXMIDP
2024-10-16T04:30:00Z,2024-10-16,12,50.96,APXMIDP
2024-10-16T05:00:00Z,2024-10-16,13,29.05,APXMIDP
2024-10-16T05:30:00Z,2024-10-16,14,69.25,APXMIDP
2024-10-16T06:00:00Z,2024-10-16,15,75.78,APXMIDP
2024-10-16T06:30:00Z,2024-10-16,16,86.05,APXMIDP
2024-10-16T07:00:00Z,2024-10-16,17,85.57,APXMIDP
2024-10-16T07:30:00Z,2024-10-16,18,85.94,APXMIDP
2024-10-16T08:00:00Z,2024-10-16,19,89.62,APXMIDP
2024-10-16T08:30:00Z,2024-10-16,20,88.8,APXMIDP
2024-10-16T09:00:00Z,2024-10-16,21,91.7,APXMIDP
2024-10-16T09:30:00Z,2024-10-16,22,91.84,APXMIDP
2024-10-16T10:00:00Z,2024-10-16,23,94.58,APXMIDP
2024-10-16T10:30:00Z,2024-10-16,24,95.17,APXMIDP
2024-10-16T11:00:00Z,2024-10-16,25,97.75,APXMIDP
2024-10-16T11:30:00Z,2024-10-16,26,100.08,APXMIDP
2024-10-16T12:00:00Z,2024-10-16,27,102.64,APXMIDP
2024-10-16T12:30:00Z,2024-10-16,28,100.88,APXMIDP
2024-10-16T13:00:00Z,2024-10-16,29,100.15,APXMIDP
2024-10-16T13:30:00Z,2024-10-16,30,98.58,APXMIDP
2024-10-16T14:00:00Z,2024-10-16,31,89.63,APXMIDP
2024-10-16T14:30:00Z,2024-10-16,32,91.64,APXMIDP
2024-10-16T15:00:00Z,2024-10-16,33,90.28,APXMIDP
2024-10-16T15:30:00Z,2024-10-16,34,92.89,APXMIDP
2024-10-16T16:00:00Z,2024-10-16,35,96.57,APXMIDP
2024-10-16T16:30:00Z,2024-10-16,36,97.73,APXMIDP
2024-10-16T17:00:00Z,2024-10-16,37,104.22,APXMIDP
2024-10-16T17:30:00Z,2024-10-16,38,103.67,APXMIDP
2024-10-16T18:00:00Z,2024-10-16,39,92.61,APXMIDP
2024-10-16T18:30:00Z,2024-10-16,40,88.12,APXMIDP
2024-10-16T19:00:00Z,2024-10-16,41,91.74,APXMIDP
2024-10-16T19:30:00Z,2024-10-16,42,86.52,APXMIDP
2024-10-16T20:00:00Z,2024-10-16,43,86.24,APXMIDP
2024-10-16T20:30:00Z,2024-10-16,44,88.87,APXMIDP
2024-10-16T21:00:00Z,2024-10-16,45,88.2,APXMIDP
2024-10-16T21:30:00Z,2024-10-16,46,82.69,APXMIDP
2024-10-16T22:00:00Z,2024-10-16,47,88.6,APXMIDP
2024-10-16T22:30:00Z,2024-10-16,48,87.98,APXMIDP
2024-10-16T23:00:00Z,2024-10-17,1,87.94,APXMIDP
2024-10-16T23:30:00Z,2024-10-17,2,86.97,APXMIDP
2024-10-17T00:00:00Z,2024-10-17,3,92.13,APXMIDP
2024-10-17T00:30:00Z,2024-10-17,4,94.7,APXMIDP
2024-10-17T01:00:00Z,2024-10-17,5,87.92,APXMIDP
2024-10-17T01:30:00Z,2024-10-17,6,86.83,APXMIDP
2024-10-17T02:00:00Z,2024-10-17,7,83.95,APXMIDP
2024-10-17T02:30:00Z,2024-10-17,8,88.54,APXMIDP
2024-10-17T03:00:00Z,2024-10-17,9,82.6,APXMIDP
2024-10-17T03:30:00Z,2024-10-17,10,92.48,APXMIDP
2024-10-17T04:00:00Z,2024-10-17,11,101.14,APXMIDP
2024-10-17T04:30:00Z,2024-10-17,12,103.87,APXMIDP
2024-10-17T05:00:00Z,2024-10-17,13,97.23,APXMIDP
2024-10-17T05:30:00Z,2024-10-17,14,96.73,APXMIDP
2024-10-17T06:00:00Z,2024-10-17,15,106.1,APXMIDP
2024-10-17T06:30:00Z,2024-10-17,16,114.72,APXMIDP
2024-10-17T07:00:00Z,2024-10-17,17,111.69,APXMIDP
2024-10-17T07:30:00Z,2024-10-17,18,111.08,APXMIDP
2024-10-17T08:00:00Z,2024-10-17,19,107.95,APXMIDP
2024-10-17T08:30:00Z,2024-10-17,20,102.33,APXMIDP
2024-10-17T09:00:00Z,2024-10-17,21,95.05,APXMIDP
2024-10-17T09:30:00Z,2024-10-17,22,85.91,APXMIDP
2024-10-17T10:00:00Z,2024-10-17,23,77.31,APXMIDP
2024-10-17T10:30:00Z,2024-10-17,24,76.92,APXMIDP
2024-10-17T11:00:00Z,2024-10-17,25,74.67,APXMIDP
2024-10-17T11:30:00Z,2024-10-17,26,72.05,APXMIDP
2024-10-17T12:00:00Z,2024-10-17,27,68.09,APXMIDP
2024-10-17T12:30:00Z,2024-10-17,28,72.32,APXMIDP
2024-10-17T13:00:00Z,2024-10-17,29,74.83,APXMIDP
2024-10-17T13:30:00Z,2024-10-17,30,72.35,APXMIDP
2024-10-17T14:00:00Z,2024-10-17,31,72.47,APXMIDP
2024-10-17T14:30:00Z,2024-10-17,32,72.33,APXMIDP
2024-10-17T15:00:00Z,2024-10-17,33,76.57,APXMIDP
2024-10-17T15:30:00Z,2024-10-17,34,79.92,APXMIDP
2024-10-17T16:00:00Z,2024-10-17,35,107.01,APXMIDP
2024-10-17T16:30:00Z,2024-10-17,36,112.69,APXMIDP
2024-10-17T17:00:00Z,2024-10-17,37,110.07,APXMIDP
2024-10-17T17:30:00Z,2024-10-17,38,114.63,APXMIDP
2024-10-17T18:00:00Z,2024-10-17,39,95.53,APXMIDP
2024-10-17T18:30:00Z,2024-10-17,40,88.64,APXMIDP
2024-10-17T19:00:00Z,2024-10-17,41,87.61,APXMIDP
2024-10-17T19:30:00Z,2024-10-17,42,86.49,APXMIDP
2024-10-17T20:00:00Z,2024-10-17,43,81.51,APXMIDP
2024-10-17T20:30:00Z,2024-10-17,44,82.97,APXMIDP
2024-10-17T21:00:00Z,2024-10-17,45,80.73,APXMIDP
2024-10-17T21:30:00Z,2024-10-17,46,78.8,APXMIDP
2024-10-17T22:00:00Z,2024-10-17,47,84.08,APXMIDP
2024-10-17T22:30:00Z,2024-10-17,48,87.5,APXMIDP
2024-10-17T23:00:00Z,2024-10-18,1,87.69,APXMIDP
2024-10-17T23:30:00Z,2024-10-18,2,83.24,APXMIDP
2024-10-18T00:00:00Z,2024-10-18,3,80.46,APXMIDP
2024-10-18T00:30:00Z,2024-10-18,4,78.5,APXMIDP
2024-10-18T01:00:00Z,2024-10-18,5,77.06,APXMIDP
2024-10-18T01:30:00Z,2024-10-18,6,76.86,APXMIDP
2024-10-18T02:00:00Z,2024-10-18,7,81.2,APXMIDP
2024-10-18T02:30:00Z,2024-10-18,8,76.38,APXMIDP
2024-10-18T03:00:00Z,2024-10-18,9,74.49,APXMIDP
2024-10-18T03:30:00Z,2024-10-18,10,72.39,APXMIDP
2024-10-18T04:00:00Z,2024-10-18,11,75.92,APXMIDP
2024-10-18T04:30:00Z,2024-10-18,12,72.0,APXMIDP
2024-10-18T05:00:00Z,2024-10-18,13,75.13,APXMIDP
2024-10-18T05:30:00Z,2024-10-18,14,81.39,APXMIDP
2024-10-18T06:00:00Z,2024-10-18,15,84.72,APXMIDP
2024-10-18T06:30:00Z,2024-10-18,16,89.49,APXMIDP
2024-10-18T07:00:00Z,2024-10-18,17,87.21,APXMIDP
2024-10-18T07:30:00Z,2024-10-18,18,86.01,APXMIDP
2024-10-18T08:00:00Z,2024-10-18,19,74.23,APXMIDP
2024-10-18T08:30:00Z,2024-10-18,20,69.15,APXMIDP
2024-10-18T09:00:00Z,2024-10-18,21,78.1,APXMIDP
2024-10-18T09:30:00Z,2024-10-18,22,69.85,APXMIDP
2024-10-18T10:00:00Z,2024-10-18,23,74.37,APXMIDP
2024-10-18T10:30:00Z,2024-10-18,24,74.82,APXMIDP
2024-10-18T11:00:00Z,2024-10-18,25,69.44,APXMIDP
2024-10-18T11:30:00Z,2024-10-18,26,72.0,APXMIDP
2024-10-18T12:00:00Z,2024-10-18,27,72.0,APXMIDP
2024-10-18T12:30:00Z,2024-10-18,28,71.05,APXMIDP
2024-10-18T13:00:00Z,2024-10-18,29,71.99,APXMIDP
2024-10-18T13:30:00Z,2024-10-18,30,68.43,APXMIDP
2024-10-18T14:00:00Z,2024-10-18,31,73.21,APXMIDP
2024-10-18T14:30:00Z,2024-10-18,32,75.06,APXMIDP
2024-10-18T15:00:00Z,2024-10-18,33,77.41,APXMIDP
2024-10-18T15:30:00Z,2024-10-18,34,78.62,APXMIDP
2024-10-18T16:00:00Z,2024-10-18,35,85.39,APXMIDP
2024-10-18T16:30:00Z,2024-10-18,36,90.5,APXMIDP
2024-10-18T17:00:00Z,2024-10-18,37,95.74,APXMIDP
2024-10-18T17:30:00Z,2024-10-18,38,95.59,APXMIDP
2024-10-18T18:00:00Z,2024-10-18,39,78.93,APXMIDP
2024-10-18T18:30:00Z,2024-10-18,40,78.46,APXMIDP
2024-10-18T19:00:00Z,2024-10-18,41,72.27,APXMIDP
2024-10-18T19:30:00Z,2024-10-18,42,77.27,APXMIDP
2024-10-18T20:00:00Z,2024-10-18,43,79.7,APXMIDP
2024-10-18T20:30:00Z,2024-10-18,44,76.99,APXMIDP
2024-10-18T21:00:00Z,2024-10-18,45,77.86,APXMIDP
2024-10-18T21:30:00Z,2024-10-18,46,80.07,APXMIDP
2024-10-18T22:00:00Z,2024-10-18,47,89.93,APXMIDP
2024-10-18T22:30:00Z,2024-10-18,48,88.22,APXMIDP
2024-10-18T23:00:00Z,2024-10-19,1,85.6,APXMIDP
2024-10-18T23:30:00Z,2024-10-19,2,74.19,APXMIDP
2024-10-19T00:00:00Z,2024-10-19,3,67.11,APXMIDP
2024-10-19T00:30:00Z,2024-10-19,4,75.27,APXMIDP
2024-10-19T01:00:00Z,2024-10-19,5,60.2,APXMIDP
2024-10-19T01:30:00Z,2024-10-19,6,65.7,APXMIDP
2024-10-19T02:00:00Z,2024-10-19,7,70.33,APXMIDP
2024-10-19T02:30:00Z,2024-10-19,8,70.71,APXMIDP
2024-10-19T03:00:00Z,2024-10-19,9,75.36,APXMIDP
2024-10-19T03:30:00Z,2024-10-19,10,77.05,APXMIDP
2024-10-19T04:00:00Z,2024-10-19,11,83.09,APXMIDP
2024-10-19T04:30:00Z,2024-10-19,12,84.95,APXMIDP
2024-10-19T05:00:00Z,2024-10-19,13,88.44,APXMIDP
2024-10-19T05:30:00Z,2024-10-19,14,85.07,APXMIDP
2024-10-19T06:00:00Z,2024-10-19,15,96.7,APXMIDP
2024-10-19T06:30:00Z,2024-10-19,16,101.93,APXMIDP
2024-10-19T07:00:00Z,2024-10-19,17,104.51,APXMIDP
2024-10-19T07:30:00Z,2024-10-19,18,107.45,APXMIDP
2024-10-19T08:00:00Z,2024-10-19,19,109.44,APXMIDP
2024-10-19T08:30:00Z,2024-10-19,20,112.79,APXMIDP
2024-10-19T09:00:00Z,2024-10-19,21,111.35,APXMIDP
2024-10-19T09:30:00Z,2024-10-19,22,106.72,APXMIDP
2024-10-19T10:00:00Z,2024-10-19,23,93.57,APXMIDP
2024-10-19T10:30:00Z,2024-10-19,24,86.85,APXMIDP
2024-10-19T11:00:00Z,2024-10-19,25,80.35,APXMIDP
2024-10-19T11:30:00Z,2024-10-19,26,75.42,APXMIDP
2024-10-19T12:00:00Z,2024-10-19,27,77.28,APXMIDP
2024-10-19T12:30:00Z,2024-10-19,28,76.6,APXMIDP
2024-10-19T13:00:00Z,2024-10-19,29,73.73,APXMIDP
2024-10-19T13:30:00Z,2024-10-19,30,74.66,APXMIDP
2024-10-19T14:00:00Z,2024-10-19,31,76.48,APXMIDP
2024-10-19T14:30:00Z,2024-10-19,32,77.14,APXMIDP
2024-10-19T15:00:00Z,2024-10-19,33,81.63,APXMIDP
2024-10-19T15:30:00Z,2024-10-19,34,101.27,APXMIDP
2024-10-19T16:00:00Z,2024-10-19,35,114.31,APXMIDP
2024-10-19T16:30:00Z,2024-10-19,36,122.94,APXMIDP
2024-10-19T17:00:00Z,2024-10-19,37,126.96,APXMIDP
2024-10-19T17:30:00Z,2024-10-19,38,128.97,APXMIDP
2024-10-19T18:00:00Z,2024-10-19,39,131.68,APXMIDP
2024-10-19T18:30:00Z,2024-10-19,40,121.25,APXMIDP
2024-10-19T19:00:00Z,2024-10-19,41,113.11,APXMIDP
2024-10-19T19:30:00Z,2024-10-19,42,99.41,APXMIDP
2024-10-19T20:00:00Z,2024-10-19,43,91.31,APXMIDP
2024-10-19T20:30:00Z,2024-10-19,44,93.14,APXMIDP
2024-10-19T21:00:00Z,2024-10-19,45,97.28,APXMIDP
2024-10-19T21:30:00Z,2024-10-19,46,83.08,APXMIDP
2024-10-19T22:00:00Z,2024-10-19,47,75.65,APXMIDP
2024-10-19T22:30:00Z,2024-10-19,48,72.69,APXMIDP
2024-10-19T23:00:00Z,2024-10-20,1,71.22,APXMIDP
2024-10-19T23:30:00Z,2024-10-20,2,74.39,APXMIDP
2024-10-20T00:00:00Z,2024-10-20,3,79.18,APXMIDP
2024-10-20T00:30:00Z,2024-10-20,4,73.58,APXMIDP
2024-10-20T01:00:00Z,2024-10-20,5,56.68,APXMIDP
2024-10-20T01:30:00Z,2024-10-20,6,27.84,APXMIDP
2024-10-20T02:00:00Z,2024-10-20,7,40.76,APXMIDP
2024-10-20T02:30:00Z,2024-10-20,8,23.96,APXMIDP
2024-10-20T03:00:00Z,2024-10-20,9,37.76,APXMIDP
2024-10-20T03:30:00Z,2024-10-20,10,11.05,APXMIDP
2024-10-20T04:00:00Z,2024-10-20,11,20.63,APXMIDP
2024-10-20T04:30:00Z,2024-10-20,12,6.43,APXMIDP
2024-10-20T05:00:00Z,2024-10-20,13,10.46,APXMIDP
2024-10-20T05:30:00Z,2024-10-20,14,2.42,APXMIDP
2024-10-20T06:00:00Z,2024-10-20,15,-0.57,APXMIDP
2024-10-20T06:30:00Z,2024-10-20,16,0.11,APXMIDP
2024-10-20T07:00:00Z,2024-10-20,17,4.47,APXMIDP
2024-10-20T07:30:00Z,2024-10-20,18,23.53,APXMIDP
2024-10-20T08:00:00Z,2024-10-20,19,5.35,APXMIDP
2024-10-20T08:30:00Z,2024-10-20,20,15.75,APXMIDP
2024-10-20T09:00:00Z,2024-10-20,21,4.45,APXMIDP
2024-10-20T09:30:00Z,2024-10-20,22,9.43,APXMIDP
2024-10-20T10:00:00Z,2024-10-20,23,-0.31,APXMIDP
2024-10-20T10:30:00Z,2024-10-20,24,10.75,APXMIDP
2024-10-20T11:00:00Z,2024-10-20,25,16.03,APXMIDP
2024-10-20T11:30:00Z,2024-10-20,26,17.28,APXMIDP
2024-10-20T12:00:00Z,2024-10-20,27,6.45,APXMIDP
2024-10-20T12:30:00Z,2024-10-20,28,0.29,APXMIDP
2024-10-20T13:00:00Z,2024-10-20,29,0.64,APXMIDP
2024-10-20T13:30:00Z,2024-10-20,30,-2.2,APXMIDP
2024-10-20T14:00:00Z,2024-10-20,31,1.05,APXMIDP
2024-10-20T14:30:00Z,2024-10-20,32,9.28,APXMIDP
2024-10-20T15:00:00Z,2024-10-20,33,27.73,APXMIDP
2024-10-20T15:30:00Z,2024-10-20,34,35.73,APXMIDP
2024-10-20T16:00:00Z,2024-10-20,35,26.47,APXMIDP
2024-10-20T16:30:00Z,2024-10-20,36,46.19,APXMIDP
2024-10-20T17:00:00Z,2024-10-20,37,41.49,APXMIDP
2024-10-20T17:30:00Z,2024-10-20,38,55.88,APXMIDP
2024-10-20T18:00:00Z,2024-10-20,39,42.11,APXMIDP
2024-10-20T18:30:00Z,2024-10-20,40,23.8,APXMIDP
2024-10-20T19:00:00Z,2024-10-20,41,20.07,APXMIDP
2024-10-20T19:30:00Z,2024-10-20,42,2.81,APXMIDP
2024-10-20T20:00:00Z,2024-10-20,43,12.79,APXMIDP
2024-10-20T20:30:00Z,2024-10-20,44,-5.1,APXMIDP
2024-10-20T21:00:00Z,2024-10-20,45,2.71,APXMIDP
2024-10-20T21:30:00Z,2024-10-20,46,-9.74,APXMIDP
2024-10-20T22:00:00Z,2024-10-20,47,5.26,APXMIDP
2024-10-20T22:30:00Z,2024-10-20,48,-6.69,APXMIDP
2024-10-20T23:00:00Z,2024-10-21,1,4.56,APXMIDP
2024-10-20T23:30:00Z,2024-10-21,2,5.2,APXMIDP
2024-10-21T00:00:00Z,2024-10-21,3,-1.88,APXMIDP
2024-10-21T00:30:00Z,2024-10-21,4,-3.68,APXMIDP
2024-10-21T01:00:00Z,2024-10-21,5,-3.67,APXMIDP
2024-10-21T01:30:00Z,2024-10-21,6,-4.19,APXMIDP
2024-10-21T02:00:00Z,2024-10-21,7,-4.39,APXMIDP
2024-10-21T02:30:00Z,2024-10-21,8,-5.02,APXMIDP
2024-10-21T03:00:00Z,2024-10-21,9,-6.88,APXMIDP
2024-10-21T03:30:00Z,2024-10-21,10,-4.87,APXMIDP
2024-10-21T04:00:00Z,2024-10-21,11,-8.47,APXMIDP
2024-10-21T04:30:00Z,2024-10-21,12,-2.98,APXMIDP
2024-10-21T05:00:00Z,2024-10-21,13,7.02,APXMIDP
2024-10-21T05:30:00Z,2024-10-21,14,47.38,APXMIDP
2024-10-21T06:00:00Z,2024-10-21,15,75.72,APXMIDP
2024-10-21T06:30:00Z,2024-10-21,16,92.28,APXMIDP
2024-10-21T07:00:00Z,2024-10-21,17,85.61,APXMIDP
2024-10-21T07:30:00Z,2024-10-21,18,91.66,APXMIDP
2024-10-21T08:00:00Z,2024-10-21,19,77.28,APXMIDP
2024-10-21T08:30:00Z,2024-10-21,20,77.88,APXMIDP
2024-10-21T09:00:00Z,2024-10-21,21,78.28,APXMIDP
2024-10-21T09:30:00Z,2024-10-21,22,77.33,APXMIDP
2024-10-21T10:00:00Z,2024-10-21,23,72.07,APXMIDP
2024-10-21T10:30:00Z,2024-10-21,24,71.42,APXMIDP
2024-10-21T11:00:00Z,2024-10-21,25,78.63,APXMIDP
2024-10-21T11:30:00Z,2024-10-21,26,74.49,APXMIDP
2024-10-21T12:00:00Z,2024-10-21,27,75.36,APXMIDP
2024-10-21T12:30:00Z,2024-10-21,28,73.22,APXMIDP
2024-10-21T13:00:00Z,2024-10-21,29,73.57,APXMIDP
2024-10-21T13:30:00Z,2024-10-21,30,75.07,APXMIDP
2024-10-21T14:00:00Z,2024-10-21,31,87.16,APXMIDP
2024-10-21T14:30:00Z,2024-10-21,32,83.34,APXMIDP
2024-10-21T15:00:00Z,2024-10-21,33,86.21,APXMIDP
2024-10-21T15:30:00Z,2024-10-21,34,92.04,APXMIDP
2024-10-21T16:00:00Z,2024-10-21,35,117.79,APXMIDP
2024-10-21T16:30:00Z,2024-10-21,36,120.74,APXMIDP
2024-10-21T17:00:00Z,2024-10-21,37,125.19,APXMIDP
2024-10-21T17:30:00Z,2024-10-21,38,125.88,APXMIDP
2024-10-21T18:00:00Z,2024-10-21,39,93.48,APXMIDP
2024-10-21T18:30:00Z,2024-10-21,40,88.35,APXMIDP
2024-10-21T19:00:00Z,2024-10-21,41,85.8,APXMIDP
2024-10-21T19:30:00Z,2024-10-21,42,71.47,APXMIDP
2024-10-21T20:00:00Z,2024-10-21,43,87.87,APXMIDP
2024-10-21T20:30:00Z,2024-10-21,44,86.7,APXMIDP
2024-10-21T21:00:00Z,2024-10-21,45,71.16,APXMIDP
2024-10-21T21:30:00Z,2024-10-21,46,80.53,APXMIDP
2024-10-21T22:00:00Z,2024-10-21,47,75.33,APXMIDP
2024-10-21T22:30:00Z,2024-10-21,48,70.75,APXMIDP
2024-10-21T23:00:00Z,2024-10-22,1,65.55,APXMIDP
2024-10-21T23:30:00Z,2024-10-22,2,53.52,APXMIDP
2024-10-22T00:00:00Z,2024-10-22,3,57.48,APXMIDP
2024-10-22T00:30:00Z,2024-10-22,4,57.25,APXMIDP
2024-10-22T01:00:00Z,2024-10-22,5,57.94,APXMIDP
2024-10-22T01:30:00Z,2024-10-22,6,66.13,APXMIDP
2024-10-22T02:00:00Z,2024-10-22,7,55.66,APXMIDP
2024-10-22T02:30:00Z,2024-10-22,8,48.02,APXMIDP
2024-10-22T03:00:00Z,2024-10-22,9,56.17,APXMIDP
2024-10-22T03:30:00Z,2024-10-22,10,59.11,APXMIDP
2024-10-22T04:00:00Z,2024-10-22,11,63.0,APXMIDP
2024-10-22T04:30:00Z,2024-10-22,12,52.0,APXMIDP
2024-10-22T05:00:00Z,2024-10-22,13,69.93,APXMIDP
2024-10-22T05:30:00Z,2024-10-22,14,80.74,APXMIDP
2024-10-22T06:00:00Z,2024-10-22,15,88.42,APXMIDP
2024-10-22T06:30:00Z,2024-10-22,16,101.97,APXMIDP
2024-10-22T07:00:00Z,2024-10-22,17,78.95,APXMIDP
2024-10-22T07:30:00Z,2024-10-22,18,84.71,APXMIDP
2024-10-22T08:00:00Z,2024-10-22,19,84.48,APXMIDP
2024-10-22T08:30:00Z,2024-10-22,20,78.14,APXMIDP
2024-10-22T09:00:00Z,2024-10-22,21,72.76,APXMIDP
2024-10-22T09:30:00Z,2024-10-22,22,78.56,APXMIDP
2024-10-22T10:00:00Z,2024-10-22,23,73.43,APXMIDP
2024-10-22T10:30:00Z,2024-10-22,24,71.67,APXMIDP
2024-10-22T11:00:00Z,2024-10-22,25,73.11,APXMIDP
2024-10-22T11:30:00Z,2024-10-22,26,71.66,APXMIDP
2024-10-22T12:00:00Z,2024-10-22,27,72.2,APXMIDP
2024-10-22T12:30:00Z,2024-10-22,28,72.61,APXMIDP
2024-10-22T13:00:00Z,2024-10-22,29,73.37,APXMIDP
2024-10-22T13:30:00Z,2024-10-22,30,72.51,APXMIDP
2024-10-22T14:00:00Z,2024-10-22,31,79.66,APXMIDP
2024-10-22T14:30:00Z,2024-10-22,32,79.26,APXMIDP
2024-10-22T15:00:00Z,2024-10-22,33,82.53,APXMIDP
2024-10-22T15:30:00Z,2024-10-22,34,85.22,APXMIDP
2024-10-22T16:00:00Z,2024-10-22,35,93.48,APXMIDP
2024-10-22T16:30:00Z,2024-10-22,36,97.31,APXMIDP
2024-10-22T17:00:00Z,2024-10-22,37,106.56,APXMIDP
2024-10-22T17:30:00Z,2024-10-22,38,114.05,APXMIDP
2024-10-22T18:00:00Z,2024-10-22,39,110.24,APXMIDP
2024-10-22T18:30:00Z,2024-10-22,40,102.4,APXMIDP
2024-10-22T19:00:00Z,2024-10-22,41,101.26,APXMIDP
2024-10-22T19:30:00Z,2024-10-22,42,91.19,APXMIDP
2024-10-22T20:00:00Z,2024-10-22,43,80.62,APXMIDP
2024-10-22T20:30:00Z,2024-10-22,44,88.18,APXMIDP
2024-10-22T21:00:00Z,2024-10-22,45,88.35,APXMIDP
2024-10-22T21:30:00Z,2024-10-22,46,83.13,APXMIDP
2024-10-22T22:00:00Z,2024-10-22,47,78.66,APXMIDP
2024-10-22T22:30:00Z,2024-10-22,48,83.51,APXMIDP
2024-10-22T23:00:00Z,2024-10-23,1,86.31,APXMIDP
2024-10-22T23:30:00Z,2024-10-23,2,83.92,APXMIDP
2024-10-23T00:00:00Z,2024-10-23,3,79.86,APXMIDP
2024-10-23T00:30:00Z,2024-10-23,4,82.76,APXMIDP
2024-10-23T01:00:00Z,2024-10-23,5,82.82,APXMIDP
2024-10-23T01:30:00Z,2024-10-23,6,82.95,APXMIDP
2024-10-23T02:00:00Z,2024-10-23,7,85.7,APXMIDP
2024-10-23T02:30:00Z,2024-10-23,8,82.87,APXMIDP
2024-10-23T03:00:00Z,2024-10-23,9,86.49,APXMIDP
2024-10-23T03:30:00Z,2024-10-23,10,83.26,APXMIDP
2024-10-23T04:00:00Z,2024-10-23,11,89.63,APXMIDP
2024-10-23T04:30:00Z,2024-10-23,12,69.82,APXMIDP
2024-10-23T05:00:00Z,2024-10-23,13,98.97,APXMIDP
2024-10-23T05:30:00Z,2024-10-23,14,111.02,APXMIDP
2024-10-23T06:00:00Z,2024-10-23,15,121.59,APXMIDP
2024-10-23T06:30:00Z,2024-10-23,16,130.59,APXMIDP
2024-10-23T07:00:00Z,2024-10-23,17,105.89,APXMIDP
2024-10-23T07:30:00Z,2024-10-23,18,103.82,APXMIDP
2024-10-23T08:00:00Z,2024-10-23,19,100.51,APXMIDP
2024-10-23T08:30:00Z,2024-10-23,20,99.63,APXMIDP
2024-10-23T09:00:00Z,2024-10-23,21,94.14,APXMIDP
2024-10-23T09:30:00Z,2024-10-23,22,89.71,APXMIDP
2024-10-23T10:00:00Z,2024-10-23,23,80.76,APXMIDP
2024-10-23T10:30:00Z,2024-10-23,24,80.16,APXMIDP
2024-10-23T11:00:00Z,2024-10-23,25,83.73,APXMIDP
2024-10-23T11:30:00Z,2024-10-23,26,79.29,APXMIDP
2024-10-23T12:00:00Z,2024-10-23,27,77.37,APXMIDP
2024-10-23T12:30:00Z,2024-10-23,28,75.85,APXMIDP
2024-10-23T13:00:00Z,2024-10-23,29,75.71,APXMIDP
2024-10-23T13:30:00Z,2024-10-23,30,75.55,APXMIDP
2024-10-23T14:00:00Z,2024-10-23,31,84.85,APXMIDP
2024-10-23T14:30:00Z,2024-10-23,32,85.17,APXMIDP
2024-10-23T15:00:00Z,2024-10-23,33,93.44,APXMIDP
2024-10-23T15:30:00Z,2024-10-23,34,103.89,APXMIDP
2024-10-23T16:00:00Z,2024-10-23,35,116.04,APXMIDP
2024-10-23T16:30:00Z,2024-10-23,36,115.89,APXMIDP
2024-10-23T17:00:00Z,2024-10-23,37,118.35,APXMIDP
2024-10-23T17:30:00Z,2024-10-23,38,116.69,APXMIDP
2024-10-23T18:00:00Z,2024-10-23,39,95.11,APXMIDP
2024-10-23T18:30:00Z,2024-10-23,40,85.82,APXMIDP
2024-10-23T19:00:00Z,2024-10-23,41,89.08,APXMIDP
2024-10-23T19:30:00Z,2024-10-23,42,84.39,APXMIDP
2024-10-23T20:00:00Z,2024-10-23,43,75.94,APXMIDP
2024-10-23T20:30:00Z,2024-10-23,44,69.55,APXMIDP
2024-10-23T21:00:00Z,2024-10-23,45,72.73,APXMIDP
2024-10-23T21:30:00Z,2024-10-23,46,67.04,APXMIDP
2024-10-23T22:00:00Z,2024-10-23,47,62.02,APXMIDP
2024-10-23T22:30:00Z,2024-10-23,48,60.82,APXMIDP
2024-10-23T23:00:00Z,2024-10-24,1,75.35,APXMIDP
2024-10-23T23:30:00Z,2024-10-24,2,73.19,APXMIDP
2024-10-24T00:00:00Z,2024-10-24,3,62.38,APXMIDP
2024-10-24T00:30:00Z,2024-10-24,4,56.42,APXMIDP
2024-10-24T01:00:00Z,2024-10-24,5,58.99,APXMIDP
2024-10-24T01:30:00Z,2024-10-24,6,49.73,APXMIDP
2024-10-24T02:00:00Z,2024-10-24,7,36.51,APXMIDP
2024-10-24T02:30:00Z,2024-10-24,8,33.2,APXMIDP
2024-10-24T03:00:00Z,2024-10-24,9,41.78,APXMIDP
2024-10-24T03:30:00Z,2024-10-24,10,47.31,APXMIDP
2024-10-24T04:00:00Z,2024-10-24,11,46.46,APXMIDP
2024-10-24T04:30:00Z,2024-10-24,12,60.22,APXMIDP
2024-10-24T05:00:00Z,2024-10-24,13,77.37,APXMIDP
2024-10-24T05:30:00Z,2024-10-24,14,84.62,APXMIDP
2024-10-24T06:00:00Z,2024-10-24,15,106.94,APXMIDP
2024-10-24T06:30:00Z,2024-10-24,16,117.14,APXMIDP
2024-10-24T07:00:00Z,2024-10-24,17,103.19,APXMIDP
2024-10-24T07:30:00Z,2024-10-24,18,107.12,APXMIDP
2024-10-24T08:00:00Z,2024-10-24,19,105.15,APXMIDP
2024-10-24T08:30:00Z,2024-10-24,20,100.0,APXMIDP
2024-10-24T09:00:00Z,2024-10-24,21,93.91,APXMIDP
2024-10-24T09:30:00Z,2024-10-24,22,87.39,APXMIDP
2024-10-24T10:00:00Z,2024-10-24,23,83.11,APXMIDP
2024-10-24T10:30:00Z,2024-10-24,24,83.14,APXMIDP
2024-10-24T11:00:00Z,2024-10-24,25,85.5,APXMIDP
2024-10-24T11:30:00Z,2024-10-24,26,82.89,APXMIDP
2024-10-24T12:00:00Z,2024-10-24,27,79.08,APXMIDP
2024-10-24T12:30:00Z,2024-10-24,28,76.76,APXMIDP
2024-10-24T13:00:00Z,2024-10-24,29,86.88,APXMIDP
2024-10-24T13:30:00Z,2024-10-24,30,87.25,APXMIDP
2024-10-24T14:00:00Z,2024-10-24,31,103.62,APXMIDP
2024-10-24T14:30:00Z,2024-10-24,32,106.51,APXMIDP
2024-10-24T15:00:00Z,2024-10-24,33,108.15,APXMIDP
2024-10-24T15:30:00Z,2024-10-24,34,116.12,APXMIDP
2024-10-24T16:00:00Z,2024-10-24,35,118.47,APXMIDP
2024-10-24T16:30:00Z,2024-10-24,36,122.32,APXMIDP
2024-10-24T17:00:00Z,2024-10-24,37,113.94,APXMIDP
2024-10-24T17:30:00Z,2024-10-24,38,114.12,APXMIDP
2024-10-24T18:00:00Z,2024-10-24,39,109.63,APXMIDP
2024-10-24T18:30:00Z,2024-10-24,40,104.14,APXMIDP
2024-10-24T19:00:00Z,2024-10-24,41,98.11,APXMIDP
2024-10-24T19:30:00Z,2024-10-24,42,93.69,APXMIDP
2024-10-24T20:00:00Z,2024-10-24,43,89.53,APXMIDP
2024-10-24T20:30:00Z,2024-10-24,44,88.63,APXMIDP
2024-10-24T21:00:00Z,2024-10-24,45,85.92,APXMIDP
2024-10-24T21:30:00Z,2024-10-24,46,82.82,APXMIDP
2024-10-24T22:00:00Z,2024-10-24,47,74.88,APXMIDP
2024-10-24T22:30:00Z,2024-10-24,48,76.94,APXMIDP
2024-10-24T23:00:00Z,2024-10-25,1,77.11,APXMIDP
2024-10-24T23:30:00Z,2024-10-25,2,77.89,APXMIDP
2024-10-25T00:00:00Z,2024-10-25,3,79.15,APXMIDP
2024-10-25T00:30:00Z,2024-10-25,4,84.32,APXMIDP
2024-10-25T01:00:00Z,2024-10-25,5,85.45,APXMIDP
2024-10-25T01:30:00Z,2024-10-25,6,84.56,APXMIDP
2024-10-25T02:00:00Z,2024-10-25,7,81.0,APXMIDP
2024-10-25T02:30:00Z,2024-10-25,8,81.0,APXMIDP
2024-10-25T03:00:00Z,2024-10-25,9,81.37,APXMIDP
2024-10-25T03:30:00Z,2024-10-25,10,79.53,APXMIDP
2024-10-25T04:00:00Z,2024-10-25,11,100.21,APXMIDP
2024-10-25T04:30:00Z,2024-10-25,12,92.54,APXMIDP
2024-10-25T05:00:00Z,2024-10-25,13,102.67,APXMIDP
2024-10-25T05:30:00Z,2024-10-25,14,104.76,APXMIDP
2024-10-25T06:00:00Z,2024-10-25,15,119.6,APXMIDP
2024-10-25T06:30:00Z,2024-10-25,16,123.98,APXMIDP
2024-10-25T07:00:00Z,2024-10-25,17,114.16,APXMIDP
2024-10-25T07:30:00Z,2024-10-25,18,111.8,APXMIDP
2024-10-25T08:00:00Z,2024-10-25,19,110.66,APXMIDP
2024-10-25T08:30:00Z,2024-10-25,20,108.73,APXMIDP
2024-10-25T09:00:00Z,2024-10-25,21,106.99,APXMIDP
2024-10-25T09:30:00Z,2024-10-25,22,103.05,APXMIDP
2024-10-25T10:00:00Z,2024-10-25,23,92.96,APXMIDP
2024-10-25T10:30:00Z,2024-10-25,24,89.69,APXMIDP
2024-10-25T11:00:00Z,2024-10-25,25,85.37,APXMIDP
2024-10-25T11:30:00Z,2024-10-25,26,82.26,APXMIDP
2024-10-25T12:00:00Z,2024-10-25,27,84.39,APXMIDP
2024-10-25T12:30:00Z,2024-10-25,28,85.36,APXMIDP
2024-10-25T13:00:00Z,2024-10-25,29,85.31,APXMIDP
2024-10-25T13:30:00Z,2024-10-25,30,83.8,APXMIDP
2024-10-25T14:00:00Z,2024-10-25,31,97.02,APXMIDP
2024-10-25T14:30:00Z,2024-10-25,32,102.45,APXMIDP
2024-10-25T15:00:00Z,2024-10-25,33,110.7,APXMIDP
2024-10-25T15:30:00Z,2024-10-25,34,119.76,APXMIDP
2024-10-25T16:00:00Z,2024-10-25,35,140.03,APXMIDP
2024-10-25T16:30:00Z,2024-10-25,36,145.84,APXMIDP
2024-10-25T17:00:00Z,2024-10-25,37,136.58,APXMIDP
2024-10-25T17:30:00Z,2024-10-25,38,135.54,APXMIDP
2024-10-25T18:00:00Z,2024-10-25,39,126.3,APXMIDP
2024-10-25T18:30:00Z,2024-10-25,40,112.17,APXMIDP
2024-10-25T19:00:00Z,2024-10-25,41,102.93,APXMIDP
2024-10-25T19:30:00Z,2024-10-25,42,99.81,APXMIDP
2024-10-25T20:00:00Z,2024-10-25,43,99.47,APXMIDP
2024-10-25T20:30:00Z,2024-10-25,44,97.96,APXMIDP
2024-10-25T21:00:00Z,2024-10-25,45,94.28,APXMIDP
2024-10-25T21:30:00Z,2024-10-25,46,93.21,APXMIDP
2024-10-25T22:00:00Z,2024-10-25,47,93.17,APXMIDP
2024-10-25T22:30:00Z,2024-10-25,48,93.82,APXMIDP
2024-10-25T23:00:00Z,2024-10-26,1,92.4,APXMIDP
2024-10-25T23:30:00Z,2024-10-26,2,89.9,APXMIDP
2024-10-26T00:00:00Z,2024-10-26,3,83.19,APXMIDP
2024-10-26T00:30:00Z,2024-10-26,4,88.36,APXMIDP
2024-10-26T01:00:00Z,2024-10-26,5,88.68,APXMIDP
2024-10-26T01:30:00Z,2024-10-26,6,81.27,APXMIDP
2024-10-26T02:00:00Z,2024-10-26,7,83.04,APXMIDP
2024-10-26T02:30:00Z,2024-10-26,8,80.63,APXMIDP
2024-10-26T03:00:00Z,2024-10-26,9,83.7,APXMIDP
2024-10-26T03:30:00Z,2024-10-26,10,85.29,APXMIDP
2024-10-26T04:00:00Z,2024-10-26,11,95.88,APXMIDP
2024-10-26T04:30:00Z,2024-10-26,12,95.82,APXMIDP
2024-10-26T05:00:00Z,2024-10-26,13,81.58,APXMIDP
2024-10-26T05:30:00Z,2024-10-26,14,89.09,APXMIDP
2024-10-26T06:00:00Z,2024-10-26,15,82.22,APXMIDP
2024-10-26T06:30:00Z,2024-10-26,16,99.19,APXMIDP
2024-10-26T07:00:00Z,2024-10-26,17,90.24,APXMIDP
2024-10-26T07:30:00Z,2024-10-26,18,98.51,APXMIDP
2024-10-26T08:00:00Z,2024-10-26,19,93.52,APXMIDP
2024-10-26T08:30:00Z,2024-10-26,20,88.67,APXMIDP
2024-10-26T09:00:00Z,2024-10-26,21,91.36,APXMIDP
2024-10-26T09:30:00Z,2024-10-26,22,93.09,APXMIDP
2024-10-26T10:00:00Z,2024-10-26,23,77.98,APXMIDP
2024-10-26T10:30:00Z,2024-10-26,24,79.09,APXMIDP
2024-10-26T11:00:00Z,2024-10-26,25,71.73,APXMIDP
2024-10-26T11:30:00Z,2024-10-26,26,67.05,APXMIDP
2024-10-26T12:00:00Z,2024-10-26,27,70.04,APXMIDP
2024-10-26T12:30:00Z,2024-10-26,28,71.78,APXMIDP
2024-10-26T13:00:00Z,2024-10-26,29,76.15,APXMIDP
2024-10-26T13:30:00Z,2024-10-26,30,76.55,APXMIDP
2024-10-26T14:00:00Z,2024-10-26,31,85.1,APXMIDP
2024-10-26T14:30:00Z,2024-10-26,32,83.19,APXMIDP
2024-10-26T15:00:00Z,2024-10-26,33,89.97,APXMIDP
2024-10-26T15:30:00Z,2024-10-26,34,108.14,APXMIDP
2024-10-26T16:00:00Z,2024-10-26,35,117.89,APXMIDP
2024-10-26T16:30:00Z,2024-10-26,36,123.38,APXMIDP
2024-10-26T17:00:00Z,2024-10-26,37,119.47,APXMIDP
2024-10-26T17:30:00Z,2024-10-26,38,119.24,APXMIDP
2024-10-26T18:00:00Z,2024-10-26,39,114.02,APXMIDP
2024-10-26T18:30:00Z,2024-10-26,40,105.34,APXMIDP
2024-10-26T19:00:00Z,2024-10-26,41,104.01,APXMIDP
2024-10-26T19:30:00Z,2024-10-26,42,100.42,APXMIDP
2024-10-26T20:00:00Z,2024-10-26,43,102.24,APXMIDP
2024-10-26T20:30:00Z,2024-10-26,44,100.35,APXMIDP
2024-10-26T21:00:00Z,2024-10-26,45,98.61,APXMIDP
2024-10-26T21:30:00Z,2024-10-26,46,90.03,APXMIDP
2024-10-26T22:00:00Z,2024-10-26,47,78.53,APXMIDP
2024-10-26T22:30:00Z,2024-10-26,48,89.58,APXMIDP
2024-10-26T23:00:00Z,2024-10-27,1,81.11,APXMIDP
2024-10-26T23:30:00Z,2024-10-27,2,70.14,APXMIDP
2024-10-27T00:00:00Z,2024-10-27,3,63.58,APXMIDP
2024-10-27T00:30:00Z,2024-10-27,4,58.65,APXMIDP
2024-10-27T01:00:00Z,2024-10-27,5,56.45,APXMIDP
2024-10-27T01:30:00Z,2024-10-27,6,52.85,APXMIDP
2024-10-27T02:00:00Z,2024-10-27,7,51.11,APXMIDP
2024-10-27T02:30:00Z,2024-10-27,8,54.12,APXMIDP
2024-10-27T03:00:00Z,2024-10-27,9,49.87,APXMIDP
2024-10-27T03:30:00Z,2024-10-27,10,50.09,APXMIDP
2024-10-27T04:00:00Z,2024-10-27,11,55.94,APXMIDP
2024-10-27T04:30:00Z,2024-10-27,12,56.73,APXMIDP
2024-10-27T05:00:00Z,2024-10-27,13,63.31,APXMIDP
2024-10-27T05:30:00Z,2024-10-27,14,72.46,APXMIDP
2024-10-27T06:00:00Z,2024-10-27,15,77.75,APXMIDP
2024-10-27T06:30:00Z,2024-10-27,16,75.63,APXMIDP
2024-10-27T07:00:00Z,2024-10-27,17,80.66,APXMIDP
2024-10-27T07:30:00Z,2024-10-27,18,87.91,APXMIDP
2024-10-27T08:00:00Z,2024-10-27,19,100.82,APXMIDP
2024-10-27T08:30:00Z,2024-10-27,20,106.85,APXMIDP
2024-10-27T09:00:00Z,2024-10-27,21,104.34,APXMIDP
2024-10-27T09:30:00Z,2024-10-27,22,100.24,APXMIDP
2024-10-27T10:00:00Z,2024-10-27,23,89.19,APXMIDP
2024-10-27T10:30:00Z,2024-10-27,24,81.21,APXMIDP
2024-10-27T11:00:00Z,2024-10-27,25,70.99,APXMIDP
2024-10-27T11:30:00Z,2024-10-27,26,60.23,APXMIDP
2024-10-27T12:00:00Z,2024-10-27,27,56.61,APXMIDP
2024-10-27T12:30:00Z,2024-10-27,28,48.41,APXMIDP
2024-10-27T13:00:00Z,2024-10-27,29,66.66,APXMIDP
2024-10-27T13:30:00Z,2024-10-27,30,61.55,APXMIDP
2024-10-27T14:00:00Z,2024-10-27,31,68.38,APXMIDP
2024-10-27T14:30:00Z,2024-10-27,32,67.98,APXMIDP
2024-10-27T15:00:00Z,2024-10-27,33,69.71,APXMIDP
2024-10-27T15:30:00Z,2024-10-27,34,76.12,APXMIDP
2024-10-27T16:00:00Z,2024-10-27,35,94.57,APXMIDP
2024-10-27T16:30:00Z,2024-10-27,36,108.71,APXMIDP
2024-10-27T17:00:00Z,2024-10-27,37,118.85,APXMIDP
2024-10-27T17:30:00Z,2024-10-27,38,112.9,APXMIDP
2024-10-27T18:00:00Z,2024-10-27,39,113.61,APXMIDP
2024-10-27T18:30:00Z,2024-10-27,40,96.27,APXMIDP
2024-10-27T19:00:00Z,2024-10-27,41,94.43,APXMIDP
2024-10-27T19:30:00Z,2024-10-27,42,91.56,APXMIDP
2024-10-27T20:00:00Z,2024-10-27,43,83.43,APXMIDP
2024-10-27T20:30:00Z,2024-10-27,44,95.65,APXMIDP
2024-10-27T21:00:00Z,2024-10-27,45,96.55,APXMIDP
2024-10-27T21:30:00Z,2024-10-27,46,86.88,APXMIDP
2024-10-27T22:00:00Z,2024-10-27,47,84.28,APXMIDP
2024-10-27T22:30:00Z,2024-10-27,48,70.73,APXMIDP
2024-10-27T23:00:00Z,2024-10-27,49,43.22,APXMIDP
2024-10-27T23:30:00Z,2024-10-27,50,39.46,APXMIDP
2024-10-28T00:00:00Z,2024-10-28,1,32.73,APXMIDP
2024-10-28T00:30:00Z,2024-10-28,2,37.59,APXMIDP
2024-10-28T01:00:00Z,2024-10-28,3,29.22,APXMIDP
2024-10-28T01:30:00Z,2024-10-28,4,23.59,APXMIDP
2024-10-28T02:00:00Z,2024-10-28,5,22.04,APXMIDP
2024-10-28T02:30:00Z,2024-10-28,6,19.71,APXMIDP
2024-10-28T03:00:00Z,2024-10-28,7,19.06,APXMIDP
2024-10-28T03:30:00Z,2024-10-28,8,15.7,APXMIDP
2024-10-28T04:00:00Z,2024-10-28,9,16.55,APXMIDP
2024-10-28T04:30:00Z,2024-10-28,10,19.62,APXMIDP
2024-10-28T05:00:00Z,2024-10-28,11,22.51,APXMIDP
2024-10-28T05:30:00Z,2024-10-28,12,25.21,APXMIDP
2024-10-28T06:00:00Z,2024-10-28,13,47.19,APXMIDP
2024-10-28T06:30:00Z,2024-10-28,14,68.21,APXMIDP
2024-10-28T07:00:00Z,2024-10-28,15,69.42,APXMIDP
2024-10-28T07:30:00Z,2024-10-28,16,77.06,APXMIDP
2024-10-28T08:00:00Z,2024-10-28,17,74.16,APXMIDP
2024-10-28T08:30:00Z,2024-10-28,18,81.08,APXMIDP
2024-10-28T09:00:00Z,2024-10-28,19,85.05,APXMIDP
2024-10-28T09:30:00Z,2024-10-28,20,86.61,APXMIDP
2024-10-28T10:00:00Z,2024-10-28,21,84.29,APXMIDP
2024-10-28T10:30:00Z,2024-10-28,22,82.05,APXMIDP
2024-10-28T11:00:00Z,2024-10-28,23,79.96,APXMIDP
2024-10-28T11:30:00Z,2024-10-28,24,82.47,APXMIDP
2024-10-28T12:00:00Z,2024-10-28,25,85.52,APXMIDP
2024-10-28T12:30:00Z,2024-10-28,26,97.22,APXMIDP
2024-10-28T13:00:00Z,2024-10-28,27,92.87,APXMIDP
2024-10-28T13:30:00Z,2024-10-28,28,86.82,APXMIDP
2024-10-28T14:00:00Z,2024-10-28,29,91.78,APXMIDP
2024-10-28T14:30:00Z,2024-10-28,30,89.92,APXMIDP
2024-10-28T15:00:00Z,2024-10-28,31,103.45,APXMIDP
2024-10-28T15:30:00Z,2024-10-28,32,109.61,APXMIDP
2024-10-28T16:00:00Z,2024-10-28,33,108.26,APXMIDP
2024-10-28T16:30:00Z,2024-10-28,34,107.44,APXMIDP
2024-10-28T17:00:00Z,2024-10-28,35,103.59,APXMIDP
2024-10-28T17:30:00Z,2024-10-28,36,109.0,APXMIDP
2024-10-28T18:00:00Z,2024-10-28,37,115.06,APXMIDP
2024-10-28T18:30:00Z,2024-10-28,38,110.31,APXMIDP
2024-10-28T19:00:00Z,2024-10-28,39,103.69,APXMIDP
2024-10-28T19:30:00Z,2024-10-28,40,93.6,APXMIDP
2024-10-28T20:00:00Z,2024-10-28,41,92.81,APXMIDP
2024-10-28T20:30:00Z,2024-10-28,42,89.2,APXMIDP
2024-10-28T21:00:00Z,2024-10-28,43,93.34,APXMIDP
2024-10-28T21:30:00Z,2024-10-28,44,90.75,APXMIDP
2024-10-28T22:00:00Z,2024-10-28,45,83.84,APXMIDP
2024-10-28T22:30:00Z,2024-10-28,46,83.79,APXMIDP
2024-10-28T23:00:00Z,2024-10-28,47,95.38,APXMIDP
2024-10-28T23:30:00Z,2024-10-28,48,96.89,APXMIDP
2024-10-29T00:00:00Z,2024-10-29,1,96.2,APXMIDP
2024-10-29T00:30:00Z,2024-10-29,2,104.2,APXMIDP
2024-10-29T01:00:00Z,2024-10-29,3,96.46,APXMIDP
2024-10-29T01:30:00Z,2024-10-29,4,95.69,APXMIDP
2024-10-29T02:00:00Z,2024-10-29,5,92.06,APXMIDP
2024-10-29T02:30:00Z,2024-10-29,6,87.69,APXMIDP
2024-10-29T03:00:00Z,2024-10-29,7,95.06,APXMIDP
2024-10-29T03:30:00Z,2024-10-29,8,88.53,APXMIDP
2024-10-29T04:00:00Z,2024-10-29,9,93.28,APXMIDP
2024-10-29T04:30:00Z,2024-10-29,10,87.23,APXMIDP
2024-10-29T05:00:00Z,2024-10-29,11,98.14,APXMIDP
2024-10-29T05:30:00Z,2024-10-29,12,82.82,APXMIDP
2024-10-29T06:00:00Z,2024-10-29,13,83.26,APXMIDP
2024-10-29T06:30:00Z,2024-10-29,14,79.3,APXMIDP
2024-10-29T07:00:00Z,2024-10-29,15,75.22,APXMIDP
2024-10-29T07:30:00Z,2024-10-29,16,87.94,APXMIDP
2024-10-29T08:00:00Z,2024-10-29,17,85.14,APXMIDP
2024-10-29T08:30:00Z,2024-10-29,18,89.41,APXMIDP
2024-10-29T09:00:00Z,2024-10-29,19,84.94,APXMIDP
2024-10-29T09:30:00Z,2024-10-29,20,82.33,APXMIDP
2024-10-29T10:00:00Z,2024-10-29,21,80.6,APXMIDP
2024-10-29T10:30:00Z,2024-10-29,22,78.92,APXMIDP
2024-10-29T11:00:00Z,2024-10-29,23,77.72,APXMIDP
2024-10-29T11:30:00Z,2024-10-29,24,80.48,APXMIDP
2024-10-29T12:00:00Z,2024-10-29,25,82.46,APXMIDP
2024-10-29T12:30:00Z,2024-10-29,26,80.86,APXMIDP
2024-10-29T13:00:00Z,2024-10-29,27,91.72,APXMIDP
2024-10-29T13:30:00Z,2024-10-29,28,94.1,APXMIDP
2024-10-29T14:00:00Z,2024-10-29,29,101.12,APXMIDP
2024-10-29T14:30:00Z,2024-10-29,30,99.91,APXMIDP
2024-10-29T15:00:00Z,2024-10-29,31,107.11,APXMIDP
2024-10-29T15:30:00Z,2024-10-29,32,111.86,APXMIDP
2024-10-29T16:00:00Z,2024-10-29,33,113.04,APXMIDP
2024-10-29T16:30:00Z,2024-10-29,34,125.46,APXMIDP
2024-10-29T17:00:00Z,2024-10-29,35,126.37,APXMIDP
2024-10-29T17:30:00Z,2024-10-29,36,134.75,APXMIDP
2024-10-29T18:00:00Z,2024-10-29,37,123.49,APXMIDP
2024-10-29T18:30:00Z,2024-10-29,38,123.27,APXMIDP
2024-10-29T19:00:00Z,2024-10-29,39,105.59,APXMIDP
2024-10-29T19:30:00Z,2024-10-29,40,95.4,APXMIDP
2024-10-29T20:00:00Z,2024-10-29,41,96.29,APXMIDP
2024-10-29T20:30:00Z,2024-10-29,42,89.24,APXMIDP
2024-10-29T21:00:00Z,2024-10-29,43,90.23,APXMIDP
2024-10-29T21:30:00Z,2024-10-29,44,90.74,APXMIDP
2024-10-29T22:00:00Z,2024-10-29,45,91.3,APXMIDP
2024-10-29T22:30:00Z,2024-10-29,46,92.52,APXMIDP
2024-10-29T23:00:00Z,2024-10-29,47,85.03,APXMIDP
2024-10-29T23:30:00Z,2024-10-29,48,94.27,APXMIDP
2024-10-30T00:00:00Z,2024-10-30,1,91.62,APXMIDP
2024-10-30T00:30:00Z,2024-10-30,2,84.66,APXMIDP
2024-10-30T01:00:00Z,2024-10-30,3,86.26,APXMIDP
2024-10-30T01:30:00Z,2024-10-30,4,81.8,APXMIDP
2024-10-30T02:00:00Z,2024-10-30,5,80.43,APXMIDP
2024-10-30T02:30:00Z,2024-10-30,6,80.39,APXMIDP
2024-10-30T03:00:00Z,2024-10-30,7,79.62,APXMIDP
2024-10-30T03:30:00Z,2024-10-30,8,78.99,APXMIDP
2024-10-30T04:00:00Z,2024-10-30,9,80.85,APXMIDP
2024-10-30T04:30:00Z,2024-10-30,10,80.72,APXMIDP
2024-10-30T05:00:00Z,2024-10-30,11,85.39,APXMIDP
2024-10-30T05:30:00Z,2024-10-30,12,82.78,APXMIDP
2024-10-30T06:00:00Z,2024-10-30,13,86.32,APXMIDP
2024-10-30T06:30:00Z,2024-10-30,14,86.84,APXMIDP
2024-10-30T07:00:00Z,2024-10-30,15,83.95,APXMIDP
2024-10-30T07:30:00Z,2024-10-30,16,96.6,APXMIDP
2024-10-30T08:00:00Z,2024-10-30,17,96.99,APXMIDP
2024-10-30T08:30:00Z,2024-10-30,18,103.44,APXMIDP
2024-10-30T09:00:00Z,2024-10-30,19,103.94,APXMIDP
2024-10-30T09:30:00Z,2024-10-30,20,104.27,APXMIDP
2024-10-30T10:00:00Z,2024-10-30,21,100.25,APXMIDP
2024-10-30T10:30:00Z,2024-10-30,22,101.56,APXMIDP
2024-10-30T11:00:00Z,2024-10-30,23,105.8,APXMIDP
2024-10-30T11:30:00Z,2024-10-30,24,104.75,APXMIDP
2024-10-30T12:00:00Z,2024-10-30,25,101.62,APXMIDP
2024-10-30T12:30:00Z,2024-10-30,26,105.95,APXMIDP
2024-10-30T13:00:00Z,2024-10-30,27,109.71,APXMIDP
2024-10-30T13:30:00Z,2024-10-30,28,105.0,APXMIDP
2024-10-30T14:00:00Z,2024-10-30,29,99.34,APXMIDP
2024-10-30T14:30:00Z,2024-10-30,30,101.9,APXMIDP
2024-10-30T15:00:00Z,2024-10-30,31,121.56,APXMIDP
2024-10-30T15:30:00Z,2024-10-30,32,115.69,APXMIDP
2024-10-30T16:00:00Z,2024-10-30,33,105.84,APXMIDP
2024-10-30T16:30:00Z,2024-10-30,34,124.58,APXMIDP
2024-10-30T17:00:00Z,2024-10-30,35,114.92,APXMIDP
2024-10-30T17:30:00Z,2024-10-30,36,111.55,APXMIDP
2024-10-30T18:00:00Z,2024-10-30,37,114.58,APXMIDP
2024-10-30T18:30:00Z,2024-10-30,38,115.33,APXMIDP
2024-10-30T19:00:00Z,2024-10-30,39,98.89,APXMIDP
2024-10-30T19:30:00Z,2024-10-30,40,93.91,APXMIDP
2024-10-30T20:00:00Z,2024-10-30,41,93.89,APXMIDP
2024-10-30T20:30:00Z,2024-10-30,42,93.93,APXMIDP
2024-10-30T21:00:00Z,2024-10-30,43,91.02,APXMIDP
2024-10-30T21:30:00Z,2024-10-30,44,84.91,APXMIDP
2024-10-30T22:00:00Z,2024-10-30,45,87.39,APXMIDP
2024-10-30T22:30:00Z,2024-10-30,46,88.49,APXMIDP
2024-10-30T23:00:00Z,2024-10-30,47,75.49,APXMIDP
2024-10-30T23:30:00Z,2024-10-30,48,74.31,APXMIDP
2024-10-31T00:00:00Z,2024-10-31,1,70.66,APXMIDP
2024-10-31T00:30:00Z,2024-10-31,2,67.07,APXMIDP
2024-10-31T01:00:00Z,2024-10-31,3,66.96,APXMIDP
2024-10-31T01:30:00Z,2024-10-31,4,59.05,APXMIDP
2024-10-31T02:00:00Z,2024-10-31,5,66.62,APXMIDP
2024-10-31T02:30:00Z,2024-10-31,6,60.36,APXMIDP
2024-10-31T03:00:00Z,2024-10-31,7,67.6,APXMIDP
2024-10-31T03:30:00Z,2024-10-31,8,64.32,APXMIDP
2024-10-31T04:00:00Z,2024-10-31,9,59.22,APXMIDP
2024-10-31T04:30:00Z,2024-10-31,10,58.73,APXMIDP
2024-10-31T05:00:00Z,2024-10-31,11,64.52,APXMIDP
2024-10-31T05:30:00Z,2024-10-31,12,61.34,APXMIDP
2024-10-31T06:00:00Z,2024-10-31,13,70.14,APXMIDP
2024-10-31T06:30:00Z,2024-10-31,14,82.46,APXMIDP
2024-10-31T07:00:00Z,2024-10-31,15,78.9,APXMIDP
2024-10-31T07:30:00Z,2024-10-31,16,94.61,APXMIDP
2024-10-31T08:00:00Z,2024-10-31,17,91.98,APXMIDP
2024-10-31T08:30:00Z,2024-10-31,18,96.37,APXMIDP
2024-10-31T09:00:00Z,2024-10-31,19,100.32,APXMIDP
2024-10-31T09:30:00Z,2024-10-31,20,97.19,APXMIDP
2024-10-31T10:00:00Z,2024-10-31,21,96.32,APXMIDP
2024-10-31T10:30:00Z,2024-10-31,22,91.81,APXMIDP
2024-10-31T11:00:00Z,2024-10-31,23,87.5,APXMIDP
2024-10-31T11:30:00Z,2024-10-31,24,86.39,APXMIDP
2024-10-31T12:00:00Z,2024-10-31,25,80.36,APXMIDP
2024-10-31T12:30:00Z,2024-10-31,26,82.78,APXMIDP
2024-10-31T13:00:00Z,2024-10-31,27,84.51,APXMIDP
2024-10-31T13:30:00Z,2024-10-31,28,82.47,APXMIDP
2024-10-31T14:00:00Z,2024-10-31,29,87.33,APXMIDP
2024-10-31T14:30:00Z,2024-10-31,30,83.39,APXMIDP
2024-10-31T15:00:00Z,2024-10-31,31,101.45,APXMIDP
2024-10-31T15:30:00Z,2024-10-31,32,107.6,APXMIDP
2024-10-31T16:00:00Z,2024-10-31,33,99.75,APXMIDP
2024-10-31T16:30:00Z,2024-10-31,34,102.49,APXMIDP
2024-10-31T17:00:00Z,2024-10-31,35,111.12,APXMIDP
2024-10-31T17:30:00Z,2024-10-31,36,111.48,APXMIDP
2024-10-31T18:00:00Z,2024-10-31,37,108.57,APXMIDP
2024-10-31T18:30:00Z,2024-10-31,38,103.1,APXMIDP
2024-10-31T19:00:00Z,2024-10-31,39,95.94,APXMIDP
2024-10-31T19:30:00Z,2024-10-31,40,89.85,APXMIDP
2024-10-31T20:00:00Z,2024-10-31,41,90.87,APXMIDP
2024-10-31T20:30:00Z,2024-10-31,42,93.95,APXMIDP
2024-10-31T21:00:00Z,2024-10-31,43,92.95,APXMIDP
2024-10-31T21:30:00Z,2024-10-31,44,90.5,APXMIDP
2024-10-31T22:00:00Z,2024-10-31,45,92.7,APXMIDP
2024-10-31T22:30:00Z,2024-10-31,46,92.44,APXMIDP
2024-10-31T23:00:00Z,2024-10-31,47,92.42,APXMIDP
2024-10-31T23:30:00Z,2024-10-31,48,93.59,APXMIDP
2024-11-01T00:00:00Z,2024-11-01,1,91.24,APXMIDP
2024-11-01T00:30:00Z,2024-11-01,2,94.04,APXMIDP
2024-11-01T01:00:00Z,2024-11-01,3,83.53,APXMIDP
2024-11-01T01:30:00Z,2024-11-01,4,75.91,APXMIDP
2024-11-01T02:00:00Z,2024-11-01,5,74.51,APXMIDP
2024-11-01T02:30:00Z,2024-11-01,6,75.34,APXMIDP
2024-11-01T03:00:00Z,2024-11-01,7,71.04,APXMIDP
2024-11-01T03:30:00Z,2024-11-01,8,71.33,APXMIDP
2024-11-01T04:00:00Z,2024-11-01,9,71.63,APXMIDP
2024-11-01T04:30:00Z,2024-11-01,10,68.04,APXMIDP
2024-11-01T05:00:00Z,2024-11-01,11,69.75,APXMIDP
2024-11-01T05:30:00Z,2024-11-01,12,76.4,APXMIDP
2024-11-01T06:00:00Z,2024-11-01,13,92.84,APXMIDP
2024-11-01T06:30:00Z,2024-11-01,14,87.91,APXMIDP
2024-11-01T07:00:00Z,2024-11-01,15,78.79,APXMIDP
2024-11-01T07:30:00Z,2024-11-01,16,82.15,APXMIDP
2024-11-01T08:00:00Z,2024-11-01,17,84.22,APXMIDP
2024-11-01T08:30:00Z,2024-11-01,18,86.19,APXMIDP
2024-11-01T09:00:00Z,2024-11-01,19,91.46,APXMIDP
2024-11-01T09:30:00Z,2024-11-01,20,96.48,APXMIDP
2024-11-01T10:00:00Z,2024-11-01,21,99.49,APXMIDP
2024-11-01T10:30:00Z,2024-11-01,22,100.38,APXMIDP
2024-11-01T11:00:00Z,2024-11-01,23,102.02,APXMIDP
2024-11-01T11:30:00Z,2024-11-01,24,103.78,APXMIDP
2024-11-01T12:00:00Z,2024-11-01,25,103.6,APXMIDP
2024-11-01T12:30:00Z,2024-11-01,26,102.64,APXMIDP
2024-11-01T13:00:00Z,2024-11-01,27,100.21,APXMIDP
2024-11-01T13:30:00Z,2024-11-01,28,93.47,APXMIDP
2024-11-01T14:00:00Z,2024-11-01,29,89.98,APXMIDP
2024-11-01T14:30:00Z,2024-11-01,30,93.42,APXMIDP
2024-11-01T15:00:00Z,2024-11-01,31,101.44,APXMIDP
2024-11-01T15:30:00Z,2024-11-01,32,106.85,APXMIDP
2024-11-01T16:00:00Z,2024-11-01,33,105.13,APXMIDP
2024-11-01T16:30:00Z,2024-11-01,34,107.92,APXMIDP
2024-11-01T17:00:00Z,2024-11-01,35,108.23,APXMIDP
2024-11-01T17:30:00Z,2024-11-01,36,108.93,APXMIDP
2024-11-01T18:00:00Z,2024-11-01,37,113.4,APXMIDP
2024-11-01T18:30:00Z,2024-11-01,38,114.81,APXMIDP
2024-11-01T19:00:00Z,2024-11-01,39,105.95,APXMIDP
2024-11-01T19:30:00Z,2024-11-01,40,95.47,APXMIDP
2024-11-01T20:00:00Z,2024-11-01,41,95.63,APXMIDP
2024-11-01T20:30:00Z,2024-11-01,42,91.16,APXMIDP
2024-11-01T21:00:00Z,2024-11-01,43,87.52,APXMIDP
2024-11-01T21:30:00Z,2024-11-01,44,87.38,APXMIDP
2024-11-01T22:00:00Z,2024-11-01,45,83.72,APXMIDP
2024-11-01T22:30:00Z,2024-11-01,46,84.4,APXMIDP
2024-11-01T23:00:00Z,2024-11-01,47,82.36,APXMIDP
2024-11-01T23:30:00Z,2024-11-01,48,80.72,APXMIDP
2024-11-02T00:00:00Z,2024-11-02,1,79.53,APXMIDP
2024-11-02T00:30:00Z,2024-11-02,2,85.19,APXMIDP
2024-11-02T01:00:00Z,2024-11-02,3,78.91,APXMIDP
2024-11-02T01:30:00Z,2024-11-02,4,75.04,APXMIDP
2024-11-02T02:00:00Z,2024-11-02,5,75.28,APXMIDP
2024-11-02T02:30:00Z,2024-11-02,6,74.05,APXMIDP
2024-11-02T03:00:00Z,2024-11-02,7,73.75,APXMIDP
2024-11-02T03:30:00Z,2024-11-02,8,72.81,APXMIDP
2024-11-02T04:00:00Z,2024-11-02,9,73.42,APXMIDP
2024-11-02T04:30:00Z,2024-11-02,10,70.94,APXMIDP
2024-11-02T05:00:00Z,2024-11-02,11,73.85,APXMIDP
2024-11-02T05:30:00Z,2024-11-02,12,71.26,APXMIDP
2024-11-02T06:00:00Z,2024-11-02,13,73.59,APXMIDP
2024-11-02T06:30:00Z,2024-11-02,14,74.97,APXMIDP
2024-11-02T07:00:00Z,2024-11-02,15,72.87,APXMIDP
2024-11-02T07:30:00Z,2024-11-02,16,79.43,APXMIDP
2024-11-02T08:00:00Z,2024-11-02,17,79.39,APXMIDP
2024-11-02T08:30:00Z,2024-11-02,18,80.86,APXMIDP
2024-11-02T09:00:00Z,2024-11-02,19,74.74,APXMIDP
2024-11-02T09:30:00Z,2024-11-02,20,73.04,APXMIDP
2024-11-02T10:00:00Z,2024-11-02,21,75.21,APXMIDP
2024-11-02T10:30:00Z,2024-11-02,22,77.93,APXMIDP
2024-11-02T11:00:00Z,2024-11-02,23,77.6,APXMIDP
2024-11-02T11:30:00Z,2024-11-02,24,79.01,APXMIDP
2024-11-02T12:00:00Z,2024-11-02,25,79.31,APXMIDP
2024-11-02T12:30:00Z,2024-11-02,26,80.53,APXMIDP
2024-11-02T13:00:00Z,2024-11-02,27,84.69,APXMIDP
2024-11-02T13:30:00Z,2024-11-02,28,83.63,APXMIDP
2024-11-02T14:00:00Z,2024-11-02,29,93.08,APXMIDP
2024-11-02T14:30:00Z,2024-11-02,30,89.83,APXMIDP
2024-11-02T15:00:00Z,2024-11-02,31,104.76,APXMIDP
2024-11-02T15:30:00Z,2024-11-02,32,104.65,APXMIDP
2024-11-02T16:00:00Z,2024-11-02,33,108.61,APXMIDP
2024-11-02T16:30:00Z,2024-11-02,34,114.0,APXMIDP
2024-11-02T17:00:00Z,2024-11-02,35,114.89,APXMIDP
2024-11-02T17:30:00Z,2024-11-02,36,115.68,APXMIDP
2024-11-02T18:00:00Z,2024-11-02,37,113.39,APXMIDP
2024-11-02T18:30:00Z,2024-11-02,38,108.07,APXMIDP
2024-11-02T19:00:00Z,2024-11-02,39,105.43,APXMIDP
2024-11-02T19:30:00Z,2024-11-02,40,97.74,APXMIDP
2024-11-02T20:00:00Z,2024-11-02,41,88.01,APXMIDP
2024-11-02T20:30:00Z,2024-11-02,42,95.37,APXMIDP
2024-11-02T21:00:00Z,2024-11-02,43,84.32,APXMIDP
2024-11-02T21:30:00Z,2024-11-02,44,83.59,APXMIDP
2024-11-02T22:00:00Z,2024-11-02,45,81.48,APXMIDP
2024-11-02T22:30:00Z,2024-11-02,46,83.74,APXMIDP
2024-11-02T23:00:00Z,2024-11-02,47,78.02,APXMIDP
2024-11-02T23:30:00Z,2024-11-02,48,76.68,APXMIDP
2024-11-03T00:00:00Z,2024-11-03,1,75.16,APXMIDP
2024-11-03T00:30:00Z,2024-11-03,2,77.01,APXMIDP
2024-11-03T01:00:00Z,2024-11-03,3,75.16,APXMIDP
2024-11-03T01:30:00Z,2024-11-03,4,74.51,APXMIDP
2024-11-03T02:00:00Z,2024-11-03,5,75.78,APXMIDP
2024-11-03T02:30:00Z,2024-11-03,6,75.21,APXMIDP
2024-11-03T03:00:00Z,2024-11-03,7,73.33,APXMIDP
2024-11-03T03:30:00Z,2024-11-03,8,74.19,APXMIDP
2024-11-03T04:00:00Z,2024-11-03,9,74.54,APXMIDP
2024-11-03T04:30:00Z,2024-11-03,10,74.3,APXMIDP
2024-11-03T05:00:00Z,2024-11-03,11,77.24,APXMIDP
2024-11-03T05:30:00Z,2024-11-03,12,77.97,APXMIDP
2024-11-03T06:00:00Z,2024-11-03,13,80.56,APXMIDP
2024-11-03T06:30:00Z,2024-11-03,14,79.86,APXMIDP
2024-11-03T07:00:00Z,2024-11-03,15,81.44,APXMIDP
2024-11-03T07:30:00Z,2024-11-03,16,85.82,APXMIDP
2024-11-03T08:00:00Z,2024-11-03,17,90.61,APXMIDP
2024-11-03T08:30:00Z,2024-11-03,18,92.4,APXMIDP
2024-11-03T09:00:00Z,2024-11-03,19,94.66,APXMIDP
2024-11-03T09:30:00Z,2024-11-03,20,98.43,APXMIDP
2024-11-03T10:00:00Z,2024-11-03,21,101.04,APXMIDP
2024-11-03T10:30:00Z,2024-11-03,22,98.73,APXMIDP
2024-11-03T11:00:00Z,2024-11-03,23,102.76,APXMIDP
2024-11-03T11:30:00Z,2024-11-03,24,105.07,APXMIDP
2024-11-03T12:00:00Z,2024-11-03,25,108.86,APXMIDP
2024-11-03T12:30:00Z,2024-11-03,26,110.27,APXMIDP
2024-11-03T13:00:00Z,2024-11-03,27,111.52,APXMIDP
2024-11-03T13:30:00Z,2024-11-03,28,111.0,APXMIDP
2024-11-03T14:00:00Z,2024-11-03,29,108.03,APXMIDP
2024-11-03T14:30:00Z,2024-11-03,30,108.2,APXMIDP
2024-11-03T15:00:00Z,2024-11-03,31,106.9,APXMIDP
2024-11-03T15:30:00Z,2024-11-03,32,103.88,APXMIDP
2024-11-03T16:00:00Z,2024-11-03,33,111.58,APXMIDP
2024-11-03T16:30:00Z,2024-11-03,34,117.06,APXMIDP
2024-11-03T17:00:00Z,2024-11-03,35,115.45,APXMIDP
2024-11-03T17:30:00Z,2024-11-03,36,114.62,APXMIDP
2024-11-03T18:00:00Z,2024-11-03,37,110.79,APXMIDP
2024-11-03T18:30:00Z,2024-11-03,38,104.59,APXMIDP
2024-11-03T19:00:00Z,2024-11-03,39,92.49,APXMIDP
2024-11-03T19:30:00Z,2024-11-03,40,81.18,APXMIDP
2024-11-03T20:00:00Z,2024-11-03,41,87.41,APXMIDP
2024-11-03T20:30:00Z,2024-11-03,42,94.1,APXMIDP
2024-11-03T21:00:00Z,2024-11-03,43,87.05,APXMIDP
2024-11-03T21:30:00Z,2024-11-03,44,84.16,APXMIDP
2024-11-03T22:00:00Z,2024-11-03,45,83.49,APXMIDP
2024-11-03T22:30:00Z,2024-11-03,46,81.19,APXMIDP
2024-11-03T23:00:00Z,2024-11-03,47,77.7,APXMIDP
2024-11-03T23:30:00Z,2024-11-03,48,75.87,APXMIDP
2024-11-04T00:00:00Z,2024-11-04,1,74.06,APXMIDP
2024-11-04T00:30:00Z,2024-11-04,2,77.3,APXMIDP
2024-11-04T01:00:00Z,2024-11-04,3,78.09,APXMIDP
2024-11-04T01:30:00Z,2024-11-04,4,76.99,APXMIDP
2024-11-04T02:00:00Z,2024-11-04,5,77.11,APXMIDP
2024-11-04T02:30:00Z,2024-11-04,6,76.84,APXMIDP
2024-11-04T03:00:00Z,2024-11-04,7,79.08,APXMIDP
2024-11-04T03:30:00Z,2024-11-04,8,76.89,APXMIDP
2024-11-04T04:00:00Z,2024-11-04,9,77.07,APXMIDP
2024-11-04T04:30:00Z,2024-11-04,10,76.39,APXMIDP
2024-11-04T05:00:00Z,2024-11-04,11,79.7,APXMIDP
2024-11-04T05:30:00Z,2024-11-04,12,75.2,APXMIDP
2024-11-04T06:00:00Z,2024-11-04,13,76.03,APXMIDP
2024-11-04T06:30:00Z,2024-11-04,14,88.69,APXMIDP
2024-11-04T07:00:00Z,2024-11-04,15,90.07,APXMIDP
2024-11-04T07:30:00Z,2024-11-04,16,104.97,APXMIDP
2024-11-04T08:00:00Z,2024-11-04,17,97.75,APXMIDP
2024-11-04T08:30:00Z,2024-11-04,18,101.98,APXMIDP
2024-11-04T09:00:00Z,2024-11-04,19,88.55,APXMIDP
2024-11-04T09:30:00Z,2024-11-04,20,89.97,APXMIDP
2024-11-04T10:00:00Z,2024-11-04,21,89.12,APXMIDP
2024-11-04T10:30:00Z,2024-11-04,22,88.65,APXMIDP
2024-11-04T11:00:00Z,2024-11-04,23,91.34,APXMIDP
2024-11-04T11:30:00Z,2024-11-04,24,92.64,APXMIDP
2024-11-04T12:00:00Z,2024-11-04,25,90.63,APXMIDP
2024-11-04T12:30:00Z,2024-11-04,26,94.1,APXMIDP
2024-11-04T13:00:00Z,2024-11-04,27,99.88,APXMIDP
2024-11-04T13:30:00Z,2024-11-04,28,100.91,APXMIDP
2024-11-04T14:00:00Z,2024-11-04,29,114.59,APXMIDP
2024-11-04T14:30:00Z,2024-11-04,30,114.68,APXMIDP
2024-11-04T15:00:00Z,2024-11-04,31,156.85,APXMIDP
2024-11-04T15:30:00Z,2024-11-04,32,152.73,APXMIDP
2024-11-04T16:00:00Z,2024-11-04,33,158.81,APXMIDP
2024-11-04T16:30:00Z,2024-11-04,34,175.23,APXMIDP
2024-11-04T17:00:00Z,2024-11-04,35,166.18,APXMIDP
2024-11-04T17:30:00Z,2024-11-04,36,162.02,APXMIDP
2024-11-04T18:00:00Z,2024-11-04,37,141.05,APXMIDP
2024-11-04T18:30:00Z,2024-11-04,38,135.32,APXMIDP
2024-11-04T19:00:00Z,2024-11-04,39,101.72,APXMIDP
2024-11-04T19:30:00Z,2024-11-04,40,97.6,APXMIDP
2024-11-04T20:00:00Z,2024-11-04,41,99.15,APXMIDP
2024-11-04T20:30:00Z,2024-11-04,42,89.07,APXMIDP
2024-11-04T21:00:00Z,2024-11-04,43,92.24,APXMIDP
2024-11-04T21:30:00Z,2024-11-04,44,89.13,APXMIDP
2024-11-04T22:00:00Z,2024-11-04,45,91.64,APXMIDP
2024-11-04T22:30:00Z,2024-11-04,46,81.65,APXMIDP
2024-11-04T23:00:00Z,2024-11-04,47,77.15,APXMIDP
2024-11-04T23:30:00Z,2024-11-04,48,75.11,APXMIDP
2024-11-05T00:00:00Z,2024-11-05,1,75.05,APXMIDP
2024-11-05T00:30:00Z,2024-11-05,2,79.32,APXMIDP
2024-11-05T01:00:00Z,2024-11-05,3,76.98,APXMIDP
2024-11-05T01:30:00Z,2024-11-05,4,75.94,APXMIDP
2024-11-05T02:00:00Z,2024-11-05,5,76.44,APXMIDP
2024-11-05T02:30:00Z,2024-11-05,6,76.11,APXMIDP
2024-11-05T03:00:00Z,2024-11-05,7,77.24,APXMIDP
2024-11-05T03:30:00Z,2024-11-05,8,76.7,APXMIDP
2024-11-05T04:00:00Z,2024-11-05,9,78.16,APXMIDP
2024-11-05T04:30:00Z,2024-11-05,10,77.3,APXMIDP
2024-11-05T05:00:00Z,2024-11-05,11,79.19,APXMIDP
2024-11-05T05:30:00Z,2024-11-05,12,76.55,APXMIDP
2024-11-05T06:00:00Z,2024-11-05,13,90.89,APXMIDP
2024-11-05T06:30:00Z,2024-11-05,14,106.86,APXMIDP
2024-11-05T07:00:00Z,2024-11-05,15,104.83,APXMIDP
2024-11-05T07:30:00Z,2024-11-05,16,122.23,APXMIDP
2024-11-05T08:00:00Z,2024-11-05,17,109.27,APXMIDP
2024-11-05T08:30:00Z,2024-11-05,18,108.29,APXMIDP
2024-11-05T09:00:00Z,2024-11-05,19,100.03,APXMIDP
2024-11-05T09:30:00Z,2024-11-05,20,103.49,APXMIDP
2024-11-05T10:00:00Z,2024-11-05,21,109.44,APXMIDP
2024-11-05T10:30:00Z,2024-11-05,22,110.37,APXMIDP
2024-11-05T11:00:00Z,2024-11-05,23,115.91,APXMIDP
2024-11-05T11:30:00Z,2024-11-05,24,117.99,APXMIDP
2024-11-05T12:00:00Z,2024-11-05,25,116.27,APXMIDP
2024-11-05T12:30:00Z,2024-11-05,26,118.16,APXMIDP
2024-11-05T13:00:00Z,2024-11-05,27,118.11,APXMIDP
2024-11-05T13:30:00Z,2024-11-05,28,114.42,APXMIDP
2024-11-05T14:00:00Z,2024-11-05,29,128.72,APXMIDP
2024-11-05T14:30:00Z,2024-11-05,30,127.94,APXMIDP
2024-11-05T15:00:00Z,2024-11-05,31,148.01,APXMIDP
2024-11-05T15:30:00Z,2024-11-05,32,145.73,APXMIDP
2024-11-05T16:00:00Z,2024-11-05,33,176.05,APXMIDP
2024-11-05T16:30:00Z,2024-11-05,34,183.79,APXMIDP
2024-11-05T17:00:00Z,2024-11-05,35,182.78,APXMIDP
2024-11-05T17:30:00Z,2024-11-05,36,180.32,APXMIDP
2024-11-05T18:00:00Z,2024-11-05,37,178.07,APXMIDP
2024-11-05T18:30:00Z,2024-11-05,38,164.93,APXMIDP
2024-11-05T19:00:00Z,2024-11-05,39,118.54,APXMIDP
2024-11-05T19:30:00Z,2024-11-05,40,114.73,APXMIDP
2024-11-05T20:00:00Z,2024-11-05,41,114.82,APXMIDP
2024-11-05T20:30:00Z,2024-11-05,42,109.71,APXMIDP
2024-11-05T21:00:00Z,2024-11-05,43,100.33,APXMIDP
2024-11-05T21:30:00Z,2024-11-05,44,102.02,APXMIDP
2024-11-05T22:00:00Z,2024-11-05,45,101.16,APXMIDP
2024-11-05T22:30:00Z,2024-11-05,46,88.53,APXMIDP
2024-11-05T23:00:00Z,2024-11-05,47,83.5,APXMIDP
2024-11-05T23:30:00Z,2024-11-05,48,88.57,APXMIDP
2024-11-06T00:00:00Z,2024-11-06,1,91.53,APXMIDP
2024-11-06T00:30:00Z,2024-11-06,2,84.81,APXMIDP
2024-11-06T01:00:00Z,2024-11-06,3,87.0,APXMIDP
2024-11-06T01:30:00Z,2024-11-06,4,82.77,APXMIDP
2024-11-06T02:00:00Z,2024-11-06,5,81.06,APXMIDP
2024-11-06T02:30:00Z,2024-11-06,6,79.69,APXMIDP
2024-11-06T03:00:00Z,2024-11-06,7,82.29,APXMIDP
2024-11-06T03:30:00Z,2024-11-06,8,78.66,APXMIDP
2024-11-06T04:00:00Z,2024-11-06,9,79.3,APXMIDP
2024-11-06T04:30:00Z,2024-11-06,10,78.74,APXMIDP
2024-11-06T05:00:00Z,2024-11-06,11,80.97,APXMIDP
2024-11-06T05:30:00Z,2024-11-06,12,80.34,APXMIDP
2024-11-06T06:00:00Z,2024-11-06,13,93.55,APXMIDP
2024-11-06T06:30:00Z,2024-11-06,14,107.39,APXMIDP
2024-11-06T07:00:00Z,2024-11-06,15,103.73,APXMIDP
2024-11-06T07:30:00Z,2024-11-06,16,123.14,APXMIDP
2024-11-06T08:00:00Z,2024-11-06,17,120.15,APXMIDP
2024-11-06T08:30:00Z,2024-11-06,18,114.32,APXMIDP
2024-11-06T09:00:00Z,2024-11-06,19,119.36,APXMIDP
2024-11-06T09:30:00Z,2024-11-06,20,115.24,APXMIDP
2024-11-06T10:00:00Z,2024-11-06,21,106.56,APXMIDP
2024-11-06T10:30:00Z,2024-11-06,22,110.36,APXMIDP
2024-11-06T11:00:00Z,2024-11-06,23,107.72,APXMIDP
2024-11-06T11:30:00Z,2024-11-06,24,111.8,APXMIDP
2024-11-06T12:00:00Z,2024-11-06,25,109.3,APXMIDP
2024-11-06T12:30:00Z,2024-11-06,26,107.62,APXMIDP
2024-11-06T13:00:00Z,2024-11-06,27,110.88,APXMIDP
2024-11-06T13:30:00Z,2024-11-06,28,108.58,APXMIDP
2024-11-06T14:00:00Z,2024-11-06,29,108.35,APXMIDP
2024-11-06T14:30:00Z,2024-11-06,30,114.1,APXMIDP
2024-11-06T15:00:00Z,2024-11-06,31,122.27,APXMIDP
2024-11-06T15:30:00Z,2024-11-06,32,128.86,APXMIDP
2024-11-06T16:00:00Z,2024-11-06,33,134.05,APXMIDP
2024-11-06T16:30:00Z,2024-11-06,34,143.05,APXMIDP
2024-11-06T17:00:00Z,2024-11-06,35,150.17,APXMIDP
2024-11-06T17:30:00Z,2024-11-06,36,145.92,APXMIDP
2024-11-06T18:00:00Z,2024-11-06,37,139.76,APXMIDP
2024-11-06T18:30:00Z,2024-11-06,38,137.1,APXMIDP
2024-11-06T19:00:00Z,2024-11-06,39,109.03,APXMIDP
2024-11-06T19:30:00Z,2024-11-06,40,103.06,APXMIDP
2024-11-06T20:00:00Z,2024-11-06,41,101.55,APXMIDP
2024-11-06T20:30:00Z,2024-11-06,42,95.57,APXMIDP
2024-11-06T21:00:00Z,2024-11-06,43,89.74,APXMIDP
2024-11-06T21:30:00Z,2024-11-06,44,88.6,APXMIDP
2024-11-06T22:00:00Z,2024-11-06,45,85.45,APXMIDP
2024-11-06T22:30:00Z,2024-11-06,46,88.4,APXMIDP
2024-11-06T23:00:00Z,2024-11-06,47,77.56,APXMIDP
2024-11-06T23:30:00Z,2024-11-06,48,74.16,APXMIDP
2024-11-07T00:00:00Z,2024-11-07,1,77.58,APXMIDP
2024-11-07T00:30:00Z,2024-11-07,2,78.11,APXMIDP
2024-11-07T01:00:00Z,2024-11-07,3,75.36,APXMIDP
2024-11-07T01:30:00Z,2024-11-07,4,78.79,APXMIDP
2024-11-07T02:00:00Z,2024-11-07,5,77.13,APXMIDP
2024-11-07T02:30:00Z,2024-11-07,6,76.89,APXMIDP
2024-11-07T03:00:00Z,2024-11-07,7,74.3,APXMIDP
2024-11-07T03:30:00Z,2024-11-07,8,72.81,APXMIDP
2024-11-07T04:00:00Z,2024-11-07,9,75.33,APXMIDP
2024-11-07T04:30:00Z,2024-11-07,10,74.58,APXMIDP
2024-11-07T05:00:00Z,2024-11-07,11,78.33,APXMIDP
2024-11-07T05:30:00Z,2024-11-07,12,71.35,APXMIDP
2024-11-07T06:00:00Z,2024-11-07,13,79.23,APXMIDP
2024-11-07T06:30:00Z,2024-11-07,14,68.59,APXMIDP
2024-11-07T07:00:00Z,2024-11-07,15,81.97,APXMIDP
2024-11-07T07:30:00Z,2024-11-07,16,85.95,APXMIDP
2024-11-07T08:00:00Z,2024-11-07,17,82.08,APXMIDP
2024-11-07T08:30:00Z,2024-11-07,18,83.46,APXMIDP
2024-11-07T09:00:00Z,2024-11-07,19,78.46,APXMIDP
2024-11-07T09:30:00Z,2024-11-07,20,78.52,APXMIDP
2024-11-07T10:00:00Z,2024-11-07,21,82.08,APXMIDP
2024-11-07T10:30:00Z,2024-11-07,22,83.22,APXMIDP
2024-11-07T11:00:00Z,2024-11-07,23,83.47,APXMIDP
2024-11-07T11:30:00Z,2024-11-07,24,84.16,APXMIDP
2024-11-07T12:00:00Z,2024-11-07,25,80.15,APXMIDP
2024-11-07T12:30:00Z,2024-11-07,26,79.03,APXMIDP
2024-11-07T13:00:00Z,2024-11-07,27,79.09,APXMIDP
2024-11-07T13:30:00Z,2024-11-07,28,81.73,APXMIDP
2024-11-07T14:00:00Z,2024-11-07,29,83.7,APXMIDP
2024-11-07T14:30:00Z,2024-11-07,30,83.7,APXMIDP
2024-11-07T15:00:00Z,2024-11-07,31,88.55,APXMIDP
2024-11-07T15:30:00Z,2024-11-07,32,98.61,APXMIDP
2024-11-07T16:00:00Z,2024-11-07,33,101.85,APXMIDP
2024-11-07T16:30:00Z,2024-11-07,34,110.11,APXMIDP
2024-11-07T17:00:00Z,2024-11-07,35,123.34,APXMIDP
2024-11-07T17:30:00Z,2024-11-07,36,123.35,APXMIDP
2024-11-07T18:00:00Z,2024-11-07,37,122.65,APXMIDP
2024-11-07T18:30:00Z,2024-11-07,38,120.84,APXMIDP
2024-11-07T19:00:00Z,2024-11-07,39,115.9,APXMIDP
2024-11-07T19:30:00Z,2024-11-07,40,108.36,APXMIDP
2024-11-07T20:00:00Z,2024-11-07,41,95.42,APXMIDP
2024-11-07T20:30:00Z,2024-11-07,42,93.13,APXMIDP
2024-11-07T21:00:00Z,2024-11-07,43,93.5,APXMIDP
2024-11-07T21:30:00Z,2024-11-07,44,87.48,APXMIDP
2024-11-07T22:00:00Z,2024-11-07,45,83.03,APXMIDP
2024-11-07T22:30:00Z,2024-11-07,46,82.44,APXMIDP
2024-11-07T23:00:00Z,2024-11-07,47,85.77,APXMIDP
2024-11-07T23:30:00Z,2024-11-07,48,89.09,APXMIDP
2024-11-08T00:00:00Z,2024-11-08,1,81.06,APXMIDP
2024-11-08T00:30:00Z,2024-11-08,2,85.91,APXMIDP
2024-11-08T01:00:00Z,2024-11-08,3,83.79,APXMIDP
2024-11-08T01:30:00Z,2024-11-08,4,82.48,APXMIDP
2024-11-08T02:00:00Z,2024-11-08,5,84.04,APXMIDP
2024-11-08T02:30:00Z,2024-11-08,6,82.58,APXMIDP
2024-11-08T03:00:00Z,2024-11-08,7,90.55,APXMIDP
2024-11-08T03:30:00Z,2024-11-08,8,92.0,APXMIDP
2024-11-08T04:00:00Z,2024-11-08,9,89.21,APXMIDP
2024-11-08T04:30:00Z,2024-11-08,10,86.14,APXMIDP
2024-11-08T05:00:00Z,2024-11-08,11,100.44,APXMIDP
2024-11-08T05:30:00Z,2024-11-08,12,94.24,APXMIDP
2024-11-08T06:00:00Z,2024-11-08,13,105.8,APXMIDP
2024-11-08T06:30:00Z,2024-11-08,14,101.7,APXMIDP
2024-11-08T07:00:00Z,2024-11-08,15,113.71,APXMIDP
2024-11-08T07:30:00Z,2024-11-08,16,117.95,APXMIDP
2024-11-08T08:00:00Z,2024-11-08,17,114.9,APXMIDP
2024-11-08T08:30:00Z,2024-11-08,18,116.6,APXMIDP
2024-11-08T09:00:00Z,2024-11-08,19,113.74,APXMIDP
2024-11-08T09:30:00Z,2024-11-08,20,116.45,APXMIDP
2024-11-08T10:00:00Z,2024-11-08,21,117.98,APXMIDP
2024-11-08T10:30:00Z,2024-11-08,22,119.83,APXMIDP
2024-11-08T11:00:00Z,2024-11-08,23,125.83,APXMIDP
2024-11-08T11:30:00Z,2024-11-08,24,126.48,APXMIDP
2024-11-08T12:00:00Z,2024-11-08,25,128.54,APXMIDP
2024-11-08T12:30:00Z,2024-11-08,26,124.12,APXMIDP
2024-11-08T13:00:00Z,2024-11-08,27,126.14,APXMIDP
2024-11-08T13:30:00Z,2024-11-08,28,140.77,APXMIDP
2024-11-08T14:00:00Z,2024-11-08,29,143.23,APXMIDP
2024-11-08T14:30:00Z,2024-11-08,30,135.72,APXMIDP
2024-11-08T15:00:00Z,2024-11-08,31,134.6,APXMIDP
2024-11-08T15:30:00Z,2024-11-08,32,130.85,APXMIDP
2024-11-08T16:00:00Z,2024-11-08,33,130.88,APXMIDP
2024-11-08T16:30:00Z,2024-11-08,34,135.24,APXMIDP
2024-11-08T17:00:00Z,2024-11-08,35,130.66,APXMIDP
2024-11-08T17:30:00Z,2024-11-08,36,132.4,APXMIDP
2024-11-08T18:00:00Z,2024-11-08,37,128.6,APXMIDP
2024-11-08T18:30:00Z,2024-11-08,38,126.66,APXMIDP
2024-11-08T19:00:00Z,2024-11-08,39,104.0,APXMIDP
2024-11-08T19:30:00Z,2024-11-08,40,100.95,APXMIDP
2024-11-08T20:00:00Z,2024-11-08,41,102.54,APXMIDP
2024-11-08T20:30:00Z,2024-11-08,42,99.25,APXMIDP
2024-11-08T21:00:00Z,2024-11-08,43,101.18,APXMIDP
2024-11-08T21:30:00Z,2024-11-08,44,93.56,APXMIDP
2024-11-08T22:00:00Z,2024-11-08,45,91.5,APXMIDP
2024-11-08T22:30:00Z,2024-11-08,46,88.62,APXMIDP
2024-11-08T23:00:00Z,2024-11-08,47,86.44,APXMIDP
2024-11-08T23:30:00Z,2024-11-08,48,78.39,APXMIDP
2024-11-09T00:00:00Z,2024-11-09,1,80.53,APXMIDP
2024-11-09T00:30:00Z,2024-11-09,2,82.04,APXMIDP
2024-11-09T01:00:00Z,2024-11-09,3,84.05,APXMIDP
2024-11-09T01:30:00Z,2024-11-09,4,83.11,APXMIDP
2024-11-09T02:00:00Z,2024-11-09,5,81.22,APXMIDP
2024-11-09T02:30:00Z,2024-11-09,6,82.19,APXMIDP
2024-11-09T03:00:00Z,2024-11-09,7,81.74,APXMIDP
2024-11-09T03:30:00Z,2024-11-09,8,79.95,APXMIDP
2024-11-09T04:00:00Z,2024-11-09,9,83.46,APXMIDP
2024-11-09T04:30:00Z,2024-11-09,10,86.64,APXMIDP
2024-11-09T05:00:00Z,2024-11-09,11,92.99,APXMIDP
2024-11-09T05:30:00Z,2024-11-09,12,88.1,APXMIDP
2024-11-09T06:00:00Z,2024-11-09,13,77.52,APXMIDP
2024-11-09T06:30:00Z,2024-11-09,14,92.04,APXMIDP
2024-11-09T07:00:00Z,2024-11-09,15,87.35,APXMIDP
2024-11-09T07:30:00Z,2024-11-09,16,93.03,APXMIDP
2024-11-09T08:00:00Z,2024-11-09,17,93.68,APXMIDP
2024-11-09T08:30:00Z,2024-11-09,18,93.12,APXMIDP
2024-11-09T09:00:00Z,2024-11-09,19,94.34,APXMIDP
2024-11-09T09:30:00Z,2024-11-09,20,92.94,APXMIDP
2024-11-09T10:00:00Z,2024-11-09,21,99.81,APXMIDP
2024-11-09T10:30:00Z,2024-11-09,22,102.72,APXMIDP
2024-11-09T11:00:00Z,2024-11-09,23,92.24,APXMIDP
2024-11-09T11:30:00Z,2024-11-09,24,100.22,APXMIDP
2024-11-09T12:00:00Z,2024-11-09,25,103.43,APXMIDP
2024-11-09T12:30:00Z,2024-11-09,26,100.2,APXMIDP
2024-11-09T13:00:00Z,2024-11-09,27,93.84,APXMIDP
2024-11-09T13:30:00Z,2024-11-09,28,91.78,APXMIDP
2024-11-09T14:00:00Z,2024-11-09,29,96.76,APXMIDP
2024-11-09T14:30:00Z,2024-11-09,30,96.55,APXMIDP
2024-11-09T15:00:00Z,2024-11-09,31,104.38,APXMIDP
2024-11-09T15:30:00Z,2024-11-09,32,106.56,APXMIDP
2024-11-09T16:00:00Z,2024-11-09,33,113.54,APXMIDP
2024-11-09T16:30:00Z,2024-11-09,34,119.51,APXMIDP
2024-11-09T17:00:00Z,2024-11-09,35,115.83,APXMIDP
2024-11-09T17:30:00Z,2024-11-09,36,117.69,APXMIDP
2024-11-09T18:00:00Z,2024-11-09,37,119.98,APXMIDP
2024-11-09T18:30:00Z,2024-11-09,38,114.44,APXMIDP
2024-11-09T19:00:00Z,2024-11-09,39,106.25,APXMIDP
2024-11-09T19:30:00Z,2024-11-09,40,97.29,APXMIDP
2024-11-09T20:00:00Z,2024-11-09,41,98.76,APXMIDP
2024-11-09T20:30:00Z,2024-11-09,42,96.61,APXMIDP
2024-11-09T21:00:00Z,2024-11-09,43,96.55,APXMIDP
2024-11-09T21:30:00Z,2024-11-09,44,99.45,APXMIDP
2024-11-09T22:00:00Z,2024-11-09,45,97.18,APXMIDP
2024-11-09T22:30:00Z,2024-11-09,46,89.27,APXMIDP
2024-11-09T23:00:00Z,2024-11-09,47,84.12,APXMIDP
2024-11-09T23:30:00Z,2024-11-09,48,88.44,APXMIDP
2024-11-10T00:00:00Z,2024-11-10,1,88.31,APXMIDP
2024-11-10T00:30:00Z,2024-11-10,2,89.63,APXMIDP
2024-11-10T01:00:00Z,2024-11-10,3,86.09,APXMIDP
2024-11-10T01:30:00Z,2024-11-10,4,86.56,APXMIDP
2024-11-10T02:00:00Z,2024-11-10,5,86.57,APXMIDP
2024-11-10T02:30:00Z,2024-11-10,6,85.41,APXMIDP
2024-11-10T03:00:00Z,2024-11-10,7,89.28,APXMIDP
2024-11-10T03:30:00Z,2024-11-10,8,85.78,APXMIDP
2024-11-10T04:00:00Z,2024-11-10,9,85.71,APXMIDP
2024-11-10T04:30:00Z,2024-11-10,10,83.53,APXMIDP
2024-11-10T05:00:00Z,2024-11-10,11,84.88,APXMIDP
2024-11-10T05:30:00Z,2024-11-10,12,84.31,APXMIDP
2024-11-10T06:00:00Z,2024-11-10,13,79.52,APXMIDP
2024-11-10T06:30:00Z,2024-11-10,14,80.75,APXMIDP
2024-11-10T07:00:00Z,2024-11-10,15,85.04,APXMIDP
2024-11-10T07:30:00Z,2024-11-10,16,84.5,APXMIDP
2024-11-10T08:00:00Z,2024-11-10,17,82.36,APXMIDP
2024-11-10T08:30:00Z,2024-11-10,18,86.23,APXMIDP
2024-11-10T09:00:00Z,2024-11-10,19,85.33,APXMIDP
2024-11-10T09:30:00Z,2024-11-10,20,90.22,APXMIDP
2024-11-10T10:00:00Z,2024-11-10,21,85.89,APXMIDP
2024-11-10T10:30:00Z,2024-11-10,22,87.49,APXMIDP
2024-11-10T11:00:00Z,2024-11-10,23,85.81,APXMIDP
2024-11-10T11:30:00Z,2024-11-10,24,85.39,APXMIDP
2024-11-10T12:00:00Z,2024-11-10,25,86.89,APXMIDP
2024-11-10T12:30:00Z,2024-11-10,26,87.25,APXMIDP
2024-11-10T13:00:00Z,2024-11-10,27,89.31,APXMIDP
2024-11-10T13:30:00Z,2024-11-10,28,85.65,APXMIDP
2024-11-10T14:00:00Z,2024-11-10,29,87.07,APXMIDP
2024-11-10T14:30:00Z,2024-11-10,30,87.68,APXMIDP
2024-11-10T15:00:00Z,2024-11-10,31,96.16,APXMIDP
2024-11-10T15:30:00Z,2024-11-10,32,94.89,APXMIDP
2024-11-10T16:00:00Z,2024-11-10,33,98.57,APXMIDP
2024-11-10T16:30:00Z,2024-11-10,34,106.99,APXMIDP
2024-11-10T17:00:00Z,2024-11-10,35,107.25,APXMIDP
2024-11-10T17:30:00Z,2024-11-10,36,107.86,APXMIDP
2024-11-10T18:00:00Z,2024-11-10,37,108.24,APXMIDP
2024-11-10T18:30:00Z,2024-11-10,38,102.29,APXMIDP
2024-11-10T19:00:00Z,2024-11-10,39,98.3,APXMIDP
2024-11-10T19:30:00Z,2024-11-10,40,90.08,APXMIDP
2024-11-10T20:00:00Z,2024-11-10,41,86.89,APXMIDP
2024-11-10T20:30:00Z,2024-11-10,42,87.98,APXMIDP
2024-11-10T21:00:00Z,2024-11-10,43,91.26,APXMIDP
2024-11-10T21:30:00Z,2024-11-10,44,92.14,APXMIDP
2024-11-10T22:00:00Z,2024-11-10,45,84.18,APXMIDP
2024-11-10T22:30:00Z,2024-11-10,46,90.06,APXMIDP
2024-11-10T23:00:00Z,2024-11-10,47,96.7,APXMIDP
2024-11-10T23:30:00Z,2024-11-10,48,86.89,APXMIDP
2024-11-11T00:00:00Z,2024-11-11,1,79.37,APXMIDP
2024-11-11T00:30:00Z,2024-11-11,2,87.06,APXMIDP
2024-11-11T01:00:00Z,2024-11-11,3,83.29,APXMIDP
2024-11-11T01:30:00Z,2024-11-11,4,87.29,APXMIDP
2024-11-11T02:00:00Z,2024-11-11,5,85.16,APXMIDP
2024-11-11T02:30:00Z,2024-11-11,6,80.99,APXMIDP
2024-11-11T03:00:00Z,2024-11-11,7,82.07,APXMIDP
2024-11-11T03:30:00Z,2024-11-11,8,78.3,APXMIDP
2024-11-11T04:00:00Z,2024-11-11,9,81.38,APXMIDP
2024-11-11T04:30:00Z,2024-11-11,10,85.41,APXMIDP
2024-11-11T05:00:00Z,2024-11-11,11,86.8,APXMIDP
2024-11-11T05:30:00Z,2024-11-11,12,87.92,APXMIDP
2024-11-11T06:00:00Z,2024-11-11,13,96.18,APXMIDP
2024-11-11T06:30:00Z,2024-11-11,14,101.04,APXMIDP
2024-11-11T07:00:00Z,2024-11-11,15,112.28,APXMIDP
2024-11-11T07:30:00Z,2024-11-11,16,124.21,APXMIDP
2024-11-11T08:00:00Z,2024-11-11,17,121.4,APXMIDP
2024-11-11T08:30:00Z,2024-11-11,18,123.08,APXMIDP
2024-11-11T09:00:00Z,2024-11-11,19,116.58,APXMIDP
2024-11-11T09:30:00Z,2024-11-11,20,112.82,APXMIDP
2024-11-11T10:00:00Z,2024-11-11,21,115.95,APXMIDP
2024-11-11T10:30:00Z,2024-11-11,22,113.43,APXMIDP
2024-11-11T11:00:00Z,2024-11-11,23,109.63,APXMIDP
2024-11-11T11:30:00Z,2024-11-11,24,106.91,APXMIDP
2024-11-11T12:00:00Z,2024-11-11,25,106.24,APXMIDP
2024-11-11T12:30:00Z,2024-11-11,26,103.85,APXMIDP
2024-11-11T13:00:00Z,2024-11-11,27,104.62,APXMIDP
2024-11-11T13:30:00Z,2024-11-11,28,100.43,APXMIDP
2024-11-11T14:00:00Z,2024-11-11,29,98.33,APXMIDP
2024-11-11T14:30:00Z,2024-11-11,30,100.91,APXMIDP
2024-11-11T15:00:00Z,2024-11-11,31,112.52,APXMIDP
2024-11-11T15:30:00Z,2024-11-11,32,121.04,APXMIDP
2024-11-11T16:00:00Z,2024-11-11,33,116.49,APXMIDP
2024-11-11T16:30:00Z,2024-11-11,34,123.77,APXMIDP
2024-11-11T17:00:00Z,2024-11-11,35,128.24,APXMIDP
2024-11-11T17:30:00Z,2024-11-11,36,129.13,APXMIDP
2024-11-11T18:00:00Z,2024-11-11,37,121.71,APXMIDP
2024-11-11T18:30:00Z,2024-11-11,38,119.48,APXMIDP
2024-11-11T19:00:00Z,2024-11-11,39,109.11,APXMIDP
2024-11-11T19:30:00Z,2024-11-11,40,101.68,APXMIDP
2024-11-11T20:00:00Z,2024-11-11,41,101.45,APXMIDP
2024-11-11T20:30:00Z,2024-11-11,42,101.09,APXMIDP
2024-11-11T21:00:00Z,2024-11-11,43,94.45,APXMIDP
2024-11-11T21:30:00Z,2024-11-11,44,94.01,APXMIDP
2024-11-11T22:00:00Z,2024-11-11,45,95.79,APXMIDP
2024-11-11T22:30:00Z,2024-11-11,46,95.9,APXMIDP
2024-11-11T23:00:00Z,2024-11-11,47,98.37,APXMIDP
2024-11-11T23:30:00Z,2024-11-11,48,93.47,APXMIDP
2024-11-12T00:00:00Z,2024-11-12,1,85.17,APXMIDP
2024-11-12T00:30:00Z,2024-11-12,2,88.72,APXMIDP
2024-11-12T01:00:00Z,2024-11-12,3,86.41,APXMIDP
2024-11-12T01:30:00Z,2024-11-12,4,87.02,APXMIDP
2024-11-12T02:00:00Z,2024-11-12,5,87.42,APXMIDP
2024-11-12T02:30:00Z,2024-11-12,6,84.69,APXMIDP
2024-11-12T03:00:00Z,2024-11-12,7,88.7,APXMIDP
2024-11-12T03:30:00Z,2024-11-12,8,90.32,APXMIDP
2024-11-12T04:00:00Z,2024-11-12,9,88.04,APXMIDP
2024-11-12T04:30:00Z,2024-11-12,10,86.32,APXMIDP
2024-11-12T05:00:00Z,2024-11-12,11,86.03,APXMIDP
2024-11-12T05:30:00Z,2024-11-12,12,86.79,APXMIDP
2024-11-12T06:00:00Z,2024-11-12,13,92.01,APXMIDP
2024-11-12T06:30:00Z,2024-11-12,14,91.66,APXMIDP
2024-11-12T07:00:00Z,2024-11-12,15,103.58,APXMIDP
2024-11-12T07:30:00Z,2024-11-12,16,104.88,APXMIDP
2024-11-12T08:00:00Z,2024-11-12,17,107.8,APXMIDP
2024-11-12T08:30:00Z,2024-11-12,18,107.41,APXMIDP
2024-11-12T09:00:00Z,2024-11-12,19,110.16,APXMIDP
2024-11-12T09:30:00Z,2024-11-12,20,102.69,APXMIDP
2024-11-12T10:00:00Z,2024-11-12,21,95.19,APXMIDP
2024-11-12T10:30:00Z,2024-11-12,22,92.26,APXMIDP
2024-11-12T11:00:00Z,2024-11-12,23,89.18,APXMIDP
2024-11-12T11:30:00Z,2024-11-12,24,88.36,APXMIDP
2024-11-12T12:00:00Z,2024-11-12,25,85.58,APXMIDP
2024-11-12T12:30:00Z,2024-11-12,26,86.65,APXMIDP
2024-11-12T13:00:00Z,2024-11-12,27,88.04,APXMIDP
2024-11-12T13:30:00Z,2024-11-12,28,88.7,APXMIDP
2024-11-12T14:00:00Z,2024-11-12,29,94.51,APXMIDP
2024-11-12T14:30:00Z,2024-11-12,30,97.54,APXMIDP
2024-11-12T15:00:00Z,2024-11-12,31,108.21,APXMIDP
2024-11-12T15:30:00Z,2024-11-12,32,114.21,APXMIDP
2024-11-12T16:00:00Z,2024-11-12,33,119.09,APXMIDP
2024-11-12T16:30:00Z,2024-11-12,34,132.09,APXMIDP
2024-11-12T17:00:00Z,2024-11-12,35,123.15,APXMIDP
2024-11-12T17:30:00Z,2024-11-12,36,129.48,APXMIDP
2024-11-12T18:00:00Z,2024-11-12,37,126.27,APXMIDP
2024-11-12T18:30:00Z,2024-11-12,38,121.36,APXMIDP
2024-11-12T19:00:00Z,2024-11-12,39,118.59,APXMIDP
2024-11-12T19:30:00Z,2024-11-12,40,110.77,APXMIDP
2024-11-12T20:00:00Z,2024-11-12,41,108.44,APXMIDP
2024-11-12T20:30:00Z,2024-11-12,42,102.84,APXMIDP
2024-11-12T21:00:00Z,2024-11-12,43,100.11,APXMIDP
2024-11-12T21:30:00Z,2024-11-12,44,100.73,APXMIDP
2024-11-12T22:00:00Z,2024-11-12,45,103.07,APXMIDP
2024-11-12T22:30:00Z,2024-11-12,46,96.27,APXMIDP
2024-11-12T23:00:00Z,2024-11-12,47,88.92,APXMIDP
2024-11-12T23:30:00Z,2024-11-12,48,89.71,APXMIDP
2024-11-13T00:00:00Z,2024-11-13,1,85.29,APXMIDP
2024-11-13T00:30:00Z,2024-11-13,2,85.48,APXMIDP
2024-11-13T01:00:00Z,2024-11-13,3,84.64,APXMIDP
2024-11-13T01:30:00Z,2024-11-13,4,85.71,APXMIDP
2024-11-13T02:00:00Z,2024-11-13,5,84.49,APXMIDP
2024-11-13T02:30:00Z,2024-11-13,6,86.27,APXMIDP
2024-11-13T03:00:00Z,2024-11-13,7,85.33,APXMIDP
2024-11-13T03:30:00Z,2024-11-13,8,79.99,APXMIDP
2024-11-13T04:00:00Z,2024-11-13,9,84.15,APXMIDP
2024-11-13T04:30:00Z,2024-11-13,10,82.39,APXMIDP
2024-11-13T05:00:00Z,2024-11-13,11,81.69,APXMIDP
2024-11-13T05:30:00Z,2024-11-13,12,76.6,APXMIDP
2024-11-13T06:00:00Z,2024-11-13,13,93.01,APXMIDP
2024-11-13T06:30:00Z,2024-11-13,14,105.84,APXMIDP
2024-11-13T07:00:00Z,2024-11-13,15,121.78,APXMIDP
2024-11-13T07:30:00Z,2024-11-13,16,132.57,APXMIDP
2024-11-13T08:00:00Z,2024-11-13,17,126.99,APXMIDP
2024-11-13T08:30:00Z,2024-11-13,18,126.54,APXMIDP
2024-11-13T09:00:00Z,2024-11-13,19,116.18,APXMIDP
2024-11-13T09:30:00Z,2024-11-13,20,110.01,APXMIDP
2024-11-13T10:00:00Z,2024-11-13,21,113.66,APXMIDP
2024-11-13T10:30:00Z,2024-11-13,22,110.75,APXMIDP
2024-11-13T11:00:00Z,2024-11-13,23,105.39,APXMIDP
2024-11-13T11:30:00Z,2024-11-13,24,110.17,APXMIDP
2024-11-13T12:00:00Z,2024-11-13,25,101.1,APXMIDP
2024-11-13T12:30:00Z,2024-11-13,26,100.31,APXMIDP
2024-11-13T13:00:00Z,2024-11-13,27,96.18,APXMIDP
2024-11-13T13:30:00Z,2024-11-13,28,100.67,APXMIDP
2024-11-13T14:00:00Z,2024-11-13,29,106.71,APXMIDP
2024-11-13T14:30:00Z,2024-11-13,30,111.05,APXMIDP
2024-11-13T15:00:00Z,2024-11-13,31,108.99,APXMIDP
2024-11-13T15:30:00Z,2024-11-13,32,118.64,APXMIDP
2024-11-13T16:00:00Z,2024-11-13,33,117.81,APXMIDP
2024-11-13T16:30:00Z,2024-11-13,34,121.43,APXMIDP
2024-11-13T17:00:00Z,2024-11-13,35,125.8,APXMIDP
2024-11-13T17:30:00Z,2024-11-13,36,126.19,APXMIDP
2024-11-13T18:00:00Z,2024-11-13,37,123.03,APXMIDP
2024-11-13T18:30:00Z,2024-11-13,38,116.62,APXMIDP
2024-11-13T19:00:00Z,2024-11-13,39,109.57,APXMIDP
2024-11-13T19:30:00Z,2024-11-13,40,106.6,APXMIDP
2024-11-13T20:00:00Z,2024-11-13,41,104.95,APXMIDP
2024-11-13T20:30:00Z,2024-11-13,42,101.48,APXMIDP
2024-11-13T21:00:00Z,2024-11-13,43,100.73,APXMIDP
2024-11-13T21:30:00Z,2024-11-13,44,95.7,APXMIDP
2024-11-13T22:00:00Z,2024-11-13,45,90.23,APXMIDP
2024-11-13T22:30:00Z,2024-11-13,46,90.02,APXMIDP
2024-11-13T23:00:00Z,2024-11-13,47,82.73,APXMIDP
2024-11-13T23:30:00Z,2024-11-13,48,84.19,APXMIDP
2024-11-14T00:00:00Z,2024-11-14,1,85.12,APXMIDP
2024-11-14T00:30:00Z,2024-11-14,2,81.89,APXMIDP
2024-11-14T01:00:00Z,2024-11-14,3,92.4,APXMIDP
2024-11-14T01:30:00Z,2024-11-14,4,85.58,APXMIDP
2024-11-14T02:00:00Z,2024-11-14,5,81.15,APXMIDP
2024-11-14T02:30:00Z,2024-11-14,6,83.26,APXMIDP
2024-11-14T03:00:00Z,2024-11-14,7,76.52,APXMIDP
2024-11-14T03:30:00Z,2024-11-14,8,74.1,APXMIDP
2024-11-14T04:00:00Z,2024-11-14,9,77.62,APXMIDP
2024-11-14T04:30:00Z,2024-11-14,10,69.18,APXMIDP
2024-11-14T05:00:00Z,2024-11-14,11,82.46,APXMIDP
2024-11-14T05:30:00Z,2024-11-14,12,86.04,APXMIDP
2024-11-14T06:00:00Z,2024-11-14,13,95.46,APXMIDP
2024-11-14T06:30:00Z,2024-11-14,14,84.83,APXMIDP
2024-11-14T07:00:00Z,2024-11-14,15,91.06,APXMIDP
2024-11-14T07:30:00Z,2024-11-14,16,93.32,APXMIDP
2024-11-14T08:00:00Z,2024-11-14,17,91.2,APXMIDP
2024-11-14T08:30:00Z,2024-11-14,18,99.96,APXMIDP
2024-11-14T09:00:00Z,2024-11-14,19,97.42,APXMIDP
2024-11-14T09:30:00Z,2024-11-14,20,97.19,APXMIDP
2024-11-14T10:00:00Z,2024-11-14,21,94.89,APXMIDP
2024-11-14T10:30:00Z,2024-11-14,22,94.91,APXMIDP
2024-11-14T11:00:00Z,2024-11-14,23,94.89,APXMIDP
2024-11-14T11:30:00Z,2024-11-14,24,99.28,APXMIDP
2024-11-14T12:00:00Z,2024-11-14,25,95.93,APXMIDP
2024-11-14T12:30:00Z,2024-11-14,26,98.73,APXMIDP
2024-11-14T13:00:00Z,2024-11-14,27,103.6,APXMIDP
2024-11-14T13:30:00Z,2024-11-14,28,103.03,APXMIDP
2024-11-14T14:00:00Z,2024-11-14,29,106.16,APXMIDP
2024-11-14T14:30:00Z,2024-11-14,30,105.71,APXMIDP
2024-11-14T15:00:00Z,2024-11-14,31,123.04,APXMIDP
2024-11-14T15:30:00Z,2024-11-14,32,126.62,APXMIDP
2024-11-14T16:00:00Z,2024-11-14,33,127.26,APXMIDP
2024-11-14T16:30:00Z,2024-11-14,34,130.69,APXMIDP
2024-11-14T17:00:00Z,2024-11-14,35,132.13,APXMIDP
2024-11-14T17:30:00Z,2024-11-14,36,133.34,APXMIDP
2024-11-14T18:00:00Z,2024-11-14,37,130.08,APXMIDP
2024-11-14T18:30:00Z,2024-11-14,38,126.7,APXMIDP
2024-11-14T19:00:00Z,2024-11-14,39,113.34,APXMIDP
2024-11-14T19:30:00Z,2024-11-14,40,106.95,APXMIDP
2024-11-14T20:00:00Z,2024-11-14,41,102.92,APXMIDP
2024-11-14T20:30:00Z,2024-11-14,42,98.57,APXMIDP
2024-11-14T21:00:00Z,2024-11-14,43,98.33,APXMIDP
2024-11-14T21:30:00Z,2024-11-14,44,100.49,APXMIDP
2024-11-14T22:00:00Z,2024-11-14,45,98.08,APXMIDP
2024-11-14T22:30:00Z,2024-11-14,46,91.32,APXMIDP
2024-11-14T23:00:00Z,2024-11-14,47,86.47,APXMIDP
2024-11-14T23:30:00Z,2024-11-14,48,89.82,APXMIDP
2024-11-15T00:00:00Z,2024-11-15,1,85.73,APXMIDP
2024-11-15T00:30:00Z,2024-11-15,2,86.78,APXMIDP
2024-11-15T01:00:00Z,2024-11-15,3,89.73,APXMIDP
2024-11-15T01:30:00Z,2024-11-15,4,86.9,APXMIDP
2024-11-15T02:00:00Z,2024-11-15,5,87.56,APXMIDP
2024-11-15T02:30:00Z,2024-11-15,6,83.0,APXMIDP
2024-11-15T03:00:00Z,2024-11-15,7,85.82,APXMIDP
2024-11-15T03:30:00Z,2024-11-15,8,85.23,APXMIDP
2024-11-15T04:00:00Z,2024-11-15,9,91.15,APXMIDP
2024-11-15T04:30:00Z,2024-11-15,10,83.92,APXMIDP
2024-11-15T05:00:00Z,2024-11-15,11,98.25,APXMIDP
2024-11-15T05:30:00Z,2024-11-15,12,89.58,APXMIDP
2024-11-15T06:00:00Z,2024-11-15,13,98.49,APXMIDP
2024-11-15T06:30:00Z,2024-11-15,14,109.1,APXMIDP
2024-11-15T07:00:00Z,2024-11-15,15,105.93,APXMIDP
2024-11-15T07:30:00Z,2024-11-15,16,108.39,APXMIDP
2024-11-15T08:00:00Z,2024-11-15,17,99.81,APXMIDP
2024-11-15T08:30:00Z,2024-11-15,18,100.95,APXMIDP
2024-11-15T09:00:00Z,2024-11-15,19,97.79,APXMIDP
2024-11-15T09:30:00Z,2024-11-15,20,98.25,APXMIDP
2024-11-15T10:00:00Z,2024-11-15,21,102.0,APXMIDP
2024-11-15T10:30:00Z,2024-11-15,22,96.74,APXMIDP
2024-11-15T11:00:00Z,2024-11-15,23,97.47,APXMIDP
2024-11-15T11:30:00Z,2024-11-15,24,99.29,APXMIDP
2024-11-15T12:00:00Z,2024-11-15,25,97.3,APXMIDP
2024-11-15T12:30:00Z,2024-11-15,26,97.53,APXMIDP
2024-11-15T13:00:00Z,2024-11-15,27,100.79,APXMIDP
2024-11-15T13:30:00Z,2024-11-15,28,102.73,APXMIDP
2024-11-15T14:00:00Z,2024-11-15,29,104.43,APXMIDP
2024-11-15T14:30:00Z,2024-11-15,30,105.01,APXMIDP
2024-11-15T15:00:00Z,2024-11-15,31,112.74,APXMIDP
2024-11-15T15:30:00Z,2024-11-15,32,111.13,APXMIDP
2024-11-15T16:00:00Z,2024-11-15,33,116.44,APXMIDP
2024-11-15T16:30:00Z,2024-11-15,34,118.99,APXMIDP
2024-11-15T17:00:00Z,2024-11-15,35,114.53,APXMIDP
2024-11-15T17:30:00Z,2024-11-15,36,108.05,APXMIDP
2024-11-15T18:00:00Z,2024-11-15,37,108.06,APXMIDP
2024-11-15T18:30:00Z,2024-11-15,38,108.86,APXMIDP
2024-11-15T19:00:00Z,2024-11-15,39,102.17,APXMIDP
2024-11-15T19:30:00Z,2024-11-15,40,102.34,APXMIDP
2024-11-15T20:00:00Z,2024-11-15,41,96.48,APXMIDP
2024-11-15T20:30:00Z,2024-11-15,42,91.27,APXMIDP
2024-11-15T21:00:00Z,2024-11-15,43,87.95,APXMIDP
2024-11-15T21:30:00Z,2024-11-15,44,89.51,APXMIDP
2024-11-15T22:00:00Z,2024-11-15,45,81.49,APXMIDP
2024-11-15T22:30:00Z,2024-11-15,46,68.79,APXMIDP
2024-11-15T23:00:00Z,2024-11-15,47,62.95,APXMIDP
2024-11-15T23:30:00Z,2024-11-15,48,49.84,APXMIDP
2024-11-16T00:00:00Z,2024-11-16,1,51.4,APXMIDP
2024-11-16T00:30:00Z,2024-11-16,2,76.43,APXMIDP
2024-11-16T01:00:00Z,2024-11-16,3,67.72,APXMIDP
2024-11-16T01:30:00Z,2024-11-16,4,60.18,APXMIDP
2024-11-16T02:00:00Z,2024-11-16,5,46.28,APXMIDP
2024-11-16T02:30:00Z,2024-11-16,6,42.39,APXMIDP
2024-11-16T03:00:00Z,2024-11-16,7,37.35,APXMIDP
2024-11-16T03:30:00Z,2024-11-16,8,36.9,APXMIDP
2024-11-16T04:00:00Z,2024-11-16,9,43.77,APXMIDP
2024-11-16T04:30:00Z,2024-11-16,10,50.75,APXMIDP
2024-11-16T05:00:00Z,2024-11-16,11,57.35,APXMIDP
2024-11-16T05:30:00Z,2024-11-16,12,64.26,APXMIDP
2024-11-16T06:00:00Z,2024-11-16,13,64.17,APXMIDP
2024-11-16T06:30:00Z,2024-11-16,14,68.87,APXMIDP
2024-11-16T07:00:00Z,2024-11-16,15,71.2,APXMIDP
2024-11-16T07:30:00Z,2024-11-16,16,78.64,APXMIDP
2024-11-16T08:00:00Z,2024-11-16,17,86.45,APXMIDP
2024-11-16T08:30:00Z,2024-11-16,18,100.55,APXMIDP
2024-11-16T09:00:00Z,2024-11-16,19,98.84,APXMIDP
2024-11-16T09:30:00Z,2024-11-16,20,103.05,APXMIDP
2024-11-16T10:00:00Z,2024-11-16,21,97.36,APXMIDP
2024-11-16T10:30:00Z,2024-11-16,22,97.73,APXMIDP
2024-11-16T11:00:00Z,2024-11-16,23,103.93,APXMIDP
2024-11-16T11:30:00Z,2024-11-16,24,108.46,APXMIDP
2024-11-16T12:00:00Z,2024-11-16,25,110.66,APXMIDP
2024-11-16T12:30:00Z,2024-11-16,26,111.05,APXMIDP
2024-11-16T13:00:00Z,2024-11-16,27,107.37,APXMIDP
2024-11-16T13:30:00Z,2024-11-16,28,100.51,APXMIDP
2024-11-16T14:00:00Z,2024-11-16,29,94.07,APXMIDP
2024-11-16T14:30:00Z,2024-11-16,30,89.85,APXMIDP
2024-11-16T15:00:00Z,2024-11-16,31,100.04,APXMIDP
2024-11-16T15:30:00Z,2024-11-16,32,102.27,APXMIDP
2024-11-16T16:00:00Z,2024-11-16,33,106.73,APXMIDP
2024-11-16T16:30:00Z,2024-11-16,34,114.45,APXMIDP
2024-11-16T17:00:00Z,2024-11-16,35,120.32,APXMIDP
2024-11-16T17:30:00Z,2024-11-16,36,120.71,APXMIDP
2024-11-16T18:00:00Z,2024-11-16,37,120.36,APXMIDP
2024-11-16T18:30:00Z,2024-11-16,38,115.92,APXMIDP
2024-11-16T19:00:00Z,2024-11-16,39,105.08,APXMIDP
2024-11-16T19:30:00Z,2024-11-16,40,94.56,APXMIDP
2024-11-16T20:00:00Z,2024-11-16,41,93.4,APXMIDP
2024-11-16T20:30:00Z,2024-11-16,42,89.45,APXMIDP
2024-11-16T21:00:00Z,2024-11-16,43,94.41,APXMIDP
2024-11-16T21:30:00Z,2024-11-16,44,96.01,APXMIDP
2024-11-16T22:00:00Z,2024-11-16,45,95.37,APXMIDP
2024-11-16T22:30:00Z,2024-11-16,46,82.17,APXMIDP
2024-11-16T23:00:00Z,2024-11-16,47,72.26,APXMIDP
2024-11-16T23:30:00Z,2024-11-16,48,72.24,APXMIDP
2024-11-17T00:00:00Z,2024-11-17,1,66.92,APXMIDP
2024-11-17T00:30:00Z,2024-11-17,2,70.46,APXMIDP
2024-11-17T01:00:00Z,2024-11-17,3,69.48,APXMIDP
2024-11-17T01:30:00Z,2024-11-17,4,61.16,APXMIDP
2024-11-17T02:00:00Z,2024-11-17,5,54.38,APXMIDP
2024-11-17T02:30:00Z,2024-11-17,6,54.7,APXMIDP
2024-11-17T03:00:00Z,2024-11-17,7,48.4,APXMIDP
2024-11-17T03:30:00Z,2024-11-17,8,35.22,APXMIDP
2024-11-17T04:00:00Z,2024-11-17,9,49.78,APXMIDP
2024-11-17T04:30:00Z,2024-11-17,10,50.59,APXMIDP
2024-11-17T05:00:00Z,2024-11-17,11,43.28,APXMIDP
2024-11-17T05:30:00Z,2024-11-17,12,41.61,APXMIDP
2024-11-17T06:00:00Z,2024-11-17,13,55.47,APXMIDP
2024-11-17T06:30:00Z,2024-11-17,14,74.49,APXMIDP
2024-11-17T07:00:00Z,2024-11-17,15,86.09,APXMIDP
2024-11-17T07:30:00Z,2024-11-17,16,96.0,APXMIDP
2024-11-17T08:00:00Z,2024-11-17,17,89.73,APXMIDP
2024-11-17T08:30:00Z,2024-11-17,18,98.34,APXMIDP
2024-11-17T09:00:00Z,2024-11-17,19,102.49,APXMIDP
2024-11-17T09:30:00Z,2024-11-17,20,103.77,APXMIDP
2024-11-17T10:00:00Z,2024-11-17,21,103.72,APXMIDP
2024-11-17T10:30:00Z,2024-11-17,22,98.94,APXMIDP
2024-11-17T11:00:00Z,2024-11-17,23,95.48,APXMIDP
2024-11-17T11:30:00Z,2024-11-17,24,87.02,APXMIDP
2024-11-17T12:00:00Z,2024-11-17,25,84.92,APXMIDP
2024-11-17T12:30:00Z,2024-11-17,26,81.73,APXMIDP
2024-11-17T13:00:00Z,2024-11-17,27,83.07,APXMIDP
2024-11-17T13:30:00Z,2024-11-17,28,85.61,APXMIDP
2024-11-17T14:00:00Z,2024-11-17,29,88.29,APXMIDP
2024-11-17T14:30:00Z,2024-11-17,30,89.43,APXMIDP
2024-11-17T15:00:00Z,2024-11-17,31,103.09,APXMIDP
2024-11-17T15:30:00Z,2024-11-17,32,109.49,APXMIDP
2024-11-17T16:00:00Z,2024-11-17,33,113.82,APXMIDP
2024-11-17T16:30:00Z,2024-11-17,34,123.65,APXMIDP
2024-11-17T17:00:00Z,2024-11-17,35,126.41,APXMIDP
2024-11-17T17:30:00Z,2024-11-17,36,125.34,APXMIDP
2024-11-17T18:00:00Z,2024-11-17,37,125.68,APXMIDP
2024-11-17T18:30:00Z,2024-11-17,38,123.02,APXMIDP
2024-11-17T19:00:00Z,2024-11-17,39,117.3,APXMIDP
2024-11-17T19:30:00Z,2024-11-17,40,108.98,APXMIDP
2024-11-17T20:00:00Z,2024-11-17,41,109.0,APXMIDP
2024-11-17T20:30:00Z,2024-11-17,42,102.13,APXMIDP
2024-11-17T21:00:00Z,2024-11-17,43,100.16,APXMIDP
2024-11-17T21:30:00Z,2024-11-17,44,98.63,APXMIDP
2024-11-17T22:00:00Z,2024-11-17,45,100.65,APXMIDP
2024-11-17T22:30:00Z,2024-11-17,46,93.93,APXMIDP
2024-11-17T23:00:00Z,2024-11-17,47,83.41,APXMIDP
2024-11-17T23:30:00Z,2024-11-17,48,85.35,APXMIDP
2024-11-18T00:00:00Z,2024-11-18,1,89.2,APXMIDP
2024-11-18T00:30:00Z,2024-11-18,2,87.91,APXMIDP
2024-11-18T01:00:00Z,2024-11-18,3,81.82,APXMIDP
2024-11-18T01:30:00Z,2024-11-18,4,80.05,APXMIDP
2024-11-18T02:00:00Z,2024-11-18,5,78.75,APXMIDP
2024-11-18T02:30:00Z,2024-11-18,6,77.99,APXMIDP
2024-11-18T03:00:00Z,2024-11-18,7,78.79,APXMIDP
2024-11-18T03:30:00Z,2024-11-18,8,74.21,APXMIDP
2024-11-18T04:00:00Z,2024-11-18,9,73.31,APXMIDP
2024-11-18T04:30:00Z,2024-11-18,10,73.51,APXMIDP
2024-11-18T05:00:00Z,2024-11-18,11,81.01,APXMIDP
2024-11-18T05:30:00Z,2024-11-18,12,66.72,APXMIDP
2024-11-18T06:00:00Z,2024-11-18,13,99.91,APXMIDP
2024-11-18T06:30:00Z,2024-11-18,14,92.41,APXMIDP
2024-11-18T07:00:00Z,2024-11-18,15,106.84,APXMIDP
2024-11-18T07:30:00Z,2024-11-18,16,117.16,APXMIDP
2024-11-18T08:00:00Z,2024-11-18,17,114.43,APXMIDP
2024-11-18T08:30:00Z,2024-11-18,18,116.82,APXMIDP
2024-11-18T09:00:00Z,2024-11-18,19,105.77,APXMIDP
2024-11-18T09:30:00Z,2024-11-18,20,104.21,APXMIDP
2024-11-18T10:00:00Z,2024-11-18,21,101.65,APXMIDP
2024-11-18T10:30:00Z,2024-11-18,22,101.83,APXMIDP
2024-11-18T11:00:00Z,2024-11-18,23,100.69,APXMIDP
2024-11-18T11:30:00Z,2024-11-18,24,100.79,APXMIDP
2024-11-18T12:00:00Z,2024-11-18,25,100.34,APXMIDP
2024-11-18T12:30:00Z,2024-11-18,26,108.44,APXMIDP
2024-11-18T13:00:00Z,2024-11-18,27,112.67,APXMIDP
2024-11-18T13:30:00Z,2024-11-18,28,110.8,APXMIDP
2024-11-18T14:00:00Z,2024-11-18,29,115.83,APXMIDP
2024-11-18T14:30:00Z,2024-11-18,30,110.93,APXMIDP
2024-11-18T15:00:00Z,2024-11-18,31,107.46,APXMIDP
2024-11-18T15:30:00Z,2024-11-18,32,130.5,APXMIDP
2024-11-18T16:00:00Z,2024-11-18,33,127.99,APXMIDP
2024-11-18T16:30:00Z,2024-11-18,34,129.59,APXMIDP
2024-11-18T17:00:00Z,2024-11-18,35,128.4,APXMIDP
2024-11-18T17:30:00Z,2024-11-18,36,129.67,APXMIDP
2024-11-18T18:00:00Z,2024-11-18,37,131.52,APXMIDP
2024-11-18T18:30:00Z,2024-11-18,38,135.23,APXMIDP
2024-11-18T19:00:00Z,2024-11-18,39,122.18,APXMIDP
2024-11-18T19:30:00Z,2024-11-18,40,111.88,APXMIDP
2024-11-18T20:00:00Z,2024-11-18,41,114.73,APXMIDP
2024-11-18T20:30:00Z,2024-11-18,42,105.76,APXMIDP
2024-11-18T21:00:00Z,2024-11-18,43,104.6,APXMIDP
2024-11-18T21:30:00Z,2024-11-18,44,104.49,APXMIDP
2024-11-18T22:00:00Z,2024-11-18,45,100.68,APXMIDP
2024-11-18T22:30:00Z,2024-11-18,46,100.56,APXMIDP
2024-11-18T23:00:00Z,2024-11-18,47,100.16,APXMIDP
2024-11-18T23:30:00Z,2024-11-18,48,95.65,APXMIDP
2024-11-19T00:00:00Z,2024-11-19,1,88.64,APXMIDP
2024-11-19T00:30:00Z,2024-11-19,2,90.54,APXMIDP
2024-11-19T01:00:00Z,2024-11-19,3,86.0,APXMIDP
2024-11-19T01:30:00Z,2024-11-19,4,78.04,APXMIDP
2024-11-19T02:00:00Z,2024-11-19,5,75.46,APXMIDP
2024-11-19T02:30:00Z,2024-11-19,6,75.88,APXMIDP
2024-11-19T03:00:00Z,2024-11-19,7,74.47,APXMIDP
2024-11-19T03:30:00Z,2024-11-19,8,70.89,APXMIDP
2024-11-19T04:00:00Z,2024-11-19,9,71.31,APXMIDP
2024-11-19T04:30:00Z,2024-11-19,10,69.13,APXMIDP
2024-11-19T05:00:00Z,2024-11-19,11,86.54,APXMIDP
2024-11-19T05:30:00Z,2024-11-19,12,82.68,APXMIDP
2024-11-19T06:00:00Z,2024-11-19,13,95.33,APXMIDP
2024-11-19T06:30:00Z,2024-11-19,14,88.3,APXMIDP
2024-11-19T07:00:00Z,2024-11-19,15,96.45,APXMIDP
2024-11-19T07:30:00Z,2024-11-19,16,107.84,APXMIDP
2024-11-19T08:00:00Z,2024-11-19,17,115.42,APXMIDP
2024-11-19T08:30:00Z,2024-11-19,18,116.18,APXMIDP
2024-11-19T09:00:00Z,2024-11-19,19,107.59,APXMIDP
2024-11-19T09:30:00Z,2024-11-19,20,110.52,APXMIDP
2024-11-19T10:00:00Z,2024-11-19,21,119.96,APXMIDP
2024-11-19T10:30:00Z,2024-11-19,22,119.34,APXMIDP
2024-11-19T11:00:00Z,2024-11-19,23,120.87,APXMIDP
2024-11-19T11:30:00Z,2024-11-19,24,121.79,APXMIDP
2024-11-19T12:00:00Z,2024-11-19,25,123.09,APXMIDP
2024-11-19T12:30:00Z,2024-11-19,26,122.11,APXMIDP
2024-11-19T13:00:00Z,2024-11-19,27,121.28,APXMIDP
2024-11-19T13:30:00Z,2024-11-19,28,117.19,APXMIDP
2024-11-19T14:00:00Z,2024-11-19,29,119.34,APXMIDP
2024-11-19T14:30:00Z,2024-11-19,30,116.63,APXMIDP
2024-11-19T15:00:00Z,2024-11-19,31,120.48,APXMIDP
2024-11-19T15:30:00Z,2024-11-19,32,121.07,APXMIDP
2024-11-19T16:00:00Z,2024-11-19,33,122.52,APXMIDP
2024-11-19T16:30:00Z,2024-11-19,34,119.03,APXMIDP
2024-11-19T17:00:00Z,2024-11-19,35,113.88,APXMIDP
2024-11-19T17:30:00Z,2024-11-19,36,113.51,APXMIDP
2024-11-19T18:00:00Z,2024-11-19,37,114.76,APXMIDP
2024-11-19T18:30:00Z,2024-11-19,38,115.11,APXMIDP
2024-11-19T19:00:00Z,2024-11-19,39,101.95,APXMIDP
2024-11-19T19:30:00Z,2024-11-19,40,101.98,APXMIDP
2024-11-19T20:00:00Z,2024-11-19,41,103.37,APXMIDP
2024-11-19T20:30:00Z,2024-11-19,42,101.35,APXMIDP
2024-11-19T21:00:00Z,2024-11-19,43,95.87,APXMIDP
2024-11-19T21:30:00Z,2024-11-19,44,97.41,APXMIDP
2024-11-19T22:00:00Z,2024-11-19,45,100.59,APXMIDP
2024-11-19T22:30:00Z,2024-11-19,46,97.09,APXMIDP
2024-11-19T23:00:00Z,2024-11-19,47,97.29,APXMIDP
2024-11-19T23:30:00Z,2024-11-19,48,89.72,APXMIDP
2024-11-20T00:00:00Z,2024-11-20,1,88.17,APXMIDP
2024-11-20T00:30:00Z,2024-11-20,2,94.6,APXMIDP
2024-11-20T01:00:00Z,2024-11-20,3,90.92,APXMIDP
2024-11-20T01:30:00Z,2024-11-20,4,86.78,APXMIDP
2024-11-20T02:00:00Z,2024-11-20,5,84.77,APXMIDP
2024-11-20T02:30:00Z,2024-11-20,6,84.68,APXMIDP
2024-11-20T03:00:00Z,2024-11-20,7,89.92,APXMIDP
2024-11-20T03:30:00Z,2024-11-20,8,95.38,APXMIDP
2024-11-20T04:00:00Z,2024-11-20,9,90.72,APXMIDP
2024-11-20T04:30:00Z,2024-11-20,10,85.71,APXMIDP
2024-11-20T05:00:00Z,2024-11-20,11,93.31,APXMIDP
2024-11-20T05:30:00Z,2024-11-20,12,83.02,APXMIDP
2024-11-20T06:00:00Z,2024-11-20,13,95.63,APXMIDP
2024-11-20T06:30:00Z,2024-11-20,14,97.39,APXMIDP
2024-11-20T07:00:00Z,2024-11-20,15,98.87,APXMIDP
2024-11-20T07:30:00Z,2024-11-20,16,113.04,APXMIDP
2024-11-20T08:00:00Z,2024-11-20,17,112.11,APXMIDP
2024-11-20T08:30:00Z,2024-11-20,18,115.2,APXMIDP
2024-11-20T09:00:00Z,2024-11-20,19,111.41,APXMIDP
2024-11-20T09:30:00Z,2024-11-20,20,111.04,APXMIDP
2024-11-20T10:00:00Z,2024-11-20,21,109.58,APXMIDP
2024-11-20T10:30:00Z,2024-11-20,22,108.3,APXMIDP
2024-11-20T11:00:00Z,2024-11-20,23,98.04,APXMIDP
2024-11-20T11:30:00Z,2024-11-20,24,96.77,APXMIDP
2024-11-20T12:00:00Z,2024-11-20,25,89.05,APXMIDP
2024-11-20T12:30:00Z,2024-11-20,26,92.1,APXMIDP
2024-11-20T13:00:00Z,2024-11-20,27,96.4,APXMIDP
2024-11-20T13:30:00Z,2024-11-20,28,90.97,APXMIDP
2024-11-20T14:00:00Z,2024-11-20,29,96.05,APXMIDP
2024-11-20T14:30:00Z,2024-11-20,30,94.79,APXMIDP
2024-11-20T15:00:00Z,2024-11-20,31,106.78,APXMIDP
2024-11-20T15:30:00Z,2024-11-20,32,113.28,APXMIDP
2024-11-20T16:00:00Z,2024-11-20,33,113.64,APXMIDP
2024-11-20T16:30:00Z,2024-11-20,34,120.77,APXMIDP
2024-11-20T17:00:00Z,2024-11-20,35,117.02,APXMIDP
2024-11-20T17:30:00Z,2024-11-20,36,117.86,APXMIDP
2024-11-20T18:00:00Z,2024-11-20,37,113.53,APXMIDP
2024-11-20T18:30:00Z,2024-11-20,38,115.63,APXMIDP
2024-11-20T19:00:00Z,2024-11-20,39,110.1,APXMIDP
2024-11-20T19:30:00Z,2024-11-20,40,100.97,APXMIDP
2024-11-20T20:00:00Z,2024-11-20,41,99.49,APXMIDP
2024-11-20T20:30:00Z,2024-11-20,42,100.99,APXMIDP
2024-11-20T21:00:00Z,2024-11-20,43,100.42,APXMIDP
2024-11-20T21:30:00Z,2024-11-20,44,99.96,APXMIDP
2024-11-20T22:00:00Z,2024-11-20,45,99.94,APXMIDP
2024-11-20T22:30:00Z,2024-11-20,46,97.94,APXMIDP
2024-11-20T23:00:00Z,2024-11-20,47,75.8,APXMIDP
2024-11-20T23:30:00Z,2024-11-20,48,93.65,APXMIDP
2024-11-21T00:00:00Z,2024-11-21,1,86.42,APXMIDP
2024-11-21T00:30:00Z,2024-11-21,2,83.94,APXMIDP
2024-11-21T01:00:00Z,2024-11-21,3,94.21,APXMIDP
2024-11-21T01:30:00Z,2024-11-21,4,93.56,APXMIDP
2024-11-21T02:00:00Z,2024-11-21,5,87.5,APXMIDP
2024-11-21T02:30:00Z,2024-11-21,6,91.68,APXMIDP
2024-11-21T03:00:00Z,2024-11-21,7,101.25,APXMIDP
2024-11-21T03:30:00Z,2024-11-21,8,99.76,APXMIDP
2024-11-21T04:00:00Z,2024-11-21,9,95.76,APXMIDP
2024-11-21T04:30:00Z,2024-11-21,10,88.2,APXMIDP
2024-11-21T05:00:00Z,2024-11-21,11,103.67,APXMIDP
2024-11-21T05:30:00Z,2024-11-21,12,96.06,APXMIDP
2024-11-21T06:00:00Z,2024-11-21,13,113.45,APXMIDP
2024-11-21T06:30:00Z,2024-11-21,14,94.08,APXMIDP
2024-11-21T07:00:00Z,2024-11-21,15,106.36,APXMIDP
2024-11-21T07:30:00Z,2024-11-21,16,119.94,APXMIDP
2024-11-21T08:00:00Z,2024-11-21,17,102.67,APXMIDP
2024-11-21T08:30:00Z,2024-11-21,18,115.63,APXMIDP
2024-11-21T09:00:00Z,2024-11-21,19,114.33,APXMIDP
2024-11-21T09:30:00Z,2024-11-21,20,117.33,APXMIDP
2024-11-21T10:00:00Z,2024-11-21,21,118.72,APXMIDP
2024-11-21T10:30:00Z,2024-11-21,22,114.23,APXMIDP
2024-11-21T11:00:00Z,2024-11-21,23,108.7,APXMIDP
2024-11-21T11:30:00Z,2024-11-21,24,98.46,APXMIDP
2024-11-21T12:00:00Z,2024-11-21,25,110.57,APXMIDP
2024-11-21T12:30:00Z,2024-11-21,26,105.16,APXMIDP
2024-11-21T13:00:00Z,2024-11-21,27,106.07,APXMIDP
2024-11-21T13:30:00Z,2024-11-21,28,101.42,APXMIDP
2024-11-21T14:00:00Z,2024-11-21,29,100.73,APXMIDP
2024-11-21T14:30:00Z,2024-11-21,30,97.89,APXMIDP
2024-11-21T15:00:00Z,2024-11-21,31,108.45,APXMIDP
2024-11-21T15:30:00Z,2024-11-21,32,108.54,APXMIDP
2024-11-21T16:00:00Z,2024-11-21,33,113.21,APXMIDP
2024-11-21T16:30:00Z,2024-11-21,34,120.44,APXMIDP
2024-11-21T17:00:00Z,2024-11-21,35,118.16,APXMIDP
2024-11-21T17:30:00Z,2024-11-21,36,117.25,APXMIDP
2024-11-21T18:00:00Z,2024-11-21,37,114.11,APXMIDP
2024-11-21T18:30:00Z,2024-11-21,38,113.13,APXMIDP
2024-11-21T19:00:00Z,2024-11-21,39,108.96,APXMIDP
2024-11-21T19:30:00Z,2024-11-21,40,106.93,APXMIDP
2024-11-21T20:00:00Z,2024-11-21,41,99.36,APXMIDP
2024-11-21T20:30:00Z,2024-11-21,42,107.46,APXMIDP
2024-11-21T21:00:00Z,2024-11-21,43,107.13,APXMIDP
2024-11-21T21:30:00Z,2024-11-21,44,102.97,APXMIDP
2024-11-21T22:00:00Z,2024-11-21,45,104.63,APXMIDP
2024-11-21T22:30:00Z,2024-11-21,46,104.54,APXMIDP
2024-11-21T23:00:00Z,2024-11-21,47,93.69,APXMIDP
2024-11-21T23:30:00Z,2024-11-21,48,98.81,APXMIDP
2024-11-22T00:00:00Z,2024-11-22,1,92.37,APXMIDP
2024-11-22T00:30:00Z,2024-11-22,2,93.76,APXMIDP
2024-11-22T01:00:00Z,2024-11-22,3,89.16,APXMIDP
2024-11-22T01:30:00Z,2024-11-22,4,83.48,APXMIDP
2024-11-22T02:00:00Z,2024-11-22,5,82.81,APXMIDP
2024-11-22T02:30:00Z,2024-11-22,6,81.76,APXMIDP
2024-11-22T03:00:00Z,2024-11-22,7,89.11,APXMIDP
2024-11-22T03:30:00Z,2024-11-22,8,90.76,APXMIDP
2024-11-22T04:00:00Z,2024-11-22,9,94.05,APXMIDP
2024-11-22T04:30:00Z,2024-11-22,10,90.53,APXMIDP
2024-11-22T05:00:00Z,2024-11-22,11,107.22,APXMIDP
2024-11-22T05:30:00Z,2024-11-22,12,98.41,APXMIDP
2024-11-22T06:00:00Z,2024-11-22,13,111.57,APXMIDP
2024-11-22T06:30:00Z,2024-11-22,14,110.84,APXMIDP
2024-11-22T07:00:00Z,2024-11-22,15,124.07,APXMIDP
2024-11-22T07:30:00Z,2024-11-22,16,130.86,APXMIDP
2024-11-22T08:00:00Z,2024-11-22,17,126.0,APXMIDP
2024-11-22T08:30:00Z,2024-11-22,18,127.11,APXMIDP
2024-11-22T09:00:00Z,2024-11-22,19,117.29,APXMIDP
2024-11-22T09:30:00Z,2024-11-22,20,119.09,APXMIDP
2024-11-22T10:00:00Z,2024-11-22,21,112.6,APXMIDP
2024-11-22T10:30:00Z,2024-11-22,22,106.6,APXMIDP
2024-11-22T11:00:00Z,2024-11-22,23,103.82,APXMIDP
2024-11-22T11:30:00Z,2024-11-22,24,100.04,APXMIDP
2024-11-22T12:00:00Z,2024-11-22,25,97.68,APXMIDP
2024-11-22T12:30:00Z,2024-11-22,26,94.82,APXMIDP
2024-11-22T13:00:00Z,2024-11-22,27,91.61,APXMIDP
2024-11-22T13:30:00Z,2024-11-22,28,98.22,APXMIDP
2024-11-22T14:00:00Z,2024-11-22,29,107.0,APXMIDP
2024-11-22T14:30:00Z,2024-11-22,30,106.1,APXMIDP
2024-11-22T15:00:00Z,2024-11-22,31,110.5,APXMIDP
2024-11-22T15:30:00Z,2024-11-22,32,124.78,APXMIDP
2024-11-22T16:00:00Z,2024-11-22,33,127.63,APXMIDP
2024-11-22T16:30:00Z,2024-11-22,34,128.03,APXMIDP
2024-11-22T17:00:00Z,2024-11-22,35,121.41,APXMIDP
2024-11-22T17:30:00Z,2024-11-22,36,125.1,APXMIDP
2024-11-22T18:00:00Z,2024-11-22,37,127.51,APXMIDP
2024-11-22T18:30:00Z,2024-11-22,38,126.36,APXMIDP
2024-11-22T19:00:00Z,2024-11-22,39,127.18,APXMIDP
2024-11-22T19:30:00Z,2024-11-22,40,115.25,APXMIDP
2024-11-22T20:00:00Z,2024-11-22,41,108.43,APXMIDP
2024-11-22T20:30:00Z,2024-11-22,42,99.35,APXMIDP
2024-11-22T21:00:00Z,2024-11-22,43,100.04,APXMIDP
2024-11-22T21:30:00Z,2024-11-22,44,103.61,APXMIDP
2024-11-22T22:00:00Z,2024-11-22,45,100.63,APXMIDP
2024-11-22T22:30:00Z,2024-11-22,46,95.53,APXMIDP
2024-11-22T23:00:00Z,2024-11-22,47,109.76,APXMIDP
2024-11-22T23:30:00Z,2024-11-22,48,111.25,APXMIDP
2024-11-23T00:00:00Z,2024-11-23,1,102.0,APXMIDP
2024-11-23T00:30:00Z,2024-11-23,2,97.9,APXMIDP
2024-11-23T01:00:00Z,2024-11-23,3,94.16,APXMIDP
2024-11-23T01:30:00Z,2024-11-23,4,93.0,APXMIDP
2024-11-23T02:00:00Z,2024-11-23,5,92.79,APXMIDP
2024-11-23T02:30:00Z,2024-11-23,6,93.47,APXMIDP
2024-11-23T03:00:00Z,2024-11-23,7,84.95,APXMIDP
2024-11-23T03:30:00Z,2024-11-23,8,47.05,APXMIDP
2024-11-23T04:00:00Z,2024-11-23,9,52.11,APXMIDP
2024-11-23T04:30:00Z,2024-11-23,10,32.87,APXMIDP
2024-11-23T05:00:00Z,2024-11-23,11,40.43,APXMIDP
2024-11-23T05:30:00Z,2024-11-23,12,28.58,APXMIDP
2024-11-23T06:00:00Z,2024-11-23,13,53.48,APXMIDP
2024-11-23T06:30:00Z,2024-11-23,14,40.91,APXMIDP
2024-11-23T07:00:00Z,2024-11-23,15,51.36,APXMIDP
2024-11-23T07:30:00Z,2024-11-23,16,60.8,APXMIDP
2024-11-23T08:00:00Z,2024-11-23,17,51.1,APXMIDP
2024-11-23T08:30:00Z,2024-11-23,18,79.23,APXMIDP
2024-11-23T09:00:00Z,2024-11-23,19,70.81,APXMIDP
2024-11-23T09:30:00Z,2024-11-23,20,82.12,APXMIDP
2024-11-23T10:00:00Z,2024-11-23,21,81.62,APXMIDP
2024-11-23T10:30:00Z,2024-11-23,22,88.07,APXMIDP
2024-11-23T11:00:00Z,2024-11-23,23,104.66,APXMIDP
2024-11-23T11:30:00Z,2024-11-23,24,109.07,APXMIDP
2024-11-23T12:00:00Z,2024-11-23,25,111.54,APXMIDP
2024-11-23T12:30:00Z,2024-11-23,26,114.44,APXMIDP
2024-11-23T13:00:00Z,2024-11-23,27,114.96,APXMIDP
2024-11-23T13:30:00Z,2024-11-23,28,113.98,APXMIDP
2024-11-23T14:00:00Z,2024-11-23,29,113.87,APXMIDP
2024-11-23T14:30:00Z,2024-11-23,30,110.42,APXMIDP
2024-11-23T15:00:00Z,2024-11-23,31,108.42,APXMIDP
2024-11-23T15:30:00Z,2024-11-23,32,104.74,APXMIDP
2024-11-23T16:00:00Z,2024-11-23,33,113.34,APXMIDP
2024-11-23T16:30:00Z,2024-11-23,34,121.31,APXMIDP
2024-11-23T17:00:00Z,2024-11-23,35,127.18,APXMIDP
2024-11-23T17:30:00Z,2024-11-23,36,126.39,APXMIDP
2024-11-23T18:00:00Z,2024-11-23,37,124.34,APXMIDP
2024-11-23T18:30:00Z,2024-11-23,38,110.28,APXMIDP
2024-11-23T19:00:00Z,2024-11-23,39,92.74,APXMIDP
2024-11-23T19:30:00Z,2024-11-23,40,85.85,APXMIDP
2024-11-23T20:00:00Z,2024-11-23,41,78.23,APXMIDP
2024-11-23T20:30:00Z,2024-11-23,42,57.34,APXMIDP
2024-11-23T21:00:00Z,2024-11-23,43,40.11,APXMIDP
2024-11-23T21:30:00Z,2024-11-23,44,19.29,APXMIDP
2024-11-23T22:00:00Z,2024-11-23,45,19.04,APXMIDP
2024-11-23T22:30:00Z,2024-11-23,46,10.8,APXMIDP
2024-11-23T23:00:00Z,2024-11-23,47,9.72,APXMIDP
2024-11-23T23:30:00Z,2024-11-23,48,2.03,APXMIDP
2024-11-24T00:00:00Z,2024-11-24,1,22.63,APXMIDP
2024-11-24T00:30:00Z,2024-11-24,2,20.38,APXMIDP
2024-11-24T01:00:00Z,2024-11-24,3,6.78,APXMIDP
2024-11-24T01:30:00Z,2024-11-24,4,1.57,APXMIDP
2024-11-24T02:00:00Z,2024-11-24,5,21.13,APXMIDP
2024-11-24T02:30:00Z,2024-11-24,6,8.76,APXMIDP
2024-11-24T03:00:00Z,2024-11-24,7,14.85,APXMIDP
2024-11-24T03:30:00Z,2024-11-24,8,13.34,APXMIDP
2024-11-24T04:00:00Z,2024-11-24,9,8.71,APXMIDP
2024-11-24T04:30:00Z,2024-11-24,10,7.82,APXMIDP
2024-11-24T05:00:00Z,2024-11-24,11,12.88,APXMIDP
2024-11-24T05:30:00Z,2024-11-24,12,11.95,APXMIDP
2024-11-24T06:00:00Z,2024-11-24,13,14.0,APXMIDP
2024-11-24T06:30:00Z,2024-11-24,14,30.64,APXMIDP
2024-11-24T07:00:00Z,2024-11-24,15,11.96,APXMIDP
2024-11-24T07:30:00Z,2024-11-24,16,23.66,APXMIDP
2024-11-24T08:00:00Z,2024-11-24,17,20.3,APXMIDP
2024-11-24T08:30:00Z,2024-11-24,18,32.76,APXMIDP
2024-11-24T09:00:00Z,2024-11-24,19,21.26,APXMIDP
2024-11-24T09:30:00Z,2024-11-24,20,23.12,APXMIDP
2024-11-24T10:00:00Z,2024-11-24,21,29.59,APXMIDP
2024-11-24T10:30:00Z,2024-11-24,22,33.17,APXMIDP
2024-11-24T11:00:00Z,2024-11-24,23,32.87,APXMIDP
2024-11-24T11:30:00Z,2024-11-24,24,29.47,APXMIDP
2024-11-24T12:00:00Z,2024-11-24,25,29.5,APXMIDP
2024-11-24T12:30:00Z,2024-11-24,26,29.16,APXMIDP
2024-11-24T13:00:00Z,2024-11-24,27,30.86,APXMIDP
2024-11-24T13:30:00Z,2024-11-24,28,29.48,APXMIDP
2024-11-24T14:00:00Z,2024-11-24,29,31.01,APXMIDP
2024-11-24T14:30:00Z,2024-11-24,30,31.23,APXMIDP
2024-11-24T15:00:00Z,2024-11-24,31,33.88,APXMIDP
2024-11-24T15:30:00Z,2024-11-24,32,56.72,APXMIDP
2024-11-24T16:00:00Z,2024-11-24,33,62.29,APXMIDP
2024-11-24T16:30:00Z,2024-11-24,34,80.11,APXMIDP
2024-11-24T17:00:00Z,2024-11-24,35,84.02,APXMIDP
2024-11-24T17:30:00Z,2024-11-24,36,89.92,APXMIDP
2024-11-24T18:00:00Z,2024-11-24,37,89.73,APXMIDP
2024-11-24T18:30:00Z,2024-11-24,38,72.82,APXMIDP
2024-11-24T19:00:00Z,2024-11-24,39,47.75,APXMIDP
2024-11-24T19:30:00Z,2024-11-24,40,42.22,APXMIDP
2024-11-24T20:00:00Z,2024-11-24,41,51.91,APXMIDP
2024-11-24T20:30:00Z,2024-11-24,42,41.44,APXMIDP
2024-11-24T21:00:00Z,2024-11-24,43,48.35,APXMIDP
2024-11-24T21:30:00Z,2024-11-24,44,34.41,APXMIDP
2024-11-24T22:00:00Z,2024-11-24,45,19.56,APXMIDP
2024-11-24T22:30:00Z,2024-11-24,46,5.81,APXMIDP
2024-11-24T23:00:00Z,2024-11-24,47,9.38,APXMIDP
2024-11-24T23:30:00Z,2024-11-24,48,-2.09,APXMIDP
2024-11-25T00:00:00Z,2024-11-25,1,-4.11,APXMIDP
2024-11-25T00:30:00Z,2024-11-25,2,4.23,APXMIDP
2024-11-25T01:00:00Z,2024-11-25,3,8.77,APXMIDP
2024-11-25T01:30:00Z,2024-11-25,4,-0.41,APXMIDP
2024-11-25T02:00:00Z,2024-11-25,5,-3.23,APXMIDP
2024-11-25T02:30:00Z,2024-11-25,6,-2.85,APXMIDP
2024-11-25T03:00:00Z,2024-11-25,7,1.07,APXMIDP
2024-11-25T03:30:00Z,2024-11-25,8,12.97,APXMIDP
2024-11-25T04:00:00Z,2024-11-25,9,17.31,APXMIDP
2024-11-25T04:30:00Z,2024-11-25,10,26.83,APXMIDP
2024-11-25T05:00:00Z,2024-11-25,11,12.92,APXMIDP
2024-11-25T05:30:00Z,2024-11-25,12,27.96,APXMIDP
2024-11-25T06:00:00Z,2024-11-25,13,34.98,APXMIDP
2024-11-25T06:30:00Z,2024-11-25,14,64.59,APXMIDP
2024-11-25T07:00:00Z,2024-11-25,15,80.13,APXMIDP
2024-11-25T07:30:00Z,2024-11-25,16,106.05,APXMIDP
2024-11-25T08:00:00Z,2024-11-25,17,103.98,APXMIDP
2024-11-25T08:30:00Z,2024-11-25,18,104.31,APXMIDP
2024-11-25T09:00:00Z,2024-11-25,19,103.4,APXMIDP
2024-11-25T09:30:00Z,2024-11-25,20,103.6,APXMIDP
2024-11-25T10:00:00Z,2024-11-25,21,104.44,APXMIDP
2024-11-25T10:30:00Z,2024-11-25,22,101.69,APXMIDP
2024-11-25T11:00:00Z,2024-11-25,23,97.33,APXMIDP
2024-11-25T11:30:00Z,2024-11-25,24,97.97,APXMIDP
2024-11-25T12:00:00Z,2024-11-25,25,96.47,APXMIDP
2024-11-25T12:30:00Z,2024-11-25,26,95.88,APXMIDP
2024-11-25T13:00:00Z,2024-11-25,27,96.09,APXMIDP
2024-11-25T13:30:00Z,2024-11-25,28,93.29,APXMIDP
2024-11-25T14:00:00Z,2024-11-25,29,99.14,APXMIDP
2024-11-25T14:30:00Z,2024-11-25,30,96.38,APXMIDP
2024-11-25T15:00:00Z,2024-11-25,31,101.18,APXMIDP
2024-11-25T15:30:00Z,2024-11-25,32,108.32,APXMIDP
2024-11-25T16:00:00Z,2024-11-25,33,109.02,APXMIDP
2024-11-25T16:30:00Z,2024-11-25,34,117.59,APXMIDP
2024-11-25T17:00:00Z,2024-11-25,35,117.68,APXMIDP
2024-11-25T17:30:00Z,2024-11-25,36,118.1,APXMIDP
2024-11-25T18:00:00Z,2024-11-25,37,115.79,APXMIDP
2024-11-25T18:30:00Z,2024-11-25,38,115.17,APXMIDP
2024-11-25T19:00:00Z,2024-11-25,39,101.98,APXMIDP
2024-11-25T19:30:00Z,2024-11-25,40,107.46,APXMIDP
2024-11-25T20:00:00Z,2024-11-25,41,103.73,APXMIDP
2024-11-25T20:30:00Z,2024-11-25,42,104.2,APXMIDP
2024-11-25T21:00:00Z,2024-11-25,43,106.46,APXMIDP
2024-11-25T21:30:00Z,2024-11-25,44,105.47,APXMIDP
2024-11-25T22:00:00Z,2024-11-25,45,108.82,APXMIDP
2024-11-25T22:30:00Z,2024-11-25,46,103.2,APXMIDP
2024-11-25T23:00:00Z,2024-11-25,47,97.81,APXMIDP
2024-11-25T23:30:00Z,2024-11-25,48,85.76,APXMIDP
2024-11-26T00:00:00Z,2024-11-26,1,88.43,APXMIDP
2024-11-26T00:30:00Z,2024-11-26,2,98.26,APXMIDP
2024-11-26T01:00:00Z,2024-11-26,3,90.87,APXMIDP
2024-11-26T01:30:00Z,2024-11-26,4,92.86,APXMIDP
2024-11-26T02:00:00Z,2024-11-26,5,88.83,APXMIDP
2024-11-26T02:30:00Z,2024-11-26,6,88.55,APXMIDP
2024-11-26T03:00:00Z,2024-11-26,7,90.6,APXMIDP
2024-11-26T03:30:00Z,2024-11-26,8,93.27,APXMIDP
2024-11-26T04:00:00Z,2024-11-26,9,91.22,APXMIDP
2024-11-26T04:30:00Z,2024-11-26,10,86.57,APXMIDP
2024-11-26T05:00:00Z,2024-11-26,11,97.72,APXMIDP
2024-11-26T05:30:00Z,2024-11-26,12,96.02,APXMIDP
2024-11-26T06:00:00Z,2024-11-26,13,113.21,APXMIDP
2024-11-26T06:30:00Z,2024-11-26,14,95.8,APXMIDP
2024-11-26T07:00:00Z,2024-11-26,15,104.9,APXMIDP
2024-11-26T07:30:00Z,2024-11-26,16,117.78,APXMIDP
2024-11-26T08:00:00Z,2024-11-26,17,116.84,APXMIDP
2024-11-26T08:30:00Z,2024-11-26,18,117.51,APXMIDP
2024-11-26T09:00:00Z,2024-11-26,19,104.71,APXMIDP
2024-11-26T09:30:00Z,2024-11-26,20,97.45,APXMIDP
2024-11-26T10:00:00Z,2024-11-26,21,99.14,APXMIDP
2024-11-26T10:30:00Z,2024-11-26,22,105.4,APXMIDP
2024-11-26T11:00:00Z,2024-11-26,23,95.37,APXMIDP
2024-11-26T11:30:00Z,2024-11-26,24,89.02,APXMIDP
2024-11-26T12:00:00Z,2024-11-26,25,96.29,APXMIDP
2024-11-26T12:30:00Z,2024-11-26,26,94.26,APXMIDP
2024-11-26T13:00:00Z,2024-11-26,27,96.61,APXMIDP
2024-11-26T13:30:00Z,2024-11-26,28,94.05,APXMIDP
2024-11-26T14:00:00Z,2024-11-26,29,101.64,APXMIDP
2024-11-26T14:30:00Z,2024-11-26,30,107.67,APXMIDP
2024-11-26T15:00:00Z,2024-11-26,31,132.19,APXMIDP
2024-11-26T15:30:00Z,2024-11-26,32,156.69,APXMIDP
2024-11-26T16:00:00Z,2024-11-26,33,156.01,APXMIDP
2024-11-26T16:30:00Z,2024-11-26,34,165.17,APXMIDP
2024-11-26T17:00:00Z,2024-11-26,35,162.26,APXMIDP
2024-11-26T17:30:00Z,2024-11-26,36,167.09,APXMIDP
2024-11-26T18:00:00Z,2024-11-26,37,167.83,APXMIDP
2024-11-26T18:30:00Z,2024-11-26,38,165.54,APXMIDP
2024-11-26T19:00:00Z,2024-11-26,39,164.56,APXMIDP
2024-11-26T19:30:00Z,2024-11-26,40,149.26,APXMIDP
2024-11-26T20:00:00Z,2024-11-26,41,138.73,APXMIDP
2024-11-26T20:30:00Z,2024-11-26,42,132.6,APXMIDP
2024-11-26T21:00:00Z,2024-11-26,43,114.29,APXMIDP
2024-11-26T21:30:00Z,2024-11-26,44,101.9,APXMIDP
2024-11-26T22:00:00Z,2024-11-26,45,105.6,APXMIDP
2024-11-26T22:30:00Z,2024-11-26,46,112.54,APXMIDP
2024-11-26T23:00:00Z,2024-11-26,47,105.76,APXMIDP
2024-11-26T23:30:00Z,2024-11-26,48,92.69,APXMIDP
2024-11-27T00:00:00Z,2024-11-27,1,94.62,APXMIDP
2024-11-27T00:30:00Z,2024-11-27,2,97.07,APXMIDP
2024-11-27T01:00:00Z,2024-11-27,3,93.14,APXMIDP
2024-11-27T01:30:00Z,2024-11-27,4,85.44,APXMIDP
2024-11-27T02:00:00Z,2024-11-27,5,92.17,APXMIDP
2024-11-27T02:30:00Z,2024-11-27,6,91.29,APXMIDP
2024-11-27T03:00:00Z,2024-11-27,7,87.79,APXMIDP
2024-11-27T03:30:00Z,2024-11-27,8,85.92,APXMIDP
2024-11-27T04:00:00Z,2024-11-27,9,88.11,APXMIDP
2024-11-27T04:30:00Z,2024-11-27,10,83.81,APXMIDP
2024-11-27T05:00:00Z,2024-11-27,11,85.7,APXMIDP
2024-11-27T05:30:00Z,2024-11-27,12,84.04,APXMIDP
2024-11-27T06:00:00Z,2024-11-27,13,88.17,APXMIDP
2024-11-27T06:30:00Z,2024-11-27,14,87.94,APXMIDP
2024-11-27T07:00:00Z,2024-11-27,15,94.52,APXMIDP
2024-11-27T07:30:00Z,2024-11-27,16,101.61,APXMIDP
2024-11-27T08:00:00Z,2024-11-27,17,98.27,APXMIDP
2024-11-27T08:30:00Z,2024-11-27,18,97.69,APXMIDP
2024-11-27T09:00:00Z,2024-11-27,19,96.98,APXMIDP
2024-11-27T09:30:00Z,2024-11-27,20,101.7,APXMIDP
2024-11-27T10:00:00Z,2024-11-27,21,98.86,APXMIDP
2024-11-27T10:30:00Z,2024-11-27,22,101.52,APXMIDP
2024-11-27T11:00:00Z,2024-11-27,23,95.0,APXMIDP
2024-11-27T11:30:00Z,2024-11-27,24,95.75,APXMIDP
2024-11-27T12:00:00Z,2024-11-27,25,95.12,APXMIDP
2024-11-27T12:30:00Z,2024-11-27,26,92.35,APXMIDP
2024-11-27T13:00:00Z,2024-11-27,27,92.61,APXMIDP
2024-11-27T13:30:00Z,2024-11-27,28,95.18,APXMIDP
2024-11-27T14:00:00Z,2024-11-27,29,95.74,APXMIDP
2024-11-27T14:30:00Z,2024-11-27,30,93.41,APXMIDP
2024-11-27T15:00:00Z,2024-11-27,31,98.77,APXMIDP
2024-11-27T15:30:00Z,2024-11-27,32,103.26,APXMIDP
2024-11-27T16:00:00Z,2024-11-27,33,107.86,APXMIDP
2024-11-27T16:30:00Z,2024-11-27,34,111.29,APXMIDP
2024-11-27T17:00:00Z,2024-11-27,35,114.7,APXMIDP
2024-11-27T17:30:00Z,2024-11-27,36,116.44,APXMIDP
2024-11-27T18:00:00Z,2024-11-27,37,115.38,APXMIDP
2024-11-27T18:30:00Z,2024-11-27,38,114.11,APXMIDP
2024-11-27T19:00:00Z,2024-11-27,39,114.78,APXMIDP
2024-11-27T19:30:00Z,2024-11-27,40,107.89,APXMIDP
2024-11-27T20:00:00Z,2024-11-27,41,109.99,APXMIDP
2024-11-27T20:30:00Z,2024-11-27,42,106.45,APXMIDP
2024-11-27T21:00:00Z,2024-11-27,43,99.76,APXMIDP
2024-11-27T21:30:00Z,2024-11-27,44,102.92,APXMIDP
2024-11-27T22:00:00Z,2024-11-27,45,109.03,APXMIDP
2024-11-27T22:30:00Z,2024-11-27,46,98.59,APXMIDP
2024-11-27T23:00:00Z,2024-11-27,47,91.65,APXMIDP
2024-11-27T23:30:00Z,2024-11-27,48,98.13,APXMIDP
2024-11-28T00:00:00Z,2024-11-28,1,108.25,APXMIDP
2024-11-28T00:30:00Z,2024-11-28,2,113.45,APXMIDP
2024-11-28T01:00:00Z,2024-11-28,3,112.54,APXMIDP
2024-11-28T01:30:00Z,2024-11-28,4,114.21,APXMIDP
2024-11-28T02:00:00Z,2024-11-28,5,117.34,APXMIDP
2024-11-28T02:30:00Z,2024-11-28,6,111.59,APXMIDP
2024-11-28T03:00:00Z,2024-11-28,7,110.66,APXMIDP
2024-11-28T03:30:00Z,2024-11-28,8,105.82,APXMIDP
2024-11-28T04:00:00Z,2024-11-28,9,99.4,APXMIDP
2024-11-28T04:30:00Z,2024-11-28,10,100.44,APXMIDP
2024-11-28T05:00:00Z,2024-11-28,11,102.32,APXMIDP
2024-11-28T05:30:00Z,2024-11-28,12,98.16,APXMIDP
2024-11-28T06:00:00Z,2024-11-28,13,110.6,APXMIDP
2024-11-28T06:30:00Z,2024-11-28,14,111.6,APXMIDP
2024-11-28T07:00:00Z,2024-11-28,15,119.09,APXMIDP
2024-11-28T07:30:00Z,2024-11-28,16,129.3,APXMIDP
2024-11-28T08:00:00Z,2024-11-28,17,132.68,APXMIDP
2024-11-28T08:30:00Z,2024-11-28,18,133.97,APXMIDP
2024-11-28T09:00:00Z,2024-11-28,19,137.99,APXMIDP
2024-11-28T09:30:00Z,2024-11-28,20,132.66,APXMIDP
2024-11-28T10:00:00Z,2024-11-28,21,124.79,APXMIDP
2024-11-28T10:30:00Z,2024-11-28,22,123.31,APXMIDP
2024-11-28T11:00:00Z,2024-11-28,23,108.05,APXMIDP
2024-11-28T11:30:00Z,2024-11-28,24,96.07,APXMIDP
2024-11-28T12:00:00Z,2024-11-28,25,98.8,APXMIDP
2024-11-28T12:30:00Z,2024-11-28,26,99.2,APXMIDP
2024-11-28T13:00:00Z,2024-11-28,27,96.91,APXMIDP
2024-11-28T13:30:00Z,2024-11-28,28,96.38,APXMIDP
2024-11-28T14:00:00Z,2024-11-28,29,103.11,APXMIDP
2024-11-28T14:30:00Z,2024-11-28,30,105.63,APXMIDP
2024-11-28T15:00:00Z,2024-11-28,31,118.93,APXMIDP
2024-11-28T15:30:00Z,2024-11-28,32,118.35,APXMIDP
2024-11-28T16:00:00Z,2024-11-28,33,118.98,APXMIDP
2024-11-28T16:30:00Z,2024-11-28,34,115.81,APXMIDP
2024-11-28T17:00:00Z,2024-11-28,35,122.16,APXMIDP
2024-11-28T17:30:00Z,2024-11-28,36,121.76,APXMIDP
2024-11-28T18:00:00Z,2024-11-28,37,121.99,APXMIDP
2024-11-28T18:30:00Z,2024-11-28,38,119.39,APXMIDP
2024-11-28T19:00:00Z,2024-11-28,39,115.56,APXMIDP
2024-11-28T19:30:00Z,2024-11-28,40,110.57,APXMIDP
2024-11-28T20:00:00Z,2024-11-28,41,100.41,APXMIDP
2024-11-28T20:30:00Z,2024-11-28,42,104.98,APXMIDP
2024-11-28T21:00:00Z,2024-11-28,43,102.61,APXMIDP
2024-11-28T21:30:00Z,2024-11-28,44,97.67,APXMIDP
2024-11-28T22:00:00Z,2024-11-28,45,97.82,APXMIDP
2024-11-28T22:30:00Z,2024-11-28,46,101.79,APXMIDP
2024-11-28T23:00:00Z,2024-11-28,47,100.61,APXMIDP
2024-11-28T23:30:00Z,2024-11-28,48,100.95,APXMIDP
2024-11-29T00:00:00Z,2024-11-29,1,99.6,APXMIDP
2024-11-29T00:30:00Z,2024-11-29,2,102.96,APXMIDP
2024-11-29T01:00:00Z,2024-11-29,3,102.02,APXMIDP
2024-11-29T01:30:00Z,2024-11-29,4,102.52,APXMIDP
2024-11-29T02:00:00Z,2024-11-29,5,99.84,APXMIDP
2024-11-29T02:30:00Z,2024-11-29,6,92.51,APXMIDP
2024-11-29T03:00:00Z,2024-11-29,7,99.5,APXMIDP
2024-11-29T03:30:00Z,2024-11-29,8,99.12,APXMIDP
2024-11-29T04:00:00Z,2024-11-29,9,102.91,APXMIDP
2024-11-29T04:30:00Z,2024-11-29,10,94.99,APXMIDP
2024-11-29T05:00:00Z,2024-11-29,11,104.19,APXMIDP
2024-11-29T05:30:00Z,2024-11-29,12,89.59,APXMIDP
2024-11-29T06:00:00Z,2024-11-29,13,116.25,APXMIDP
2024-11-29T06:30:00Z,2024-11-29,14,118.65,APXMIDP
2024-11-29T07:00:00Z,2024-11-29,15,124.35,APXMIDP
2024-11-29T07:30:00Z,2024-11-29,16,126.0,APXMIDP
2024-11-29T08:00:00Z,2024-11-29,17,122.39,APXMIDP
2024-11-29T08:30:00Z,2024-11-29,18,124.59,APXMIDP
2024-11-29T09:00:00Z,2024-11-29,19,115.14,APXMIDP
2024-11-29T09:30:00Z,2024-11-29,20,107.57,APXMIDP
2024-11-29T10:00:00Z,2024-11-29,21,100.3,APXMIDP
2024-11-29T10:30:00Z,2024-11-29,22,98.08,APXMIDP
2024-11-29T11:00:00Z,2024-11-29,23,91.61,APXMIDP
2024-11-29T11:30:00Z,2024-11-29,24,90.6,APXMIDP
2024-11-29T12:00:00Z,2024-11-29,25,89.25,APXMIDP
2024-11-29T12:30:00Z,2024-11-29,26,88.44,APXMIDP
2024-11-29T13:00:00Z,2024-11-29,27,92.55,APXMIDP
2024-11-29T13:30:00Z,2024-11-29,28,91.2,APXMIDP
2024-11-29T14:00:00Z,2024-11-29,29,94.04,APXMIDP
2024-11-29T14:30:00Z,2024-11-29,30,91.99,APXMIDP
2024-11-29T15:00:00Z,2024-11-29,31,104.83,APXMIDP
2024-11-29T15:30:00Z,2024-11-29,32,112.47,APXMIDP
2024-11-29T16:00:00Z,2024-11-29,33,114.47,APXMIDP
2024-11-29T16:30:00Z,2024-11-29,34,115.83,APXMIDP
2024-11-29T17:00:00Z,2024-11-29,35,117.88,APXMIDP
2024-11-29T17:30:00Z,2024-11-29,36,117.15,APXMIDP
2024-11-29T18:00:00Z,2024-11-29,37,110.79,APXMIDP
2024-11-29T18:30:00Z,2024-11-29,38,106.32,APXMIDP
2024-11-29T19:00:00Z,2024-11-29,39,97.64,APXMIDP
2024-11-29T19:30:00Z,2024-11-29,40,99.35,APXMIDP
2024-11-29T20:00:00Z,2024-11-29,41,99.08,APXMIDP
2024-11-29T20:30:00Z,2024-11-29,42,97.69,APXMIDP
2024-11-29T21:00:00Z,2024-11-29,43,102.96,APXMIDP
2024-11-29T21:30:00Z,2024-11-29,44,98.2,APXMIDP
2024-11-29T22:00:00Z,2024-11-29,45,93.96,APXMIDP
2024-11-29T22:30:00Z,2024-11-29,46,94.18,APXMIDP
2024-11-29T23:00:00Z,2024-11-29,47,81.06,APXMIDP
2024-11-29T23:30:00Z,2024-11-29,48,77.04,APXMIDP
2024-11-30T00:00:00Z,2024-11-30,1,74.88,APXMIDP
2024-11-30T00:30:00Z,2024-11-30,2,80.64,APXMIDP
2024-11-30T01:00:00Z,2024-11-30,3,75.87,APXMIDP
2024-11-30T01:30:00Z,2024-11-30,4,73.73,APXMIDP
2024-11-30T02:00:00Z,2024-11-30,5,81.77,APXMIDP
2024-11-30T02:30:00Z,2024-11-30,6,84.25,APXMIDP
2024-11-30T03:00:00Z,2024-11-30,7,79.8,APXMIDP
2024-11-30T03:30:00Z,2024-11-30,8,80.09,APXMIDP
2024-11-30T04:00:00Z,2024-11-30,9,82.63,APXMIDP
2024-11-30T04:30:00Z,2024-11-30,10,79.95,APXMIDP
2024-11-30T05:00:00Z,2024-11-30,11,84.14,APXMIDP
2024-11-30T05:30:00Z,2024-11-30,12,86.19,APXMIDP
2024-11-30T06:00:00Z,2024-11-30,13,86.42,APXMIDP
2024-11-30T06:30:00Z,2024-11-30,14,91.76,APXMIDP
2024-11-30T07:00:00Z,2024-11-30,15,108.84,APXMIDP
2024-11-30T07:30:00Z,2024-11-30,16,105.1,APXMIDP
2024-11-30T08:00:00Z,2024-11-30,17,106.71,APXMIDP
2024-11-30T08:30:00Z,2024-11-30,18,112.0,APXMIDP
2024-11-30T09:00:00Z,2024-11-30,19,112.5,APXMIDP
2024-11-30T09:30:00Z,2024-11-30,20,114.78,APXMIDP
2024-11-30T10:00:00Z,2024-11-30,21,112.33,APXMIDP
2024-11-30T10:30:00Z,2024-11-30,22,109.71,APXMIDP
2024-11-30T11:00:00Z,2024-11-30,23,108.67,APXMIDP
2024-11-30T11:30:00Z,2024-11-30,24,101.94,APXMIDP
2024-11-30T12:00:00Z,2024-11-30,25,96.82,APXMIDP
2024-11-30T12:30:00Z,2024-11-30,26,97.65,APXMIDP
2024-11-30T13:00:00Z,2024-11-30,27,96.94,APXMIDP
2024-11-30T13:30:00Z,2024-11-30,28,90.64,APXMIDP
2024-11-30T14:00:00Z,2024-11-30,29,100.42,APXMIDP
2024-11-30T14:30:00Z,2024-11-30,30,102.19,APXMIDP
2024-11-30T15:00:00Z,2024-11-30,31,113.17,APXMIDP
2024-11-30T15:30:00Z,2024-11-30,32,112.12,APXMIDP
2024-11-30T16:00:00Z,2024-11-30,33,114.25,APXMIDP
2024-11-30T16:30:00Z,2024-11-30,34,112.08,APXMIDP
2024-11-30T17:00:00Z,2024-11-30,35,110.24,APXMIDP
2024-11-30T17:30:00Z,2024-11-30,36,107.97,APXMIDP
2024-11-30T18:00:00Z,2024-11-30,37,108.61,APXMIDP
2024-11-30T18:30:00Z,2024-11-30,38,101.29,APXMIDP
2024-11-30T19:00:00Z,2024-11-30,39,93.81,APXMIDP
2024-11-30T19:30:00Z,2024-11-30,40,92.52,APXMIDP
2024-11-30T20:00:00Z,2024-11-30,41,94.1,APXMIDP
2024-11-30T20:30:00Z,2024-11-30,42,95.77,APXMIDP
2024-11-30T21:00:00Z,2024-11-30,43,97.87,APXMIDP
2024-11-30T21:30:00Z,2024-11-30,44,89.87,APXMIDP
2024-11-30T22:00:00Z,2024-11-30,45,92.34,APXMIDP
2024-11-30T22:30:00Z,2024-11-30,46,83.46,APXMIDP
2024-11-30T23:00:00Z,2024-11-30,47,89.19,APXMIDP
2024-11-30T23:30:00Z,2024-11-30,48,86.16,APXMIDP
2024-12-01T00:00:00Z,2024-12-01,1,83.41,APXMIDP
2024-12-01T00:30:00Z,2024-12-01,2,86.16,APXMIDP
2024-12-01T01:00:00Z,2024-12-01,3,84.58,APXMIDP
2024-12-01T01:30:00Z,2024-12-01,4,79.76,APXMIDP
2024-12-01T02:00:00Z,2024-12-01,5,68.99,APXMIDP
2024-12-01T02:30:00Z,2024-12-01,6,58.05,APXMIDP
2024-12-01T03:00:00Z,2024-12-01,7,59.13,APXMIDP
2024-12-01T03:30:00Z,2024-12-01,8,64.59,APXMIDP
2024-12-01T04:00:00Z,2024-12-01,9,68.43,APXMIDP
2024-12-01T04:30:00Z,2024-12-01,10,66.29,APXMIDP
2024-12-01T05:00:00Z,2024-12-01,11,66.58,APXMIDP
2024-12-01T05:30:00Z,2024-12-01,12,70.26,APXMIDP
2024-12-01T06:00:00Z,2024-12-01,13,81.65,APXMIDP
2024-12-01T06:30:00Z,2024-12-01,14,91.82,APXMIDP
2024-12-01T07:00:00Z,2024-12-01,15,90.09,APXMIDP
2024-12-01T07:30:00Z,2024-12-01,16,99.24,APXMIDP
2024-12-01T08:00:00Z,2024-12-01,17,85.93,APXMIDP
2024-12-01T08:30:00Z,2024-12-01,18,103.8,APXMIDP
2024-12-01T09:00:00Z,2024-12-01,19,100.2,APXMIDP
2024-12-01T09:30:00Z,2024-12-01,20,106.85,APXMIDP
2024-12-01T10:00:00Z,2024-12-01,21,111.01,APXMIDP
2024-12-01T10:30:00Z,2024-12-01,22,112.17,APXMIDP
2024-12-01T11:00:00Z,2024-12-01,23,117.21,APXMIDP
2024-12-01T11:30:00Z,2024-12-01,24,113.51,APXMIDP
2024-12-01T12:00:00Z,2024-12-01,25,109.5,APXMIDP
2024-12-01T12:30:00Z,2024-12-01,26,97.08,APXMIDP
2024-12-01T13:00:00Z,2024-12-01,27,95.1,APXMIDP
2024-12-01T13:30:00Z,2024-12-01,28,99.15,APXMIDP
2024-12-01T14:00:00Z,2024-12-01,29,98.79,APXMIDP
2024-12-01T14:30:00Z,2024-12-01,30,98.9,APXMIDP
2024-12-01T15:00:00Z,2024-12-01,31,103.81,APXMIDP
2024-12-01T15:30:00Z,2024-12-01,32,106.46,APXMIDP
2024-12-01T16:00:00Z,2024-12-01,33,115.46,APXMIDP
2024-12-01T16:30:00Z,2024-12-01,34,119.65,APXMIDP
2024-12-01T17:00:00Z,2024-12-01,35,123.01,APXMIDP
2024-12-01T17:30:00Z,2024-12-01,36,124.23,APXMIDP
2024-12-01T18:00:00Z,2024-12-01,37,122.36,APXMIDP
2024-12-01T18:30:00Z,2024-12-01,38,118.11,APXMIDP
2024-12-01T19:00:00Z,2024-12-01,39,114.13,APXMIDP
2024-12-01T19:30:00Z,2024-12-01,40,102.6,APXMIDP
2024-12-01T20:00:00Z,2024-12-01,41,102.59,APXMIDP
2024-12-01T20:30:00Z,2024-12-01,42,103.11,APXMIDP
2024-12-01T21:00:00Z,2024-12-01,43,97.35,APXMIDP
2024-12-01T21:30:00Z,2024-12-01,44,96.17,APXMIDP
2024-12-01T22:00:00Z,2024-12-01,45,92.76,APXMIDP
2024-12-01T22:30:00Z,2024-12-01,46,82.14,APXMIDP
2024-12-01T23:00:00Z,2024-12-01,47,80.26,APXMIDP
2024-12-01T23:30:00Z,2024-12-01,48,54.18,APXMIDP
2024-12-02T00:00:00Z,2024-12-02,1,53.43,APXMIDP
2024-12-02T00:30:00Z,2024-12-02,2,53.91,APXMIDP
2024-12-02T01:00:00Z,2024-12-02,3,54.77,APXMIDP
2024-12-02T01:30:00Z,2024-12-02,4,54.62,APXMIDP
2024-12-02T02:00:00Z,2024-12-02,5,48.09,APXMIDP
2024-12-02T02:30:00Z,2024-12-02,6,48.39,APXMIDP
2024-12-02T03:00:00Z,2024-12-02,7,63.99,APXMIDP
2024-12-02T03:30:00Z,2024-12-02,8,53.5,APXMIDP
2024-12-02T04:00:00Z,2024-12-02,9,80.8,APXMIDP
2024-12-02T04:30:00Z,2024-12-02,10,76.14,APXMIDP
2024-12-02T05:00:00Z,2024-12-02,11,72.85,APXMIDP
2024-12-02T05:30:00Z,2024-12-02,12,83.36,APXMIDP
2024-12-02T06:00:00Z,2024-12-02,13,105.87,APXMIDP
2024-12-02T06:30:00Z,2024-12-02,14,99.72,APXMIDP
2024-12-02T07:00:00Z,2024-12-02,15,101.45,APXMIDP
2024-12-02T07:30:00Z,2024-12-02,16,115.38,APXMIDP
2024-12-02T08:00:00Z,2024-12-02,17,111.64,APXMIDP
2024-12-02T08:30:00Z,2024-12-02,18,117.31,APXMIDP
2024-12-02T09:00:00Z,2024-12-02,19,111.74,APXMIDP
2024-12-02T09:30:00Z,2024-12-02,20,111.98,APXMIDP
2024-12-02T10:00:00Z,2024-12-02,21,108.52,APXMIDP
2024-12-02T10:30:00Z,2024-12-02,22,112.55,APXMIDP
2024-12-02T11:00:00Z,2024-12-02,23,111.99,APXMIDP
2024-12-02T11:30:00Z,2024-12-02,24,115.57,APXMIDP
2024-12-02T12:00:00Z,2024-12-02,25,110.41,APXMIDP
2024-12-02T12:30:00Z,2024-12-02,26,103.71,APXMIDP
2024-12-02T13:00:00Z,2024-12-02,27,113.33,APXMIDP
2024-12-02T13:30:00Z,2024-12-02,28,107.04,APXMIDP
2024-12-02T14:00:00Z,2024-12-02,29,114.11,APXMIDP
2024-12-02T14:30:00Z,2024-12-02,30,112.13,APXMIDP
2024-12-02T15:00:00Z,2024-12-02,31,108.6,APXMIDP
2024-12-02T15:30:00Z,2024-12-02,32,112.8,APXMIDP
2024-12-02T16:00:00Z,2024-12-02,33,101.91,APXMIDP
2024-12-02T16:30:00Z,2024-12-02,34,115.01,APXMIDP
2024-12-02T17:00:00Z,2024-12-02,35,133.05,APXMIDP
2024-12-02T17:30:00Z,2024-12-02,36,137.49,APXMIDP
2024-12-02T18:00:00Z,2024-12-02,37,130.73,APXMIDP
2024-12-02T18:30:00Z,2024-12-02,38,126.31,APXMIDP
2024-12-02T19:00:00Z,2024-12-02,39,110.59,APXMIDP
2024-12-02T19:30:00Z,2024-12-02,40,104.65,APXMIDP
2024-12-02T20:00:00Z,2024-12-02,41,109.53,APXMIDP
2024-12-02T20:30:00Z,2024-12-02,42,112.05,APXMIDP
2024-12-02T21:00:00Z,2024-12-02,43,109.05,APXMIDP
2024-12-02T21:30:00Z,2024-12-02,44,105.84,APXMIDP
2024-12-02T22:00:00Z,2024-12-02,45,104.37,APXMIDP
2024-12-02T22:30:00Z,2024-12-02,46,98.42,APXMIDP
2024-12-02T23:00:00Z,2024-12-02,47,92.55,APXMIDP
2024-12-02T23:30:00Z,2024-12-02,48,95.48,APXMIDP
2024-12-03T00:00:00Z,2024-12-03,1,92.84,APXMIDP
2024-12-03T00:30:00Z,2024-12-03,2,97.8,APXMIDP
2024-12-03T01:00:00Z,2024-12-03,3,97.54,APXMIDP
2024-12-03T01:30:00Z,2024-12-03,4,96.94,APXMIDP
2024-12-03T02:00:00Z,2024-12-03,5,98.58,APXMIDP
2024-12-03T02:30:00Z,2024-12-03,6,104.33,APXMIDP
2024-12-03T03:00:00Z,2024-12-03,7,106.3,APXMIDP
2024-12-03T03:30:00Z,2024-12-03,8,103.09,APXMIDP
2024-12-03T04:00:00Z,2024-12-03,9,104.21,APXMIDP
2024-12-03T04:30:00Z,2024-12-03,10,101.33,APXMIDP
2024-12-03T05:00:00Z,2024-12-03,11,115.51,APXMIDP
2024-12-03T05:30:00Z,2024-12-03,12,99.72,APXMIDP
2024-12-03T06:00:00Z,2024-12-03,13,115.59,APXMIDP
2024-12-03T06:30:00Z,2024-12-03,14,120.66,APXMIDP
2024-12-03T07:00:00Z,2024-12-03,15,137.82,APXMIDP
2024-12-03T07:30:00Z,2024-12-03,16,137.94,APXMIDP
2024-12-03T08:00:00Z,2024-12-03,17,135.09,APXMIDP
2024-12-03T08:30:00Z,2024-12-03,18,133.53,APXMIDP
2024-12-03T09:00:00Z,2024-12-03,19,127.51,APXMIDP
2024-12-03T09:30:00Z,2024-12-03,20,124.66,APXMIDP
2024-12-03T10:00:00Z,2024-12-03,21,118.99,APXMIDP
2024-12-03T10:30:00Z,2024-12-03,22,117.0,APXMIDP
2024-12-03T11:00:00Z,2024-12-03,23,123.61,APXMIDP
2024-12-03T11:30:00Z,2024-12-03,24,124.21,APXMIDP
2024-12-03T12:00:00Z,2024-12-03,25,125.79,APXMIDP
2024-12-03T12:30:00Z,2024-12-03,26,123.63,APXMIDP
2024-12-03T13:00:00Z,2024-12-03,27,137.48,APXMIDP
2024-12-03T13:30:00Z,2024-12-03,28,134.0,APXMIDP
2024-12-03T14:00:00Z,2024-12-03,29,143.25,APXMIDP
2024-12-03T14:30:00Z,2024-12-03,30,141.62,APXMIDP
2024-12-03T15:00:00Z,2024-12-03,31,157.96,APXMIDP
2024-12-03T15:30:00Z,2024-12-03,32,160.18,APXMIDP
2024-12-03T16:00:00Z,2024-12-03,33,168.7,APXMIDP
2024-12-03T16:30:00Z,2024-12-03,34,173.33,APXMIDP
2024-12-03T17:00:00Z,2024-12-03,35,170.75,APXMIDP
2024-12-03T17:30:00Z,2024-12-03,36,171.41,APXMIDP
2024-12-03T18:00:00Z,2024-12-03,37,170.69,APXMIDP
2024-12-03T18:30:00Z,2024-12-03,38,166.26,APXMIDP
2024-12-03T19:00:00Z,2024-12-03,39,131.02,APXMIDP
2024-12-03T19:30:00Z,2024-12-03,40,127.73,APXMIDP
2024-12-03T20:00:00Z,2024-12-03,41,123.55,APXMIDP
2024-12-03T20:30:00Z,2024-12-03,42,115.53,APXMIDP
2024-12-03T21:00:00Z,2024-12-03,43,111.93,APXMIDP
2024-12-03T21:30:00Z,2024-12-03,44,110.29,APXMIDP
2024-12-03T22:00:00Z,2024-12-03,45,104.75,APXMIDP
2024-12-03T22:30:00Z,2024-12-03,46,102.24,APXMIDP
2024-12-03T23:00:00Z,2024-12-03,47,97.69,APXMIDP
2024-12-03T23:30:00Z,2024-12-03,48,94.55,APXMIDP
2024-12-04T00:00:00Z,2024-12-04,1,90.84,APXMIDP
2024-12-04T00:30:00Z,2024-12-04,2,96.88,APXMIDP
2024-12-04T01:00:00Z,2024-12-04,3,96.76,APXMIDP
2024-12-04T01:30:00Z,2024-12-04,4,97.77,APXMIDP
2024-12-04T02:00:00Z,2024-12-04,5,93.11,APXMIDP
2024-12-04T02:30:00Z,2024-12-04,6,90.78,APXMIDP
2024-12-04T03:00:00Z,2024-12-04,7,92.4,APXMIDP
2024-12-04T03:30:00Z,2024-12-04,8,90.97,APXMIDP
2024-12-04T04:00:00Z,2024-12-04,9,90.53,APXMIDP
2024-12-04T04:30:00Z,2024-12-04,10,90.37,APXMIDP
2024-12-04T05:00:00Z,2024-12-04,11,106.68,APXMIDP
2024-12-04T05:30:00Z,2024-12-04,12,104.47,APXMIDP
2024-12-04T06:00:00Z,2024-12-04,13,128.67,APXMIDP
2024-12-04T06:30:00Z,2024-12-04,14,147.71,APXMIDP
2024-12-04T07:00:00Z,2024-12-04,15,170.77,APXMIDP
2024-12-04T07:30:00Z,2024-12-04,16,187.41,APXMIDP
2024-12-04T08:00:00Z,2024-12-04,17,164.68,APXMIDP
2024-12-04T08:30:00Z,2024-12-04,18,157.78,APXMIDP
2024-12-04T09:00:00Z,2024-12-04,19,147.36,APXMIDP
2024-12-04T09:30:00Z,2024-12-04,20,139.1,APXMIDP
2024-12-04T10:00:00Z,2024-12-04,21,138.64,APXMIDP
2024-12-04T10:30:00Z,2024-12-04,22,137.63,APXMIDP
2024-12-04T11:00:00Z,2024-12-04,23,132.25,APXMIDP
2024-12-04T11:30:00Z,2024-12-04,24,128.51,APXMIDP
2024-12-04T12:00:00Z,2024-12-04,25,139.31,APXMIDP
2024-12-04T12:30:00Z,2024-12-04,26,137.91,APXMIDP
2024-12-04T13:00:00Z,2024-12-04,27,131.73,APXMIDP
2024-12-04T13:30:00Z,2024-12-04,28,124.49,APXMIDP
2024-12-04T14:00:00Z,2024-12-04,29,124.54,APXMIDP
2024-12-04T14:30:00Z,2024-12-04,30,125.1,APXMIDP
2024-12-04T15:00:00Z,2024-12-04,31,128.92,APXMIDP
2024-12-04T15:30:00Z,2024-12-04,32,124.1,APXMIDP
2024-12-04T16:00:00Z,2024-12-04,33,146.12,APXMIDP
2024-12-04T16:30:00Z,2024-12-04,34,145.52,APXMIDP
2024-12-04T17:00:00Z,2024-12-04,35,136.05,APXMIDP
2024-12-04T17:30:00Z,2024-12-04,36,130.74,APXMIDP
2024-12-04T18:00:00Z,2024-12-04,37,129.17,APXMIDP
2024-12-04T18:30:00Z,2024-12-04,38,124.27,APXMIDP
2024-12-04T19:00:00Z,2024-12-04,39,108.26,APXMIDP
2024-12-04T19:30:00Z,2024-12-04,40,103.31,APXMIDP
2024-12-04T20:00:00Z,2024-12-04,41,100.44,APXMIDP
2024-12-04T20:30:00Z,2024-12-04,42,103.77,APXMIDP
2024-12-04T21:00:00Z,2024-12-04,43,101.0,APXMIDP
2024-12-04T21:30:00Z,2024-12-04,44,96.63,APXMIDP
2024-12-04T22:00:00Z,2024-12-04,45,98.53,APXMIDP
2024-12-04T22:30:00Z,2024-12-04,46,94.4,APXMIDP
2024-12-04T23:00:00Z,2024-12-04,47,92.37,APXMIDP
2024-12-04T23:30:00Z,2024-12-04,48,92.54,APXMIDP
2024-12-05T00:00:00Z,2024-12-05,1,82.19,APXMIDP
2024-12-05T00:30:00Z,2024-12-05,2,91.61,APXMIDP
2024-12-05T01:00:00Z,2024-12-05,3,94.66,APXMIDP
2024-12-05T01:30:00Z,2024-12-05,4,94.43,APXMIDP
2024-12-05T02:00:00Z,2024-12-05,5,92.61,APXMIDP
2024-12-05T02:30:00Z,2024-12-05,6,94.11,APXMIDP
2024-12-05T03:00:00Z,2024-12-05,7,88.42,APXMIDP
2024-12-05T03:30:00Z,2024-12-05,8,86.83,APXMIDP
2024-12-05T04:00:00Z,2024-12-05,9,88.08,APXMIDP
2024-12-05T04:30:00Z,2024-12-05,10,86.69,APXMIDP
2024-12-05T05:00:00Z,2024-12-05,11,99.57,APXMIDP
2024-12-05T05:30:00Z,2024-12-05,12,99.82,APXMIDP
2024-12-05T06:00:00Z,2024-12-05,13,102.42,APXMIDP
2024-12-05T06:30:00Z,2024-12-05,14,103.61,APXMIDP
2024-12-05T07:00:00Z,2024-12-05,15,106.31,APXMIDP
2024-12-05T07:30:00Z,2024-12-05,16,113.56,APXMIDP
2024-12-05T08:00:00Z,2024-12-05,17,111.73,APXMIDP
2024-12-05T08:30:00Z,2024-12-05,18,116.9,APXMIDP
2024-12-05T09:00:00Z,2024-12-05,19,94.75,APXMIDP
2024-12-05T09:30:00Z,2024-12-05,20,102.45,APXMIDP
2024-12-05T10:00:00Z,2024-12-05,21,102.43,APXMIDP
2024-12-05T10:30:00Z,2024-12-05,22,100.37,APXMIDP
2024-12-05T11:00:00Z,2024-12-05,23,94.15,APXMIDP
2024-12-05T11:30:00Z,2024-12-05,24,93.28,APXMIDP
2024-12-05T12:00:00Z,2024-12-05,25,98.5,APXMIDP
2024-12-05T12:30:00Z,2024-12-05,26,100.01,APXMIDP
2024-12-05T13:00:00Z,2024-12-05,27,104.51,APXMIDP
2024-12-05T13:30:00Z,2024-12-05,28,104.34,APXMIDP
2024-12-05T14:00:00Z,2024-12-05,29,99.48,APXMIDP
2024-12-05T14:30:00Z,2024-12-05,30,93.24,APXMIDP
2024-12-05T15:00:00Z,2024-12-05,31,100.49,APXMIDP
2024-12-05T15:30:00Z,2024-12-05,32,104.56,APXMIDP
2024-12-05T16:00:00Z,2024-12-05,33,107.46,APXMIDP
2024-12-05T16:30:00Z,2024-12-05,34,107.89,APXMIDP
2024-12-05T17:00:00Z,2024-12-05,35,103.84,APXMIDP
2024-12-05T17:30:00Z,2024-12-05,36,96.77,APXMIDP
2024-12-05T18:00:00Z,2024-12-05,37,94.49,APXMIDP
2024-12-05T18:30:00Z,2024-12-05,38,94.05,APXMIDP
2024-12-05T19:00:00Z,2024-12-05,39,90.02,APXMIDP
2024-12-05T19:30:00Z,2024-12-05,40,84.39,APXMIDP
2024-12-05T20:00:00Z,2024-12-05,41,78.23,APXMIDP
2024-12-05T20:30:00Z,2024-12-05,42,64.41,APXMIDP
2024-12-05T21:00:00Z,2024-12-05,43,63.97,APXMIDP
2024-12-05T21:30:00Z,2024-12-05,44,46.44,APXMIDP
2024-12-05T22:00:00Z,2024-12-05,45,36.82,APXMIDP
2024-12-05T22:30:00Z,2024-12-05,46,20.89,APXMIDP
2024-12-05T23:00:00Z,2024-12-05,47,13.46,APXMIDP
2024-12-05T23:30:00Z,2024-12-05,48,3.68,APXMIDP
2024-12-06T00:00:00Z,2024-12-06,1,2.98,APXMIDP
2024-12-06T00:30:00Z,2024-12-06,2,7.24,APXMIDP
2024-12-06T01:00:00Z,2024-12-06,3,1.56,APXMIDP
2024-12-06T01:30:00Z,2024-12-06,4,3.88,APXMIDP
2024-12-06T02:00:00Z,2024-12-06,5,16.01,APXMIDP
2024-12-06T02:30:00Z,2024-12-06,6,13.04,APXMIDP
2024-12-06T03:00:00Z,2024-12-06,7,7.0,APXMIDP
2024-12-06T03:30:00Z,2024-12-06,8,7.0,APXMIDP
2024-12-06T04:00:00Z,2024-12-06,9,7.98,APXMIDP
2024-12-06T04:30:00Z,2024-12-06,10,11.07,APXMIDP
2024-12-06T05:00:00Z,2024-12-06,11,48.0,APXMIDP
2024-12-06T05:30:00Z,2024-12-06,12,67.08,APXMIDP
2024-12-06T06:00:00Z,2024-12-06,13,74.38,APXMIDP
2024-12-06T06:30:00Z,2024-12-06,14,88.91,APXMIDP
2024-12-06T07:00:00Z,2024-12-06,15,97.62,APXMIDP
2024-12-06T07:30:00Z,2024-12-06,16,103.97,APXMIDP
2024-12-06T08:00:00Z,2024-12-06,17,104.85,APXMIDP
2024-12-06T08:30:00Z,2024-12-06,18,104.44,APXMIDP
2024-12-06T09:00:00Z,2024-12-06,19,90.66,APXMIDP
2024-12-06T09:30:00Z,2024-12-06,20,95.86,APXMIDP
2024-12-06T10:00:00Z,2024-12-06,21,93.6,APXMIDP
2024-12-06T10:30:00Z,2024-12-06,22,98.49,APXMIDP
2024-12-06T11:00:00Z,2024-12-06,23,89.72,APXMIDP
2024-12-06T11:30:00Z,2024-12-06,24,96.35,APXMIDP
2024-12-06T12:00:00Z,2024-12-06,25,101.51,APXMIDP
2024-12-06T12:30:00Z,2024-12-06,26,104.2,APXMIDP
2024-12-06T13:00:00Z,2024-12-06,27,99.8,APXMIDP
2024-12-06T13:30:00Z,2024-12-06,28,99.82,APXMIDP
2024-12-06T14:00:00Z,2024-12-06,29,98.88,APXMIDP
2024-12-06T14:30:00Z,2024-12-06,30,97.11,APXMIDP
2024-12-06T15:00:00Z,2024-12-06,31,107.84,APXMIDP
2024-12-06T15:30:00Z,2024-12-06,32,106.25,APXMIDP
2024-12-06T16:00:00Z,2024-12-06,33,111.15,APXMIDP
2024-12-06T16:30:00Z,2024-12-06,34,105.16,APXMIDP
2024-12-06T17:00:00Z,2024-12-06,35,112.35,APXMIDP
2024-12-06T17:30:00Z,2024-12-06,36,104.55,APXMIDP
2024-12-06T18:00:00Z,2024-12-06,37,110.76,APXMIDP
2024-12-06T18:30:00Z,2024-12-06,38,98.08,APXMIDP
2024-12-06T19:00:00Z,2024-12-06,39,90.42,APXMIDP
2024-12-06T19:30:00Z,2024-12-06,40,99.38,APXMIDP
2024-12-06T20:00:00Z,2024-12-06,41,90.23,APXMIDP
2024-12-06T20:30:00Z,2024-12-06,42,88.67,APXMIDP
2024-12-06T21:00:00Z,2024-12-06,43,82.77,APXMIDP
2024-12-06T21:30:00Z,2024-12-06,44,81.05,APXMIDP
2024-12-06T22:00:00Z,2024-12-06,45,77.97,APXMIDP
2024-12-06T22:30:00Z,2024-12-06,46,70.79,APXMIDP
2024-12-06T23:00:00Z,2024-12-06,47,65.82,APXMIDP
2024-12-06T23:30:00Z,2024-12-06,48,66.03,APXMIDP
2024-12-07T00:00:00Z,2024-12-07,1,56.56,APXMIDP
2024-12-07T00:30:00Z,2024-12-07,2,57.93,APXMIDP
2024-12-07T01:00:00Z,2024-12-07,3,54.1,APXMIDP
2024-12-07T01:30:00Z,2024-12-07,4,50.35,APXMIDP
2024-12-07T02:00:00Z,2024-12-07,5,44.91,APXMIDP
2024-12-07T02:30:00Z,2024-12-07,6,42.78,APXMIDP
2024-12-07T03:00:00Z,2024-12-07,7,39.1,APXMIDP
2024-12-07T03:30:00Z,2024-12-07,8,42.44,APXMIDP
2024-12-07T04:00:00Z,2024-12-07,9,46.49,APXMIDP
2024-12-07T04:30:00Z,2024-12-07,10,49.88,APXMIDP
2024-12-07T05:00:00Z,2024-12-07,11,32.12,APXMIDP
2024-12-07T05:30:00Z,2024-12-07,12,28.16,APXMIDP
2024-12-07T06:00:00Z,2024-12-07,13,32.0,APXMIDP
2024-12-07T06:30:00Z,2024-12-07,14,33.85,APXMIDP
2024-12-07T07:00:00Z,2024-12-07,15,30.16,APXMIDP
2024-12-07T07:30:00Z,2024-12-07,16,39.96,APXMIDP
2024-12-07T08:00:00Z,2024-12-07,17,32.22,APXMIDP
2024-12-07T08:30:00Z,2024-12-07,18,55.62,APXMIDP
2024-12-07T09:00:00Z,2024-12-07,19,86.04,APXMIDP
2024-12-07T09:30:00Z,2024-12-07,20,97.98,APXMIDP
2024-12-07T10:00:00Z,2024-12-07,21,101.19,APXMIDP
2024-12-07T10:30:00Z,2024-12-07,22,104.42,APXMIDP
2024-12-07T11:00:00Z,2024-12-07,23,112.44,APXMIDP
2024-12-07T11:30:00Z,2024-12-07,24,111.32,APXMIDP
2024-12-07T12:00:00Z,2024-12-07,25,110.71,APXMIDP
2024-12-07T12:30:00Z,2024-12-07,26,109.36,APXMIDP
2024-12-07T13:00:00Z,2024-12-07,27,107.54,APXMIDP
2024-12-07T13:30:00Z,2024-12-07,28,104.1,APXMIDP
2024-12-07T14:00:00Z,2024-12-07,29,104.0,APXMIDP
2024-12-07T14:30:00Z,2024-12-07,30,100.64,APXMIDP
2024-12-07T15:00:00Z,2024-12-07,31,92.4,APXMIDP
2024-12-07T15:30:00Z,2024-12-07,32,93.84,APXMIDP
2024-12-07T16:00:00Z,2024-12-07,33,101.95,APXMIDP
2024-12-07T16:30:00Z,2024-12-07,34,103.21,APXMIDP
2024-12-07T17:00:00Z,2024-12-07,35,104.14,APXMIDP
2024-12-07T17:30:00Z,2024-12-07,36,104.42,APXMIDP
2024-12-07T18:00:00Z,2024-12-07,37,99.91,APXMIDP
2024-12-07T18:30:00Z,2024-12-07,38,96.36,APXMIDP
2024-12-07T19:00:00Z,2024-12-07,39,90.06,APXMIDP
2024-12-07T19:30:00Z,2024-12-07,40,74.28,APXMIDP
2024-12-07T20:00:00Z,2024-12-07,41,71.42,APXMIDP
2024-12-07T20:30:00Z,2024-12-07,42,55.24,APXMIDP
2024-12-07T21:00:00Z,2024-12-07,43,52.51,APXMIDP
2024-12-07T21:30:00Z,2024-12-07,44,50.75,APXMIDP
2024-12-07T22:00:00Z,2024-12-07,45,54.7,APXMIDP
2024-12-07T22:30:00Z,2024-12-07,46,36.19,APXMIDP
2024-12-07T23:00:00Z,2024-12-07,47,48.95,APXMIDP
2024-12-07T23:30:00Z,2024-12-07,48,42.74,APXMIDP
2024-12-08T00:00:00Z,2024-12-08,1,32.45,APXMIDP
2024-12-08T00:30:00Z,2024-12-08,2,39.85,APXMIDP
2024-12-08T01:00:00Z,2024-12-08,3,31.31,APXMIDP
2024-12-08T01:30:00Z,2024-12-08,4,24.11,APXMIDP
2024-12-08T02:00:00Z,2024-12-08,5,21.95,APXMIDP
2024-12-08T02:30:00Z,2024-12-08,6,17.97,APXMIDP
2024-12-08T03:00:00Z,2024-12-08,7,9.07,APXMIDP
2024-12-08T03:30:00Z,2024-12-08,8,6.68,APXMIDP
2024-12-08T04:00:00Z,2024-12-08,9,20.24,APXMIDP
2024-12-08T04:30:00Z,2024-12-08,10,17.32,APXMIDP
2024-12-08T05:00:00Z,2024-12-08,11,11.17,APXMIDP
2024-12-08T05:30:00Z,2024-12-08,12,9.73,APXMIDP
2024-12-08T06:00:00Z,2024-12-08,13,9.55,APXMIDP
2024-12-08T06:30:00Z,2024-12-08,14,31.86,APXMIDP
2024-12-08T07:00:00Z,2024-12-08,15,26.4,APXMIDP
2024-12-08T07:30:00Z,2024-12-08,16,24.83,APXMIDP
2024-12-08T08:00:00Z,2024-12-08,17,21.2,APXMIDP
2024-12-08T08:30:00Z,2024-12-08,18,35.75,APXMIDP
2024-12-08T09:00:00Z,2024-12-08,19,33.0,APXMIDP
2024-12-08T09:30:00Z,2024-12-08,20,60.89,APXMIDP
2024-12-08T10:00:00Z,2024-12-08,21,66.52,APXMIDP
2024-12-08T10:30:00Z,2024-12-08,22,66.6,APXMIDP
2024-12-08T11:00:00Z,2024-12-08,23,70.27,APXMIDP
2024-12-08T11:30:00Z,2024-12-08,24,72.38,APXMIDP
2024-12-08T12:00:00Z,2024-12-08,25,80.73,APXMIDP
2024-12-08T12:30:00Z,2024-12-08,26,78.42,APXMIDP
2024-12-08T13:00:00Z,2024-12-08,27,90.97,APXMIDP
2024-12-08T13:30:00Z,2024-12-08,28,92.57,APXMIDP
2024-12-08T14:00:00Z,2024-12-08,29,91.84,APXMIDP
2024-12-08T14:30:00Z,2024-12-08,30,96.52,APXMIDP
2024-12-08T15:00:00Z,2024-12-08,31,102.9,APXMIDP
2024-12-08T15:30:00Z,2024-12-08,32,106.97,APXMIDP
2024-12-08T16:00:00Z,2024-12-08,33,109.54,APXMIDP
2024-12-08T16:30:00Z,2024-12-08,34,112.46,APXMIDP
2024-12-08T17:00:00Z,2024-12-08,35,113.76,APXMIDP
2024-12-08T17:30:00Z,2024-12-08,36,116.42,APXMIDP
2024-12-08T18:00:00Z,2024-12-08,37,116.65,APXMIDP
2024-12-08T18:30:00Z,2024-12-08,38,114.37,APXMIDP
2024-12-08T19:00:00Z,2024-12-08,39,100.0,APXMIDP
2024-12-08T19:30:00Z,2024-12-08,40,94.75,APXMIDP
2024-12-08T20:00:00Z,2024-12-08,41,94.55,APXMIDP
2024-12-08T20:30:00Z,2024-12-08,42,95.29,APXMIDP
2024-12-08T21:00:00Z,2024-12-08,43,98.05,APXMIDP
2024-12-08T21:30:00Z,2024-12-08,44,97.93,APXMIDP
2024-12-08T22:00:00Z,2024-12-08,45,82.12,APXMIDP
2024-12-08T22:30:00Z,2024-12-08,46,62.11,APXMIDP
2024-12-08T23:00:00Z,2024-12-08,47,39.05,APXMIDP
2024-12-08T23:30:00Z,2024-12-08,48,36.98,APXMIDP
2024-12-09T00:00:00Z,2024-12-09,1,34.19,APXMIDP
2024-12-09T00:30:00Z,2024-12-09,2,42.16,APXMIDP
2024-12-09T01:00:00Z,2024-12-09,3,27.35,APXMIDP
2024-12-09T01:30:00Z,2024-12-09,4,18.39,APXMIDP
2024-12-09T02:00:00Z,2024-12-09,5,16.15,APXMIDP
2024-12-09T02:30:00Z,2024-12-09,6,11.81,APXMIDP
2024-12-09T03:00:00Z,2024-12-09,7,5.07,APXMIDP
2024-12-09T03:30:00Z,2024-12-09,8,6.71,APXMIDP
2024-12-09T04:00:00Z,2024-12-09,9,7.32,APXMIDP
2024-12-09T04:30:00Z,2024-12-09,10,6.36,APXMIDP
2024-12-09T05:00:00Z,2024-12-09,11,20.63,APXMIDP
2024-12-09T05:30:00Z,2024-12-09,12,30.97,APXMIDP
2024-12-09T06:00:00Z,2024-12-09,13,72.56,APXMIDP
2024-12-09T06:30:00Z,2024-12-09,14,84.25,APXMIDP
2024-12-09T07:00:00Z,2024-12-09,15,93.82,APXMIDP
2024-12-09T07:30:00Z,2024-12-09,16,100.13,APXMIDP
2024-12-09T08:00:00Z,2024-12-09,17,101.92,APXMIDP
2024-12-09T08:30:00Z,2024-12-09,18,105.74,APXMIDP
2024-12-09T09:00:00Z,2024-12-09,19,118.47,APXMIDP
2024-12-09T09:30:00Z,2024-12-09,20,117.23,APXMIDP
2024-12-09T10:00:00Z,2024-12-09,21,118.01,APXMIDP
2024-12-09T10:30:00Z,2024-12-09,22,116.44,APXMIDP
2024-12-09T11:00:00Z,2024-12-09,23,118.98,APXMIDP
2024-12-09T11:30:00Z,2024-12-09,24,120.36,APXMIDP
2024-12-09T12:00:00Z,2024-12-09,25,117.07,APXMIDP
2024-12-09T12:30:00Z,2024-12-09,26,117.07,APXMIDP
2024-12-09T13:00:00Z,2024-12-09,27,114.12,APXMIDP
2024-12-09T13:30:00Z,2024-12-09,28,112.68,APXMIDP
2024-12-09T14:00:00Z,2024-12-09,29,112.5,APXMIDP
2024-12-09T14:30:00Z,2024-12-09,30,114.4,APXMIDP
2024-12-09T15:00:00Z,2024-12-09,31,118.54,APXMIDP
2024-12-09T15:30:00Z,2024-12-09,32,123.62,APXMIDP
2024-12-09T16:00:00Z,2024-12-09,33,129.43,APXMIDP
2024-12-09T16:30:00Z,2024-12-09,34,127.95,APXMIDP
2024-12-09T17:00:00Z,2024-12-09,35,127.41,APXMIDP
2024-12-09T17:30:00Z,2024-12-09,36,129.59,APXMIDP
2024-12-09T18:00:00Z,2024-12-09,37,130.18,APXMIDP
2024-12-09T18:30:00Z,2024-12-09,38,126.36,APXMIDP
2024-12-09T19:00:00Z,2024-12-09,39,130.63,APXMIDP
2024-12-09T19:30:00Z,2024-12-09,40,119.8,APXMIDP
2024-12-09T20:00:00Z,2024-12-09,41,113.69,APXMIDP
2024-12-09T20:30:00Z,2024-12-09,42,111.33,APXMIDP
2024-12-09T21:00:00Z,2024-12-09,43,104.88,APXMIDP
2024-12-09T21:30:00Z,2024-12-09,44,99.11,APXMIDP
2024-12-09T22:00:00Z,2024-12-09,45,94.24,APXMIDP
2024-12-09T22:30:00Z,2024-12-09,46,92.34,APXMIDP
2024-12-09T23:00:00Z,2024-12-09,47,92.88,APXMIDP
2024-12-09T23:30:00Z,2024-12-09,48,86.29,APXMIDP
2024-12-10T00:00:00Z,2024-12-10,1,89.4,APXMIDP
2024-12-10T00:30:00Z,2024-12-10,2,92.33,APXMIDP
2024-12-10T01:00:00Z,2024-12-10,3,88.09,APXMIDP
2024-12-10T01:30:00Z,2024-12-10,4,87.6,APXMIDP
2024-12-10T02:00:00Z,2024-12-10,5,84.31,APXMIDP
2024-12-10T02:30:00Z,2024-12-10,6,83.45,APXMIDP
2024-12-10T03:00:00Z,2024-12-10,7,81.08,APXMIDP
2024-12-10T03:30:00Z,2024-12-10,8,80.79,APXMIDP
2024-12-10T04:00:00Z,2024-12-10,9,80.84,APXMIDP
2024-12-10T04:30:00Z,2024-12-10,10,75.66,APXMIDP
2024-12-10T05:00:00Z,2024-12-10,11,83.67,APXMIDP
2024-12-10T05:30:00Z,2024-12-10,12,72.48,APXMIDP
2024-12-10T06:00:00Z,2024-12-10,13,90.39,APXMIDP
2024-12-10T06:30:00Z,2024-12-10,14,86.99,APXMIDP
2024-12-10T07:00:00Z,2024-12-10,15,96.82,APXMIDP
2024-12-10T07:30:00Z,2024-12-10,16,129.24,APXMIDP
2024-12-10T08:00:00Z,2024-12-10,17,123.16,APXMIDP
2024-12-10T08:30:00Z,2024-12-10,18,118.23,APXMIDP
2024-12-10T09:00:00Z,2024-12-10,19,96.47,APXMIDP
2024-12-10T09:30:00Z,2024-12-10,20,96.75,APXMIDP
2024-12-10T10:00:00Z,2024-12-10,21,94.67,APXMIDP
2024-12-10T10:30:00Z,2024-12-10,22,93.8,APXMIDP
2024-12-10T11:00:00Z,2024-12-10,23,91.66,APXMIDP
2024-12-10T11:30:00Z,2024-12-10,24,91.56,APXMIDP
2024-12-10T12:00:00Z,2024-12-10,25,98.38,APXMIDP
2024-12-10T12:30:00Z,2024-12-10,26,105.88,APXMIDP
2024-12-10T13:00:00Z,2024-12-10,27,111.89,APXMIDP
2024-12-10T13:30:00Z,2024-12-10,28,114.34,APXMIDP
2024-12-10T14:00:00Z,2024-12-10,29,117.7,APXMIDP
2024-12-10T14:30:00Z,2024-12-10,30,120.09,APXMIDP
2024-12-10T15:00:00Z,2024-12-10,31,149.83,APXMIDP
2024-12-10T15:30:00Z,2024-12-10,32,154.86,APXMIDP
2024-12-10T16:00:00Z,2024-12-10,33,145.37,APXMIDP
2024-12-10T16:30:00Z,2024-12-10,34,146.56,APXMIDP
2024-12-10T17:00:00Z,2024-12-10,35,156.19,APXMIDP
2024-12-10T17:30:00Z,2024-12-10,36,158.94,APXMIDP
2024-12-10T18:00:00Z,2024-12-10,37,161.37,APXMIDP
2024-12-10T18:30:00Z,2024-12-10,38,163.34,APXMIDP
2024-12-10T19:00:00Z,2024-12-10,39,137.1,APXMIDP
2024-12-10T19:30:00Z,2024-12-10,40,129.44,APXMIDP
2024-12-10T20:00:00Z,2024-12-10,41,122.63,APXMIDP
2024-12-10T20:30:00Z,2024-12-10,42,119.27,APXMIDP
2024-12-10T21:00:00Z,2024-12-10,43,116.69,APXMIDP
2024-12-10T21:30:00Z,2024-12-10,44,109.17,APXMIDP
2024-12-10T22:00:00Z,2024-12-10,45,110.86,APXMIDP
2024-12-10T22:30:00Z,2024-12-10,46,97.39,APXMIDP
2024-12-10T23:00:00Z,2024-12-10,47,92.66,APXMIDP
2024-12-10T23:30:00Z,2024-12-10,48,95.03,APXMIDP
2024-12-11T00:00:00Z,2024-12-11,1,101.64,APXMIDP
2024-12-11T00:30:00Z,2024-12-11,2,107.81,APXMIDP
2024-12-11T01:00:00Z,2024-12-11,3,93.86,APXMIDP
2024-12-11T01:30:00Z,2024-12-11,4,91.23,APXMIDP
2024-12-11T02:00:00Z,2024-12-11,5,82.69,APXMIDP
2024-12-11T02:30:00Z,2024-12-11,6,86.78,APXMIDP
2024-12-11T03:00:00Z,2024-12-11,7,95.95,APXMIDP
2024-12-11T03:30:00Z,2024-12-11,8,83.23,APXMIDP
2024-12-11T04:00:00Z,2024-12-11,9,87.12,APXMIDP
2024-12-11T04:30:00Z,2024-12-11,10,81.25,APXMIDP
2024-12-11T05:00:00Z,2024-12-11,11,84.36,APXMIDP
2024-12-11T05:30:00Z,2024-12-11,12,88.92,APXMIDP
2024-12-11T06:00:00Z,2024-12-11,13,92.59,APXMIDP
2024-12-11T06:30:00Z,2024-12-11,14,130.32,APXMIDP
2024-12-11T07:00:00Z,2024-12-11,15,174.46,APXMIDP
2024-12-11T07:30:00Z,2024-12-11,16,204.53,APXMIDP
2024-12-11T08:00:00Z,2024-12-11,17,162.72,APXMIDP
2024-12-11T08:30:00Z,2024-12-11,18,198.12,APXMIDP
2024-12-11T09:00:00Z,2024-12-11,19,208.91,APXMIDP
2024-12-11T09:30:00Z,2024-12-11,20,214.92,APXMIDP
2024-12-11T10:00:00Z,2024-12-11,21,208.56,APXMIDP
2024-12-11T10:30:00Z,2024-12-11,22,203.64,APXMIDP
2024-12-11T11:00:00Z,2024-12-11,23,180.75,APXMIDP
2024-12-11T11:30:00Z,2024-12-11,24,185.41,APXMIDP
2024-12-11T12:00:00Z,2024-12-11,25,194.82,APXMIDP
2024-12-11T12:30:00Z,2024-12-11,26,220.32,APXMIDP
2024-12-11T13:00:00Z,2024-12-11,27,221.83,APXMIDP
2024-12-11T13:30:00Z,2024-12-11,28,220.72,APXMIDP
2024-12-11T14:00:00Z,2024-12-11,29,215.3,APXMIDP
2024-12-11T14:30:00Z,2024-12-11,30,209.76,APXMIDP
2024-12-11T15:00:00Z,2024-12-11,31,256.44,APXMIDP
2024-12-11T15:30:00Z,2024-12-11,32,257.13,APXMIDP
2024-12-11T16:00:00Z,2024-12-11,33,308.82,APXMIDP
2024-12-11T16:30:00Z,2024-12-11,34,281.43,APXMIDP
2024-12-11T17:00:00Z,2024-12-11,35,238.66,APXMIDP
2024-12-11T17:30:00Z,2024-12-11,36,241.63,APXMIDP
2024-12-11T18:00:00Z,2024-12-11,37,262.95,APXMIDP
2024-12-11T18:30:00Z,2024-12-11,38,223.91,APXMIDP
2024-12-11T19:00:00Z,2024-12-11,39,157.42,APXMIDP
2024-12-11T19:30:00Z,2024-12-11,40,149.23,APXMIDP
2024-12-11T20:00:00Z,2024-12-11,41,163.08,APXMIDP
2024-12-11T20:30:00Z,2024-12-11,42,149.6,APXMIDP
2024-12-11T21:00:00Z,2024-12-11,43,132.96,APXMIDP
2024-12-11T21:30:00Z,2024-12-11,44,115.89,APXMIDP
2024-12-11T22:00:00Z,2024-12-11,45,129.84,APXMIDP
2024-12-11T22:30:00Z,2024-12-11,46,118.76,APXMIDP
2024-12-11T23:00:00Z,2024-12-11,47,110.88,APXMIDP
2024-12-11T23:30:00Z,2024-12-11,48,95.64,APXMIDP
2024-12-12T00:00:00Z,2024-12-12,1,101.98,APXMIDP
2024-12-12T00:30:00Z,2024-12-12,2,102.04,APXMIDP
2024-12-12T01:00:00Z,2024-12-12,3,95.88,APXMIDP
2024-12-12T01:30:00Z,2024-12-12,4,91.31,APXMIDP
2024-12-12T02:00:00Z,2024-12-12,5,88.28,APXMIDP
2024-12-12T02:30:00Z,2024-12-12,6,88.59,APXMIDP
2024-12-12T03:00:00Z,2024-12-12,7,97.18,APXMIDP
2024-12-12T03:30:00Z,2024-12-12,8,98.39,APXMIDP
2024-12-12T04:00:00Z,2024-12-12,9,99.0,APXMIDP
2024-12-12T04:30:00Z,2024-12-12,10,95.06,APXMIDP
2024-12-12T05:00:00Z,2024-12-12,11,102.15,APXMIDP
2024-12-12T05:30:00Z,2024-12-12,12,113.94,APXMIDP
2024-12-12T06:00:00Z,2024-12-12,13,109.58,APXMIDP
2024-12-12T06:30:00Z,2024-12-12,14,141.28,APXMIDP
2024-12-12T07:00:00Z,2024-12-12,15,166.41,APXMIDP
2024-12-12T07:30:00Z,2024-12-12,16,241.68,APXMIDP
2024-12-12T08:00:00Z,2024-12-12,17,243.57,APXMIDP
2024-12-12T08:30:00Z,2024-12-12,18,283.46,APXMIDP
2024-12-12T09:00:00Z,2024-12-12,19,276.05,APXMIDP
2024-12-12T09:30:00Z,2024-12-12,20,293.86,APXMIDP
2024-12-12T10:00:00Z,2024-12-12,21,302.25,APXMIDP
2024-12-12T10:30:00Z,2024-12-12,22,294.3,APXMIDP
2024-12-12T11:00:00Z,2024-12-12,23,287.82,APXMIDP
2024-12-12T11:30:00Z,2024-12-12,24,272.58,APXMIDP
2024-12-12T12:00:00Z,2024-12-12,25,238.35,APXMIDP
2024-12-12T12:30:00Z,2024-12-12,26,231.74,APXMIDP
2024-12-12T13:00:00Z,2024-12-12,27,256.89,APXMIDP
2024-12-12T13:30:00Z,2024-12-12,28,262.9,APXMIDP
2024-12-12T14:00:00Z,2024-12-12,29,283.56,APXMIDP
2024-12-12T14:30:00Z,2024-12-12,30,329.35,APXMIDP
2024-12-12T15:00:00Z,2024-12-12,31,327.04,APXMIDP
2024-12-12T15:30:00Z,2024-12-12,32,332.09,APXMIDP
2024-12-12T16:00:00Z,2024-12-12,33,342.17,APXMIDP
2024-12-12T16:30:00Z,2024-12-12,34,369.52,APXMIDP
2024-12-12T17:00:00Z,2024-12-12,35,316.5,APXMIDP
2024-12-12T17:30:00Z,2024-12-12,36,302.9,APXMIDP
2024-12-12T18:00:00Z,2024-12-12,37,280.49,APXMIDP
2024-12-12T18:30:00Z,2024-12-12,38,247.82,APXMIDP
2024-12-12T19:00:00Z,2024-12-12,39,160.68,APXMIDP
2024-12-12T19:30:00Z,2024-12-12,40,146.77,APXMIDP
2024-12-12T20:00:00Z,2024-12-12,41,137.98,APXMIDP
2024-12-12T20:30:00Z,2024-12-12,42,127.49,APXMIDP
2024-12-12T21:00:00Z,2024-12-12,43,138.69,APXMIDP
2024-12-12T21:30:00Z,2024-12-12,44,110.52,APXMIDP
2024-12-12T22:00:00Z,2024-12-12,45,124.93,APXMIDP
2024-12-12T22:30:00Z,2024-12-12,46,107.81,APXMIDP
2024-12-12T23:00:00Z,2024-12-12,47,117.14,APXMIDP
2024-12-12T23:30:00Z,2024-12-12,48,96.33,APXMIDP
2024-12-13T00:00:00Z,2024-12-13,1,97.96,APXMIDP
2024-12-13T00:30:00Z,2024-12-13,2,103.43,APXMIDP
2024-12-13T01:00:00Z,2024-12-13,3,94.27,APXMIDP
2024-12-13T01:30:00Z,2024-12-13,4,86.52,APXMIDP
2024-12-13T02:00:00Z,2024-12-13,5,87.58,APXMIDP
2024-12-13T02:30:00Z,2024-12-13,6,83.86,APXMIDP
2024-12-13T03:00:00Z,2024-12-13,7,78.14,APXMIDP
2024-12-13T03:30:00Z,2024-12-13,8,77.46,APXMIDP
2024-12-13T04:00:00Z,2024-12-13,9,81.51,APXMIDP
2024-12-13T04:30:00Z,2024-12-13,10,79.34,APXMIDP
2024-12-13T05:00:00Z,2024-12-13,11,87.03,APXMIDP
2024-12-13T05:30:00Z,2024-12-13,12,86.9,APXMIDP
2024-12-13T06:00:00Z,2024-12-13,13,110.83,APXMIDP
2024-12-13T06:30:00Z,2024-12-13,14,132.58,APXMIDP
2024-12-13T07:00:00Z,2024-12-13,15,135.56,APXMIDP
2024-12-13T07:30:00Z,2024-12-13,16,147.02,APXMIDP
2024-12-13T08:00:00Z,2024-12-13,17,139.94,APXMIDP
2024-12-13T08:30:00Z,2024-12-13,18,150.11,APXMIDP
2024-12-13T09:00:00Z,2024-12-13,19,134.99,APXMIDP
2024-12-13T09:30:00Z,2024-12-13,20,137.82,APXMIDP
2024-12-13T10:00:00Z,2024-12-13,21,147.64,APXMIDP
2024-12-13T10:30:00Z,2024-12-13,22,143.0,APXMIDP
2024-12-13T11:00:00Z,2024-12-13,23,142.92,APXMIDP
2024-12-13T11:30:00Z,2024-12-13,24,142.9,APXMIDP
2024-12-13T12:00:00Z,2024-12-13,25,137.57,APXMIDP
2024-12-13T12:30:00Z,2024-12-13,26,134.57,APXMIDP
2024-12-13T13:00:00Z,2024-12-13,27,135.95,APXMIDP
2024-12-13T13:30:00Z,2024-12-13,28,133.51,APXMIDP
2024-12-13T14:00:00Z,2024-12-13,29,141.67,APXMIDP
2024-12-13T14:30:00Z,2024-12-13,30,138.03,APXMIDP
2024-12-13T15:00:00Z,2024-12-13,31,145.02,APXMIDP
2024-12-13T15:30:00Z,2024-12-13,32,149.58,APXMIDP
2024-12-13T16:00:00Z,2024-12-13,33,143.67,APXMIDP
2024-12-13T16:30:00Z,2024-12-13,34,142.84,APXMIDP
2024-12-13T17:00:00Z,2024-12-13,35,142.98,APXMIDP
2024-12-13T17:30:00Z,2024-12-13,36,140.3,APXMIDP
2024-12-13T18:00:00Z,2024-12-13,37,132.26,APXMIDP
2024-12-13T18:30:00Z,2024-12-13,38,130.95,APXMIDP
2024-12-13T19:00:00Z,2024-12-13,39,112.68,APXMIDP
2024-12-13T19:30:00Z,2024-12-13,40,107.49,APXMIDP
2024-12-13T20:00:00Z,2024-12-13,41,109.89,APXMIDP
2024-12-13T20:30:00Z,2024-12-13,42,96.96,APXMIDP
2024-12-13T21:00:00Z,2024-12-13,43,99.06,APXMIDP
2024-12-13T21:30:00Z,2024-12-13,44,92.15,APXMIDP
2024-12-13T22:00:00Z,2024-12-13,45,94.89,APXMIDP
2024-12-13T22:30:00Z,2024-12-13,46,97.33,APXMIDP
2024-12-13T23:00:00Z,2024-12-13,47,95.84,APXMIDP
2024-12-13T23:30:00Z,2024-12-13,48,103.85,APXMIDP
2024-12-14T00:00:00Z,2024-12-14,1,98.41,APXMIDP
2024-12-14T00:30:00Z,2024-12-14,2,95.98,APXMIDP
2024-12-14T01:00:00Z,2024-12-14,3,88.77,APXMIDP
2024-12-14T01:30:00Z,2024-12-14,4,83.5,APXMIDP
2024-12-14T02:00:00Z,2024-12-14,5,93.15,APXMIDP
2024-12-14T02:30:00Z,2024-12-14,6,85.8,APXMIDP
2024-12-14T03:00:00Z,2024-12-14,7,79.73,APXMIDP
2024-12-14T03:30:00Z,2024-12-14,8,67.29,APXMIDP
2024-12-14T04:00:00Z,2024-12-14,9,76.28,APXMIDP
2024-12-14T04:30:00Z,2024-12-14,10,77.78,APXMIDP
2024-12-14T05:00:00Z,2024-12-14,11,83.68,APXMIDP
2024-12-14T05:30:00Z,2024-12-14,12,84.32,APXMIDP
2024-12-14T06:00:00Z,2024-12-14,13,87.91,APXMIDP
2024-12-14T06:30:00Z,2024-12-14,14,98.53,APXMIDP
2024-12-14T07:00:00Z,2024-12-14,15,104.42,APXMIDP
2024-12-14T07:30:00Z,2024-12-14,16,109.71,APXMIDP
2024-12-14T08:00:00Z,2024-12-14,17,94.96,APXMIDP
2024-12-14T08:30:00Z,2024-12-14,18,98.54,APXMIDP
2024-12-14T09:00:00Z,2024-12-14,19,98.21,APXMIDP
2024-12-14T09:30:00Z,2024-12-14,20,90.22,APXMIDP
2024-12-14T10:00:00Z,2024-12-14,21,93.65,APXMIDP
2024-12-14T10:30:00Z,2024-12-14,22,91.11,APXMIDP
2024-12-14T11:00:00Z,2024-12-14,23,97.67,APXMIDP
2024-12-14T11:30:00Z,2024-12-14,24,91.84,APXMIDP
2024-12-14T12:00:00Z,2024-12-14,25,88.18,APXMIDP
2024-12-14T12:30:00Z,2024-12-14,26,84.45,APXMIDP
2024-12-14T13:00:00Z,2024-12-14,27,74.96,APXMIDP
2024-12-14T13:30:00Z,2024-12-14,28,79.11,APXMIDP
2024-12-14T14:00:00Z,2024-12-14,29,75.36,APXMIDP
2024-12-14T14:30:00Z,2024-12-14,30,83.14,APXMIDP
2024-12-14T15:00:00Z,2024-12-14,31,82.68,APXMIDP
2024-12-14T15:30:00Z,2024-12-14,32,91.21,APXMIDP
2024-12-14T16:00:00Z,2024-12-14,33,97.91,APXMIDP
2024-12-14T16:30:00Z,2024-12-14,34,98.09,APXMIDP
2024-12-14T17:00:00Z,2024-12-14,35,99.41,APXMIDP
2024-12-14T17:30:00Z,2024-12-14,36,99.03,APXMIDP
2024-12-14T18:00:00Z,2024-12-14,37,94.42,APXMIDP
2024-12-14T18:30:00Z,2024-12-14,38,87.61,APXMIDP
2024-12-14T19:00:00Z,2024-12-14,39,84.99,APXMIDP
2024-12-14T19:30:00Z,2024-12-14,40,84.07,APXMIDP
2024-12-14T20:00:00Z,2024-12-14,41,84.14,APXMIDP
2024-12-14T20:30:00Z,2024-12-14,42,81.56,APXMIDP
2024-12-14T21:00:00Z,2024-12-14,43,83.48,APXMIDP
2024-12-14T21:30:00Z,2024-12-14,44,78.79,APXMIDP
2024-12-14T22:00:00Z,2024-12-14,45,72.77,APXMIDP
2024-12-14T22:30:00Z,2024-12-14,46,62.67,APXMIDP
2024-12-14T23:00:00Z,2024-12-14,47,49.27,APXMIDP
2024-12-14T23:30:00Z,2024-12-14,48,46.92,APXMIDP
2024-12-15T00:00:00Z,2024-12-15,1,50.56,APXMIDP
2024-12-15T00:30:00Z,2024-12-15,2,53.27,APXMIDP
2024-12-15T01:00:00Z,2024-12-15,3,60.01,APXMIDP
2024-12-15T01:30:00Z,2024-12-15,4,50.98,APXMIDP
2024-12-15T02:00:00Z,2024-12-15,5,50.74,APXMIDP
2024-12-15T02:30:00Z,2024-12-15,6,41.76,APXMIDP
2024-12-15T03:00:00Z,2024-12-15,7,43.62,APXMIDP
2024-12-15T03:30:00Z,2024-12-15,8,34.13,APXMIDP
2024-12-15T04:00:00Z,2024-12-15,9,38.25,APXMIDP
2024-12-15T04:30:00Z,2024-12-15,10,34.62,APXMIDP
2024-12-15T05:00:00Z,2024-12-15,11,33.26,APXMIDP
2024-12-15T05:30:00Z,2024-12-15,12,30.46,APXMIDP
2024-12-15T06:00:00Z,2024-12-15,13,34.15,APXMIDP
2024-12-15T06:30:00Z,2024-12-15,14,42.7,APXMIDP
2024-12-15T07:00:00Z,2024-12-15,15,30.87,APXMIDP
2024-12-15T07:30:00Z,2024-12-15,16,44.73,APXMIDP
2024-12-15T08:00:00Z,2024-12-15,17,49.36,APXMIDP
2024-12-15T08:30:00Z,2024-12-15,18,59.69,APXMIDP
2024-12-15T09:00:00Z,2024-12-15,19,61.8,APXMIDP
2024-12-15T09:30:00Z,2024-12-15,20,66.61,APXMIDP
2024-12-15T10:00:00Z,2024-12-15,21,61.37,APXMIDP
2024-12-15T10:30:00Z,2024-12-15,22,60.26,APXMIDP
2024-12-15T11:00:00Z,2024-12-15,23,58.05,APXMIDP
2024-12-15T11:30:00Z,2024-12-15,24,58.88,APXMIDP
2024-12-15T12:00:00Z,2024-12-15,25,50.89,APXMIDP
2024-12-15T12:30:00Z,2024-12-15,26,55.94,APXMIDP
2024-12-15T13:00:00Z,2024-12-15,27,55.22,APXMIDP
2024-12-15T13:30:00Z,2024-12-15,28,53.16,APXMIDP
2024-12-15T14:00:00Z,2024-12-15,29,52.9,APXMIDP
2024-12-15T14:30:00Z,2024-12-15,30,49.96,APXMIDP
2024-12-15T15:00:00Z,2024-12-15,31,51.0,APXMIDP
2024-12-15T15:30:00Z,2024-12-15,32,63.06,APXMIDP
2024-12-15T16:00:00Z,2024-12-15,33,73.43,APXMIDP
2024-12-15T16:30:00Z,2024-12-15,34,81.15,APXMIDP
2024-12-15T17:00:00Z,2024-12-15,35,87.55,APXMIDP
2024-12-15T17:30:00Z,2024-12-15,36,89.86,APXMIDP
2024-12-15T18:00:00Z,2024-12-15,37,86.97,APXMIDP
2024-12-15T18:30:00Z,2024-12-15,38,74.38,APXMIDP
2024-12-15T19:00:00Z,2024-12-15,39,61.69,APXMIDP
2024-12-15T19:30:00Z,2024-12-15,40,55.0,APXMIDP
2024-12-15T20:00:00Z,2024-12-15,41,63.33,APXMIDP
2024-12-15T20:30:00Z,2024-12-15,42,40.25,APXMIDP
2024-12-15T21:00:00Z,2024-12-15,43,44.0,APXMIDP
2024-12-15T21:30:00Z,2024-12-15,44,19.57,APXMIDP
2024-12-15T22:00:00Z,2024-12-15,45,22.34,APXMIDP
2024-12-15T22:30:00Z,2024-12-15,46,6.08,APXMIDP
2024-12-15T23:00:00Z,2024-12-15,47,3.28,APXMIDP
2024-12-15T23:30:00Z,2024-12-15,48,0.57,APXMIDP
2024-12-16T00:00:00Z,2024-12-16,1,7.73,APXMIDP
2024-12-16T00:30:00Z,2024-12-16,2,10.25,APXMIDP
2024-12-16T01:00:00Z,2024-12-16,3,9.96,APXMIDP
2024-12-16T01:30:00Z,2024-12-16,4,8.08,APXMIDP
2024-12-16T02:00:00Z,2024-12-16,5,11.46,APXMIDP
2024-12-16T02:30:00Z,2024-12-16,6,6.41,APXMIDP
2024-12-16T03:00:00Z,2024-12-16,7,9.14,APXMIDP
2024-12-16T03:30:00Z,2024-12-16,8,7.39,APXMIDP
2024-12-16T04:00:00Z,2024-12-16,9,7.53,APXMIDP
2024-12-16T04:30:00Z,2024-12-16,10,17.05,APXMIDP
2024-12-16T05:00:00Z,2024-12-16,11,22.32,APXMIDP
2024-12-16T05:30:00Z,2024-12-16,12,43.01,APXMIDP
2024-12-16T06:00:00Z,2024-12-16,13,69.35,APXMIDP
2024-12-16T06:30:00Z,2024-12-16,14,77.97,APXMIDP
2024-12-16T07:00:00Z,2024-12-16,15,91.48,APXMIDP
2024-12-16T07:30:00Z,2024-12-16,16,98.49,APXMIDP
2024-12-16T08:00:00Z,2024-12-16,17,97.87,APXMIDP
2024-12-16T08:30:00Z,2024-12-16,18,99.99,APXMIDP
2024-12-16T09:00:00Z,2024-12-16,19,93.38,APXMIDP
2024-12-16T09:30:00Z,2024-12-16,20,91.69,APXMIDP
2024-12-16T10:00:00Z,2024-12-16,21,90.18,APXMIDP
2024-12-16T10:30:00Z,2024-12-16,22,86.8,APXMIDP
2024-12-16T11:00:00Z,2024-12-16,23,78.34,APXMIDP
2024-12-16T11:30:00Z,2024-12-16,24,71.53,APXMIDP
2024-12-16T12:00:00Z,2024-12-16,25,71.58,APXMIDP
2024-12-16T12:30:00Z,2024-12-16,26,74.09,APXMIDP
2024-12-16T13:00:00Z,2024-12-16,27,74.1,APXMIDP
2024-12-16T13:30:00Z,2024-12-16,28,76.85,APXMIDP
2024-12-16T14:00:00Z,2024-12-16,29,83.27,APXMIDP
2024-12-16T14:30:00Z,2024-12-16,30,80.97,APXMIDP
2024-12-16T15:00:00Z,2024-12-16,31,89.04,APXMIDP
2024-12-16T15:30:00Z,2024-12-16,32,90.69,APXMIDP
2024-12-16T16:00:00Z,2024-12-16,33,95.52,APXMIDP
2024-12-16T16:30:00Z,2024-12-16,34,101.54,APXMIDP
2024-12-16T17:00:00Z,2024-12-16,35,104.65,APXMIDP
2024-12-16T17:30:00Z,2024-12-16,36,103.41,APXMIDP
2024-12-16T18:00:00Z,2024-12-16,37,102.43,APXMIDP
2024-12-16T18:30:00Z,2024-12-16,38,100.51,APXMIDP
2024-12-16T19:00:00Z,2024-12-16,39,91.28,APXMIDP
2024-12-16T19:30:00Z,2024-12-16,40,92.29,APXMIDP
2024-12-16T20:00:00Z,2024-12-16,41,88.93,APXMIDP
2024-12-16T20:30:00Z,2024-12-16,42,86.83,APXMIDP
2024-12-16T21:00:00Z,2024-12-16,43,84.0,APXMIDP
2024-12-16T21:30:00Z,2024-12-16,44,85.42,APXMIDP
2024-12-16T22:00:00Z,2024-12-16,45,82.55,APXMIDP
2024-12-16T22:30:00Z,2024-12-16,46,77.33,APXMIDP
2024-12-16T23:00:00Z,2024-12-16,47,47.86,APXMIDP
2024-12-16T23:30:00Z,2024-12-16,48,43.98,APXMIDP
2024-12-17T00:00:00Z,2024-12-17,1,44.58,APXMIDP
2024-12-17T00:30:00Z,2024-12-17,2,45.38,APXMIDP
2024-12-17T01:00:00Z,2024-12-17,3,54.26,APXMIDP
2024-12-17T01:30:00Z,2024-12-17,4,60.93,APXMIDP
2024-12-17T02:00:00Z,2024-12-17,5,57.49,APXMIDP
2024-12-17T02:30:00Z,2024-12-17,6,63.16,APXMIDP
2024-12-17T03:00:00Z,2024-12-17,7,71.43,APXMIDP
2024-12-17T03:30:00Z,2024-12-17,8,71.71,APXMIDP
2024-12-17T04:00:00Z,2024-12-17,9,77.42,APXMIDP
2024-12-17T04:30:00Z,2024-12-17,10,77.25,APXMIDP
2024-12-17T05:00:00Z,2024-12-17,11,97.08,APXMIDP
2024-12-17T05:30:00Z,2024-12-17,12,92.44,APXMIDP
2024-12-17T06:00:00Z,2024-12-17,13,90.32,APXMIDP
2024-12-17T06:30:00Z,2024-12-17,14,91.66,APXMIDP
2024-12-17T07:00:00Z,2024-12-17,15,101.38,APXMIDP
2024-12-17T07:30:00Z,2024-12-17,16,108.09,APXMIDP
2024-12-17T08:00:00Z,2024-12-17,17,102.58,APXMIDP
2024-12-17T08:30:00Z,2024-12-17,18,103.01,APXMIDP
2024-12-17T09:00:00Z,2024-12-17,19,100.82,APXMIDP
2024-12-17T09:30:00Z,2024-12-17,20,98.24,APXMIDP
2024-12-17T10:00:00Z,2024-12-17,21,90.4,APXMIDP
2024-12-17T10:30:00Z,2024-12-17,22,81.7,APXMIDP
2024-12-17T11:00:00Z,2024-12-17,23,93.31,APXMIDP
2024-12-17T11:30:00Z,2024-12-17,24,89.12,APXMIDP
2024-12-17T12:00:00Z,2024-12-17,25,88.4,APXMIDP
2024-12-17T12:30:00Z,2024-12-17,26,82.94,APXMIDP
2024-12-17T13:00:00Z,2024-12-17,27,88.17,APXMIDP
2024-12-17T13:30:00Z,2024-12-17,28,77.9,APXMIDP
2024-12-17T14:00:00Z,2024-12-17,29,82.09,APXMIDP
2024-12-17T14:30:00Z,2024-12-17,30,82.84,APXMIDP
2024-12-17T15:00:00Z,2024-12-17,31,89.25,APXMIDP
2024-12-17T15:30:00Z,2024-12-17,32,90.95,APXMIDP
2024-12-17T16:00:00Z,2024-12-17,33,97.05,APXMIDP
2024-12-17T16:30:00Z,2024-12-17,34,96.76,APXMIDP
2024-12-17T17:00:00Z,2024-12-17,35,89.42,APXMIDP
2024-12-17T17:30:00Z,2024-12-17,36,93.94,APXMIDP
2024-12-17T18:00:00Z,2024-12-17,37,93.47,APXMIDP
2024-12-17T18:30:00Z,2024-12-17,38,91.96,APXMIDP
2024-12-17T19:00:00Z,2024-12-17,39,84.28,APXMIDP
2024-12-17T19:30:00Z,2024-12-17,40,82.45,APXMIDP
2024-12-17T20:00:00Z,2024-12-17,41,85.21,APXMIDP
2024-12-17T20:30:00Z,2024-12-17,42,76.63,APXMIDP
2024-12-17T21:00:00Z,2024-12-17,43,75.32,APXMIDP
2024-12-17T21:30:00Z,2024-12-17,44,53.76,APXMIDP
2024-12-17T22:00:00Z,2024-12-17,45,44.5,APXMIDP
2024-12-17T22:30:00Z,2024-12-17,46,35.87,APXMIDP
2024-12-17T23:00:00Z,2024-12-17,47,27.56,APXMIDP
2024-12-17T23:30:00Z,2024-12-17,48,13.72,APXMIDP
2024-12-18T00:00:00Z,2024-12-18,1,19.2,APXMIDP
2024-12-18T00:30:00Z,2024-12-18,2,25.83,APXMIDP
2024-12-18T01:00:00Z,2024-12-18,3,16.86,APXMIDP
2024-12-18T01:30:00Z,2024-12-18,4,13.11,APXMIDP
2024-12-18T02:00:00Z,2024-12-18,5,20.79,APXMIDP
2024-12-18T02:30:00Z,2024-12-18,6,14.99,APXMIDP
2024-12-18T03:00:00Z,2024-12-18,7,4.13,APXMIDP
2024-12-18T03:30:00Z,2024-12-18,8,2.67,APXMIDP
2024-12-18T04:00:00Z,2024-12-18,9,3.65,APXMIDP
2024-12-18T04:30:00Z,2024-12-18,10,1.92,APXMIDP
2024-12-18T05:00:00Z,2024-12-18,11,3.31,APXMIDP
2024-12-18T05:30:00Z,2024-12-18,12,8.52,APXMIDP
2024-12-18T06:00:00Z,2024-12-18,13,30.15,APXMIDP
2024-12-18T06:30:00Z,2024-12-18,14,53.03,APXMIDP
2024-12-18T07:00:00Z,2024-12-18,15,45.56,APXMIDP
2024-12-18T07:30:00Z,2024-12-18,16,57.18,APXMIDP
2024-12-18T08:00:00Z,2024-12-18,17,51.89,APXMIDP
2024-12-18T08:30:00Z,2024-12-18,18,59.51,APXMIDP
2024-12-18T09:00:00Z,2024-12-18,19,49.15,APXMIDP
2024-12-18T09:30:00Z,2024-12-18,20,49.33,APXMIDP
2024-12-18T10:00:00Z,2024-12-18,21,53.92,APXMIDP
2024-12-18T10:30:00Z,2024-12-18,22,52.45,APXMIDP
2024-12-18T11:00:00Z,2024-12-18,23,53.57,APXMIDP
2024-12-18T11:30:00Z,2024-12-18,24,48.57,APXMIDP
2024-12-18T12:00:00Z,2024-12-18,25,51.79,APXMIDP
2024-12-18T12:30:00Z,2024-12-18,26,57.86,APXMIDP
2024-12-18T13:00:00Z,2024-12-18,27,53.97,APXMIDP
2024-12-18T13:30:00Z,2024-12-18,28,66.27,APXMIDP
2024-12-18T14:00:00Z,2024-12-18,29,64.52,APXMIDP
2024-12-18T14:30:00Z,2024-12-18,30,73.94,APXMIDP
2024-12-18T15:00:00Z,2024-12-18,31,84.95,APXMIDP
2024-12-18T15:30:00Z,2024-12-18,32,82.8,APXMIDP
2024-12-18T16:00:00Z,2024-12-18,33,79.45,APXMIDP
2024-12-18T16:30:00Z,2024-12-18,34,90.47,APXMIDP
2024-12-18T17:00:00Z,2024-12-18,35,95.78,APXMIDP
2024-12-18T17:30:00Z,2024-12-18,36,98.86,APXMIDP
2024-12-18T18:00:00Z,2024-12-18,37,103.08,APXMIDP
2024-12-18T18:30:00Z,2024-12-18,38,104.54,APXMIDP
2024-12-18T19:00:00Z,2024-12-18,39,98.35,APXMIDP
2024-12-18T19:30:00Z,2024-12-18,40,92.93,APXMIDP
2024-12-18T20:00:00Z,2024-12-18,41,94.26,APXMIDP
2024-12-18T20:30:00Z,2024-12-18,42,91.63,APXMIDP
2024-12-18T21:00:00Z,2024-12-18,43,84.53,APXMIDP
2024-12-18T21:30:00Z,2024-12-18,44,84.05,APXMIDP
2024-12-18T22:00:00Z,2024-12-18,45,85.27,APXMIDP
2024-12-18T22:30:00Z,2024-12-18,46,80.12,APXMIDP
2024-12-18T23:00:00Z,2024-12-18,47,72.46,APXMIDP
2024-12-18T23:30:00Z,2024-12-18,48,48.91,APXMIDP
2024-12-19T00:00:00Z,2024-12-19,1,36.54,APXMIDP
2024-12-19T00:30:00Z,2024-12-19,2,17.9,APXMIDP
2024-12-19T01:00:00Z,2024-12-19,3,7.82,APXMIDP
2024-12-19T01:30:00Z,2024-12-19,4,-4.24,APXMIDP
2024-12-19T02:00:00Z,2024-12-19,5,-2.63,APXMIDP
2024-12-19T02:30:00Z,2024-12-19,6,-5.42,APXMIDP
2024-12-19T03:00:00Z,2024-12-19,7,-10.22,APXMIDP
2024-12-19T03:30:00Z,2024-12-19,8,-12.27,APXMIDP
2024-12-19T04:00:00Z,2024-12-19,9,-8.22,APXMIDP
2024-12-19T04:30:00Z,2024-12-19,10,-7.47,APXMIDP
2024-12-19T05:00:00Z,2024-12-19,11,1.57,APXMIDP
2024-12-19T05:30:00Z,2024-12-19,12,11.63,APXMIDP
2024-12-19T06:00:00Z,2024-12-19,13,22.21,APXMIDP
2024-12-19T06:30:00Z,2024-12-19,14,50.81,APXMIDP
2024-12-19T07:00:00Z,2024-12-19,15,36.39,APXMIDP
2024-12-19T07:30:00Z,2024-12-19,16,65.03,APXMIDP
2024-12-19T08:00:00Z,2024-12-19,17,81.74,APXMIDP
2024-12-19T08:30:00Z,2024-12-19,18,81.13,APXMIDP
2024-12-19T09:00:00Z,2024-12-19,19,87.11,APXMIDP
2024-12-19T09:30:00Z,2024-12-19,20,87.14,APXMIDP
2024-12-19T10:00:00Z,2024-12-19,21,83.86,APXMIDP
2024-12-19T10:30:00Z,2024-12-19,22,66.83,APXMIDP
2024-12-19T11:00:00Z,2024-12-19,23,64.75,APXMIDP
2024-12-19T11:30:00Z,2024-12-19,24,56.74,APXMIDP
2024-12-19T12:00:00Z,2024-12-19,25,51.45,APXMIDP
2024-12-19T12:30:00Z,2024-12-19,26,48.18,APXMIDP
2024-12-19T13:00:00Z,2024-12-19,27,43.81,APXMIDP
2024-12-19T13:30:00Z,2024-12-19,28,50.53,APXMIDP
2024-12-19T14:00:00Z,2024-12-19,29,57.31,APXMIDP
2024-12-19T14:30:00Z,2024-12-19,30,66.22,APXMIDP
2024-12-19T15:00:00Z,2024-12-19,31,63.48,APXMIDP
2024-12-19T15:30:00Z,2024-12-19,32,75.34,APXMIDP
2024-12-19T16:00:00Z,2024-12-19,33,82.32,APXMIDP
2024-12-19T16:30:00Z,2024-12-19,34,92.49,APXMIDP
2024-12-19T17:00:00Z,2024-12-19,35,95.58,APXMIDP
2024-12-19T17:30:00Z,2024-12-19,36,97.76,APXMIDP
2024-12-19T18:00:00Z,2024-12-19,37,96.16,APXMIDP
2024-12-19T18:30:00Z,2024-12-19,38,93.94,APXMIDP
2024-12-19T19:00:00Z,2024-12-19,39,97.28,APXMIDP
2024-12-19T19:30:00Z,2024-12-19,40,97.99,APXMIDP
2024-12-19T20:00:00Z,2024-12-19,41,98.05,APXMIDP
2024-12-19T20:30:00Z,2024-12-19,42,94.15,APXMIDP
2024-12-19T21:00:00Z,2024-12-19,43,96.68,APXMIDP
2024-12-19T21:30:00Z,2024-12-19,44,98.98,APXMIDP
2024-12-19T22:00:00Z,2024-12-19,45,97.02,APXMIDP
2024-12-19T22:30:00Z,2024-12-19,46,91.04,APXMIDP
2024-12-19T23:00:00Z,2024-12-19,47,81.58,APXMIDP
2024-12-19T23:30:00Z,2024-12-19,48,69.44,APXMIDP
2024-12-20T00:00:00Z,2024-12-20,1,79.26,APXMIDP
2024-12-20T00:30:00Z,2024-12-20,2,76.28,APXMIDP
2024-12-20T01:00:00Z,2024-12-20,3,74.81,APXMIDP
2024-12-20T01:30:00Z,2024-12-20,4,64.61,APXMIDP
2024-12-20T02:00:00Z,2024-12-20,5,47.05,APXMIDP
2024-12-20T02:30:00Z,2024-12-20,6,41.25,APXMIDP
2024-12-20T03:00:00Z,2024-12-20,7,55.92,APXMIDP
2024-12-20T03:30:00Z,2024-12-20,8,45.41,APXMIDP
2024-12-20T04:00:00Z,2024-12-20,9,59.95,APXMIDP
2024-12-20T04:30:00Z,2024-12-20,10,52.39,APXMIDP
2024-12-20T05:00:00Z,2024-12-20,11,78.72,APXMIDP
2024-12-20T05:30:00Z,2024-12-20,12,82.92,APXMIDP
2024-12-20T06:00:00Z,2024-12-20,13,97.68,APXMIDP
2024-12-20T06:30:00Z,2024-12-20,14,102.4,APXMIDP
2024-12-20T07:00:00Z,2024-12-20,15,102.85,APXMIDP
2024-12-20T07:30:00Z,2024-12-20,16,107.22,APXMIDP
2024-12-20T08:00:00Z,2024-12-20,17,106.15,APXMIDP
2024-12-20T08:30:00Z,2024-12-20,18,107.18,APXMIDP
2024-12-20T09:00:00Z,2024-12-20,19,103.96,APXMIDP
2024-12-20T09:30:00Z,2024-12-20,20,102.0,APXMIDP
2024-12-20T10:00:00Z,2024-12-20,21,93.93,APXMIDP
2024-12-20T10:30:00Z,2024-12-20,22,87.65,APXMIDP
2024-12-20T11:00:00Z,2024-12-20,23,75.88,APXMIDP
2024-12-20T11:30:00Z,2024-12-20,24,71.91,APXMIDP
2024-12-20T12:00:00Z,2024-12-20,25,78.91,APXMIDP
2024-12-20T12:30:00Z,2024-12-20,26,83.96,APXMIDP
2024-12-20T13:00:00Z,2024-12-20,27,80.66,APXMIDP
2024-12-20T13:30:00Z,2024-12-20,28,75.07,APXMIDP
2024-12-20T14:00:00Z,2024-12-20,29,79.84,APXMIDP
2024-12-20T14:30:00Z,2024-12-20,30,68.65,APXMIDP
2024-12-20T15:00:00Z,2024-12-20,31,57.36,APXMIDP
2024-12-20T15:30:00Z,2024-12-20,32,81.12,APXMIDP
2024-12-20T16:00:00Z,2024-12-20,33,84.82,APXMIDP
2024-12-20T16:30:00Z,2024-12-20,34,86.63,APXMIDP
2024-12-20T17:00:00Z,2024-12-20,35,92.87,APXMIDP
2024-12-20T17:30:00Z,2024-12-20,36,92.42,APXMIDP
2024-12-20T18:00:00Z,2024-12-20,37,86.55,APXMIDP
2024-12-20T18:30:00Z,2024-12-20,38,85.59,APXMIDP
2024-12-20T19:00:00Z,2024-12-20,39,72.99,APXMIDP
2024-12-20T19:30:00Z,2024-12-20,40,61.4,APXMIDP
2024-12-20T20:00:00Z,2024-12-20,41,69.93,APXMIDP
2024-12-20T20:30:00Z,2024-12-20,42,72.18,APXMIDP
2024-12-20T21:00:00Z,2024-12-20,43,73.96,APXMIDP
2024-12-20T21:30:00Z,2024-12-20,44,61.42,APXMIDP
2024-12-20T22:00:00Z,2024-12-20,45,44.47,APXMIDP
2024-12-20T22:30:00Z,2024-12-20,46,27.13,APXMIDP
2024-12-20T23:00:00Z,2024-12-20,47,15.75,APXMIDP
2024-12-20T23:30:00Z,2024-12-20,48,5.79,APXMIDP
2024-12-21T00:00:00Z,2024-12-21,1,6.13,APXMIDP
2024-12-21T00:30:00Z,2024-12-21,2,5.67,APXMIDP
2024-12-21T01:00:00Z,2024-12-21,3,9.37,APXMIDP
2024-12-21T01:30:00Z,2024-12-21,4,4.47,APXMIDP
2024-12-21T02:00:00Z,2024-12-21,5,9.53,APXMIDP
2024-12-21T02:30:00Z,2024-12-21,6,6.57,APXMIDP
2024-12-21T03:00:00Z,2024-12-21,7,7.43,APXMIDP
2024-12-21T03:30:00Z,2024-12-21,8,3.01,APXMIDP
2024-12-21T04:00:00Z,2024-12-21,9,7.31,APXMIDP
2024-12-21T04:30:00Z,2024-12-21,10,0.75,APXMIDP
2024-12-21T05:00:00Z,2024-12-21,11,1.64,APXMIDP
2024-12-21T05:30:00Z,2024-12-21,12,2.87,APXMIDP
2024-12-21T06:00:00Z,2024-12-21,13,1.55,APXMIDP
2024-12-21T06:30:00Z,2024-12-21,14,8.23,APXMIDP
2024-12-21T07:00:00Z,2024-12-21,15,11.56,APXMIDP
2024-12-21T07:30:00Z,2024-12-21,16,17.06,APXMIDP
2024-12-21T08:00:00Z,2024-12-21,17,12.59,APXMIDP
2024-12-21T08:30:00Z,2024-12-21,18,20.6,APXMIDP
2024-12-21T09:00:00Z,2024-12-21,19,14.28,APXMIDP
2024-12-21T09:30:00Z,2024-12-21,20,24.06,APXMIDP
2024-12-21T10:00:00Z,2024-12-21,21,18.31,APXMIDP
2024-12-21T10:30:00Z,2024-12-21,22,17.57,APXMIDP
2024-12-21T11:00:00Z,2024-12-21,23,17.7,APXMIDP
2024-12-21T11:30:00Z,2024-12-21,24,19.04,APXMIDP
2024-12-21T12:00:00Z,2024-12-21,25,13.41,APXMIDP
2024-12-21T12:30:00Z,2024-12-21,26,12.4,APXMIDP
2024-12-21T13:00:00Z,2024-12-21,27,13.49,APXMIDP
2024-12-21T13:30:00Z,2024-12-21,28,11.37,APXMIDP
2024-12-21T14:00:00Z,2024-12-21,29,14.56,APXMIDP
2024-12-21T14:30:00Z,2024-12-21,30,14.74,APXMIDP
2024-12-21T15:00:00Z,2024-12-21,31,18.24,APXMIDP
2024-12-21T15:30:00Z,2024-12-21,32,23.25,APXMIDP
2024-12-21T16:00:00Z,2024-12-21,33,21.29,APXMIDP
2024-12-21T16:30:00Z,2024-12-21,34,29.1,APXMIDP
2024-12-21T17:00:00Z,2024-12-21,35,28.66,APXMIDP
2024-12-21T17:30:00Z,2024-12-21,36,26.1,APXMIDP
2024-12-21T18:00:00Z,2024-12-21,37,23.2,APXMIDP
2024-12-21T18:30:00Z,2024-12-21,38,13.02,APXMIDP
2024-12-21T19:00:00Z,2024-12-21,39,11.95,APXMIDP
2024-12-21T19:30:00Z,2024-12-21,40,5.32,APXMIDP
2024-12-21T20:00:00Z,2024-12-21,41,9.68,APXMIDP
2024-12-21T20:30:00Z,2024-12-21,42,3.68,APXMIDP
2024-12-21T21:00:00Z,2024-12-21,43,10.67,APXMIDP
2024-12-21T21:30:00Z,2024-12-21,44,3.41,APXMIDP
2024-12-21T22:00:00Z,2024-12-21,45,3.25,APXMIDP
2024-12-21T22:30:00Z,2024-12-21,46,0.85,APXMIDP
2024-12-21T23:00:00Z,2024-12-21,47,1.35,APXMIDP
2024-12-21T23:30:00Z,2024-12-21,48,-6.83,APXMIDP
2024-12-22T00:00:00Z,2024-12-22,1,6.64,APXMIDP
2024-12-22T00:30:00Z,2024-12-22,2,10.57,APXMIDP
2024-12-22T01:00:00Z,2024-12-22,3,1.83,APXMIDP
2024-12-22T01:30:00Z,2024-12-22,4,-2.92,APXMIDP
2024-12-22T02:00:00Z,2024-12-22,5,1.95,APXMIDP
2024-12-22T02:30:00Z,2024-12-22,6,-0.94,APXMIDP
2024-12-22T03:30:00Z,2024-12-22,8,-2.61,APXMIDP
2024-12-22T04:00:00Z,2024-12-22,9,-1.32,APXMIDP
2024-12-22T04:30:00Z,2024-12-22,10,-1.31,APXMIDP
2024-12-22T05:00:00Z,2024-12-22,11,-2.11,APXMIDP
2024-12-22T05:30:00Z,2024-12-22,12,-0.86,APXMIDP
2024-12-22T06:00:00Z,2024-12-22,13,3.79,APXMIDP
2024-12-22T06:30:00Z,2024-12-22,14,7.61,APXMIDP
2024-12-22T07:00:00Z,2024-12-22,15,17.97,APXMIDP
2024-12-22T07:30:00Z,2024-12-22,16,32.56,APXMIDP
2024-12-22T08:00:00Z,2024-12-22,17,48.98,APXMIDP
2024-12-22T08:30:00Z,2024-12-22,18,61.89,APXMIDP
2024-12-22T09:00:00Z,2024-12-22,19,47.88,APXMIDP
2024-12-22T09:30:00Z,2024-12-22,20,62.78,APXMIDP
2024-12-22T10:00:00Z,2024-12-22,21,56.86,APXMIDP
2024-12-22T10:30:00Z,2024-12-22,22,53.32,APXMIDP
2024-12-22T11:00:00Z,2024-12-22,23,47.16,APXMIDP
2024-12-22T11:30:00Z,2024-12-22,24,42.44,APXMIDP
2024-12-22T12:00:00Z,2024-12-22,25,37.35,APXMIDP
2024-12-22T12:30:00Z,2024-12-22,26,37.51,APXMIDP
2024-12-22T13:00:00Z,2024-12-22,27,28.78,APXMIDP
2024-12-22T13:30:00Z,2024-12-22,28,28.88,APXMIDP
2024-12-22T14:00:00Z,2024-12-22,29,39.51,APXMIDP
2024-12-22T14:30:00Z,2024-12-22,30,44.16,APXMIDP
2024-12-22T15:00:00Z,2024-12-22,31,53.86,APXMIDP
2024-12-22T15:30:00Z,2024-12-22,32,65.28,APXMIDP
2024-12-22T16:00:00Z,2024-12-22,33,71.14,APXMIDP
2024-12-22T16:30:00Z,2024-12-22,34,82.51,APXMIDP
2024-12-22T17:00:00Z,2024-12-22,35,85.27,APXMIDP
2024-12-22T17:30:00Z,2024-12-22,36,85.43,APXMIDP
2024-12-22T18:00:00Z,2024-12-22,37,87.33,APXMIDP
2024-12-22T18:30:00Z,2024-12-22,38,83.3,APXMIDP
2024-12-22T19:00:00Z,2024-12-22,39,88.96,APXMIDP
2024-12-22T19:30:00Z,2024-12-22,40,81.21,APXMIDP
2024-12-22T20:00:00Z,2024-12-22,41,83.51,APXMIDP
2024-12-22T20:30:00Z,2024-12-22,42,76.16,APXMIDP
2024-12-22T21:00:00Z,2024-12-22,43,71.1,APXMIDP
2024-12-22T21:30:00Z,2024-12-22,44,62.6,APXMIDP
2024-12-22T22:00:00Z,2024-12-22,45,67.64,APXMIDP
2024-12-22T22:30:00Z,2024-12-22,46,53.14,APXMIDP
2024-12-22T23:00:00Z,2024-12-22,47,56.03,APXMIDP
2024-12-22T23:30:00Z,2024-12-22,48,35.1,APXMIDP
2024-12-23T00:00:00Z,2024-12-23,1,17.24,APXMIDP
2024-12-23T00:30:00Z,2024-12-23,2,25.95,APXMIDP
2024-12-23T01:00:00Z,2024-12-23,3,18.08,APXMIDP
2024-12-23T01:30:00Z,2024-12-23,4,17.08,APXMIDP
2024-12-23T02:00:00Z,2024-12-23,5,29.21,APXMIDP
2024-12-23T02:30:00Z,2024-12-23,6,27.3,APXMIDP
2024-12-23T03:00:00Z,2024-12-23,7,14.44,APXMIDP
2024-12-23T03:30:00Z,2024-12-23,8,21.99,APXMIDP
2024-12-23T04:00:00Z,2024-12-23,9,19.64,APXMIDP
2024-12-23T04:30:00Z,2024-12-23,10,23.0,APXMIDP
2024-12-23T05:00:00Z,2024-12-23,11,27.35,APXMIDP
2024-12-23T05:30:00Z,2024-12-23,12,52.98,APXMIDP
2024-12-23T06:00:00Z,2024-12-23,13,60.67,APXMIDP
2024-12-23T06:30:00Z,2024-12-23,14,93.93,APXMIDP
2024-12-23T07:00:00Z,2024-12-23,15,98.09,APXMIDP
2024-12-23T07:30:00Z,2024-12-23,16,101.9,APXMIDP
2024-12-23T08:00:00Z,2024-12-23,17,101.25,APXMIDP
2024-12-23T08:30:00Z,2024-12-23,18,99.75,APXMIDP
2024-12-23T09:00:00Z,2024-12-23,19,96.36,APXMIDP
2024-12-23T09:30:00Z,2024-12-23,20,99.65,APXMIDP
2024-12-23T10:00:00Z,2024-12-23,21,94.69,APXMIDP
2024-12-23T10:30:00Z,2024-12-23,22,94.76,APXMIDP
2024-12-23T11:00:00Z,2024-12-23,23,102.13,APXMIDP
2024-12-23T11:30:00Z,2024-12-23,24,101.82,APXMIDP
2024-12-23T12:00:00Z,2024-12-23,25,99.59,APXMIDP
2024-12-23T12:30:00Z,2024-12-23,26,95.79,APXMIDP
2024-12-23T13:00:00Z,2024-12-23,27,93.87,APXMIDP
2024-12-23T13:30:00Z,2024-12-23,28,90.96,APXMIDP
2024-12-23T14:00:00Z,2024-12-23,29,86.09,APXMIDP
2024-12-23T14:30:00Z,2024-12-23,30,82.87,APXMIDP
2024-12-23T15:00:00Z,2024-12-23,31,89.82,APXMIDP
2024-12-23T15:30:00Z,2024-12-23,32,98.61,APXMIDP
2024-12-23T16:00:00Z,2024-12-23,33,96.03,APXMIDP
2024-12-23T16:30:00Z,2024-12-23,34,97.34,APXMIDP
2024-12-23T17:00:00Z,2024-12-23,35,100.14,APXMIDP
2024-12-23T17:30:00Z,2024-12-23,36,100.72,APXMIDP
2024-12-23T18:00:00Z,2024-12-23,37,103.26,APXMIDP
2024-12-23T18:30:00Z,2024-12-23,38,100.41,APXMIDP
2024-12-23T19:00:00Z,2024-12-23,39,93.3,APXMIDP
2024-12-23T19:30:00Z,2024-12-23,40,89.99,APXMIDP
2024-12-23T20:00:00Z,2024-12-23,41,85.9,APXMIDP
2024-12-23T20:30:00Z,2024-12-23,42,84.99,APXMIDP
2024-12-23T21:00:00Z,2024-12-23,43,92.16,APXMIDP
2024-12-23T21:30:00Z,2024-12-23,44,94.03,APXMIDP
2024-12-23T22:00:00Z,2024-12-23,45,86.54,APXMIDP
2024-12-23T22:30:00Z,2024-12-23,46,79.01,APXMIDP
2024-12-23T23:00:00Z,2024-12-23,47,71.4,APXMIDP
2024-12-23T23:30:00Z,2024-12-23,48,58.69,APXMIDP
2024-12-24T00:00:00Z,2024-12-24,1,77.43,APXMIDP
2024-12-24T00:30:00Z,2024-12-24,2,80.55,APXMIDP
2024-12-24T01:00:00Z,2024-12-24,3,80.08,APXMIDP
2024-12-24T01:30:00Z,2024-12-24,4,70.03,APXMIDP
2024-12-24T02:00:00Z,2024-12-24,5,75.36,APXMIDP
2024-12-24T02:30:00Z,2024-12-24,6,75.57,APXMIDP
2024-12-24T03:00:00Z,2024-12-24,7,84.77,APXMIDP
2024-12-24T03:30:00Z,2024-12-24,8,81.66,APXMIDP
2024-12-24T04:00:00Z,2024-12-24,9,81.92,APXMIDP
2024-12-24T04:30:00Z,2024-12-24,10,78.85,APXMIDP
2024-12-24T05:00:00Z,2024-12-24,11,86.72,APXMIDP
2024-12-24T05:30:00Z,2024-12-24,12,85.24,APXMIDP
2024-12-24T06:00:00Z,2024-12-24,13,90.69,APXMIDP
2024-12-24T06:30:00Z,2024-12-24,14,96.16,APXMIDP
2024-12-24T07:00:00Z,2024-12-24,15,99.65,APXMIDP
2024-12-24T07:30:00Z,2024-12-24,16,109.46,APXMIDP
2024-12-24T08:00:00Z,2024-12-24,17,106.1,APXMIDP
2024-12-24T08:30:00Z,2024-12-24,18,109.25,APXMIDP
2024-12-24T09:00:00Z,2024-12-24,19,103.17,APXMIDP
2024-12-24T09:30:00Z,2024-12-24,20,100.57,APXMIDP
2024-12-24T10:00:00Z,2024-12-24,21,102.7,APXMIDP
2024-12-24T10:30:00Z,2024-12-24,22,99.46,APXMIDP
2024-12-24T11:00:00Z,2024-12-24,23,96.46,APXMIDP
2024-12-24T11:30:00Z,2024-12-24,24,99.26,APXMIDP
2024-12-24T12:00:00Z,2024-12-24,25,97.7,APXMIDP
2024-12-24T12:30:00Z,2024-12-24,26,97.9,APXMIDP
2024-12-24T13:00:00Z,2024-12-24,27,97.81,APXMIDP
2024-12-24T13:30:00Z,2024-12-24,28,94.09,APXMIDP
2024-12-24T14:00:00Z,2024-12-24,29,95.13,APXMIDP
2024-12-24T14:30:00Z,2024-12-24,30,92.71,APXMIDP
2024-12-24T15:00:00Z,2024-12-24,31,100.52,APXMIDP
2024-12-24T15:30:00Z,2024-12-24,32,104.31,APXMIDP
2024-12-24T16:00:00Z,2024-12-24,33,104.82,APXMIDP
2024-12-24T16:30:00Z,2024-12-24,34,110.41,APXMIDP
2024-12-24T17:00:00Z,2024-12-24,35,107.78,APXMIDP
2024-12-24T17:30:00Z,2024-12-24,36,107.9,APXMIDP
2024-12-24T18:00:00Z,2024-12-24,37,107.64,APXMIDP
2024-12-24T18:30:00Z,2024-12-24,38,103.02,APXMIDP
2024-12-24T19:00:00Z,2024-12-24,39,101.62,APXMIDP
2024-12-24T19:30:00Z,2024-12-24,40,101.34,APXMIDP
2024-12-24T20:00:00Z,2024-12-24,41,98.29,APXMIDP
2024-12-24T20:30:00Z,2024-12-24,42,87.43,APXMIDP
2024-12-24T21:00:00Z,2024-12-24,43,85.09,APXMIDP
2024-12-24T21:30:00Z,2024-12-24,44,77.64,APXMIDP
2024-12-24T22:00:00Z,2024-12-24,45,77.22,APXMIDP
2024-12-24T22:30:00Z,2024-12-24,46,69.46,APXMIDP
2024-12-24T23:00:00Z,2024-12-24,47,77.22,APXMIDP
2024-12-24T23:30:00Z,2024-12-24,48,67.96,APXMIDP
2024-12-25T00:00:00Z,2024-12-25,1,73.76,APXMIDP
2024-12-25T00:30:00Z,2024-12-25,2,81.14,APXMIDP
2024-12-25T01:00:00Z,2024-12-25,3,77.05,APXMIDP
2024-12-25T01:30:00Z,2024-12-25,4,72.33,APXMIDP
2024-12-25T02:00:00Z,2024-12-25,5,72.22,APXMIDP
2024-12-25T02:30:00Z,2024-12-25,6,63.25,APXMIDP
2024-12-25T03:00:00Z,2024-12-25,7,67.67,APXMIDP
2024-12-25T03:30:00Z,2024-12-25,8,65.43,APXMIDP
2024-12-25T04:00:00Z,2024-12-25,9,73.49,APXMIDP
2024-12-25T04:30:00Z,2024-12-25,10,70.82,APXMIDP
2024-12-25T05:00:00Z,2024-12-25,11,68.92,APXMIDP
2024-12-25T05:30:00Z,2024-12-25,12,69.97,APXMIDP
2024-12-25T06:00:00Z,2024-12-25,13,63.06,APXMIDP
2024-12-25T06:30:00Z,2024-12-25,14,62.65,APXMIDP
2024-12-25T07:00:00Z,2024-12-25,15,68.46,APXMIDP
2024-12-25T07:30:00Z,2024-12-25,16,74.02,APXMIDP
2024-12-25T08:00:00Z,2024-12-25,17,60.85,APXMIDP
2024-12-25T08:30:00Z,2024-12-25,18,78.62,APXMIDP
2024-12-25T09:00:00Z,2024-12-25,19,71.86,APXMIDP
2024-12-25T09:30:00Z,2024-12-25,20,74.2,APXMIDP
2024-12-25T10:00:00Z,2024-12-25,21,76.14,APXMIDP
2024-12-25T10:30:00Z,2024-12-25,22,83.95,APXMIDP
2024-12-25T11:00:00Z,2024-12-25,23,96.45,APXMIDP
2024-12-25T11:30:00Z,2024-12-25,24,103.43,APXMIDP
2024-12-25T12:00:00Z,2024-12-25,25,109.46,APXMIDP
2024-12-25T12:30:00Z,2024-12-25,26,111.84,APXMIDP
2024-12-25T13:00:00Z,2024-12-25,27,114.37,APXMIDP
2024-12-25T13:30:00Z,2024-12-25,28,116.06,APXMIDP
2024-12-25T14:00:00Z,2024-12-25,29,116.42,APXMIDP
2024-12-25T14:30:00Z,2024-12-25,30,116.37,APXMIDP
2024-12-25T15:00:00Z,2024-12-25,31,118.32,APXMIDP
2024-12-25T15:30:00Z,2024-12-25,32,115.16,APXMIDP
2024-12-25T16:00:00Z,2024-12-25,33,108.53,APXMIDP
2024-12-25T16:30:00Z,2024-12-25,34,103.96,APXMIDP
2024-12-25T17:00:00Z,2024-12-25,35,106.8,APXMIDP
2024-12-25T17:30:00Z,2024-12-25,36,101.81,APXMIDP
2024-12-25T18:00:00Z,2024-12-25,37,105.46,APXMIDP
2024-12-25T18:30:00Z,2024-12-25,38,98.41,APXMIDP
2024-12-25T19:00:00Z,2024-12-25,39,91.87,APXMIDP
2024-12-25T19:30:00Z,2024-12-25,40,91.75,APXMIDP
2024-12-25T20:00:00Z,2024-12-25,41,88.71,APXMIDP
2024-12-25T20:30:00Z,2024-12-25,42,88.85,APXMIDP
2024-12-25T21:00:00Z,2024-12-25,43,94.81,APXMIDP
2024-12-25T21:30:00Z,2024-12-25,44,94.69,APXMIDP
2024-12-25T22:00:00Z,2024-12-25,45,93.0,APXMIDP
2024-12-25T22:30:00Z,2024-12-25,46,95.09,APXMIDP
2024-12-25T23:00:00Z,2024-12-25,47,87.28,APXMIDP
2024-12-25T23:30:00Z,2024-12-25,48,85.57,APXMIDP
2024-12-26T00:00:00Z,2024-12-26,1,79.76,APXMIDP
2024-12-26T00:30:00Z,2024-12-26,2,87.41,APXMIDP
2024-12-26T01:00:00Z,2024-12-26,3,87.28,APXMIDP
2024-12-26T01:30:00Z,2024-12-26,4,86.61,APXMIDP
2024-12-26T02:00:00Z,2024-12-26,5,84.45,APXMIDP
2024-12-26T02:30:00Z,2024-12-26,6,85.71,APXMIDP
2024-12-26T03:00:00Z,2024-12-26,7,83.93,APXMIDP
2024-12-26T03:30:00Z,2024-12-26,8,82.79,APXMIDP
2024-12-26T04:00:00Z,2024-12-26,9,78.94,APXMIDP
2024-12-26T04:30:00Z,2024-12-26,10,76.53,APXMIDP
2024-12-26T05:00:00Z,2024-12-26,11,70.9,APXMIDP
2024-12-26T05:30:00Z,2024-12-26,12,67.24,APXMIDP
2024-12-26T06:00:00Z,2024-12-26,13,79.86,APXMIDP
2024-12-26T06:30:00Z,2024-12-26,14,72.95,APXMIDP
2024-12-26T07:00:00Z,2024-12-26,15,93.17,APXMIDP
2024-12-26T07:30:00Z,2024-12-26,16,103.41,APXMIDP
2024-12-26T08:00:00Z,2024-12-26,17,87.18,APXMIDP
2024-12-26T08:30:00Z,2024-12-26,18,97.1,APXMIDP
2024-12-26T09:00:00Z,2024-12-26,19,99.24,APXMIDP
2024-12-26T09:30:00Z,2024-12-26,20,108.87,APXMIDP
2024-12-26T10:00:00Z,2024-12-26,21,111.55,APXMIDP
2024-12-26T10:30:00Z,2024-12-26,22,110.15,APXMIDP
2024-12-26T11:00:00Z,2024-12-26,23,116.39,APXMIDP
2024-12-26T11:30:00Z,2024-12-26,24,118.36,APXMIDP
2024-12-26T12:00:00Z,2024-12-26,25,120.08,APXMIDP
2024-12-26T12:30:00Z,2024-12-26,26,120.99,APXMIDP
2024-12-26T13:00:00Z,2024-12-26,27,122.13,APXMIDP
2024-12-26T13:30:00Z,2024-12-26,28,124.1,APXMIDP
2024-12-26T14:00:00Z,2024-12-26,29,122.89,APXMIDP
2024-12-26T14:30:00Z,2024-12-26,30,121.6,APXMIDP
2024-12-26T15:00:00Z,2024-12-26,31,122.96,APXMIDP
2024-12-26T15:30:00Z,2024-12-26,32,124.27,APXMIDP
2024-12-26T16:00:00Z,2024-12-26,33,122.59,APXMIDP
2024-12-26T16:30:00Z,2024-12-26,34,125.46,APXMIDP
2024-12-26T17:00:00Z,2024-12-26,35,128.13,APXMIDP
2024-12-26T17:30:00Z,2024-12-26,36,127.57,APXMIDP
2024-12-26T18:00:00Z,2024-12-26,37,127.49,APXMIDP
2024-12-26T18:30:00Z,2024-12-26,38,124.93,APXMIDP
2024-12-26T19:00:00Z,2024-12-26,39,117.61,APXMIDP
2024-12-26T19:30:00Z,2024-12-26,40,116.34,APXMIDP
2024-12-26T20:00:00Z,2024-12-26,41,113.58,APXMIDP
2024-12-26T20:30:00Z,2024-12-26,42,110.96,APXMIDP
2024-12-26T21:00:00Z,2024-12-26,43,106.02,APXMIDP
2024-12-26T21:30:00Z,2024-12-26,44,106.67,APXMIDP
2024-12-26T22:00:00Z,2024-12-26,45,108.27,APXMIDP
2024-12-26T22:30:00Z,2024-12-26,46,110.01,APXMIDP
2024-12-26T23:00:00Z,2024-12-26,47,108.57,APXMIDP
2024-12-26T23:30:00Z,2024-12-26,48,101.08,APXMIDP
2024-12-27T00:00:00Z,2024-12-27,1,100.28,APXMIDP
2024-12-27T00:30:00Z,2024-12-27,2,100.59,APXMIDP
2024-12-27T01:00:00Z,2024-12-27,3,96.2,APXMIDP
2024-12-27T01:30:00Z,2024-12-27,4,91.2,APXMIDP
2024-12-27T02:00:00Z,2024-12-27,5,93.45,APXMIDP
2024-12-27T02:30:00Z,2024-12-27,6,90.74,APXMIDP
2024-12-27T03:00:00Z,2024-12-27,7,91.84,APXMIDP
2024-12-27T03:30:00Z,2024-12-27,8,87.64,APXMIDP
2024-12-27T04:00:00Z,2024-12-27,9,89.98,APXMIDP
2024-12-27T04:30:00Z,2024-12-27,10,85.54,APXMIDP
2024-12-27T05:00:00Z,2024-12-27,11,100.49,APXMIDP
2024-12-27T05:30:00Z,2024-12-27,12,94.45,APXMIDP
2024-12-27T06:00:00Z,2024-12-27,13,109.01,APXMIDP
2024-12-27T06:30:00Z,2024-12-27,14,100.02,APXMIDP
2024-12-27T07:00:00Z,2024-12-27,15,100.25,APXMIDP
2024-12-27T07:30:00Z,2024-12-27,16,101.83,APXMIDP
2024-12-27T08:00:00Z,2024-12-27,17,95.43,APXMIDP
2024-12-27T08:30:00Z,2024-12-27,18,100.5,APXMIDP
2024-12-27T09:00:00Z,2024-12-27,19,95.01,APXMIDP
2024-12-27T09:30:00Z,2024-12-27,20,106.22,APXMIDP
2024-12-27T10:00:00Z,2024-12-27,21,98.51,APXMIDP
2024-12-27T10:30:00Z,2024-12-27,22,101.48,APXMIDP
2024-12-27T11:00:00Z,2024-12-27,23,106.82,APXMIDP
2024-12-27T11:30:00Z,2024-12-27,24,105.45,APXMIDP
2024-12-27T12:00:00Z,2024-12-27,25,108.58,APXMIDP
2024-12-27T12:30:00Z,2024-12-27,26,113.63,APXMIDP
2024-12-27T13:00:00Z,2024-12-27,27,116.53,APXMIDP
2024-12-27T13:30:00Z,2024-12-27,28,116.4,APXMIDP
2024-12-27T14:00:00Z,2024-12-27,29,121.5,APXMIDP
2024-12-27T14:30:00Z,2024-12-27,30,120.8,APXMIDP
2024-12-27T15:00:00Z,2024-12-27,31,135.83,APXMIDP
2024-12-27T15:30:00Z,2024-12-27,32,136.06,APXMIDP
2024-12-27T16:00:00Z,2024-12-27,33,142.31,APXMIDP
2024-12-27T16:30:00Z,2024-12-27,34,145.51,APXMIDP
2024-12-27T17:00:00Z,2024-12-27,35,147.01,APXMIDP
2024-12-27T17:30:00Z,2024-12-27,36,147.15,APXMIDP
2024-12-27T18:00:00Z,2024-12-27,37,148.73,APXMIDP
2024-12-27T18:30:00Z,2024-12-27,38,141.42,APXMIDP
2024-12-27T19:00:00Z,2024-12-27,39,130.82,APXMIDP
2024-12-27T19:30:00Z,2024-12-27,40,123.89,APXMIDP
2024-12-27T20:00:00Z,2024-12-27,41,122.47,APXMIDP
2024-12-27T20:30:00Z,2024-12-27,42,119.63,APXMIDP
2024-12-27T21:00:00Z,2024-12-27,43,117.42,APXMIDP
2024-12-27T21:30:00Z,2024-12-27,44,115.37,APXMIDP
2024-12-27T22:00:00Z,2024-12-27,45,111.01,APXMIDP
2024-12-27T22:30:00Z,2024-12-27,46,109.39,APXMIDP
2024-12-27T23:00:00Z,2024-12-27,47,109.15,APXMIDP
2024-12-27T23:30:00Z,2024-12-27,48,112.36,APXMIDP
2024-12-28T00:00:00Z,2024-12-28,1,105.02,APXMIDP
2024-12-28T00:30:00Z,2024-12-28,2,105.42,APXMIDP
2024-12-28T01:00:00Z,2024-12-28,3,100.66,APXMIDP
2024-12-28T01:30:00Z,2024-12-28,4,96.96,APXMIDP
2024-12-28T02:00:00Z,2024-12-28,5,95.41,APXMIDP
2024-12-28T02:30:00Z,2024-12-28,6,92.26,APXMIDP
2024-12-28T03:00:00Z,2024-12-28,7,98.87,APXMIDP
2024-12-28T03:30:00Z,2024-12-28,8,97.15,APXMIDP
2024-12-28T04:00:00Z,2024-12-28,9,96.0,APXMIDP
2024-12-28T04:30:00Z,2024-12-28,10,94.39,APXMIDP
2024-12-28T05:00:00Z,2024-12-28,11,96.59,APXMIDP
2024-12-28T05:30:00Z,2024-12-28,12,95.88,APXMIDP
2024-12-28T06:00:00Z,2024-12-28,13,108.38,APXMIDP
2024-12-28T06:30:00Z,2024-12-28,14,97.35,APXMIDP
2024-12-28T07:00:00Z,2024-12-28,15,114.04,APXMIDP
2024-12-28T07:30:00Z,2024-12-28,16,119.58,APXMIDP
2024-12-28T08:00:00Z,2024-12-28,17,113.12,APXMIDP
2024-12-28T08:30:00Z,2024-12-28,18,120.95,APXMIDP
2024-12-28T09:00:00Z,2024-12-28,19,108.56,APXMIDP
2024-12-28T09:30:00Z,2024-12-28,20,109.94,APXMIDP
2024-12-28T10:00:00Z,2024-12-28,21,106.86,APXMIDP
2024-12-28T10:30:00Z,2024-12-28,22,107.29,APXMIDP
2024-12-28T11:00:00Z,2024-12-28,23,104.93,APXMIDP
2024-12-28T11:30:00Z,2024-12-28,24,102.8,APXMIDP
2024-12-28T12:00:00Z,2024-12-28,25,102.16,APXMIDP
2024-12-28T12:30:00Z,2024-12-28,26,101.95,APXMIDP
2024-12-28T13:00:00Z,2024-12-28,27,105.43,APXMIDP
2024-12-28T13:30:00Z,2024-12-28,28,102.16,APXMIDP
2024-12-28T14:00:00Z,2024-12-28,29,112.41,APXMIDP
2024-12-28T14:30:00Z,2024-12-28,30,103.44,APXMIDP
2024-12-28T15:00:00Z,2024-12-28,31,115.81,APXMIDP
2024-12-28T15:30:00Z,2024-12-28,32,109.79,APXMIDP
2024-12-28T16:00:00Z,2024-12-28,33,125.37,APXMIDP
2024-12-28T16:30:00Z,2024-12-28,34,131.43,APXMIDP
2024-12-28T17:00:00Z,2024-12-28,35,130.6,APXMIDP
2024-12-28T17:30:00Z,2024-12-28,36,128.78,APXMIDP
2024-12-28T18:00:00Z,2024-12-28,37,119.89,APXMIDP
2024-12-28T18:30:00Z,2024-12-28,38,114.31,APXMIDP
2024-12-28T19:00:00Z,2024-12-28,39,108.56,APXMIDP
2024-12-28T19:30:00Z,2024-12-28,40,102.34,APXMIDP
2024-12-28T20:00:00Z,2024-12-28,41,100.9,APXMIDP
2024-12-28T20:30:00Z,2024-12-28,42,102.94,APXMIDP
2024-12-28T21:00:00Z,2024-12-28,43,103.52,APXMIDP
2024-12-28T21:30:00Z,2024-12-28,44,104.81,APXMIDP
2024-12-28T22:00:00Z,2024-12-28,45,104.87,APXMIDP
2024-12-28T22:30:00Z,2024-12-28,46,102.52,APXMIDP
2024-12-28T23:00:00Z,2024-12-28,47,97.56,APXMIDP
2024-12-28T23:30:00Z,2024-12-28,48,87.37,APXMIDP
2024-12-29T00:00:00Z,2024-12-29,1,83.58,APXMIDP
2024-12-29T00:30:00Z,2024-12-29,2,94.86,APXMIDP
2024-12-29T01:00:00Z,2024-12-29,3,90.5,APXMIDP
2024-12-29T01:30:00Z,2024-12-29,4,91.54,APXMIDP
2024-12-29T02:00:00Z,2024-12-29,5,83.34,APXMIDP
2024-12-29T02:30:00Z,2024-12-29,6,73.73,APXMIDP
2024-12-29T03:00:00Z,2024-12-29,7,78.2,APXMIDP
2024-12-29T03:30:00Z,2024-12-29,8,77.17,APXMIDP
2024-12-29T04:00:00Z,2024-12-29,9,86.39,APXMIDP
2024-12-29T04:30:00Z,2024-12-29,10,82.47,APXMIDP
2024-12-29T05:00:00Z,2024-12-29,11,84.08,APXMIDP
2024-12-29T05:30:00Z,2024-12-29,12,83.14,APXMIDP
2024-12-29T06:00:00Z,2024-12-29,13,85.62,APXMIDP
2024-12-29T06:30:00Z,2024-12-29,14,81.88,APXMIDP
2024-12-29T07:00:00Z,2024-12-29,15,101.97,APXMIDP
2024-12-29T07:30:00Z,2024-12-29,16,102.65,APXMIDP
2024-12-29T08:00:00Z,2024-12-29,17,84.59,APXMIDP
2024-12-29T08:30:00Z,2024-12-29,18,98.46,APXMIDP
2024-12-29T09:00:00Z,2024-12-29,19,102.56,APXMIDP
2024-12-29T09:30:00Z,2024-12-29,20,103.37,APXMIDP
2024-12-29T10:00:00Z,2024-12-29,21,100.06,APXMIDP
2024-12-29T10:30:00Z,2024-12-29,22,100.66,APXMIDP
2024-12-29T11:00:00Z,2024-12-29,23,102.53,APXMIDP
2024-12-29T11:30:00Z,2024-12-29,24,100.52,APXMIDP
2024-12-29T12:00:00Z,2024-12-29,25,98.55,APXMIDP
2024-12-29T12:30:00Z,2024-12-29,26,99.77,APXMIDP
2024-12-29T13:00:00Z,2024-12-29,27,99.06,APXMIDP
2024-12-29T13:30:00Z,2024-12-29,28,98.56,APXMIDP
2024-12-29T14:00:00Z,2024-12-29,29,95.78,APXMIDP
2024-12-29T14:30:00Z,2024-12-29,30,93.38,APXMIDP
2024-12-29T15:00:00Z,2024-12-29,31,103.13,APXMIDP
2024-12-29T15:30:00Z,2024-12-29,32,103.02,APXMIDP
2024-12-29T16:00:00Z,2024-12-29,33,107.85,APXMIDP
2024-12-29T16:30:00Z,2024-12-29,34,116.05,APXMIDP
2024-12-29T17:00:00Z,2024-12-29,35,117.7,APXMIDP
2024-12-29T17:30:00Z,2024-12-29,36,117.92,APXMIDP
2024-12-29T18:00:00Z,2024-12-29,37,117.73,APXMIDP
2024-12-29T18:30:00Z,2024-12-29,38,115.24,APXMIDP
2024-12-29T19:00:00Z,2024-12-29,39,107.58,APXMIDP
2024-12-29T19:30:00Z,2024-12-29,40,99.53,APXMIDP
2024-12-29T20:00:00Z,2024-12-29,41,100.43,APXMIDP
2024-12-29T20:30:00Z,2024-12-29,42,97.12,APXMIDP
2024-12-29T21:00:00Z,2024-12-29,43,93.24,APXMIDP
2024-12-29T21:30:00Z,2024-12-29,44,84.17,APXMIDP
2024-12-29T22:00:00Z,2024-12-29,45,70.77,APXMIDP
2024-12-29T22:30:00Z,2024-12-29,46,60.43,APXMIDP
2024-12-29T23:00:00Z,2024-12-29,47,65.64,APXMIDP
2024-12-29T23:30:00Z,2024-12-29,48,47.25,APXMIDP
2024-12-30T00:00:00Z,2024-12-30,1,45.25,APXMIDP
2024-12-30T00:30:00Z,2024-12-30,2,49.17,APXMIDP
2024-12-30T01:00:00Z,2024-12-30,3,37.83,APXMIDP
2024-12-30T01:30:00Z,2024-12-30,4,30.41,APXMIDP
2024-12-30T02:00:00Z,2024-12-30,5,27.06,APXMIDP
2024-12-30T02:30:00Z,2024-12-30,6,27.19,APXMIDP
2024-12-30T03:00:00Z,2024-12-30,7,24.02,APXMIDP
2024-12-30T03:30:00Z,2024-12-30,8,23.08,APXMIDP
2024-12-30T04:00:00Z,2024-12-30,9,22.32,APXMIDP
2024-12-30T04:30:00Z,2024-12-30,10,16.07,APXMIDP
2024-12-30T05:00:00Z,2024-12-30,11,22.01,APXMIDP
2024-12-30T05:30:00Z,2024-12-30,12,31.14,APXMIDP
2024-12-30T06:00:00Z,2024-12-30,13,31.62,APXMIDP
2024-12-30T06:30:00Z,2024-12-30,14,45.04,APXMIDP
2024-12-30T07:00:00Z,2024-12-30,15,86.58,APXMIDP
2024-12-30T07:30:00Z,2024-12-30,16,85.29,APXMIDP
2024-12-30T08:00:00Z,2024-12-30,17,81.81,APXMIDP
2024-12-30T08:30:00Z,2024-12-30,18,98.13,APXMIDP
2024-12-30T09:00:00Z,2024-12-30,19,98.99,APXMIDP
2024-12-30T09:30:00Z,2024-12-30,20,98.85,APXMIDP
2024-12-30T10:00:00Z,2024-12-30,21,96.18,APXMIDP
2024-12-30T10:30:00Z,2024-12-30,22,94.22,APXMIDP
2024-12-30T11:00:00Z,2024-12-30,23,98.42,APXMIDP
2024-12-30T11:30:00Z,2024-12-30,24,97.3,APXMIDP
2024-12-30T12:00:00Z,2024-12-30,25,93.5,APXMIDP
2024-12-30T12:30:00Z,2024-12-30,26,96.5,APXMIDP
2024-12-30T13:00:00Z,2024-12-30,27,97.95,APXMIDP
2024-12-30T13:30:00Z,2024-12-30,28,97.38,APXMIDP
2024-12-30T14:00:00Z,2024-12-30,29,97.65,APXMIDP
2024-12-30T14:30:00Z,2024-12-30,30,101.41,APXMIDP
2024-12-30T15:00:00Z,2024-12-30,31,109.33,APXMIDP
2024-12-30T15:30:00Z,2024-12-30,32,109.96,APXMIDP
2024-12-30T16:00:00Z,2024-12-30,33,118.83,APXMIDP
2024-12-30T16:30:00Z,2024-12-30,34,125.62,APXMIDP
2024-12-30T17:00:00Z,2024-12-30,35,126.88,APXMIDP
2024-12-30T17:30:00Z,2024-12-30,36,127.45,APXMIDP
2024-12-30T18:00:00Z,2024-12-30,37,128.06,APXMIDP
2024-12-30T18:30:00Z,2024-12-30,38,126.82,APXMIDP
2024-12-30T19:00:00Z,2024-12-30,39,118.0,APXMIDP
2024-12-30T19:30:00Z,2024-12-30,40,110.36,APXMIDP
2024-12-30T20:00:00Z,2024-12-30,41,109.69,APXMIDP
2024-12-30T20:30:00Z,2024-12-30,42,104.36,APXMIDP
2024-12-30T21:00:00Z,2024-12-30,43,109.16,APXMIDP
2024-12-30T21:30:00Z,2024-12-30,44,106.96,APXMIDP
2024-12-30T22:00:00Z,2024-12-30,45,106.54,APXMIDP
2024-12-30T22:30:00Z,2024-12-30,46,74.63,APXMIDP
2024-12-30T23:00:00Z,2024-12-30,47,37.09,APXMIDP
2024-12-30T23:30:00Z,2024-12-30,48,24.18,APXMIDP
2024-12-31T00:00:00Z,2024-12-31,1,17.68,APXMIDP
2024-12-31T00:30:00Z,2024-12-31,2,14.53,APXMIDP
2024-12-31T01:00:00Z,2024-12-31,3,12.57,APXMIDP
2024-12-31T01:30:00Z,2024-12-31,4,3.34,APXMIDP
2024-12-31T02:00:00Z,2024-12-31,5,3.69,APXMIDP
2024-12-31T02:30:00Z,2024-12-31,6,1.89,APXMIDP
2024-12-31T03:00:00Z,2024-12-31,7,-2.05,APXMIDP
2024-12-31T03:30:00Z,2024-12-31,8,-7.8,APXMIDP
2024-12-31T04:00:00Z,2024-12-31,9,-4.03,APXMIDP
2024-12-31T04:30:00Z,2024-12-31,10,-6.5,APXMIDP
2024-12-31T05:00:00Z,2024-12-31,11,-10.54,APXMIDP
2024-12-31T05:30:00Z,2024-12-31,12,-6.54,APXMIDP
2024-12-31T06:00:00Z,2024-12-31,13,-0.63,APXMIDP
2024-12-31T06:30:00Z,2024-12-31,14,11.28,APXMIDP
2024-12-31T07:00:00Z,2024-12-31,15,21.55,APXMIDP
2024-12-31T07:30:00Z,2024-12-31,16,25.94,APXMIDP
2024-12-31T08:00:00Z,2024-12-31,17,26.2,APXMIDP
2024-12-31T08:30:00Z,2024-12-31,18,35.55,APXMIDP
2024-12-31T09:00:00Z,2024-12-31,19,28.39,APXMIDP
2024-12-31T09:30:00Z,2024-12-31,20,39.81,APXMIDP
2024-12-31T10:00:00Z,2024-12-31,21,35.7,APXMIDP
2024-12-31T10:30:00Z,2024-12-31,22,36.43,APXMIDP
2024-12-31T11:00:00Z,2024-12-31,23,51.2,APXMIDP
2024-12-31T11:30:00Z,2024-12-31,24,53.67,APXMIDP
2024-12-31T12:00:00Z,2024-12-31,25,47.34,APXMIDP
2024-12-31T12:30:00Z,2024-12-31,26,51.12,APXMIDP
2024-12-31T13:00:00Z,2024-12-31,27,50.89,APXMIDP
2024-12-31T13:30:00Z,2024-12-31,28,54.64,APXMIDP
2024-12-31T14:00:00Z,2024-12-31,29,61.74,APXMIDP
2024-12-31T14:30:00Z,2024-12-31,30,62.48,APXMIDP
2024-12-31T15:00:00Z,2024-12-31,31,58.98,APXMIDP
2024-12-31T15:30:00Z,2024-12-31,32,64.49,APXMIDP
2024-12-31T16:00:00Z,2024-12-31,33,73.04,APXMIDP
2024-12-31T16:30:00Z,2024-12-31,34,88.42,APXMIDP
2024-12-31T17:00:00Z,2024-12-31,35,91.29,APXMIDP
2024-12-31T17:30:00Z,2024-12-31,36,86.58,APXMIDP
2024-12-31T18:00:00Z,2024-12-31,37,72.49,APXMIDP
2024-12-31T18:30:00Z,2024-12-31,38,54.87,APXMIDP
2024-12-31T19:00:00Z,2024-12-31,39,47.41,APXMIDP
2024-12-31T19:30:00Z,2024-12-31,40,26.16,APXMIDP
2024-12-31T20:00:00Z,2024-12-31,41,28.53,APXMIDP
2024-12-31T20:30:00Z,2024-12-31,42,16.83,APXMIDP
2024-12-31T21:00:00Z,2024-12-31,43,15.98,APXMIDP
2024-12-31T21:30:00Z,2024-12-31,44,7.28,APXMIDP
2024-12-31T22:00:00Z,2024-12-31,45,7.73,APXMIDP
2024-12-31T22:30:00Z,2024-12-31,46,0.81,APXMIDP
2024-12-31T23:00:00Z,2024-12-31,47,-1.05,APXMIDP
2024-12-31T23:30:00Z,2024-12-31,48,5.05,APXMIDP
2025-01-01T00:00:00Z,2025-01-01,1,9.07,APXMIDP
